processed_frame,rgb_stamp_s,depth_stamp_s,rgb_depth_offset_s,rgb_received,depth_received,unsynchronized_or_pending,status,point_count,correspondences,rmse_m,callback_latency_ms,process_peak_rss_bytes
1,1305031102.175304,1305031102.160407,0.014896869659423828,1,1,0,initialized,1286,0,,19.547999996575527,90476544
2,1305031102.211214,1305031102.226738,0.015523910522460938,2,2,0,ok,1294,1287,0.03254706049282816,19.709600004716776,91623424
3,1305031102.243211,1305031102.226738,0.016473054885864258,3,3,0,ok,1294,1294,1.439166706795996e-15,4.5196999999461696,91623424
4,1305031102.275326,1305031102.262886,0.012439966201782227,4,4,0,ok,1181,1178,0.022148250541223838,10.960900006466545,92258304
5,1305031102.311267,1305031102.295279,0.015987873077392578,5,5,0,ok,1158,1158,0.022136210568999372,12.308200006373227,92258304
6,1305031102.343233,1305031102.329195,0.0140380859375,6,6,0,ok,1047,1046,0.02100441947874942,14.258600000175647,92258304
7,1305031102.375329,1305031102.363013,0.012315988540649414,7,7,0,ok,1067,1067,0.01992707655396043,8.169699998688884,92372992
8,1305031102.411258,1305031102.394772,0.016485929489135742,8,8,0,ok,1031,1025,0.044456735103749784,8.444200007943437,92372992
9,1305031102.443271,1305031102.427815,0.015455961227416992,9,9,0,ok,1005,1004,0.02178777346428422,10.241299998597242,92692480
10,1305031102.475318,1305031102.462395,0.012923002243041992,10,10,0,ok,1017,1010,0.05774446072052571,16.944100003456697,92692480
11,1305031102.511219,1305031102.52633,0.015110969543457031,11,11,0,ok,930,930,0.019868133392484548,7.339300005696714,92692480
12,1305031102.54322,1305031102.52633,0.01689004898071289,12,12,0,ok,930,930,5.173805958035235e-16,4.896300000837073,93818880
13,1305031102.575286,1305031102.562224,0.013062000274658203,13,13,0,ok,883,883,0.01869526111768386,8.968599999207072,93818880
14,1305031102.611233,1305031102.626818,0.015584945678710938,14,14,0,ok,842,841,0.02049323914170501,10.044499998912215,93818880
15,1305031102.643265,1305031102.626818,0.016447067260742188,15,15,0,ok,842,842,7.002863182731795e-16,4.000899993116036,93818880
16,1305031102.675285,1305031102.663273,0.012012004852294922,16,16,0,ok,794,792,0.016398824943181615,4.965200001606718,93818880
17,1305031102.711263,1305031102.695165,0.0160980224609375,17,17,0,ok,779,779,0.017872285217268583,7.014499991782941,93818880
18,1305031102.743234,1305031102.728423,0.014810800552368164,18,18,0,ok,747,746,0.018432582020277394,7.133200007956475,93880320
19,1305031102.775472,1305031102.763549,0.011922836303710938,19,19,0,ok,791,791,0.01909831766335514,6.461099997977726,93880320
20,1305031102.811232,1305031102.794978,0.016254186630249023,20,20,0,ok,765,765,0.017500505784694892,7.390999991912395,93937664
21,1305031102.84329,1305031102.828537,0.014753103256225586,21,21,0,ok,698,698,0.018756296639435368,5.2943000046070665,93937664
22,1305031102.875363,1305031102.862808,0.012555122375488281,22,22,0,ok,718,718,0.0178276644546404,7.3675000021466985,94437376
23,1305031102.911185,1305031102.926851,0.01566600799560547,23,23,0,ok,679,679,0.0175873429523599,10.613099992042407,94437376
24,1305031102.943229,1305031102.926851,0.016377925872802734,24,24,0,ok,679,679,1.970256870095063e-16,4.002699992270209,94765056
25,1305031102.975203,1305031102.962137,0.01306605339050293,25,25,0,ok,649,649,0.016548574977225627,7.029199987300672,94765056
26,1305031103.011215,1305031103.027881,0.016665935516357422,26,26,0,ok,653,649,0.025832050387337213,6.754800007911399,94765056
27,1305031103.043227,1305031103.027881,0.015346050262451172,27,27,0,ok,653,653,4.2100716415055894e-16,3.991599995060824,94765056
28,1305031103.075319,1305031103.062273,0.013046026229858398,28,28,0,ok,632,632,0.01566610388623201,6.209900006069802,94765056
29,1305031103.11124,1305031103.09404,0.017199993133544922,29,29,0,ok,623,623,0.012765381998491051,6.383500003721565,94765056
30,1305031103.143318,1305031103.129109,0.01420903205871582,30,30,0,ok,623,619,0.030133762575649176,5.3629000030923635,94765056
31,1305031103.175452,1305031103.162795,0.012656927108764648,31,31,0,ok,594,594,0.014871195166930497,6.663000007392839,94765056
32,1305031103.21122,1305031103.227845,0.016624927520751953,32,32,0,ok,581,581,0.015900739341748245,10.238599992590025,94765056
33,1305031103.243216,1305031103.227845,0.015371084213256836,33,33,0,ok,581,581,1.8637348021483764e-16,3.536300006089732,94765056
34,1305031103.27537,1305031103.262576,0.012793779373168945,34,34,0,ok,545,545,0.014702659590044192,4.734499991172925,94765056
35,1305031103.31121,1305031103.32755,0.016340017318725586,35,35,0,ok,531,531,0.018487845652461615,8.956799996667542,94765056
36,1305031103.343223,1305031103.32755,0.015673160552978516,36,36,0,ok,531,531,3.7882376661041553e-16,3.4014999982900918,94765056
37,1305031103.375327,1305031103.362405,0.012922048568725586,37,37,0,ok,511,511,0.009239108390462113,5.093800005852245,94765056
38,1305031103.41126,1305031103.394162,0.017097949981689453,38,38,0,ok,503,503,0.014438947930036703,4.551299993181601,94765056
39,1305031103.44328,1305031103.428437,0.014842987060546875,39,39,0,ok,502,502,0.00843056983100602,4.091099996003322,94765056
40,1305031103.475274,1305031103.463886,0.011388063430786133,40,40,0,ok,519,519,0.012457405742275982,15.380099997855723,94765056
41,1305031103.511333,1305031103.494472,0.0168609619140625,41,41,0,ok,525,524,0.015253632994827687,5.067200007033534,94765056
42,1305031103.543444,1305031103.531502,0.011941909790039062,42,42,0,ok,536,536,0.01515464938864182,5.474200006574392,94765056
43,1305031103.575474,1305031103.562651,0.012823104858398438,43,43,0,ok,544,544,0.015379887154426626,4.8393000033684075,94765056
44,1305031103.611223,1305031103.59531,0.015913009643554688,44,44,0,rejected_high_rmse_0.1709,570,566,0.1708614093744494,5.197999998927116,94765056
45,1305031103.643445,1305031103.631376,0.012068986892700195,45,45,0,ok,615,615,0.018805251506818776,6.1277000058908015,94765056
46,1305031103.675523,1305031103.663594,0.011929035186767578,46,46,0,ok,644,642,0.021260897110854705,5.801199993584305,95014912
47,1305031103.71161,1305031103.694695,0.016915082931518555,47,47,0,ok,662,662,0.02069018315651414,6.682299994281493,95014912
48,1305031103.743326,1305031103.731542,0.011783838272094727,48,48,0,ok,679,678,0.01969570786209993,6.862700000056066,95014912
49,1305031103.775342,1305031103.762865,0.012476921081542969,49,49,0,ok,734,718,0.11757300341678156,6.602299996302463,95014912
50,1305031103.811242,1305031103.794329,0.016913175582885742,50,50,0,ok,727,727,0.020488230241304747,6.13310000335332,95014912
51,1305031103.843251,1305031103.830367,0.012883901596069336,51,51,0,ok,742,740,0.020116576600808206,6.389699992723763,95014912
52,1305031103.875361,1305031103.862379,0.012981891632080078,52,52,0,ok,760,751,0.05195788767645513,7.691299993894063,95014912
53,1305031103.911221,1305031103.894237,0.016983985900878906,53,53,0,ok,774,773,0.02248491254640761,10.625599999912083,95014912
54,1305031103.943211,1305031103.930503,0.012708187103271484,54,54,0,ok,818,816,0.024121426442998646,13.165699987439439,95014912
55,1305031103.975373,1305031103.962461,0.01291203498840332,55,55,0,ok,853,842,0.04050622356634014,7.356799993431196,95014912
56,1305031104.011232,1305031103.994365,0.01686692237854004,56,56,0,ok,921,917,0.02547132394612773,6.628500006627291,95014912
57,1305031104.043249,1305031104.030279,0.012969970703125,57,57,0,ok,913,906,0.026759279630713114,9.630000000470318,95014912
58,1305031104.075425,1305031104.062542,0.01288294792175293,58,58,0,ok,981,966,0.07155438236772169,8.713700008229353,95043584
59,1305031104.111235,1305031104.095305,0.0159299373626709,59,59,0,ok,990,975,0.04395053183197021,10.693000003811903,95043584
60,1305031104.14323,1305031104.131292,0.011937856674194336,60,60,0,ok,1020,1007,0.03952651739429843,8.612300007371232,95043584
61,1305031104.175424,1305031104.16344,0.011984109878540039,61,61,0,ok,1053,1034,0.03694076637243739,11.33960000879597,95043584
62,1305031104.211283,1305031104.227247,0.015964031219482422,62,62,0,ok,1104,1093,0.06098662212818419,20.586300001014024,95043584
63,1305031104.243196,1305031104.227247,0.015949010848999023,63,63,0,ok,1104,1104,8.446785329410976e-16,5.19519999215845,95043584
64,1305031104.275546,1305031104.263335,0.012211084365844727,64,64,0,ok,1131,1127,0.02522059684121462,12.243699995451607,95043584
65,1305031104.311219,1305031104.294957,0.016262054443359375,65,65,0,ok,1159,1156,0.025350705979200933,10.014699990279041,95043584
66,1305031104.343342,1305031104.331403,0.011939048767089844,66,66,0,ok,1205,1204,0.02498022959832699,14.174000010825694,95043584
67,1305031104.375837,1305031104.363345,0.012492179870605469,67,67,0,ok,1215,1203,0.04269937095738189,11.126400000648573,95043584
68,1305031104.411509,1305031104.395019,0.01648998260498047,68,68,0,ok,1216,1211,0.02589542497933022,8.81110000773333,95043584
69,1305031104.443288,1305031104.431435,0.01185297966003418,69,69,0,ok,1255,1238,0.09005705324036108,13.068600004771724,95043584
70,1305031104.475456,1305031104.463413,0.012042999267578125,70,70,0,ok,1233,1231,0.021130505509440504,7.833399999071844,95043584
71,1305031104.511329,1305031104.495673,0.015655994415283203,71,71,0,ok,1245,1245,0.02219683459314028,8.587600008468144,95289344
72,1305031104.543368,1305031104.53145,0.011918067932128906,72,72,0,ok,1315,1311,0.025896276480233238,9.529099988867529,95289344
73,1305031104.575343,1305031104.563149,0.012193918228149414,73,73,0,ok,1399,1394,0.029232158923592898,18.07320000079926,95289344
74,1305031104.611336,1305031104.595033,0.016303062438964844,74,74,0,ok,1447,1442,0.02653253017715968,14.165000000502914,95289344
75,1305031104.643243,1305031104.631368,0.011875152587890625,75,75,0,ok,1565,1547,0.03974197917266953,14.844400007859804,95289344
76,1305031104.675525,1305031104.659863,0.015661954879760742,76,76,0,ok,1622,1608,0.042494776033667386,22.268499989877455,95940608
77,1305031104.711277,1305031104.695185,0.01609206199645996,77,77,0,ok,1683,1669,0.03532072115929737,20.319799994467758,95940608
78,1305031104.74328,1305031104.730936,0.012343883514404297,78,78,0,ok,1781,1779,0.03198145848518838,23.25280000513885,96333824
79,1305031104.775327,1305031104.763178,0.012148857116699219,79,79,0,ok,1870,1865,0.03159041898078881,21.539699999266304,96333824
80,1305031104.811465,1305031104.799499,0.01196599006652832,80,80,0,ok,1952,1948,0.031212259977521844,29.385300003923476,96333824
81,1305031104.843258,1305031104.830961,0.012296915054321289,81,81,0,ok,1990,1984,0.034618848621355974,28.1476000091061,96333824
82,1305031104.87535,1305031104.863256,0.01209402084350586,82,82,0,ok,2111,2100,0.03524933854236172,25.70009999908507,96333824
83,1305031104.911534,1305031104.899165,0.012369155883789062,83,83,0,ok,2097,2082,0.03405284953883715,14.213200003723614,96333824
84,1305031104.943262,1305031104.931091,0.012171030044555664,84,84,0,ok,2067,2064,0.024433513539227944,9.941200012690388,96403456
85,1305031104.975202,1305031104.95975,0.015452146530151367,85,85,0,ok,2051,2046,0.021872191076868715,9.400900002219714,96403456
86,1305031105.01129,1305031104.998342,0.012948036193847656,86,86,0,ok,2077,2074,0.022480868154693464,9.63929999852553,96821248
87,1305031105.043373,1305031105.030427,0.012946128845214844,87,87,0,ok,2053,2048,0.02588004731799299,13.417399997706525,96821248
88,1305031105.07532,1305031105.062445,0.012875080108642578,88,88,0,ok,1994,1994,0.02427769502211754,25.93229999183677,96821248
89,1305031105.111299,1305031105.097639,0.013659954071044922,89,89,0,ok,1953,1946,0.026833324783734232,19.756399997277185,96821248
90,1305031105.143106,1305031105.130269,0.012836933135986328,90,90,0,ok,1907,1907,0.024699708660777767,11.054799993871711,96821248
91,1305031105.175159,1305031105.159979,0.015179872512817383,91,91,0,ok,1816,1811,0.027886797052700495,18.263699996168725,96821248
92,1305031105.211268,1305031105.198212,0.013056039810180664,92,92,0,ok,1733,1725,0.0338257113280318,28.45639998849947,96821248
93,1305031105.24327,1305031105.22825,0.015019893646240234,93,93,0,ok,1631,1627,0.02798502272193144,24.84869999170769,96821248
94,1305031105.275288,1305031105.262389,0.012899160385131836,94,94,0,ok,1578,1574,0.03168952652317918,27.486499995575286,96821248
95,1305031105.31129,1305031105.298501,0.012789011001586914,95,95,0,ok,1484,1480,0.027036578406917387,24.69770000607241,96821248
96,1305031105.343302,1305031105.328878,0.01442408561706543,96,96,0,ok,1403,1402,0.025886464514958008,20.311600004788488,96821248
97,1305031105.375338,1305031105.362286,0.013051986694335938,97,97,0,ok,1277,1271,0.028319377170705044,27.092499993159436,96821248
98,1305031105.411286,1305031105.398191,0.01309514045715332,98,98,0,ok,1246,1237,0.05108639824522193,23.57849999680184,96821248
99,1305031105.443316,1305031105.430336,0.012979984283447266,99,99,0,ok,1202,1199,0.029120178722510534,16.5322999964701,96821248
100,1305031105.47528,1305031105.461421,0.013859033584594727,100,100,0,ok,1143,1142,0.023255413338823885,13.15739999699872,96821248
101,1305031105.511332,1305031105.497931,0.013401031494140625,101,101,0,ok,1111,1111,0.0238237675718638,16.2828000029549,96821248
102,1305031105.543282,1305031105.529583,0.013699054718017578,102,102,0,ok,1047,1042,0.02547137621730276,10.34760000766255,96821248
103,1305031105.575449,1305031105.562109,0.013339996337890625,103,103,0,ok,1003,1003,0.021384960147374725,9.675900000729598,96821248
104,1305031105.611378,1305031105.597193,0.014184951782226562,104,104,0,ok,982,981,0.022402037124211936,7.581100013339892,96821248
105,1305031105.643273,1305031105.659104,0.01583099365234375,105,105,0,ok,918,918,0.02191828500546509,11.570100003154948,96821248
106,1305031105.675166,1305031105.659104,0.016061782836914062,106,106,0,ok,918,918,1.022806836502078e-15,5.317699993611313,96821248
107,1305031105.711309,1305031105.698235,0.013073921203613281,107,107,0,ok,909,909,0.01998671745966632,8.078200000454672,96821248
108,1305031105.743312,1305031105.730336,0.012975931167602539,108,108,0,ok,908,907,0.021112973687123792,8.930000010877848,96821248
109,1305031105.775339,1305031105.762384,0.012954950332641602,109,109,0,ok,892,891,0.0198543722964421,8.043499998166226,96821248
110,1305031105.811283,1305031105.798056,0.013227224349975586,110,110,0,ok,848,848,0.019999741471399785,7.943399992655031,96821248
111,1305031105.843271,1305031105.830008,0.01326298713684082,111,111,0,ok,797,795,0.019881282923368947,7.877299998654053,96821248
112,1305031105.875337,1305031105.862238,0.013098955154418945,112,112,0,ok,809,808,0.019036989446692413,7.721300004050136,96821248
113,1305031105.911262,1305031105.898018,0.013244152069091797,113,113,0,ok,809,809,0.018856663086297687,8.22889999835752,96821248
114,1305031105.943272,1305031105.929855,0.01341700553894043,114,114,0,ok,760,759,0.021252996647550617,6.2141999951563776,96821248
115,1305031105.975329,1305031105.966193,0.009135961532592773,115,115,0,ok,760,758,0.020153356542727912,8.658899998408742,96821248
116,1305031106.011285,1305031105.998271,0.013014078140258789,116,116,0,ok,695,695,0.016386713371469616,7.301200006622821,96821248
117,1305031106.043355,1305031106.030147,0.01320791244506836,117,117,0,ok,661,661,0.016124625122879464,7.321500001125969,96821248
118,1305031106.07533,1305031106.06606,0.009269952774047852,118,118,0,ok,620,620,0.014897845289226474,5.815900003653951,96821248
119,1305031106.111327,1305031106.096295,0.015031814575195312,119,119,0,ok,573,573,0.013935879447972916,5.23379999503959,96821248
120,1305031106.143355,1305031106.130445,0.012909889221191406,120,120,0,ok,569,569,0.016377037013852878,5.921099989791401,96821248
121,1305031106.175534,1305031106.16633,0.009203910827636719,121,121,0,ok,557,557,0.014992594417337515,5.4788999987067655,96821248
122,1305031106.211275,1305031106.195074,0.016201019287109375,122,122,0,ok,542,542,0.014426462796118191,5.142499998328276,96821248
123,1305031106.243267,1305031106.230058,0.013209104537963867,123,123,0,ok,519,519,0.014006293200661575,4.648699992685579,96821248
124,1305031106.276385,1305031106.265976,0.010409116744995117,124,124,0,ok,493,493,0.012423925716323036,5.912199994781986,96821248
125,1305031106.311238,1305031106.298174,0.013064146041870117,125,125,0,ok,498,498,0.013780558610981873,4.713500005891547,96821248
126,1305031106.343258,1305031106.330215,0.013042926788330078,126,126,0,ok,495,495,0.01374401933788177,5.028100000345148,96821248
127,1305031106.375388,1305031106.366158,0.009229898452758789,127,127,0,ok,494,494,0.01374943254980395,5.165300011867657,96821248
128,1305031106.41132,1305031106.398281,0.013038873672485352,128,128,0,ok,470,470,0.014880332663172773,7.250399998156354,96821248
129,1305031106.443278,1305031106.430639,0.012639045715332031,129,129,0,ok,434,434,0.01174280029454936,4.546199998003431,96821248
130,1305031106.475345,1305031106.466046,0.00929880142211914,130,130,0,ok,413,413,0.009236442816421811,4.551100006210618,96821248
131,1305031106.511129,1305031106.498096,0.013032913208007812,131,131,0,ok,425,425,0.012196516436167436,5.235100004938431,96821248
132,1305031106.543302,1305031106.528267,0.015035152435302734,132,132,0,ok,452,452,0.014607823009525017,5.426999996416271,96821248
133,1305031106.575282,1305031106.564414,0.010868072509765625,133,133,0,ok,471,469,0.02075581681486543,6.796700006816536,96821248
134,1305031106.611151,1305031106.597879,0.01327204704284668,134,134,0,ok,467,467,0.014194371481137166,6.783699995139614,96821248
135,1305031106.643207,1305031106.630776,0.012431144714355469,135,135,0,ok,514,514,0.01595830997862675,5.980899994028732,96821248
136,1305031106.675279,1305031106.667282,0.007996797561645508,136,136,0,ok,525,525,0.014487249950677693,6.24049999169074,96821248
137,1305031106.711508,1305031106.69911,0.012398004531860352,137,137,0,ok,522,522,0.01601125467614274,5.398000008426607,96821248
138,1305031106.743341,1305031106.72955,0.013791084289550781,138,138,0,ok,562,562,0.017287252980719408,5.947599987848662,96821248
139,1305031106.77539,1305031106.767126,0.008263826370239258,139,139,0,ok,588,588,0.017196630406514698,8.25539999641478,96821248
140,1305031106.811289,1305031106.798309,0.012979984283447266,140,140,0,ok,623,623,0.01742249569822344,5.953600004431792,96821248
141,1305031106.843416,1305031106.830652,0.01276397705078125,141,141,0,rejected_high_rmse_0.1952,640,633,0.19521553521926824,8.080499988864176,96821248
142,1305031106.875905,1305031106.866893,0.009011983871459961,142,142,0,ok,641,641,0.017385269828124345,6.350300012854859,96821248
143,1305031106.911243,1305031106.897828,0.013414859771728516,143,143,0,ok,700,699,0.021281037497549362,8.677500009071082,96821248
144,1305031106.943439,1305031106.930797,0.01264190673828125,144,144,0,ok,687,687,0.01853721725257595,7.689999998547137,96821248
145,1305031106.975547,1305031106.967232,0.008315086364746094,145,145,0,ok,721,720,0.021223154374866788,15.805000002728775,96821248
146,1305031107.011576,1305031106.998876,0.01269984245300293,146,146,0,ok,782,764,0.10004541332919065,7.3631999985082075,96821248
147,1305031107.043281,1305031107.030348,0.012933015823364258,147,147,0,ok,796,796,0.022203378923448244,8.019599990802817,96821248
148,1305031107.075432,1305031107.066405,0.00902700424194336,148,148,0,ok,834,831,0.02111093076070205,10.005599993746728,96821248
149,1305031107.111229,1305031107.098268,0.01296091079711914,149,149,0,ok,859,851,0.03431729983827379,15.957099996739998,96821248
150,1305031107.14326,1305031107.130308,0.012952089309692383,150,150,0,ok,892,859,0.1118015488052764,6.651299991062842,96821248
151,1305031107.175399,1305031107.165964,0.009435176849365234,151,151,0,ok,955,947,0.02758659059686222,13.836099999025464,96821248
152,1305031107.211358,1305031107.198208,0.01314997673034668,152,152,0,ok,912,906,0.025487665590309246,11.75939998938702,96821248
153,1305031107.243378,1305031107.235026,0.008352041244506836,153,153,0,ok,1019,1003,0.07112449429956325,8.526799996616319,96821248
154,1305031107.275398,1305031107.267071,0.008327007293701172,154,154,0,ok,1041,1041,0.024568173281804804,7.959000009577721,96821248
155,1305031107.311226,1305031107.299273,0.011952877044677734,155,155,0,ok,1160,1156,0.02910864502236666,12.57429999532178,96821248
156,1305031107.343509,1305031107.3348,0.008708953857421875,156,156,0,ok,1135,1123,0.049580851092310266,10.599699991871603,96821248
157,1305031107.375413,1305031107.367183,0.008229970932006836,157,157,0,ok,1229,1185,0.11558163597520686,13.458200002787635,96821248
158,1305031107.411271,1305031107.399345,0.01192617416381836,158,158,0,ok,1302,1291,0.0347153016175648,13.827600007061847,96821248
159,1305031107.443419,1305031107.434926,0.00849294662475586,159,159,0,ok,1387,1373,0.03917780931990185,15.108799998415634,96821248
160,1305031107.475377,1305031107.467141,0.008236169815063477,160,160,0,ok,1425,1420,0.031832824387714787,27.658899998641573,96821248
161,1305031107.511352,1305031107.498426,0.012926101684570312,161,161,0,ok,1433,1428,0.027078026741456766,17.15379999950528,96821248
162,1305031107.543605,1305031107.53483,0.008774995803833008,162,162,0,ok,1422,1413,0.025562592994270685,11.544500011950731,96821248
163,1305031107.575454,1305031107.567015,0.008439064025878906,163,163,0,ok,1389,1382,0.029832932143818686,8.97419999819249,96821248
164,1305031107.611271,1305031107.598904,0.012367010116577148,164,164,0,ok,1379,1376,0.021165355385521296,9.82540000404697,96821248
165,1305031107.643323,1305031107.634944,0.008378982543945312,165,165,0,ok,1379,1376,0.021725470515545336,8.112300012726337,96821248
166,1305031107.675568,1305031107.667179,0.008388996124267578,166,166,0,ok,1356,1352,0.024590227993989494,8.482499993988313,96821248
167,1305031107.711307,1305031107.69939,0.0119171142578125,167,167,0,ok,1311,1306,0.02354391928999497,11.165699994307943,96821248
168,1305031107.743538,1305031107.735041,0.008496999740600586,168,168,0,ok,1291,1286,0.02055373974511219,7.530300004873425,96821248
169,1305031107.775802,1305031107.767895,0.007906913757324219,169,169,0,ok,1305,1304,0.02306360834800313,8.86079999327194,96821248
170,1305031107.811596,1305031107.799544,0.012051820755004883,170,170,0,ok,1281,1279,0.022720623861011258,7.7419000008376315,96821248
171,1305031107.843332,1305031107.835751,0.007580995559692383,171,171,0,ok,1238,1234,0.024078912222023702,7.898900003056042,96821248
172,1305031107.875358,1305031107.863505,0.011853218078613281,172,172,0,ok,1226,1226,0.01993047981554708,7.840899997972883,96821248
173,1305031107.911541,1305031107.899222,0.012319087982177734,173,173,0,ok,1191,1189,0.0184318796046574,7.023400001344271,96821248
174,1305031107.943122,1305031107.933609,0.009512901306152344,174,174,0,ok,1201,1197,0.02259499310767732,8.138999997754581,96821248
175,1305031107.975807,1305031107.96484,0.010967016220092773,175,175,0,ok,1190,1188,0.021955075514080876,10.721400001784787,96821248
176,1305031108.01132,1305031107.998469,0.01285099983215332,176,176,0,ok,1250,1230,0.03496658165813256,15.44869999634102,96821248
177,1305031108.043418,1305031108.034824,0.008594036102294922,177,177,0,ok,1263,1255,0.036231972388794755,12.100100007955916,96821248
178,1305031108.075352,1305031108.067271,0.00808095932006836,178,178,0,ok,1274,1272,0.024208255620457378,21.01510000647977,96821248
179,1305031108.111378,1305031108.099365,0.012012958526611328,179,179,0,ok,1234,1232,0.025590330376947877,17.996800001128577,96821248
180,1305031108.143334,1305031108.135281,0.008052825927734375,180,180,0,ok,1252,1233,0.044435392007402506,25.61710000736639,96821248
181,1305031108.176058,1305031108.167357,0.008701086044311523,181,181,0,ok,1263,1257,0.02553614903380104,11.115700006484985,96821248
182,1305031108.211475,1305031108.199225,0.012249946594238281,182,182,0,ok,1226,1221,0.02522490254014469,9.332999994512647,96821248
183,1305031108.243347,1305031108.235213,0.008133888244628906,183,183,0,ok,1170,1170,0.022929547438406812,14.57900000968948,96821248
184,1305031108.275358,1305031108.26766,0.00769805908203125,184,184,0,ok,1172,1168,0.022884872227919618,8.402399995247833,96821248
185,1305031108.311332,1305031108.299547,0.011785030364990234,185,185,0,ok,1144,1144,0.020592673870913628,11.759899993194267,96821248
186,1305031108.343278,1305031108.335019,0.008258819580078125,186,186,0,ok,1094,1091,0.027769175763828893,12.168100001872517,96821248
187,1305031108.37541,1305031108.367285,0.008125066757202148,187,187,0,ok,1061,1061,0.018989981312886945,26.56679999199696,96821248
188,1305031108.411361,1305031108.399284,0.012077093124389648,188,188,0,ok,1003,1002,0.019547285595347293,9.353199988254346,96821248
189,1305031108.44361,1305031108.435023,0.008586883544921875,189,189,0,ok,985,985,0.018067954311192517,14.390199998160824,96821248
190,1305031108.475471,1305031108.46768,0.007791042327880859,190,190,0,ok,954,954,0.01818097568507615,16.64820000587497,96821248
191,1305031108.511378,1305031108.503548,0.007830142974853516,191,191,0,ok,956,956,0.018107521904740922,9.414700005436316,96821248
192,1305031108.543737,1305031108.534811,0.008925914764404297,192,192,0,ok,933,933,0.019642083143475875,12.593899999046698,96821248
193,1305031108.575414,1305031108.567154,0.008260011672973633,193,193,0,ok,961,959,0.025616534185948198,17.949599990970455,96821248
194,1305031108.611407,1305031108.603547,0.007859945297241211,194,194,0,ok,919,919,0.02194278581392469,9.094599998206832,96821248
195,1305031108.643303,1305031108.634212,0.009090900421142578,195,195,0,ok,903,903,0.021560188223898057,8.837300003506243,96821248
196,1305031108.675375,1305031108.667189,0.008186101913452148,196,196,0,ok,869,869,0.01908348868422989,14.251400003558956,96821248
197,1305031108.711411,1305031108.703346,0.008064985275268555,197,197,0,ok,853,852,0.02244753391773039,10.46600000699982,96821248
198,1305031108.743502,1305031108.735052,0.008449792861938477,198,198,0,ok,819,816,0.03223105372075545,15.146099991397932,96821248
199,1305031108.775493,1305031108.767031,0.008461952209472656,199,199,0,ok,815,815,0.017479644593352574,9.762100002262741,96821248
200,1305031108.811244,1305031108.80337,0.007874011993408203,200,200,0,ok,824,824,0.016782044787600606,7.8061999956844375,96821248
201,1305031108.843264,1305031108.835163,0.00810098648071289,201,201,0,ok,800,800,0.015659754409619035,9.014399998704903,96821248
202,1305031108.943243,1305031108.935116,0.008126974105834961,202,202,0,ok,803,801,0.021016783236556306,8.03769999765791,97193984
203,1305031108.975268,1305031108.967245,0.008022785186767578,203,203,0,rejected_high_rmse_0.1318,850,840,0.13182307569442017,8.92740000563208,97193984
204,1305031109.011269,1305031109.003064,0.008205175399780273,204,204,0,ok,860,857,0.022182815827276305,9.507199996733107,97193984
205,1305031109.043277,1305031109.034955,0.008322000503540039,205,205,0,ok,851,844,0.07934089406533058,8.978899990324862,97193984
206,1305031109.07541,1305031109.067091,0.008318901062011719,206,206,0,ok,864,864,0.01633067621380597,7.833399999071844,97193984
207,1305031109.111282,1305031109.103294,0.007988214492797852,207,207,0,ok,869,860,0.03192185659381409,12.79810001142323,97193984
208,1305031109.143334,1305031109.134968,0.008365869522094727,208,208,0,ok,861,861,0.01940792014449751,15.61970000329893,97193984
209,1305031109.175464,1305031109.165848,0.009615898132324219,209,209,0,ok,857,854,0.02234919448428868,9.52089999918826,97193984
210,1305031109.211379,1305031109.203388,0.00799107551574707,210,210,0,ok,895,895,0.023072944217939706,11.593900009756908,97193984
211,1305031109.24329,1305031109.234324,0.00896596908569336,211,211,0,ok,888,888,0.02211946845528664,13.127899990649894,97193984
212,1305031109.275308,1305031109.266325,0.00898289680480957,212,212,0,ok,869,869,0.02053478064130999,13.74410001153592,97193984
213,1305031109.311329,1305031109.303457,0.007871866226196289,213,213,0,ok,889,885,0.03660002536500582,9.127199999056756,97193984
214,1305031109.343248,1305031109.334602,0.008645772933959961,214,214,0,ok,918,912,0.03394848165118669,11.061099998187274,97193984
215,1305031109.375397,1305031109.364882,0.010514974594116211,215,215,0,ok,919,919,0.021909964933872185,11.703900003340095,97193984
216,1305031109.411329,1305031109.403386,0.007942914962768555,216,216,0,ok,905,905,0.022111164086008637,11.931100001675077,97193984
217,1305031109.443302,1305031109.434469,0.008832931518554688,217,217,0,ok,922,921,0.02376151631210788,7.377799993264489,97193984
218,1305031109.475363,1305031109.467362,0.008001089096069336,218,218,0,ok,919,919,0.02158191040837844,11.953699999139644,97193984
219,1305031109.511273,1305031109.503193,0.008080005645751953,219,219,0,ok,914,912,0.021065161750396057,8.752499998081475,97193984
220,1305031109.543294,1305031109.535715,0.007578849792480469,220,220,0,ok,957,957,0.017589504461400673,8.283699993626215,97193984
221,1305031109.575362,1305031109.567452,0.007910013198852539,221,221,0,ok,994,994,0.018690053137467872,10.42599999345839,97193984
222,1305031109.61131,1305031109.603601,0.007709026336669922,222,222,0,ok,980,979,0.016733934587318408,12.34479999402538,97193984
223,1305031109.643229,1305031109.635323,0.007905960083007812,223,223,0,ok,996,993,0.019758507053059343,9.222199994837865,97193984
224,1305031109.675263,1305031109.66757,0.007692813873291016,224,224,0,ok,986,985,0.017475582122604326,7.3770999879343435,97193984
225,1305031109.711312,1305031109.703265,0.008047103881835938,225,225,0,ok,995,992,0.01996064697222396,10.450999994645827,97193984
226,1305031109.743274,1305031109.735059,0.008214950561523438,226,226,0,ok,975,975,0.021409320821077524,7.784300003550015,97193984
227,1305031109.775277,1305031109.76747,0.007807016372680664,227,227,0,ok,967,966,0.021399984137713685,11.986900004558265,97193984
228,1305031109.811371,1305031109.803396,0.007975101470947266,228,228,0,ok,950,949,0.019313914537434813,9.166400006506592,97193984
229,1305031109.843296,1305031109.83491,0.00838613510131836,229,229,0,ok,939,939,0.018735280845366964,7.596499999635853,97193984
230,1305031109.875306,1305031109.871271,0.004034996032714844,230,230,0,ok,942,937,0.048825319069169426,9.182599998894148,97193984
231,1305031109.911265,1305031109.900535,0.010729789733886719,231,231,0,ok,911,906,0.04934808776565489,11.837599988211878,97193984
232,1305031109.943299,1305031109.93496,0.008339166641235352,232,232,0,ok,927,921,0.0241003546166502,9.128599995165132,97193984
233,1305031109.975258,1305031109.970213,0.005045175552368164,233,233,0,ok,903,898,0.030031480515624008,9.750999990501441,97193984
234,1305031110.011256,1305031109.999657,0.011599063873291016,234,234,0,ok,961,958,0.02383351715196165,14.455099997576326,97193984
235,1305031110.043299,1305031110.031356,0.011942863464355469,235,235,0,ok,938,933,0.025988437879123805,11.631699991994537,97193984
236,1305031110.075319,1305031110.068125,0.007194042205810547,236,236,0,ok,930,930,0.02246909486508955,10.25859999936074,97193984
237,1305031110.111325,1305031110.101397,0.009927988052368164,237,237,0,ok,954,954,0.021816807926473135,10.909399992669933,97193984
238,1305031110.143432,1305031110.132317,0.011114835739135742,238,238,0,ok,972,972,0.02117859774904526,12.081599998055026,97193984
239,1305031110.175641,1305031110.168323,0.007318019866943359,239,239,0,ok,976,976,0.020881161147781973,10.801299999002367,97193984
240,1305031110.211637,1305031110.203162,0.008475065231323242,240,240,0,ok,965,965,0.02144485562532722,11.738999994122423,97193984
241,1305031110.243323,1305031110.234909,0.008414030075073242,241,241,0,ok,970,969,0.02348104405277523,10.346499999286607,97193984
242,1305031110.279321,1305031110.271394,0.00792694091796875,242,242,0,ok,1024,1024,0.020713603001740296,11.609100009081885,97193984
243,1305031110.311404,1305031110.303648,0.00775599479675293,243,243,0,ok,1051,1049,0.022964178085624128,10.436600001412444,97193984
244,1305031110.343355,1305031110.33157,0.011785030364990234,244,244,0,ok,1105,1104,0.022266083124481736,16.65409999259282,97193984
245,1305031110.379281,1305031110.371607,0.007673978805541992,245,245,0,ok,1152,1149,0.024127526762379392,12.336699990555644,97193984
246,1305031110.411469,1305031110.40348,0.007988929748535156,246,246,0,ok,1162,1150,0.04243445482699531,15.69549999840092,97193984
247,1305031110.44326,1305031110.435647,0.007612943649291992,247,247,0,ok,1206,1202,0.0250469162134067,16.010899998946115,97193984
248,1305031110.479331,1305031110.470588,0.008743047714233398,248,248,0,ok,1269,1269,0.026906391202416963,18.055399996228516,97193984
249,1305031110.511429,1305031110.502539,0.008890151977539062,249,249,0,ok,1310,1308,0.027030636002028544,13.142900003003888,97193984
250,1305031110.543408,1305031110.534532,0.008875846862792969,250,250,0,ok,1349,1348,0.024183785840321777,13.326100000995211,97193984
251,1305031110.579426,1305031110.571676,0.007750034332275391,251,251,0,ok,1360,1353,0.031838880177224874,19.63409999734722,97193984
252,1305031110.611307,1305031110.604289,0.007017850875854492,252,252,0,ok,1355,1354,0.02459148907318899,24.97750001202803,97193984
253,1305031110.643418,1305031110.635485,0.00793313980102539,253,253,0,ok,1382,1382,0.023261702952697864,11.304300001938827,97193984
254,1305031110.679606,1305031110.671775,0.00783085823059082,254,254,0,ok,1381,1381,0.019108799078625113,11.992599989753217,97193984
255,1305031110.711412,1305031110.699957,0.011455059051513672,255,255,0,ok,1399,1399,0.019744192781556168,15.413200002512895,97193984
256,1305031110.743249,1305031110.73544,0.0078089237213134766,256,256,0,ok,1370,1370,0.02106634525448984,15.150499995797873,97193984
257,1305031110.779193,1305031110.769734,0.00945901870727539,257,257,0,ok,1392,1392,0.017335207888101143,15.400000003864989,97193984
258,1305031110.811386,1305031110.799684,0.01170206069946289,258,258,0,ok,1335,1335,0.015278576948268023,13.234099998953752,97193984
259,1305031110.843218,1305031110.835248,0.007970094680786133,259,259,0,ok,1367,1350,0.04533322059871647,9.289299996453337,97193984
260,1305031110.879313,1305031110.871293,0.00801992416381836,260,260,0,ok,1365,1365,0.018244664422715592,10.219600007985719,97193984
261,1305031110.911333,1305031110.9019,0.00943303108215332,261,261,0,ok,1353,1350,0.01815576752287378,9.216099992045201,97193984
262,1305031110.943862,1305031110.938668,0.005193948745727539,262,262,0,ok,1351,1341,0.03436613733670219,11.555700009921566,97193984
263,1305031110.979345,1305031110.971316,0.008028984069824219,263,263,0,ok,1340,1334,0.02165092595622273,10.158200006117113,97193984
264,1305031111.011431,1305031111.003669,0.007761955261230469,264,264,0,ok,1363,1346,0.04021638978621735,13.608099994598888,97193984
265,1305031111.043327,1305031111.039669,0.0036580562591552734,265,265,0,ok,1378,1378,0.020742608001588395,31.931100005749613,97193984
266,1305031111.079283,1305031111.071605,0.007678031921386719,266,266,0,ok,1364,1362,0.020551878886985075,11.174100000062026,97193984
267,1305031111.111508,1305031111.103658,0.007849931716918945,267,267,0,ok,1342,1341,0.019031477972453067,15.933200003928505,97193984
268,1305031111.143257,1305031111.139211,0.004045963287353516,268,268,0,ok,1331,1330,0.017680078710671912,12.21590000204742,97193984
269,1305031111.179326,1305031111.170937,0.008388996124267578,269,269,0,ok,1328,1327,0.019376231307526456,12.985099994693883,97193984
270,1305031111.211433,1305031111.199395,0.012037992477416992,270,270,0,ok,1323,1318,0.023360113213089697,12.516400005551986,97193984
271,1305031111.243236,1305031111.23667,0.006566047668457031,271,271,0,ok,1268,1267,0.02285128009864014,11.515000005601905,97193984
272,1305031111.279308,1305031111.269939,0.009369134902954102,272,272,0,ok,1224,1221,0.02108338558533044,9.959900009562261,97193984
273,1305031111.311547,1305031111.302311,0.00923609733581543,273,273,0,ok,1241,1233,0.02958939390962286,20.113500009756535,97193984
274,1305031111.343397,1305031111.33946,0.0039370059967041016,274,274,0,ok,1200,1196,0.024411377713860663,13.14339999225922,97193984
275,1305031111.379134,1305031111.370908,0.00822591781616211,275,275,0,ok,1185,1185,0.020373756017670885,9.017700009280816,97193984
276,1305031111.411296,1305031111.402911,0.008384943008422852,276,276,0,ok,1188,1185,0.024588601584653296,19.21030000085011,97193984
277,1305031111.443386,1305031111.438948,0.004438161849975586,277,277,0,ok,1165,1165,0.022198050769131526,15.811099990969524,97193984
278,1305031111.479259,1305031111.470919,0.008340120315551758,278,278,0,ok,1197,1195,0.019618978681513174,12.551300009363331,97193984
279,1305031111.511264,1305031111.503531,0.00773310661315918,279,279,0,ok,1121,1120,0.02446455761065066,14.823799996520393,97193984
280,1305031111.54325,1305031111.539482,0.0037679672241210938,280,280,0,ok,1073,1071,0.02632096970066045,28.062299999874085,97193984
281,1305031111.579237,1305031111.57132,0.007916927337646484,281,281,0,ok,1059,1055,0.0405639866489811,12.876799999503419,97193984
282,1305031111.611271,1305031111.603391,0.007879972457885742,282,282,0,ok,1018,1018,0.02601555909702734,10.898900000029244,97193984
283,1305031111.643395,1305031111.639405,0.0039899349212646484,283,283,0,ok,1004,999,0.023928932267887344,10.90229999681469,97193984
284,1305031111.67932,1305031111.671252,0.008068084716796875,284,284,0,ok,1029,1027,0.02437691426722096,10.968899994622916,97193984
285,1305031111.71176,1305031111.703791,0.007969141006469727,285,285,0,ok,970,967,0.02647712948329194,23.673100004089065,97193984
286,1305031111.743386,1305031111.739504,0.0038819313049316406,286,286,0,ok,947,946,0.02265896149745593,15.594999989843927,97193984
287,1305031111.779423,1305031111.771228,0.008194923400878906,287,287,0,ok,925,917,0.034621776140809524,28.960999989067204,97193984
288,1305031111.811406,1305031111.800077,0.011328935623168945,288,288,0,ok,903,900,0.026450357241807287,23.149499989813194,97193984
289,1305031111.843299,1305031111.839333,0.003965854644775391,289,289,0,ok,838,836,0.022951260359645773,17.48960000986699,97193984
290,1305031111.879442,1305031111.870985,0.008456945419311523,290,290,0,ok,868,846,0.11728690235870444,8.665000001201406,97193984
291,1305031111.911354,1305031111.903356,0.007997989654541016,291,291,0,ok,866,860,0.026706260610061348,7.136700005503371,97193984
292,1305031111.9433,1305031111.93968,0.0036199092864990234,292,292,0,ok,805,803,0.016700793914733187,6.9118999963393435,97193984
293,1305031111.979449,1305031111.971494,0.007955074310302734,293,293,0,ok,875,875,0.019199819231069216,10.418999998364598,97193984
294,1305031112.011433,1305031112.003596,0.00783681869506836,294,294,0,ok,847,841,0.03560717589687822,8.986100001493469,97193984
295,1305031112.04327,1305031112.039412,0.0038580894470214844,295,295,0,ok,868,866,0.021562370539281863,9.200000000419095,97193984
296,1305031112.079339,1305031112.070731,0.008608102798461914,296,296,0,ok,888,871,0.05145797887383968,9.488700001384132,97243136
297,1305031112.111423,1305031112.102495,0.008928060531616211,297,297,0,ok,849,847,0.023171996996026928,21.237599998130463,97243136
298,1305031112.144342,1305031112.139107,0.005234956741333008,298,298,0,ok,835,830,0.03165426744470674,10.90449999901466,97243136
299,1305031112.17939,1305031112.169345,0.010045051574707031,299,299,0,ok,825,823,0.02200195037138785,14.164899999741465,97243136
300,1305031112.211254,1305031112.207733,0.003520965576171875,300,300,0,ok,842,838,0.02607795972452957,11.459700006525964,97243136
301,1305031112.243369,1305031112.235657,0.007712125778198242,301,301,0,ok,839,839,0.021311190609593425,12.184399995021522,97243136
302,1305031112.279353,1305031112.269488,0.00986480712890625,302,302,0,ok,858,853,0.028955102265570985,13.184499999624677,97243136
303,1305031112.311312,1305031112.303591,0.007720947265625,303,303,0,ok,845,845,0.02185974257688829,11.724200012395158,97243136
304,1305031112.343323,1305031112.335789,0.007534027099609375,304,304,0,ok,848,847,0.022477529655832867,7.389200007310137,97243136
305,1305031112.37936,1305031112.371231,0.008128881454467773,305,305,0,ok,850,846,0.023817504949278766,11.273799987975508,97243136
306,1305031112.411442,1305031112.407491,0.003951072692871094,306,306,0,ok,832,832,0.01792375410254839,14.041599992197007,97243136
307,1305031112.443391,1305031112.439064,0.004327058792114258,307,307,0,ok,864,862,0.017022220040015686,8.32290000107605,97243136
308,1305031112.479418,1305031112.471066,0.008352041244506836,308,308,0,ok,884,884,0.018836464236670156,7.637999995495193,97243136
309,1305031112.511504,1305031112.506669,0.004834890365600586,309,309,0,ok,862,862,0.01787460722728462,8.286800002679229,97243136
310,1305031112.543212,1305031112.53831,0.004901885986328125,310,310,0,ok,867,866,0.016819406878064453,6.938700011232868,97243136
311,1305031112.579252,1305031112.56747,0.011781930923461914,311,311,0,ok,883,883,0.014768527565755184,8.957500001997687,97243136
312,1305031112.611261,1305031112.606742,0.004518985748291016,312,312,0,ok,878,878,0.014294361709540565,9.095999994315207,97243136
313,1305031112.643246,1305031112.639418,0.0038280487060546875,313,313,0,ok,911,896,0.0876740122270122,13.1182000041008,97243136
314,1305031112.679952,1305031112.671325,0.008626937866210938,314,314,0,ok,883,883,0.022454442056722614,14.716200006660074,97243136
315,1305031112.711251,1305031112.707325,0.00392603874206543,315,315,0,ok,855,855,0.019300725804203347,8.587000003899448,97243136
316,1305031112.743245,1305031112.739546,0.0036988258361816406,316,316,0,ok,844,844,0.01788737003696877,21.783700009109452,97243136
317,1305031112.77931,1305031112.771523,0.007786989212036133,317,317,0,ok,807,807,0.01893124898617321,13.746800002991222,97243136
318,1305031112.81131,1305031112.807539,0.003771066665649414,318,318,0,ok,771,771,0.01676901388345139,13.001600003917702,97243136
319,1305031112.843286,1305031112.83956,0.0037260055541992188,319,319,0,ok,765,765,0.013632923384045283,8.007000011275522,97243136
320,1305031112.879421,1305031112.871083,0.008337974548339844,320,320,0,ok,783,783,0.016859843194844768,8.75909999012947,97243136
321,1305031112.911411,1305031112.907246,0.004164934158325195,321,321,0,ok,743,740,0.020059054249225987,8.377499994821846,97243136
322,1305031112.943321,1305031112.939323,0.0039980411529541016,322,322,0,rejected_high_rmse_0.1479,749,741,0.14792643517747925,8.919999992940575,97243136
323,1305031112.979278,1305031112.971164,0.008114099502563477,323,323,0,ok,717,717,0.015890210713772838,8.92740000563208,97243136
324,1305031113.011353,1305031113.007166,0.004187107086181641,324,324,0,ok,728,724,0.022492794477786016,7.762399996863678,97243136
325,1305031113.043231,1305031113.039492,0.0037391185760498047,325,325,0,ok,727,726,0.01755920775102297,9.466999996220693,97243136
326,1305031113.079251,1305031113.07121,0.008041143417358398,326,326,0,ok,737,736,0.016630523567283655,8.069700008491054,97243136
327,1305031113.111316,1305031113.107662,0.003654003143310547,327,327,0,ok,756,755,0.020773193613483083,8.46070000261534,97243136
328,1305031113.143306,1305031113.139664,0.0036420822143554688,328,328,0,ok,804,802,0.02221027261205882,9.724500006996095,97243136
329,1305031113.179343,1305031113.171088,0.0082550048828125,329,329,0,ok,793,792,0.018573664128803815,8.206099999370053,97243136
330,1305031113.211259,1305031113.207181,0.004077911376953125,330,330,0,ok,802,802,0.016926133649945135,11.740500005544163,97243136
331,1305031113.243227,1305031113.239732,0.0034949779510498047,331,331,0,ok,804,786,0.048840621215371895,10.159199999179691,97243136
332,1305031113.279312,1305031113.27147,0.007841825485229492,332,332,0,ok,840,840,0.02017687693829701,10.259200003929436,97243136
333,1305031113.311452,1305031113.307323,0.004128932952880859,333,333,0,ok,833,833,0.018339013094072893,11.273699987214059,97243136
334,1305031113.343252,1305031113.339396,0.0038559436798095703,334,334,0,ok,873,867,0.031094752639669602,10.09120000526309,97243136
335,1305031113.379312,1305031113.371377,0.007935047149658203,335,335,0,ok,922,921,0.026971701616917785,20.252699992852286,97243136
336,1305031113.411625,1305031113.407351,0.004273891448974609,336,336,0,ok,931,931,0.02278140610313632,15.41979999456089,97243136
337,1305031113.443266,1305031113.439787,0.00347900390625,337,337,0,ok,974,973,0.023377992052573262,19.719799995073117,97243136
338,1305031113.479311,1305031113.475657,0.003654003143310547,338,338,0,ok,971,969,0.023577887050219768,14.022699993802235,97243136
339,1305031113.511523,1305031113.507987,0.0035359859466552734,339,339,0,ok,958,955,0.024763323212076922,16.858299990417436,97243136
340,1305031113.543242,1305031113.539417,0.003824949264526367,340,340,0,ok,950,945,0.02709326702798506,13.264799999888055,97243136
341,1305031113.579301,1305031113.574964,0.0043370723724365234,341,341,0,ok,960,954,0.031745947142526466,9.558699995977804,97243136
342,1305031113.611268,1305031113.607216,0.004052162170410156,342,342,0,ok,974,973,0.021673304571345507,14.172299997881055,97243136
343,1305031113.643222,1305031113.638418,0.004804134368896484,343,343,0,ok,954,950,0.024252426628531092,16.601100011030212,97243136
344,1305031113.679288,1305031113.674244,0.005043983459472656,344,344,0,ok,932,928,0.023679728323181333,9.787400005734526,97243136
345,1305031113.711931,1305031113.704256,0.0076749324798583984,345,345,0,ok,952,939,0.06651073932266059,8.057500002905726,97243136
346,1305031113.74359,1305031113.736263,0.007327079772949219,346,346,0,ok,946,941,0.022197666190085397,8.507599995937198,97243136
347,1305031113.77932,1305031113.774168,0.005151987075805664,347,347,0,ok,949,945,0.020274448341690534,9.306000007200055,97243136
348,1305031113.811237,1305031113.805795,0.005442142486572266,348,348,0,ok,963,960,0.02621682447157995,10.593800005153753,97243136
349,1305031113.843295,1305031113.838437,0.0048580169677734375,349,349,0,ok,986,985,0.018351502695209434,7.685799995670095,97243136
350,1305031113.879281,1305031113.8742,0.0050809383392333984,350,350,0,ok,1010,1010,0.02080781664097767,11.847499990835786,97243136
351,1305031113.91129,1305031113.906361,0.0049288272857666016,351,351,0,ok,1037,1031,0.025317159302668937,9.589099994627759,97243136
352,1305031113.943291,1305031113.938561,0.0047299861907958984,352,352,0,ok,1039,1037,0.021916434512292367,9.609699991415255,97243136
353,1305031113.979293,1305031113.974245,0.005048036575317383,353,353,0,ok,1043,1038,0.025370143697227072,13.384999998379499,97243136
354,1305031114.011257,1305031114.007082,0.004174947738647461,354,354,0,ok,1082,1080,0.027058073868963736,10.095100005855784,97243136
355,1305031114.043301,1305031114.038546,0.0047550201416015625,355,355,0,ok,1115,1115,0.021359916395203665,8.48799999221228,97243136
356,1305031114.079285,1305031114.074298,0.004987001419067383,356,356,0,ok,1156,1147,0.028327931807701507,9.626499988371506,97243136
357,1305031114.111263,1305031114.106402,0.004861116409301758,357,357,0,ok,1196,1185,0.04494867734443294,12.947299997904338,97243136
358,1305031114.143284,1305031114.138562,0.004722118377685547,358,358,0,ok,1240,1239,0.025191882270218784,16.440999999758787,97243136
359,1305031114.179337,1305031114.174114,0.00522303581237793,359,359,0,ok,1300,1295,0.02522896161217596,12.58629999938421,97243136
360,1305031114.211303,1305031114.206255,0.005048036575317383,360,360,0,ok,1319,1317,0.02540089397531584,13.400900003034621,97243136
361,1305031114.243337,1305031114.238473,0.0048639774322509766,361,361,0,ok,1338,1338,0.021956137754504907,11.344200000166893,97243136
362,1305031114.27939,1305031114.271075,0.008315086364746094,362,362,0,ok,1396,1394,0.02567730364724101,13.626600004499778,97243136
363,1305031114.311429,1305031114.30671,0.0047190189361572266,363,363,0,ok,1438,1431,0.027780779454587366,22.26420000079088,97243136
364,1305031114.343331,1305031114.338919,0.004412174224853516,364,364,0,ok,1460,1452,0.039665789458436476,18.225099993287586,97304576
365,1305031114.37932,1305031114.374307,0.005012989044189453,365,365,0,ok,1485,1484,0.025586107705813297,14.068200005567633,97304576
366,1305031114.411397,1305031114.406591,0.004806041717529297,366,366,0,ok,1500,1499,0.02222354491170277,12.995500001125038,97304576
367,1305031114.443345,1305031114.43854,0.004805088043212891,367,367,0,ok,1548,1543,0.03920202685728923,11.699499998940155,97304576
368,1305031114.479332,1305031114.474489,0.004842996597290039,368,368,0,ok,1580,1578,0.02496695673831993,22.042600001441315,97304576
369,1305031114.511266,1305031114.506573,0.004693031311035156,369,369,0,ok,1638,1631,0.02789891554762511,32.102500001201406,97304576
370,1305031114.543236,1305031114.539953,0.0032830238342285156,370,370,0,ok,1666,1663,0.026394271567399652,23.434899994754232,97357824
371,1305031114.579237,1305031114.575185,0.004051923751831055,371,371,0,ok,1650,1646,0.024717122477553234,11.440500005846843,97357824
372,1305031114.611391,1305031114.60756,0.003831148147583008,372,372,0,ok,1634,1632,0.019725426137868204,13.482800000929274,97357824
373,1305031114.644136,1305031114.64415,1.4066696166992188e-05,373,373,0,ok,1643,1624,0.05756769711200972,15.569099996355362,97357824
374,1305031114.679251,1305031114.675655,0.003596067428588867,374,374,0,ok,1674,1673,0.027172996221433682,20.205100008752197,97357824
375,1305031114.711306,1305031114.706141,0.00516510009765625,375,375,0,ok,1702,1699,0.025613909123208167,15.587500005494803,97357824
376,1305031114.7432,1305031114.743276,7.581710815429688e-05,376,376,0,ok,1672,1671,0.02232983021741616,15.885000000707805,97357824
377,1305031114.779289,1305031114.774847,0.004441976547241211,377,377,0,ok,1671,1669,0.02175970317808719,9.245900000678375,97357824
378,1305031114.811303,1305031114.80731,0.003992795944213867,378,378,0,ok,1646,1643,0.0226641787634216,11.358300005667843,97357824
379,1305031114.843208,1305031114.842137,0.0010709762573242188,379,379,0,ok,1656,1645,0.03831548574979568,12.870199992903508,97357824
380,1305031114.879281,1305031114.875056,0.004225015640258789,380,380,0,ok,1627,1622,0.03578159044155049,14.668800009530969,97357824
381,1305031114.912879,1305031114.907504,0.005374908447265625,381,381,0,ok,1630,1629,0.01794074094668636,11.73430000199005,97357824
382,1305031114.943234,1305031114.943264,3.0040740966796875e-05,382,382,0,ok,1643,1643,0.01970295867597267,12.96919999003876,97357824
383,1305031114.97928,1305031114.975411,0.0038690567016601562,383,383,0,ok,1660,1644,0.05183100667046972,12.522899996838532,97357824
384,1305031115.0113,1305031115.007179,0.004121065139770508,384,384,0,ok,1608,1608,0.024790846512352964,18.022399992332794,97357824
385,1305031115.043508,1305031115.04353,2.193450927734375e-05,385,385,0,ok,1579,1569,0.04157091196850019,27.59120000700932,97357824
386,1305031115.079238,1305031115.071577,0.007660865783691406,386,386,0,ok,1549,1543,0.027049914482758782,17.80970000254456,97357824
387,1305031115.11123,1305031115.107074,0.004155874252319336,387,387,0,ok,1518,1518,0.024891091834158052,17.372400005115196,97357824
388,1305031115.143275,1305031115.143294,1.9073486328125e-05,388,388,0,ok,1453,1453,0.026041720215390154,16.31190000625793,97357824
389,1305031115.17944,1305031115.172642,0.0067980289459228516,389,389,0,ok,1372,1372,0.024683118000998188,18.439599996781908,97357824
390,1305031115.211374,1305031115.206453,0.00492095947265625,390,390,0,ok,1366,1364,0.023510053002254512,16.221199999563396,97357824
391,1305031115.243297,1305031115.240975,0.0023221969604492188,391,391,0,ok,1318,1309,0.03756682590247811,11.394500004826114,97357824
392,1305031115.279966,1305031115.273468,0.006498098373413086,392,392,0,ok,1309,1292,0.05372241559726921,14.080900000408292,97357824
393,1305031115.311704,1305031115.305534,0.006170034408569336,393,393,0,ok,1291,1279,0.03387413924358193,9.311100002378225,97357824
394,1305031115.343235,1305031115.343426,0.00019097328186035156,394,394,0,ok,1244,1239,0.033906428462371324,17.518099994049408,97357824
395,1305031115.379166,1305031115.375054,0.0041120052337646484,395,395,0,ok,1210,1190,0.06281768448212616,23.638699989533052,97357824
396,1305031115.411237,1305031115.406164,0.005073070526123047,396,396,0,ok,1087,1085,0.023913235796531204,16.165300010470673,97357824
397,1305031115.443159,1305031115.44304,0.00011920928955078125,397,397,0,ok,1083,1083,0.021746712549256485,19.023000000743195,97357824
398,1305031115.479241,1305031115.474863,0.004377841949462891,398,398,0,ok,1056,1055,0.02213665097099228,9.33860000804998,97357824
399,1305031115.511253,1305031115.50744,0.003813028335571289,399,399,0,ok,1034,1034,0.022134003495191602,9.412300001713447,97357824
400,1305031115.543604,1305031115.54362,1.621246337890625e-05,400,400,0,ok,951,951,0.02321289442560833,14.910599988070317,97357824
401,1305031115.579315,1305031115.57529,0.004024982452392578,401,401,0,ok,912,908,0.024152121763348376,23.896500002592802,97357824
402,1305031115.611424,1305031115.607428,0.0039958953857421875,402,402,0,ok,871,871,0.023281933381903954,12.972299999091774,97357824
403,1305031115.643254,1305031115.643254,0.0,403,403,0,ok,848,847,0.022043423067408224,10.343900008592755,97357824
404,1305031115.679241,1305031115.675106,0.0041348934173583984,404,404,0,ok,790,790,0.021053455617427858,15.068299995618872,97357824
405,1305031115.71132,1305031115.706301,0.005018949508666992,405,405,0,ok,802,795,0.03194227199752413,10.798999996040948,97357824
406,1305031115.74325,1305031115.742905,0.00034499168395996094,406,406,0,ok,813,813,0.01970111956358972,16.567400001804344,97357824
407,1305031115.779425,1305031115.774329,0.005095958709716797,407,407,0,ok,778,778,0.0196955500830045,11.906699990504421,97357824
408,1305031115.811277,1305031115.806425,0.004851818084716797,408,408,0,ok,799,788,0.06519469501682232,8.822999996482395,97357824
409,1305031115.843224,1305031115.841936,0.0012879371643066406,409,409,0,ok,780,776,0.022081034176241753,10.84229999105446,97357824
410,1305031115.879198,1305031115.875347,0.003851175308227539,410,410,0,ok,761,753,0.03133139910494671,20.516000004136004,97357824
411,1305031115.911118,1305031115.910716,0.0004019737243652344,411,411,0,ok,773,769,0.024189967706663065,9.495599995716475,97357824
412,1305031115.943311,1305031115.942015,0.0012960433959960938,412,412,0,ok,756,756,0.016715363957857013,9.084199991775677,97357824
413,1305031115.98074,1305031115.973799,0.006941080093383789,413,413,0,ok,739,739,0.018518981475564952,8.735899988096207,97357824
414,1305031116.011379,1305031116.010843,0.0005359649658203125,414,414,0,ok,709,709,0.017011067864373203,10.392399999545887,97357824
415,1305031116.043164,1305031116.042618,0.0005459785461425781,415,415,0,ok,680,676,0.047682708618978636,10.589600002276711,97357824
416,1305031116.08003,1305031116.071527,0.008502960205078125,416,416,0,ok,636,636,0.020220662859585268,8.257299996330403,97357824
417,1305031116.1113,1305031116.108247,0.003052949905395508,417,417,0,ok,614,613,0.021326767837002786,7.987600009073503,97357824
418,1305031116.143441,1305031116.143447,5.9604644775390625e-06,418,418,0,ok,602,602,0.019243304050886163,7.6509999926202,97357824
419,1305031116.179572,1305031116.174891,0.004681110382080078,419,419,0,ok,587,587,0.015574720341261922,9.256099991034716,97357824
420,1305031116.211299,1305031116.21132,2.09808349609375e-05,420,420,0,ok,562,562,0.013995236912072351,6.440000011934899,97357824
421,1305031116.24332,1305031116.24272,0.0006000995635986328,421,421,0,ok,568,568,0.014029623461806895,8.05170000239741,97357824
422,1305031116.279385,1305031116.274421,0.004964113235473633,422,422,0,ok,569,569,0.012743328670908348,7.088399986969307,97357824
423,1305031116.311336,1305031116.310686,0.0006499290466308594,423,423,0,ok,573,573,0.015821024044222677,6.565999996382743,97505280
424,1305031116.343292,1305031116.342459,0.0008330345153808594,424,424,0,ok,576,576,0.014014062457962065,8.223799988627434,97505280
425,1305031116.379384,1305031116.37449,0.0048940181732177734,425,425,0,ok,558,558,0.012323381105672118,6.408800007193349,97505280
426,1305031116.411333,1305031116.409631,0.0017020702362060547,426,426,0,ok,562,562,0.013355042838696629,7.371399988187477,97505280
427,1305031116.443369,1305031116.442496,0.0008728504180908203,427,427,0,ok,567,567,0.010090886013143775,8.418600002187304,97505280
428,1305031116.47985,1305031116.473394,0.006456136703491211,428,428,0,ok,558,558,0.011235261240164716,6.282400005147792,97505280
429,1305031116.511205,1305031116.510576,0.0006289482116699219,429,429,0,ok,557,557,0.009364041350710799,6.274300001678057,97505280
430,1305031116.543262,1305031116.542695,0.0005669593811035156,430,430,0,ok,551,551,0.010090602604100754,5.6761000014375895,97505280
431,1305031116.579313,1305031116.574389,0.00492405891418457,431,431,0,ok,543,543,0.008946637154665087,5.904000005102716,97505280
432,1305031116.611261,1305031116.610891,0.00036978721618652344,432,432,0,ok,552,552,0.012985346778536163,6.181599994306453,97505280
433,1305031116.643355,1305031116.642664,0.0006909370422363281,433,433,0,ok,574,574,0.015558830959163852,7.266300002811477,97505280
434,1305031116.679281,1305031116.674523,0.004757881164550781,434,434,0,ok,563,558,0.021576525132191854,7.35030000214465,97505280
435,1305031116.711634,1305031116.710942,0.0006918907165527344,435,435,0,ok,591,590,0.017088045571989736,8.212999993702397,97505280
436,1305031116.743291,1305031116.740575,0.0027158260345458984,436,436,0,ok,584,583,0.016192224509571227,7.623400000738911,97505280
437,1305031116.779298,1305031116.775059,0.004239082336425781,437,437,0,ok,603,597,0.025568842068285337,8.64299999375362,97505280
438,1305031116.811318,1305031116.811343,2.5033950805664062e-05,438,438,0,ok,615,611,0.031545767105843954,8.566400007111952,97505280
439,1305031116.846089,1305031116.84037,0.00571894645690918,439,439,0,ok,638,638,0.01869163893506814,7.415100000798702,97505280
440,1305031116.880165,1305031116.871726,0.008439064025878906,440,440,0,ok,639,636,0.021961718861100592,8.108299996820278,97505280
441,1305031116.912044,1305031116.907955,0.0040891170501708984,441,441,0,ok,661,661,0.019485564791580902,8.147400003508665,97505280
442,1305031116.943296,1305031116.940626,0.0026700496673583984,442,442,0,ok,665,665,0.021377214604688277,9.486299997661263,97505280
443,1305031116.979351,1305031116.974656,0.004694938659667969,443,443,0,ok,663,663,0.02309138162431833,8.808799990219995,97505280
444,1305031117.011382,1305031117.008812,0.0025701522827148438,444,444,0,ok,677,677,0.022037490027490347,18.951500009279698,97505280
445,1305031117.043261,1305031117.042065,0.001196146011352539,445,445,0,ok,712,712,0.02067720321931648,17.683799989754334,97505280
446,1305031117.07952,1305031117.071181,0.00833892822265625,446,446,0,ok,737,737,0.02077506514702371,10.078599996631965,97505280
447,1305031117.111238,1305031117.110454,0.0007839202880859375,447,447,0,ok,716,716,0.01883906631836553,10.859599991817959,97505280
448,1305031117.143218,1305031117.142383,0.0008349418640136719,448,448,0,rejected_high_rmse_0.1213,706,702,0.12125099975257025,10.602499998640269,97505280
449,1305031117.179264,1305031117.175059,0.004204988479614258,449,449,0,ok,710,710,0.019281489906312392,16.91920000303071,97505280
450,1305031117.211361,1305031117.207753,0.0036079883575439453,450,450,0,rejected_high_rmse_0.1268,734,721,0.12680695239182413,8.955299999797717,97505280
451,1305031117.243277,1305031117.24134,0.0019371509552001953,451,451,0,ok,734,727,0.023345252399565378,11.490000004414469,97505280
452,1305031117.279299,1305031117.276516,0.002783060073852539,452,452,0,ok,702,702,0.015999189373935168,11.33119998848997,97505280
453,1305031117.3112,1305031117.310121,0.0010788440704345703,453,453,0,ok,678,678,0.014203683925984442,9.563499988871627,97505280
454,1305031117.343243,1305031117.341044,0.002198934555053711,454,454,0,ok,683,683,0.013405741137118439,10.699100006604567,97505280
455,1305031117.379454,1305031117.375067,0.00438690185546875,455,455,0,ok,684,682,0.014160093996456345,7.583300000987947,97505280
456,1305031117.411221,1305031117.408538,0.002682924270629883,456,456,0,ok,680,680,0.013516726839369718,7.484200003091246,97505280
457,1305031117.443274,1305031117.442208,0.001065969467163086,457,457,0,ok,707,700,0.027136377608769285,7.596199997351505,97505280
458,1305031117.479403,1305031117.475651,0.003751993179321289,458,458,0,ok,722,717,0.025520812544715284,8.7881999934325,97505280
459,1305031117.511325,1305031117.508882,0.0024428367614746094,459,459,0,ok,741,741,0.018960483935972883,6.801800001994707,97505280
460,1305031117.544285,1305031117.539736,0.0045490264892578125,460,460,0,ok,762,762,0.02010734495087774,9.824699998716824,97505280
461,1305031117.579155,1305031117.57786,0.001294851303100586,461,461,0,ok,819,818,0.02120375246363873,12.117799997213297,97505280
462,1305031117.611159,1305031117.607777,0.003381967544555664,462,462,0,ok,816,816,0.019998399326186668,9.939499999745749,97505280
463,1305031117.643252,1305031117.643284,3.218650817871094e-05,463,463,0,ok,830,830,0.018746466052188347,6.881599998450838,97505280
464,1305031117.679262,1305031117.675483,0.0037789344787597656,464,464,0,ok,872,870,0.030284343209467976,12.449899993953295,97505280
465,1305031117.711184,1305031117.711215,3.0994415283203125e-05,465,465,0,ok,890,889,0.01923224077734277,8.774599991738796,97505280
466,1305031117.743184,1305031117.742995,0.00018906593322753906,466,466,0,ok,920,920,0.019143296313798262,7.469599993783049,97505280
467,1305031117.779467,1305031117.778969,0.0004980564117431641,467,467,0,ok,926,921,0.024723098053144044,8.91099999716971,97505280
468,1305031117.81132,1305031117.81106,0.0002601146697998047,468,468,0,ok,925,925,0.020674163165581388,7.158899999922141,97505280
469,1305031117.843291,1305031117.843307,1.5974044799804688e-05,469,469,0,ok,927,925,0.028662681901482488,11.108599996077828,97505280
470,1305031117.879451,1305031117.879467,1.5974044799804688e-05,470,470,0,ok,964,960,0.02657458522754555,10.934699996141717,97505280
471,1305031117.911407,1305031117.908762,0.0026450157165527344,471,471,0,ok,963,957,0.02473850628665097,13.53880000533536,97505280
472,1305031117.943253,1305031117.943272,1.9073486328125e-05,472,472,0,ok,965,964,0.02023755732692274,12.884900002973154,97505280
473,1305031117.979228,1305031117.979263,3.504753112792969e-05,473,473,0,ok,947,946,0.019107164135531172,9.93420000304468,97505280
474,1305031118.011228,1305031118.011013,0.00021505355834960938,474,474,0,ok,952,951,0.017803300041574637,8.48890001361724,97505280
475,1305031118.043521,1305031118.043549,2.8133392333984375e-05,475,475,0,ok,936,930,0.021893799482587347,8.41700000455603,97505280
476,1305031118.079334,1305031118.079369,3.504753112792969e-05,476,476,0,ok,967,953,0.06739197006252266,9.476200008066371,97505280
477,1305031118.111217,1305031118.110863,0.0003540515899658203,477,477,0,ok,956,954,0.028648626102197094,8.787200000369921,97505280
478,1305031118.143256,1305031118.142285,0.0009708404541015625,478,478,0,ok,933,924,0.02533662765033267,7.78659999195952,97505280
479,1305031118.179323,1305031118.17817,0.0011529922485351562,479,479,0,ok,922,922,0.018760791311265214,9.011300004203804,97505280
480,1305031118.211202,1305031118.210782,0.00041985511779785156,480,480,0,ok,934,933,0.021542172858977107,11.46090000111144,97505280
481,1305031118.243173,1305031118.242948,0.00022482872009277344,481,481,0,ok,930,924,0.0249835376367056,12.105600006179884,97505280
482,1305031118.279194,1305031118.278991,0.00020313262939453125,482,482,0,ok,957,957,0.021060761944705592,15.310900009353645,97505280
483,1305031118.311299,1305031118.310731,0.0005681514739990234,483,483,0,ok,1000,995,0.027276411771547764,20.442699998966418,97505280
484,1305031118.343324,1305031118.342079,0.0012450218200683594,484,484,0,ok,1020,1016,0.025031085369414043,16.843000004882924,97505280
485,1305031118.379208,1305031118.377003,0.0022051334381103516,485,485,0,ok,1029,1028,0.022072743749300898,12.616099993465468,97505280
486,1305031118.411296,1305031118.408818,0.002477884292602539,486,486,0,ok,1062,1051,0.09165801945631541,14.54329999978654,97505280
487,1305031118.445692,1305031118.445703,1.0967254638671875e-05,487,487,0,ok,1090,1084,0.04755955598353747,11.35489999433048,97505280
488,1305031118.479285,1305031118.477869,0.0014159679412841797,488,488,0,ok,1078,1073,0.03341564355542485,8.389299997361377,97505280
489,1305031118.511255,1305031118.510201,0.0010540485382080078,489,489,0,ok,1088,1086,0.019712289340397465,9.575100004440174,97505280
490,1305031118.544414,1305031118.545199,0.0007848739624023438,490,490,0,ok,1051,1051,0.016825022302057253,7.606900006067008,97505280
491,1305031118.579285,1305031118.576377,0.002907991409301758,491,491,0,ok,1081,1080,0.022859456205646007,8.63250000111293,97505280
492,1305031118.616142,1305031118.610869,0.005273103713989258,492,492,0,ok,1031,1030,0.01851557734937047,9.303900005761534,97505280
493,1305031118.645325,1305031118.645331,5.9604644775390625e-06,493,493,0,ok,1000,1000,0.018793638127937187,9.694399996078573,97505280
494,1305031118.679295,1305031118.675082,0.004213094711303711,494,494,0,ok,1000,998,0.02069817030390605,15.587500005494803,97505280
495,1305031118.711421,1305031118.71014,0.0012810230255126953,495,495,0,ok,976,971,0.02586217981509371,14.588599995477125,97505280
496,1305031118.74677,1305031118.746801,3.0994415283203125e-05,496,496,0,ok,977,972,0.021342295725486463,8.79769999301061,97505280
497,1305031118.779277,1305031118.77879,0.0004870891571044922,497,497,0,ok,1026,1015,0.03743244626634143,20.783500003744848,97505280
498,1305031118.811221,1305031118.810703,0.0005178451538085938,498,498,0,ok,980,980,0.022212845629996866,17.21489999908954,97505280
499,1305031118.846753,1305031118.846774,2.1219253540039062e-05,499,499,0,ok,953,953,0.020100178072899225,8.25690000783652,97505280
500,1305031118.879208,1305031118.875402,0.0038061141967773438,500,500,0,ok,977,975,0.021259794363919254,7.733499995083548,97505280
501,1305031118.911177,1305031118.909608,0.0015690326690673828,501,501,0,ok,988,988,0.020956795408335182,12.551699997857213,97505280
502,1305031118.946974,1305031118.947009,3.504753112792969e-05,502,502,0,ok,998,998,0.021241705629739597,9.273900010157377,97505280
503,1305031118.979374,1305031118.979394,2.002716064453125e-05,503,503,0,ok,960,959,0.018101601896666056,7.945399993332103,97505280
504,1305031119.011363,1305031119.009712,0.0016510486602783203,504,504,0,ok,901,901,0.020839844756762285,12.394000004860573,97505280
505,1305031119.047172,1305031119.04718,7.867813110351562e-06,505,505,0,ok,966,964,0.021646172442406186,13.506599992979318,97505280
506,1305031119.079223,1305031119.078966,0.0002570152282714844,506,506,0,ok,938,938,0.019996011350750156,10.083400004077703,97505280
507,1305031119.111328,1305031119.110884,0.0004439353942871094,507,507,0,ok,934,934,0.018685670928820636,8.172599991667084,97505280
508,1305031119.147616,1305031119.147629,1.3113021850585938e-05,508,508,0,ok,928,928,0.019294017072736307,8.321700006490573,97505280
509,1305031119.179226,1305031119.179262,3.600120544433594e-05,509,509,0,ok,925,925,0.020279034473224763,8.571500002290122,97505280
510,1305031119.211364,1305031119.210906,0.00045800209045410156,510,510,0,ok,941,938,0.03134218335962512,9.910500011756085,97505280
511,1305031119.247399,1305031119.24766,0.0002608299255371094,511,511,0,ok,943,942,0.02064644870287276,10.455499999807216,97505280
512,1305031119.279212,1305031119.279244,3.1948089599609375e-05,512,512,0,ok,949,945,0.021635178255038596,11.755200001061894,97505280
513,1305031119.311212,1305031119.310755,0.0004570484161376953,513,513,0,ok,964,963,0.02050051438874891,9.111599996685982,97505280
514,1305031119.347741,1305031119.34775,9.059906005859375e-06,514,514,0,ok,968,967,0.018394798282892783,7.754400008707307,97505280
515,1305031119.379239,1305031119.378631,0.0006079673767089844,515,515,0,ok,979,979,0.018690154469692435,9.141199989244342,97505280
516,1305031119.411484,1305031119.411492,8.106231689453125e-06,516,516,0,ok,933,933,0.019835265283334055,9.506300004431978,97505280
517,1305031119.447706,1305031119.447726,2.002716064453125e-05,517,517,0,ok,913,913,0.020346904150970627,7.584199993289076,97505280
518,1305031119.479267,1305031119.477682,0.001584768295288086,518,518,0,ok,891,891,0.019303242682106727,7.3880999989341944,97505280
519,1305031119.51124,1305031119.511258,1.7881393432617188e-05,519,519,0,ok,906,904,0.0211696770661869,13.994699998875149,97505280
520,1305031119.547382,1305031119.547414,3.1948089599609375e-05,520,520,0,ok,886,884,0.021612505453452523,13.781800007564016,97505280
521,1305031119.579559,1305031119.579569,1.0013580322265625e-05,521,521,0,ok,866,866,0.020588861342871908,8.082300002570264,97505280
522,1305031119.615017,1305031119.615024,7.152557373046875e-06,522,522,0,ok,865,860,0.022444549680637096,11.6548999940278,97505280
523,1305031119.647903,1305031119.648889,0.0009860992431640625,523,523,0,rejected_high_rmse_0.1335,866,835,0.13352122480503287,11.940900003537536,97505280
524,1305031119.679208,1305031119.675566,0.0036420822143554688,524,524,0,ok,859,856,0.021604273405904737,11.976900001172908,97505280
525,1305031119.715232,1305031119.715249,1.71661376953125e-05,525,525,0,ok,812,812,0.01846467918163866,13.106600003084168,97505280
526,1305031119.747193,1305031119.744886,0.0023071765899658203,526,526,0,ok,800,800,0.019597978997280042,9.560299993609078,97505280
527,1305031119.779169,1305031119.778628,0.0005409717559814453,527,527,0,ok,786,786,0.01594221813367067,9.378999995533377,97505280
528,1305031119.814537,1305031119.814571,3.3855438232421875e-05,528,528,0,ok,793,793,0.016480665879679092,8.90290000825189,97505280
529,1305031119.847429,1305031119.847445,1.5974044799804688e-05,529,529,0,ok,803,800,0.019025233238138938,9.101000003283843,97505280
530,1305031119.879214,1305031119.879232,1.7881393432617188e-05,530,530,0,ok,764,764,0.015964849465985014,8.788200007984415,97505280
531,1305031119.911401,1305031119.911424,2.288818359375e-05,531,531,0,ok,748,748,0.013276152212149962,6.898899999214336,97505280
532,1305031119.947392,1305031119.947462,7.009506225585938e-05,532,532,0,ok,767,757,0.04957348124386751,9.03919999836944,97505280
533,1305031119.979537,1305031119.979546,9.059906005859375e-06,533,533,0,ok,755,753,0.018514018059828392,7.701499998802319,97505280
534,1305031120.015264,1305031120.015283,1.9073486328125e-05,534,534,0,ok,753,752,0.01615631969686938,8.617399987997487,97505280
535,1305031120.04729,1305031120.04731,2.002716064453125e-05,535,535,0,ok,757,757,0.017229928734738945,12.560799994389527,97505280
536,1305031120.079418,1305031120.07569,0.0037279129028320312,536,536,0,ok,743,743,0.013556864915568763,7.7954000007594,97505280
537,1305031120.115232,1305031120.115249,1.6927719116210938e-05,537,537,0,ok,756,756,0.012185246088811424,7.471599994460121,97505280
538,1305031120.148157,1305031120.148175,1.811981201171875e-05,538,538,0,ok,746,746,0.011895160732268165,7.03760000760667,97505280
539,1305031120.179246,1305031120.179261,1.5020370483398438e-05,539,539,0,ok,734,734,0.009604077389093779,7.419500005198643,97505280
540,1305031120.215249,1305031120.21526,1.0967254638671875e-05,540,540,0,ok,740,740,0.014695492935563428,6.567799995536916,97505280
541,1305031120.248003,1305031120.248018,1.5020370483398438e-05,541,541,0,ok,755,751,0.020129532732638306,7.500199993955903,97505280
542,1305031120.27943,1305031120.279441,1.1205673217773438e-05,542,542,0,ok,744,743,0.016095338173698997,6.615599995711818,97505280
543,1305031120.315196,1305031120.315213,1.6927719116210938e-05,543,543,0,ok,756,748,0.040338945175610805,8.152900001732633,97505280
544,1305031120.347787,1305031120.347797,1.0013580322265625e-05,544,544,0,ok,750,748,0.018576752678206014,11.368499996024184,97505280
545,1305031120.379437,1305031120.379446,9.059906005859375e-06,545,545,0,ok,739,739,0.017063703057128468,10.241399999358691,97505280
546,1305031120.415445,1305031120.41549,4.482269287109375e-05,546,546,0,ok,746,746,0.017281506142110683,12.939299995196052,97505280
547,1305031120.447417,1305031120.447433,1.5974044799804688e-05,547,547,0,ok,761,761,0.02023669725448925,13.48619999771472,97505280
548,1305031120.479432,1305031120.475582,0.003850221633911133,548,548,0,ok,752,751,0.02011017978389356,11.096300004282966,97505280
549,1305031120.514819,1305031120.514877,5.817413330078125e-05,549,549,0,ok,747,738,0.0438525882348937,9.377599999425001,97505280
550,1305031120.547736,1305031120.547807,7.104873657226562e-05,550,550,0,ok,786,778,0.03009445246771923,9.469399999943562,97505280
551,1305031120.579551,1305031120.579559,8.106231689453125e-06,551,551,0,ok,824,814,0.06487928308294198,9.025799998198636,97505280
552,1305031120.615236,1305031120.615271,3.504753112792969e-05,552,552,0,ok,840,836,0.025518441201528318,10.200299991993234,97505280
553,1305031120.647354,1305031120.646607,0.0007469654083251953,553,553,0,ok,878,874,0.024906908617461268,9.771000011824071,97505280
554,1305031120.679318,1305031120.678467,0.0008509159088134766,554,554,0,ok,900,895,0.028194929509200856,10.205099999438971,97505280
555,1305031120.714522,1305031120.714553,3.123283386230469e-05,555,555,0,ok,901,898,0.024626546169229765,11.458399996627122,97505280
556,1305031120.747369,1305031120.747396,2.6941299438476562e-05,556,556,0,ok,907,905,0.02319346024202518,9.61549999192357,97505280
557,1305031120.779894,1305031120.779908,1.3828277587890625e-05,557,557,0,ok,965,941,0.08063546239203719,9.996900000260212,97505280
558,1305031120.814944,1305031120.814905,3.910064697265625e-05,558,558,0,ok,992,974,0.043459068009291314,15.774100000271574,97505280
559,1305031120.847921,1305031120.847942,2.1219253540039062e-05,559,559,0,ok,973,964,0.029323361567631476,12.390399992000312,97505280
560,1305031120.883435,1305031120.883454,1.9073486328125e-05,560,560,0,ok,1018,1017,0.020948127722594294,9.559500002069399,97505280
561,1305031120.915444,1305031120.915454,1.0013580322265625e-05,561,561,0,ok,1018,1012,0.026349569549777758,12.079799998900853,97505280
562,1305031120.947488,1305031120.947509,2.09808349609375e-05,562,562,0,ok,1027,1026,0.020507735519483244,8.750599998165853,97505280
563,1305031120.983366,1305031120.98339,2.4080276489257812e-05,563,563,0,ok,1042,1039,0.02208305446865976,9.273100004065782,97505280
564,1305031121.015019,1305031121.015029,1.0013580322265625e-05,564,564,0,ok,1043,1042,0.021208054464564925,9.06310000573285,97505280
565,1305031121.047498,1305031121.047755,0.0002570152282714844,565,565,0,ok,1055,1043,0.029085814094195965,9.54670000646729,97505280
566,1305031121.083099,1305031121.083117,1.811981201171875e-05,566,566,0,ok,1041,1039,0.021263363963957733,12.780899996869266,97505280
567,1305031121.114696,1305031121.114878,0.0001819133758544922,567,567,0,ok,1097,1091,0.028812728082343326,23.055700003169477,97505280
568,1305031121.147331,1305031121.147355,2.4080276489257812e-05,568,568,0,ok,1123,1122,0.024822274241342798,24.460200002067722,97505280
569,1305031121.183271,1305031121.183281,1.0013580322265625e-05,569,569,0,ok,1166,1161,0.025850135674545454,13.19000001240056,97505280
570,1305031121.21142,1305031121.211431,1.0967254638671875e-05,570,570,0,ok,1160,1155,0.02551057659731902,11.247200003708713,97505280
571,1305031121.247194,1305031121.247201,6.9141387939453125e-06,571,571,0,ok,1186,1181,0.03211337128643223,11.342899990268052,97505280
572,1305031121.282876,1305031121.282822,5.412101745605469e-05,572,572,0,ok,1202,1202,0.02164946987794433,11.197900006663986,97505280
573,1305031121.313568,1305031121.313588,1.9788742065429688e-05,573,573,0,ok,1217,1214,0.02419113925699169,11.18760000099428,97505280
574,1305031121.347517,1305031121.34754,2.288818359375e-05,574,574,0,ok,1235,1233,0.024655441114792783,19.417400006204844,97505280
575,1305031121.383226,1305031121.383248,2.2172927856445312e-05,575,575,0,ok,1249,1244,0.025536422369370534,11.930099994060583,97505280
576,1305031121.414318,1305031121.414328,1.0013580322265625e-05,576,576,0,ok,1257,1252,0.027322606278713225,15.17900000908412,97505280
577,1305031121.447319,1305031121.447024,0.0002949237823486328,577,577,0,ok,1296,1278,0.11109270795523787,13.098399998852983,97505280
578,1305031121.482964,1305031121.483015,5.1021575927734375e-05,578,578,0,ok,1343,1331,0.056793874035956406,14.480700003332458,97505280
579,1305031121.514107,1305031121.514164,5.698204040527344e-05,579,579,0,ok,1340,1330,0.030631232237609447,31.945100010489114,97505280
580,1305031121.54727,1305031121.54681,0.0004601478576660156,580,580,0,ok,1328,1324,0.02565648821728603,13.196300002164207,97505280
581,1305031121.583204,1305031121.583213,9.059906005859375e-06,581,581,0,ok,1316,1305,0.02913728481903431,9.527300004265271,97505280
582,1305031121.6147,1305031121.614719,1.8835067749023438e-05,582,582,0,ok,1312,1308,0.022755424856933448,9.303900005761534,97505280
583,1305031121.647183,1305031121.646966,0.00021696090698242188,583,583,0,ok,1358,1353,0.023807259882579004,9.340400007204153,97505280
584,1305031121.6832,1305031121.683211,1.1205673217773438e-05,584,584,0,ok,1351,1342,0.025491822620063838,10.286400007316843,97644544
585,1305031121.71452,1305031121.714528,8.106231689453125e-06,585,585,0,ok,1336,1334,0.020851795872537965,9.243599997716956,97644544
586,1305031121.747145,1305031121.746484,0.0006608963012695312,586,586,0,ok,1317,1315,0.018523579443716246,9.706600001663901,97878016
587,1305031121.782835,1305031121.782871,3.600120544433594e-05,587,587,0,ok,1306,1304,0.019348820267498134,9.443999995710328,97878016
588,1305031121.81154,1305031121.811545,5.0067901611328125e-06,588,588,0,ok,1304,1303,0.018692311356050918,9.571500006131828,97878016
589,1305031121.847335,1305031121.84687,0.00046515464782714844,589,589,0,ok,1297,1293,0.025551888765451967,10.738299999502487,97878016
590,1305031121.88206,1305031121.882123,6.29425048828125e-05,590,590,0,ok,1297,1296,0.01922138934850144,8.289500008686446,97878016
591,1305031121.914931,1305031121.914943,1.1920928955078125e-05,591,591,0,ok,1271,1270,0.01795746310257472,9.09269999829121,97878016
592,1305031121.947288,1305031121.947318,3.0040740966796875e-05,592,592,0,ok,1273,1267,0.026255080332015766,8.834899999783374,97878016
593,1305031121.982926,1305031121.982935,9.059906005859375e-06,593,593,0,ok,1272,1267,0.020112332021595746,8.7370999972336,97878016
594,1305031122.014256,1305031122.014424,0.00016808509826660156,594,594,0,ok,1265,1265,0.019096937456124573,11.697599999024533,97878016
595,1305031122.047306,1305031122.046908,0.0003981590270996094,595,595,0,ok,1280,1275,0.02558917083869729,10.426900000311434,97878016
596,1305031122.082959,1305031122.082969,1.0013580322265625e-05,596,596,0,ok,1288,1287,0.020995231261933325,11.131499995826744,97878016
597,1305031122.114672,1305031122.114688,1.5974044799804688e-05,597,597,0,ok,1301,1300,0.02126301098888408,9.464999995543621,97878016
598,1305031122.150725,1305031122.150748,2.3126602172851562e-05,598,598,0,ok,1256,1253,0.02404496782434149,9.24680000753142,97878016
599,1305031122.183042,1305031122.183052,1.0013580322265625e-05,599,599,0,ok,1235,1232,0.022462907112299976,10.519100003875792,97878016
600,1305031122.214959,1305031122.214969,1.0013580322265625e-05,600,600,0,ok,1245,1240,0.02426480823011138,12.701799991191365,97878016
601,1305031122.251319,1305031122.251355,3.600120544433594e-05,601,601,0,ok,1211,1209,0.022526798211448047,14.532500004861504,97878016
602,1305031122.28356,1305031122.283866,0.0003058910369873047,602,602,0,ok,1159,1159,0.021778271429650744,20.777400000952184,97878016
603,1305031122.314289,1305031122.314309,1.9788742065429688e-05,603,603,0,ok,1111,1106,0.03236457206855208,17.876099998829886,97878016
604,1305031122.351327,1305031122.351351,2.4080276489257812e-05,604,604,0,ok,1119,1102,0.04639981897303221,26.587700005620718,97878016
605,1305031122.38263,1305031122.382678,4.792213439941406e-05,605,605,0,ok,1088,1087,0.022877958180129214,15.702600008808076,97878016
606,1305031122.414997,1305031122.415008,1.0967254638671875e-05,606,606,0,ok,1092,1090,0.024340150088221237,20.1424999977462,97878016
607,1305031122.451257,1305031122.451272,1.5020370483398438e-05,607,607,0,ok,1072,1072,0.02432047315998757,14.902399998391047,97878016
608,1305031122.48336,1305031122.483388,2.7894973754882812e-05,608,608,0,ok,1102,1101,0.02463919122915613,12.994199991226196,97878016
609,1305031122.515097,1305031122.515135,3.814697265625e-05,609,609,0,ok,1092,1088,0.025493556345626014,11.012999995728023,97878016
610,1305031122.55149,1305031122.55151,2.002716064453125e-05,610,610,0,ok,1105,1105,0.023473693872524442,11.884399995324202,97878016
611,1305031122.583208,1305031122.583217,8.821487426757812e-06,611,611,0,ok,1080,1079,0.023278746411064206,11.285000000498258,97878016
612,1305031122.61498,1305031122.615017,3.695487976074219e-05,612,612,0,ok,1039,1039,0.021901336895684544,12.084799993317574,97878016
613,1305031122.648788,1305031122.64881,2.193450927734375e-05,613,613,0,ok,1054,1054,0.019885556073526364,8.601900000940077,97878016
614,1305031122.683402,1305031122.68342,1.7881393432617188e-05,614,614,0,ok,1023,1023,0.01849093042045061,10.709199996199459,97878016
615,1305031122.715208,1305031122.715219,1.0967254638671875e-05,615,615,0,ok,1040,1038,0.021737098717794216,9.598999997251667,97878016
616,1305031122.751298,1305031122.751309,1.0967254638671875e-05,616,616,0,ok,1051,1049,0.023003587130968003,11.052500005462207,97878016
617,1305031122.783423,1305031122.783438,1.5020370483398438e-05,617,617,0,ok,1027,1027,0.021675361710111266,14.22929999534972,97878016
618,1305031122.812555,1305031122.812565,1.0013580322265625e-05,618,618,0,ok,982,979,0.02321351678950807,14.5500000071479,97878016
619,1305031122.851418,1305031122.851486,6.794929504394531e-05,619,619,0,ok,960,960,0.022044183426086685,13.241699998616241,97878016
620,1305031122.883754,1305031122.883775,2.09808349609375e-05,620,620,0,ok,932,932,0.02311782792631142,13.365400009206496,97878016
621,1305031122.914571,1305031122.914585,1.4066696166992188e-05,621,621,0,ok,893,893,0.02131499715643608,12.837000002036802,97878016
622,1305031122.951341,1305031122.951413,7.200241088867188e-05,622,622,0,ok,898,898,0.02100627703751764,10.47209999524057,97878016
623,1305031122.982815,1305031122.983,0.0001850128173828125,623,623,0,ok,883,883,0.01893080179986124,9.221899992553517,97878016
624,1305031123.01545,1305031123.015462,1.1920928955078125e-05,624,624,0,ok,870,864,0.06004797128249319,11.753499988117255,97878016
625,1305031123.051827,1305031123.051838,1.0967254638671875e-05,625,625,0,ok,862,853,0.04385073983371269,11.42019999679178,97878016
626,1305031123.082975,1305031123.082992,1.71661376953125e-05,626,626,0,ok,870,857,0.05156822870633064,8.62530000449624,97878016
627,1305031123.113873,1305031123.113939,6.604194641113281e-05,627,627,0,ok,887,887,0.01836801633819343,12.222799996379763,98025472
628,1305031123.150822,1305031123.15084,1.811981201171875e-05,628,628,0,ok,889,887,0.021468981179783766,26.51500000501983,98025472
629,1305031123.182155,1305031123.182176,2.1219253540039062e-05,629,629,0,ok,853,852,0.019230177270314234,9.441000001970679,98025472
630,1305031123.214704,1305031123.214724,2.002716064453125e-05,630,630,0,ok,854,854,0.019253708491003718,10.99120000435505,98025472
631,1305031123.250618,1305031123.250641,2.3126602172851562e-05,631,631,0,ok,813,813,0.018387936819771918,11.19289999769535,98025472
632,1305031123.282347,1305031123.282363,1.5974044799804688e-05,632,632,0,ok,756,753,0.0242999841916417,11.665600002743304,98025472
633,1305031123.311327,1305031123.320992,0.00966501235961914,633,633,0,ok,759,758,0.02037268991175168,9.369799998239614,98025472
634,1305031123.350481,1305031123.350493,1.1920928955078125e-05,634,634,0,ok,734,734,0.017828774319155725,9.257700003217906,98025472
635,1305031123.382255,1305031123.382263,7.867813110351562e-06,635,635,0,ok,731,731,0.017531273251547276,9.863699990091845,98025472
636,1305031123.411363,1305031123.421343,0.009980201721191406,636,636,0,ok,737,737,0.0157363669119322,7.301899997401051,98025472
637,1305031123.451255,1305031123.451266,1.0967254638671875e-05,637,637,0,ok,713,713,0.015451387632404692,7.7597000054083765,98025472
638,1305031123.483594,1305031123.483605,1.0967254638671875e-05,638,638,0,ok,709,709,0.014365638575249591,7.760399996186607,98025472
639,1305031123.51136,1305031123.519725,0.008365154266357422,639,639,0,ok,734,734,0.01533493198834267,8.575999992899597,98025472
640,1305031123.551513,1305031123.551573,6.008148193359375e-05,640,640,0,ok,729,729,0.012476897785542545,8.052699995459989,98025472
641,1305031123.579583,1305031123.579616,3.314018249511719e-05,641,641,0,ok,717,713,0.020044756237052607,6.925299996510148,98025472
642,1305031123.611335,1305031123.620387,0.009052038192749023,642,642,0,ok,736,736,0.012571127043937117,8.637500010081567,98025472
643,1305031123.652411,1305031123.65243,1.9073486328125e-05,643,643,0,ok,733,731,0.017642452989035672,12.139799990109168,98025472
644,1305031123.683753,1305031123.683785,3.1948089599609375e-05,644,644,0,ok,735,734,0.015102794285986489,9.376700007123873,98025472
645,1305031123.711323,1305031123.719975,0.008651971817016602,645,645,0,ok,737,737,0.014057263064454694,8.474200003547594,98025472
646,1305031123.751723,1305031123.75198,0.0002570152282714844,646,646,0,ok,715,715,0.012333931176664578,8.660300009069033,98025472
647,1305031123.783858,1305031123.784138,0.0002799034118652344,647,647,0,ok,732,732,0.011236081085357048,7.81470000219997,98025472
648,1305031123.811608,1305031123.819696,0.008087873458862305,648,648,0,ok,724,724,0.009191037812544718,7.690900005400181,98025472
649,1305031123.851444,1305031123.851551,0.00010704994201660156,649,649,0,ok,728,728,0.009489415299945429,7.9224999935831875,98025472
650,1305031123.883786,1305031123.883819,3.314018249511719e-05,650,650,0,ok,733,733,0.008659143792521772,7.920200005173683,98025472
651,1305031123.911243,1305031123.915794,0.004550933837890625,651,651,0,ok,731,731,0.01157720654185621,11.963400000240654,98025472
652,1305031123.951442,1305031123.95153,8.797645568847656e-05,652,652,0,ok,737,737,0.00926285264842977,8.342900007846765,98025472
653,1305031123.983415,1305031123.983421,6.198883056640625e-06,653,653,0,ok,723,723,0.009355432022644505,7.707299999310635,98025472
654,1305031124.011302,1305031124.019737,0.00843501091003418,654,654,0,ok,727,727,0.014495663265632156,11.200499997357838,98025472
655,1305031124.051505,1305031124.051531,2.5987625122070312e-05,655,655,0,ok,738,738,0.015159235654302229,10.765500002889894,98025472
656,1305031124.083837,1305031124.083902,6.4849853515625e-05,656,656,0,ok,729,729,0.012151207241088747,8.520000003045425,98025472
657,1305031124.111331,1305031124.119669,0.008337974548339844,657,657,0,ok,723,723,0.01498251963222195,12.202099998830818,98025472
658,1305031124.147446,1305031124.147458,1.2159347534179688e-05,658,658,0,ok,738,736,0.01811242277939026,8.428300003288314,98025472
659,1305031124.182694,1305031124.182707,1.3113021850585938e-05,659,659,0,rejected_high_rmse_0.1510,729,720,0.15095395980278015,9.241499996278435,98025472
660,1305031124.211396,1305031124.217179,0.0057830810546875,660,660,0,ok,720,720,0.015564758126785405,10.388399998191744,98025472
661,1305031124.249327,1305031124.24934,1.3113021850585938e-05,661,661,0,ok,726,723,0.020048975349735466,8.705900007043965,98025472
662,1305031124.282545,1305031124.282555,1.0013580322265625e-05,662,662,0,ok,755,754,0.01837724145187906,7.77179999568034,98025472
663,1305031124.311361,1305031124.316782,0.0054209232330322266,663,663,0,ok,718,717,0.017830430256283572,8.025700008147396,98025472
664,1305031124.350354,1305031124.350371,1.6927719116210938e-05,664,664,0,ok,730,720,0.03857456857615576,7.9916999966371804,98025472
665,1305031124.38242,1305031124.382432,1.1920928955078125e-05,665,665,0,ok,749,744,0.02143632844158454,32.603999992716126,98025472
666,1305031124.411439,1305031124.418555,0.007116079330444336,666,666,0,ok,750,748,0.022029497481190156,10.420199992950074,98025472
667,1305031124.450245,1305031124.450256,1.1205673217773438e-05,667,667,0,ok,766,761,0.030684591334250038,10.810699997819029,98025472
668,1305031124.480099,1305031124.480126,2.6941299438476562e-05,668,668,0,ok,797,794,0.02276213625645584,10.562800001935102,98025472
669,1305031124.511324,1305031124.516737,0.005413055419921875,669,669,0,ok,810,804,0.027788523412191297,8.99490001029335,98025472
670,1305031124.550437,1305031124.550503,6.604194641113281e-05,670,670,0,ok,819,816,0.02468231781454886,12.746399996103719,98025472
671,1305031124.579404,1305031124.584606,0.005201816558837891,671,671,0,ok,840,835,0.026413067198121472,8.927999995648861,98025472
672,1305031124.611358,1305031124.617653,0.006294965744018555,672,672,0,ok,845,838,0.0511275686160396,9.872900001937523,98025472
673,1305031124.651271,1305031124.651313,4.1961669921875e-05,673,673,0,ok,879,869,0.04370889630938686,12.361599990981631,98025472
674,1305031124.679362,1305031124.685473,0.0061109066009521484,674,674,0,ok,933,932,0.025551369486053112,10.763700003735721,98025472
675,1305031124.711251,1305031124.715791,0.004539966583251953,675,675,0,ok,956,952,0.025722318434611643,11.81199999700766,98025472
676,1305031124.74989,1305031124.749941,5.1021575927734375e-05,676,676,0,ok,957,951,0.027365675743411963,10.636699997121468,98025472
677,1305031124.779365,1305031124.785178,0.005812883377075195,677,677,0,ok,999,977,0.069282576156804,12.709400005405769,98025472
678,1305031124.81136,1305031124.816641,0.005281209945678711,678,678,0,ok,1022,1017,0.03430957460866553,12.169099994935095,98025472
679,1305031124.850535,1305031124.850559,2.4080276489257812e-05,679,679,0,ok,1050,1045,0.026412270765567736,10.14009999926202,98025472
680,1305031124.879355,1305031124.883594,0.004239082336425781,680,680,0,ok,1105,1096,0.02926626297837138,14.583700001821853,98025472
681,1305031124.911448,1305031124.91877,0.007322072982788086,681,681,0,ok,1099,1097,0.025227997135413596,18.998600004124455,98025472
682,1305031124.95073,1305031124.950748,1.7881393432617188e-05,682,682,0,ok,1075,1074,0.021341378966152697,10.703500011004508,98025472
683,1305031124.979438,1305031124.98646,0.007021903991699219,683,683,0,ok,1084,1081,0.022361040217714675,11.691599996993318,98025472
684,1305031125.011454,1305031125.019467,0.008013010025024414,684,684,0,ok,1121,1116,0.02687608821977962,10.820299998158589,98025472
685,1305031125.050763,1305031125.050798,3.504753112792969e-05,685,685,0,ok,1166,1161,0.027258430131838454,12.667299990425818,98025472
686,1305031125.079364,1305031125.08348,0.0041158199310302734,686,686,0,ok,1176,1174,0.022699543566417252,10.704900007112883,98025472
687,1305031125.111364,1305031125.119029,0.007665157318115234,687,687,0,ok,1205,1204,0.02233264049663597,10.930999997071922,98025472
688,1305031125.151013,1305031125.151037,2.4080276489257812e-05,688,688,0,ok,1194,1194,0.023837685785845525,14.519399992423132,98025472
689,1305031125.179353,1305031125.187064,0.007710933685302734,689,689,0,ok,1197,1194,0.028555635730081227,14.102200002525933,98025472
690,1305031125.21132,1305031125.219018,0.00769805908203125,690,690,0,ok,1175,1173,0.02302231025466336,11.767199990572408,98025472
691,1305031125.250632,1305031125.250642,1.0013580322265625e-05,691,691,0,ok,1180,1178,0.020902236621388674,13.44940000853967,98025472
692,1305031125.279467,1305031125.286396,0.006928920745849609,692,692,0,ok,1203,1200,0.025490139714093495,19.86899999610614,98025472
693,1305031125.311493,1305031125.31914,0.007647037506103516,693,693,0,ok,1206,1199,0.029944951926350414,16.00740000139922,98025472
694,1305031125.34888,1305031125.348899,1.8835067749023438e-05,694,694,0,ok,1226,1225,0.02353275771167693,10.046700001112185,98025472
695,1305031125.379401,1305031125.386792,0.0073909759521484375,695,695,0,ok,1196,1192,0.02426027516995265,9.44080000044778,98025472
696,1305031125.411335,1305031125.419574,0.008239030838012695,696,696,0,ok,1217,1214,0.027731301894759048,12.10920000448823,98025472
697,1305031125.451195,1305031125.451232,3.695487976074219e-05,697,697,0,ok,1196,1182,0.10394568118824177,22.13579999806825,98025472
698,1305031125.479424,1305031125.486999,0.007575035095214844,698,698,0,ok,1165,1161,0.04365520886587416,13.2515000004787,98025472
699,1305031125.511316,1305031125.519354,0.008038043975830078,699,699,0,ok,1153,1142,0.02964044562535806,9.737799991853535,98025472
700,1305031125.55102,1305031125.55105,3.0040740966796875e-05,700,700,0,ok,1138,1134,0.021315936345711578,9.409799997229129,98025472
701,1305031125.579308,1305031125.585303,0.005995035171508789,701,701,0,ok,1133,1129,0.025279980822874762,8.95269999455195,98025472
702,1305031125.611533,1305031125.61787,0.006337165832519531,702,702,0,ok,1148,1145,0.022058860437210125,11.421099989092909,98025472
703,1305031125.650575,1305031125.650354,0.00022101402282714844,703,703,0,ok,1113,1113,0.021859647811525856,11.502900000778027,98025472
704,1305031125.679328,1305031125.684602,0.005274057388305664,704,704,0,ok,1176,1172,0.02629701812643002,12.142100007622503,98025472
705,1305031125.711443,1305031125.715669,0.004225969314575195,705,705,0,ok,1203,1201,0.02484302946074262,12.498099997173995,98025472
706,1305031125.75126,1305031125.751292,3.1948089599609375e-05,706,706,0,ok,1207,1204,0.025021243118739097,12.243999997735955,98025472
707,1305031125.779348,1305031125.786805,0.00745701789855957,707,707,0,ok,1222,1221,0.020244119105310418,10.565799995674752,98025472
708,1305031125.811573,1305031125.81945,0.007876873016357422,708,708,0,ok,1191,1188,0.021864658244600117,9.180399996694177,98025472
709,1305031125.847412,1305031125.854774,0.007361888885498047,709,709,0,ok,1192,1181,0.03221487853089053,9.574499999871477,98025472
710,1305031125.879318,1305031125.886645,0.007327079772949219,710,710,0,ok,1164,1163,0.02107506185406028,10.595700005069375,98025472
711,1305031125.911305,1305031125.919334,0.008028984069824219,711,711,0,ok,1209,1188,0.046644783564415856,13.100700001814403,98025472
712,1305031125.947343,1305031125.955252,0.007908821105957031,712,712,0,ok,1186,1178,0.028785596936826002,25.561100002960302,98025472
713,1305031125.979324,1305031125.987094,0.00776982307434082,713,713,0,ok,1195,1194,0.02484333369297344,15.571299998555332,98025472
714,1305031126.011333,1305031126.019572,0.008239030838012695,714,714,0,ok,1208,1204,0.02610020034689582,18.613699998240918,98025472
715,1305031126.047324,1305031126.055038,0.007714033126831055,715,715,0,ok,1227,1226,0.026323426215814204,17.914399999426678,98025472
716,1305031126.079356,1305031126.087076,0.007719993591308594,716,716,0,ok,1185,1181,0.024044002352631225,17.404500002157874,98025472
717,1305031126.11137,1305031126.119452,0.008081912994384766,717,717,0,ok,1122,1121,0.022570279113067342,13.534600002458319,98025472
718,1305031126.147432,1305031126.155,0.007567882537841797,718,718,0,ok,1108,1107,0.02410358388612319,17.480299997259863,98025472
719,1305031126.179384,1305031126.187174,0.007790088653564453,719,719,0,ok,1080,1078,0.0235361010554934,17.73249999678228,98025472
720,1305031126.211319,1305031126.219473,0.008153915405273438,720,720,0,ok,1024,1024,0.022045978782766994,14.229899999918416,98025472
721,1305031126.247298,1305031126.255236,0.007937908172607422,721,721,0,ok,947,945,0.023059468159470745,16.56780000485014,98025472
722,1305031126.279363,1305031126.287105,0.007742166519165039,722,722,0,ok,940,940,0.021973642156246823,11.82550001249183,98025472
723,1305031126.311332,1305031126.319787,0.008455038070678711,723,723,0,ok,903,902,0.02197187335168779,9.63939999928698,98025472
724,1305031126.347363,1305031126.355415,0.00805211067199707,724,724,0,ok,837,836,0.021836840261112874,9.248999995179474,98025472
725,1305031126.379423,1305031126.387483,0.008059978485107422,725,725,0,ok,854,854,0.0209579005622739,9.609200002159923,98025472
726,1305031126.411465,1305031126.419793,0.008327960968017578,726,726,0,ok,773,773,0.01924027964446644,11.410999999498017,98025472
727,1305031126.447361,1305031126.45538,0.008018970489501953,727,727,0,ok,749,749,0.019584024611767194,12.78410000668373,98025472
728,1305031126.479533,1305031126.490386,0.010853052139282227,728,728,0,ok,725,725,0.017467188038556444,10.015399995609187,98025472
729,1305031126.51141,1305031126.522321,0.010910987854003906,729,729,0,ok,718,712,0.022664503121998154,8.067300004768185,98025472
730,1305031126.547374,1305031126.558209,0.010834932327270508,730,730,0,rejected_high_rmse_0.1396,727,696,0.13960458053394192,10.34829999844078,98025472
731,1305031126.579454,1305031126.590176,0.010722160339355469,731,731,0,ok,703,702,0.018741456332793668,8.529500002623536,98025472
732,1305031126.611528,1305031126.618687,0.007158994674682617,732,732,0,ok,695,695,0.016679623929162342,10.653700010152534,98025472
733,1305031126.647376,1305031126.654474,0.007097959518432617,733,733,0,ok,694,692,0.018263477725185794,10.0044999999227,98025472
734,1305031126.679479,1305031126.690022,0.010543107986450195,734,734,0,ok,677,677,0.014733166172342445,10.773100002552383,98025472
735,1305031126.711583,1305031126.71577,0.004187107086181641,735,735,0,ok,678,678,0.013939783172320756,8.993199997348711,98025472
736,1305031126.747316,1305031126.755374,0.00805807113647461,736,736,0,ok,645,645,0.012859213903540325,8.200799988117069,98025472
737,1305031126.779379,1305031126.787565,0.008186101913452148,737,737,0,ok,650,649,0.013424815101009634,8.881299989297986,98025472
738,1305031126.811602,1305031126.819929,0.00832676887512207,738,738,0,ok,663,663,0.01135034718147182,8.34949999989476,98025472
739,1305031126.847343,1305031126.858378,0.011034965515136719,739,739,0,ok,679,679,0.013430161885250683,7.423899995046668,98025472
740,1305031126.879357,1305031126.888154,0.008796930313110352,740,740,0,ok,681,681,0.010813062649862414,7.465200003935024,98025472
741,1305031126.911364,1305031126.919409,0.008044958114624023,741,741,0,ok,677,677,0.008915600910352735,8.34069999109488,98025472
742,1305031126.947437,1305031126.955501,0.008064031600952148,742,742,0,ok,686,686,0.010039062292269292,7.463499990990385,98025472
743,1305031126.979337,1305031126.987316,0.00797891616821289,743,743,0,ok,685,685,0.010560239106777882,6.962799991015345,98025472
744,1305031127.011371,1305031127.019524,0.008153200149536133,744,744,0,ok,693,693,0.00862504390104142,7.811599993146956,98025472
745,1305031127.047297,1305031127.053318,0.006021022796630859,745,745,0,ok,684,684,0.008313439394164294,7.389199992758222,98025472
746,1305031127.079299,1305031127.088649,0.009350061416625977,746,746,0,ok,688,684,0.09903147312308731,7.294499999261461,98025472
747,1305031127.111435,1305031127.120963,0.009528160095214844,747,747,0,ok,702,702,0.012386012290811732,8.121899998513982,98025472
748,1305031127.147307,1305031127.157692,0.01038503646850586,748,748,0,ok,689,689,0.012496203361782499,11.701600000378676,98025472
749,1305031127.179349,1305031127.1875,0.008151054382324219,749,749,0,ok,701,701,0.014542482952464105,8.718700002646074,98025472
750,1305031127.2117,1305031127.221831,0.010131120681762695,750,750,0,ok,686,686,0.011574647399856218,9.199700012686662,98025472
751,1305031127.247374,1305031127.259761,0.01238703727722168,751,751,0,ok,683,683,0.013309892342853721,7.8071000025374815,98025472
752,1305031127.279465,1305031127.287038,0.007573127746582031,752,752,0,ok,689,689,0.013617115180991584,8.458199998131022,98025472
753,1305031127.311362,1305031127.320468,0.009105920791625977,753,753,0,ok,661,661,0.008358633170795656,7.317800002056174,98025472
754,1305031127.347356,1305031127.353407,0.006050825119018555,754,754,0,ok,689,689,0.013032141463344341,7.8037000057520345,98025472
755,1305031127.379262,1305031127.383713,0.00445103645324707,755,755,0,ok,720,708,0.05365406278095026,8.563199997297488,98025472
756,1305031127.411371,1305031127.41965,0.008279085159301758,756,756,0,ok,717,717,0.010725476530061919,14.091000004555099,98025472
757,1305031127.447333,1305031127.454246,0.006912946701049805,757,757,0,ok,700,700,0.01303791043263542,7.675400003790855,98025472
758,1305031127.479362,1305031127.4872,0.007838010787963867,758,758,0,ok,706,704,0.018026322831645524,9.409899997990578,98025472
759,1305031127.511356,1305031127.5219,0.0105438232421875,759,759,0,ok,697,697,0.011376059885038264,8.632200013380498,98025472
760,1305031127.547348,1305031127.553725,0.006376981735229492,760,760,0,ok,711,711,0.012686287732677028,7.6619000028586015,98025472
761,1305031127.579345,1305031127.586632,0.007287025451660156,761,761,0,ok,704,701,0.02047678623300322,9.31720000517089,98025472
762,1305031127.611271,1305031127.620657,0.009386062622070312,762,762,0,ok,699,698,0.013116640583551536,7.958700007293373,98025472
763,1305031127.647358,1305031127.654656,0.007297992706298828,763,763,0,ok,687,687,0.010706793428310194,8.70819999545347,98025472
764,1305031127.679298,1305031127.68711,0.007812023162841797,764,764,0,ok,708,707,0.014939364127772825,9.67339999624528,98025472
765,1305031127.711375,1305031127.72321,0.011835098266601562,765,765,0,ok,727,727,0.012454842927082467,7.9916999966371804,98025472
766,1305031127.747304,1305031127.754694,0.007390022277832031,766,766,0,ok,703,702,0.012963376426824609,8.262499992270023,98025472
767,1305031127.779346,1305031127.787641,0.008295059204101562,767,767,0,ok,719,719,0.012785658425668525,9.775700003956445,98025472
768,1305031127.811829,1305031127.820128,0.008298873901367188,768,768,0,ok,734,734,0.014161233096847418,14.616500004194677,98025472
769,1305031127.847366,1305031127.855132,0.007766008377075195,769,769,0,ok,725,725,0.011272897033488917,7.944299999508075,98025472
770,1305031127.87938,1305031127.887122,0.0077419281005859375,770,770,0,ok,723,721,0.016842326465741783,10.678499995265156,98025472
771,1305031127.911476,1305031127.92256,0.01108407974243164,771,771,0,ok,710,710,0.011352245050644813,8.81400000071153,98025472
772,1305031127.947366,1305031127.955088,0.007721900939941406,772,772,0,ok,711,710,0.0149538549213531,11.17290000547655,98025472
773,1305031127.979371,1305031127.987093,0.007721900939941406,773,773,0,ok,714,706,0.03522485656511525,9.443399991141632,98025472
774,1305031128.011427,1305031128.021776,0.010349035263061523,774,774,0,ok,683,683,0.014732366313947278,7.728600001428276,98025472
775,1305031128.047369,1305031128.055718,0.008348941802978516,775,775,0,ok,699,699,0.014114716450154429,8.194299996830523,98025472
776,1305031128.079334,1305031128.087206,0.007871866226196289,776,776,0,ok,698,697,0.014579178107948489,7.939100003568456,98025472
777,1305031128.111391,1305031128.124746,0.013355016708374023,777,777,0,ok,689,689,0.013232568835877126,9.404299999005161,98025472
778,1305031128.147418,1305031128.157782,0.010364055633544922,778,778,0,ok,692,690,0.014632557647390961,7.682900002691895,98025472
779,1305031128.17935,1305031128.187221,0.007871150970458984,779,779,0,ok,699,696,0.022472078016360905,8.040200002142228,98025472
780,1305031128.211447,1305031128.225442,0.013994932174682617,780,780,0,ok,678,677,0.01486939704424923,8.071999996900558,98025472
781,1305031128.24748,1305031128.256007,0.008527040481567383,781,781,0,ok,682,677,0.049941422201907976,8.866400006809272,98025472
782,1305031128.279336,1305031128.291275,0.011939048767089844,782,782,0,ok,679,679,0.011399046750902237,7.290099994861521,98025472
783,1305031128.311483,1305031128.32417,0.012687206268310547,783,783,0,ok,676,671,0.0406452364495848,8.818300004350021,98025472
784,1305031128.347423,1305031128.355206,0.007782936096191406,784,784,0,ok,670,670,0.011470488560665425,8.411599992541596,98025472
785,1305031128.379404,1305031128.391397,0.011992931365966797,785,785,0,ok,680,676,0.03209298236344894,9.118300004047342,98025472
786,1305031128.411337,1305031128.423609,0.012272119522094727,786,786,0,ok,688,687,0.016346248788599003,10.278300003847107,98025472
787,1305031128.447296,1305031128.455499,0.00820302963256836,787,787,0,ok,655,655,0.012257109673245779,8.879000000888482,98025472
788,1305031128.479296,1305031128.489523,0.010226964950561523,788,788,0,ok,672,664,0.036999084372682164,8.398899997700937,98025472
789,1305031128.511433,1305031128.523604,0.012171030044555664,789,789,0,ok,670,670,0.011322349748344245,7.459400003426708,98025472
790,1305031128.547399,1305031128.555639,0.008239984512329102,790,790,0,ok,679,673,0.03468875678389351,9.07619998906739,98025472
791,1305031128.579455,1305031128.59146,0.012005090713500977,791,791,0,ok,665,665,0.010203689796000578,7.845100000849925,98025472
792,1305031128.611395,1305031128.623368,0.011973142623901367,792,792,0,ok,684,673,0.04749693178551409,11.861799997859634,98025472
793,1305031128.647352,1305031128.655554,0.008202075958251953,793,793,0,ok,689,689,0.01525232120307675,8.981299994047731,98025472
794,1305031128.679282,1305031128.690449,0.011167049407958984,794,794,0,ok,676,676,0.01416838247192061,9.588800006895326,98025472
795,1305031128.711457,1305031128.722976,0.01151895523071289,795,795,0,ok,680,680,0.013346905993393582,11.288800000329502,98025472
796,1305031128.747363,1305031128.754646,0.00728297233581543,796,796,0,ok,697,697,0.015254288576913936,9.256100005586632,98025472
