frame_index,rgb_timestamp,rgb_path,depth_path,rgb_depth_offset_s,rgb_ground_truth_offset_s,point_count,rgbd_read_runtime_s,preprocessing_runtime_s,registration_runtime_s,compute_runtime_s,input_to_pose_runtime_s,process_rss_bytes_after_frame
0,1305031102.175304,data\rgbd_dataset_freiburg1_xyz\rgb\1305031102.175304.png,data\rgbd_dataset_freiburg1_xyz\depth\1305031102.160407.png,0.014896869659423828,0.0004961490631103516,1286,0.015266299998984323,0.0017619999998714775,0.0,0.0017619999998714775,0.0170282999988558,70950912
1,1305031102.211214,data\rgbd_dataset_freiburg1_xyz\rgb\1305031102.211214.png,data\rgbd_dataset_freiburg1_xyz\depth\1305031102.226738.png,0.015523910522460938,0.004685878753662109,1294,0.007730699999228818,0.0018079000001307577,0.03433029999905557,0.03613819999918633,0.043868899998415145,70836224
2,1305031102.275326,data\rgbd_dataset_freiburg1_xyz\rgb\1305031102.275326.png,data\rgbd_dataset_freiburg1_xyz\depth\1305031102.262886.png,0.012439966201782227,0.00047397613525390625,1181,0.008680500000991742,0.0021140999997442123,0.01775670000097307,0.01987080000071728,0.028551300001709023,71106560
3,1305031102.311267,data\rgbd_dataset_freiburg1_xyz\rgb\1305031102.311267.png,data\rgbd_dataset_freiburg1_xyz\depth\1305031102.295279.png,0.015987873077392578,0.004533052444458008,1158,0.008770300000833231,0.0017068999986804556,0.016165799999726005,0.01787269999840646,0.02664299999923969,70889472
4,1305031102.343233,data\rgbd_dataset_freiburg1_xyz\rgb\1305031102.343233.png,data\rgbd_dataset_freiburg1_xyz\depth\1305031102.329195.png,0.0140380859375,0.002566814422607422,1047,0.008536900000763126,0.001568200001202058,0.010959200000797864,0.012527400001999922,0.021064300002763048,71647232
5,1305031102.375329,data\rgbd_dataset_freiburg1_xyz\rgb\1305031102.375329.png,data\rgbd_dataset_freiburg1_xyz\depth\1305031102.363013.png,0.012315988540649414,0.00047087669372558594,1067,0.008788700000877725,0.0016985000002023298,0.008569300000090152,0.010267800000292482,0.019056500001170207,71118848
6,1305031102.411258,data\rgbd_dataset_freiburg1_xyz\rgb\1305031102.411258.png,data\rgbd_dataset_freiburg1_xyz\depth\1305031102.394772.png,0.016485929489135742,0.004642009735107422,1031,0.008053599998675054,0.0015657999992981786,0.0060366000016074395,0.007602400000905618,0.015655999999580672,71700480
7,1305031102.443271,data\rgbd_dataset_freiburg1_xyz\rgb\1305031102.443271.png,data\rgbd_dataset_freiburg1_xyz\depth\1305031102.427815.png,0.015455961227416992,0.002529144287109375,1005,0.00799629999892204,0.0017453999989811564,0.009154100000159815,0.010899499999140971,0.018895799998063012,71696384
8,1305031102.475318,data\rgbd_dataset_freiburg1_xyz\rgb\1305031102.475318.png,data\rgbd_dataset_freiburg1_xyz\depth\1305031102.462395.png,0.012923002243041992,0.0004820823669433594,1017,0.00806900000134192,0.001684999999270076,0.013649599999553175,0.01533459999882325,0.02340360000016517,71757824
9,1305031102.511219,data\rgbd_dataset_freiburg1_xyz\rgb\1305031102.511219.png,data\rgbd_dataset_freiburg1_xyz\depth\1305031102.526330.png,0.015110969543457031,0.0046808719635009766,930,0.007928400000309921,0.0016610000002401648,0.008017899999686051,0.009678899999926216,0.017607300000236137,71733248
10,1305031102.575286,data\rgbd_dataset_freiburg1_xyz\rgb\1305031102.575286.png,data\rgbd_dataset_freiburg1_xyz\depth\1305031102.562224.png,0.013062000274658203,0.000614166259765625,883,0.007924200001070858,0.0016011000006983522,0.009738999999171938,0.01134009999987029,0.019264300000941148,71692288
11,1305031102.611233,data\rgbd_dataset_freiburg1_xyz\rgb\1305031102.611233.png,data\rgbd_dataset_freiburg1_xyz\depth\1305031102.626818.png,0.015584945678710938,0.004667043685913086,842,0.008126200000333483,0.0016737999994802522,0.011067200000979938,0.01274100000046019,0.020867200000793673,71712768
12,1305031102.675285,data\rgbd_dataset_freiburg1_xyz\rgb\1305031102.675285.png,data\rgbd_dataset_freiburg1_xyz\depth\1305031102.663273.png,0.012012004852294922,0.0006148815155029297,794,0.008434500001385459,0.0015973999998095678,0.003516200000376557,0.005113600000186125,0.013548100001571584,71761920
13,1305031102.711263,data\rgbd_dataset_freiburg1_xyz\rgb\1305031102.711263.png,data\rgbd_dataset_freiburg1_xyz\depth\1305031102.695165.png,0.0160980224609375,0.004637002944946289,779,0.007866500000091037,0.0015853000004426576,0.004547799999272684,0.006133099999715341,0.013999599999806378,71794688
14,1305031102.743234,data\rgbd_dataset_freiburg1_xyz\rgb\1305031102.743234.png,data\rgbd_dataset_freiburg1_xyz\depth\1305031102.728423.png,0.014810800552368164,0.002566099166870117,747,0.007961900000736932,0.0015881999988778261,0.004411699999764096,0.005999899998641922,0.013961799999378854,71839744
15,1305031102.775472,data\rgbd_dataset_freiburg1_xyz\rgb\1305031102.775472.png,data\rgbd_dataset_freiburg1_xyz\depth\1305031102.763549.png,0.011922836303710938,0.00032806396484375,791,0.008304600001793006,0.0017382999994879356,0.004444199999852572,0.006182499999340507,0.014487100001133513,71815168
16,1305031102.811232,data\rgbd_dataset_freiburg1_xyz\rgb\1305031102.811232.png,data\rgbd_dataset_freiburg1_xyz\depth\1305031102.794978.png,0.016254186630249023,0.004667997360229492,765,0.007893600000898005,0.0018364999996265396,0.0047705000015412224,0.006607000001167762,0.014500600002065767,71823360
17,1305031102.84329,data\rgbd_dataset_freiburg1_xyz\rgb\1305031102.843290.png,data\rgbd_dataset_freiburg1_xyz\depth\1305031102.828537.png,0.014753103256225586,0.0025098323822021484,698,0.008304099999804748,0.0017203999996127095,0.0035236000003351364,0.005243999999947846,0.013548099999752594,71057408
18,1305031102.875363,data\rgbd_dataset_freiburg1_xyz\rgb\1305031102.875363.png,data\rgbd_dataset_freiburg1_xyz\depth\1305031102.862808.png,0.012555122375488281,0.0004367828369140625,718,0.008352999999260646,0.0016916000004130183,0.004323099999965052,0.00601470000037807,0.014367699999638717,71815168
19,1305031102.911185,data\rgbd_dataset_freiburg1_xyz\rgb\1305031102.911185.png,data\rgbd_dataset_freiburg1_xyz\depth\1305031102.926851.png,0.01566600799560547,0.0047149658203125,679,0.0077562999995279824,0.001671399999395362,0.007752299999992829,0.009423699999388191,0.017179999998916173,71823360
20,1305031102.975203,data\rgbd_dataset_freiburg1_xyz\rgb\1305031102.975203.png,data\rgbd_dataset_freiburg1_xyz\depth\1305031102.962137.png,0.01306605339050293,0.0006968975067138672,649,0.0079939999995986,0.001611199999388191,0.004877899998973589,0.00648909999836178,0.01448309999796038,71200768
21,1305031103.011215,data\rgbd_dataset_freiburg1_xyz\rgb\1305031103.011215.png,data\rgbd_dataset_freiburg1_xyz\depth\1305031102.994164.png,0.017050981521606445,0.004684925079345703,671,0.007794200000716955,0.0017543999983899994,0.004266099998858408,0.0060204999972484075,0.013814699997965363,71315456
22,1305031103.043227,data\rgbd_dataset_freiburg1_xyz\rgb\1305031103.043227.png,data\rgbd_dataset_freiburg1_xyz\depth\1305031103.027881.png,0.015346050262451172,0.0025730133056640625,653,0.007933200000479701,0.0015537999988737283,0.005570600000282866,0.007124399999156594,0.015057599999636295,71319552
23,1305031103.075319,data\rgbd_dataset_freiburg1_xyz\rgb\1305031103.075319.png,data\rgbd_dataset_freiburg1_xyz\depth\1305031103.062273.png,0.013046026229858398,0.00048089027404785156,632,0.008006599999134778,0.0014988000002631452,0.0035731000007217517,0.005071900000984897,0.013078500000119675,71282688
24,1305031103.11124,data\rgbd_dataset_freiburg1_xyz\rgb\1305031103.111240.png,data\rgbd_dataset_freiburg1_xyz\depth\1305031103.094040.png,0.017199993133544922,0.004559993743896484,623,0.00791910000043572,0.001529600000139908,0.0034481000002415385,0.0049777000003814464,0.012896800000817166,71282688
25,1305031103.143318,data\rgbd_dataset_freiburg1_xyz\rgb\1305031103.143318.png,data\rgbd_dataset_freiburg1_xyz\depth\1305031103.129109.png,0.01420903205871582,0.002582073211669922,623,0.00869070000044303,0.0016751000002841465,0.0031086999988474417,0.004783799999131588,0.013474499999574618,71303168
26,1305031103.175452,data\rgbd_dataset_freiburg1_xyz\rgb\1305031103.175452.png,data\rgbd_dataset_freiburg1_xyz\depth\1305031103.162795.png,0.012656927108764648,0.00034809112548828125,594,0.008539499998732936,0.0017488000012235716,0.006492300000900286,0.008241100002123858,0.016780600000856793,71270400
27,1305031103.243216,data\rgbd_dataset_freiburg1_xyz\rgb\1305031103.243216.png,data\rgbd_dataset_freiburg1_xyz\depth\1305031103.227845.png,0.015371084213256836,0.0025839805603027344,581,0.008323399999426329,0.0016078999997262144,0.004603800000040792,0.006211699999767006,0.014535099999193335,71290880
28,1305031103.27537,data\rgbd_dataset_freiburg1_xyz\rgb\1305031103.275370.png,data\rgbd_dataset_freiburg1_xyz\depth\1305031103.262576.png,0.012793779373168945,0.00043010711669921875,545,0.00888660000055097,0.001634499998544925,0.003995999999460764,0.005630499998005689,0.01451709999855666,71356416
29,1305031103.31121,data\rgbd_dataset_freiburg1_xyz\rgb\1305031103.311210.png,data\rgbd_dataset_freiburg1_xyz\depth\1305031103.294208.png,0.017001867294311523,0.004590034484863281,532,0.01326820000031148,0.0023005000002740417,0.0050914000003103865,0.007391900000584428,0.02066010000089591,71340032
30,1305031103.343223,data\rgbd_dataset_freiburg1_xyz\rgb\1305031103.343223.png,data\rgbd_dataset_freiburg1_xyz\depth\1305031103.327550.png,0.015673160552978516,0.0026769638061523438,531,0.008866699999998673,0.0017654999992373632,0.004419900000357302,0.006185399999594665,0.015052099999593338,71225344
31,1305031103.375327,data\rgbd_dataset_freiburg1_xyz\rgb\1305031103.375327.png,data\rgbd_dataset_freiburg1_xyz\depth\1305031103.362405.png,0.012922048568725586,0.0005729198455810547,511,0.008064999999987776,0.0015197000011539785,0.0022153999998408835,0.003735100000994862,0.011800100000982638,71315456
32,1305031103.41126,data\rgbd_dataset_freiburg1_xyz\rgb\1305031103.411260.png,data\rgbd_dataset_freiburg1_xyz\depth\1305031103.394162.png,0.017097949981689453,0.004540205001831055,503,0.008166999999957625,0.0015382000001409324,0.0027878000000782777,0.00432600000021921,0.012493000000176835,71335936
33,1305031103.44328,data\rgbd_dataset_freiburg1_xyz\rgb\1305031103.443280.png,data\rgbd_dataset_freiburg1_xyz\depth\1305031103.428437.png,0.014842987060546875,0.0025200843811035156,502,0.008326500001203385,0.0016187999990506796,0.0020619999995687976,0.0036807999986194773,0.012007299999822862,71450624
34,1305031103.475274,data\rgbd_dataset_freiburg1_xyz\rgb\1305031103.475274.png,data\rgbd_dataset_freiburg1_xyz\depth\1305031103.463886.png,0.011388063430786133,0.0006258487701416016,519,0.008641700000225683,0.0016174999982467853,0.0025650000006862683,0.004182499998933054,0.012824199999158736,71487488
35,1305031103.511333,data\rgbd_dataset_freiburg1_xyz\rgb\1305031103.511333.png,data\rgbd_dataset_freiburg1_xyz\depth\1305031103.494472.png,0.0168609619140625,0.004667043685913086,525,0.008531800000127987,0.0016190999995160382,0.0026037000006908784,0.004222800000206917,0.012754600000334904,71512064
36,1305031103.543444,data\rgbd_dataset_freiburg1_xyz\rgb\1305031103.543444.png,data\rgbd_dataset_freiburg1_xyz\depth\1305031103.531502.png,0.011941909790039062,0.0023560523986816406,536,0.008599299999332288,0.001795000000129221,0.0029269000006024726,0.004721900000731694,0.013321200000063982,71532544
37,1305031103.575474,data\rgbd_dataset_freiburg1_xyz\rgb\1305031103.575474.png,data\rgbd_dataset_freiburg1_xyz\depth\1305031103.562651.png,0.012823104858398438,0.0004260540008544922,544,0.008541299999706098,0.0017508000000816537,0.002159800000299583,0.003910600000381237,0.012451900000087335,71524352
38,1305031103.611223,data\rgbd_dataset_freiburg1_xyz\rgb\1305031103.611223.png,data\rgbd_dataset_freiburg1_xyz\depth\1305031103.595310.png,0.015913009643554688,0.0046770572662353516,570,0.008052499999394058,0.0016444000011688331,0.0032659999997122213,0.0049104000008810544,0.012962900000275113,71536640
39,1305031103.643445,data\rgbd_dataset_freiburg1_xyz\rgb\1305031103.643445.png,data\rgbd_dataset_freiburg1_xyz\depth\1305031103.631376.png,0.012068986892700195,0.0023550987243652344,615,0.008083800001259078,0.0016431000003649388,0.0029001999992033234,0.004543299999568262,0.01262710000082734,71553024
40,1305031103.675523,data\rgbd_dataset_freiburg1_xyz\rgb\1305031103.675523.png,data\rgbd_dataset_freiburg1_xyz\depth\1305031103.663594.png,0.011929035186767578,0.0002770423889160156,644,0.00826729999971576,0.0016438999991805758,0.00405030000001716,0.0056941999991977355,0.013961499998913496,71561216
41,1305031103.71161,data\rgbd_dataset_freiburg1_xyz\rgb\1305031103.711610.png,data\rgbd_dataset_freiburg1_xyz\depth\1305031103.694695.png,0.016915082931518555,0.004189968109130859,662,0.008680799999638111,0.0015868000009504613,0.003750799998670118,0.005337599999620579,0.01401839999925869,71565312
42,1305031103.743326,data\rgbd_dataset_freiburg1_xyz\rgb\1305031103.743326.png,data\rgbd_dataset_freiburg1_xyz\depth\1305031103.731542.png,0.011783838272094727,0.002474069595336914,679,0.008874099999957252,0.0016598999991401797,0.005785600000308477,0.007445499999448657,0.01631959999940591,71589888
43,1305031103.775342,data\rgbd_dataset_freiburg1_xyz\rgb\1305031103.775342.png,data\rgbd_dataset_freiburg1_xyz\depth\1305031103.762865.png,0.012476921081542969,0.00045800209045410156,734,0.008135500000207685,0.0016468000012537232,0.0038442000004579313,0.0054910000017116545,0.01362650000191934,71593984
44,1305031103.811242,data\rgbd_dataset_freiburg1_xyz\rgb\1305031103.811242.png,data\rgbd_dataset_freiburg1_xyz\depth\1305031103.794329.png,0.016913175582885742,0.0046579837799072266,727,0.0080180000004475,0.0016353000009985408,0.004915999999866472,0.006551300000865012,0.014569300001312513,71598080
45,1305031103.843251,data\rgbd_dataset_freiburg1_xyz\rgb\1305031103.843251.png,data\rgbd_dataset_freiburg1_xyz\depth\1305031103.830367.png,0.012883901596069336,0.0025489330291748047,742,0.00817790000110108,0.0016089000000647502,0.00462599999991653,0.00623489999998128,0.01441280000108236,71622656
46,1305031103.875361,data\rgbd_dataset_freiburg1_xyz\rgb\1305031103.875361.png,data\rgbd_dataset_freiburg1_xyz\depth\1305031103.862379.png,0.012981891632080078,0.00043892860412597656,760,0.008633399998871027,0.0016468000012537232,0.005387900000641821,0.007034700001895544,0.01566810000076657,71675904
47,1305031103.911221,data\rgbd_dataset_freiburg1_xyz\rgb\1305031103.911221.png,data\rgbd_dataset_freiburg1_xyz\depth\1305031103.894237.png,0.016983985900878906,0.004579067230224609,774,0.00872960000015155,0.0016668000007484807,0.008288499999252963,0.009955300000001444,0.018684900000152993,71725056
48,1305031103.943211,data\rgbd_dataset_freiburg1_xyz\rgb\1305031103.943211.png,data\rgbd_dataset_freiburg1_xyz\depth\1305031103.930503.png,0.012708187103271484,0.002588987350463867,818,0.009418400000868132,0.002201900000727619,0.009311300000263145,0.011513200000990764,0.020931600001858897,71680000
49,1305031103.975373,data\rgbd_dataset_freiburg1_xyz\rgb\1305031103.975373.png,data\rgbd_dataset_freiburg1_xyz\depth\1305031103.962461.png,0.01291203498840332,0.00042700767517089844,853,0.008193099998607067,0.0016940999994403683,0.006205300000146963,0.007899399999587331,0.0160924999981944,71684096
50,1305031104.011232,data\rgbd_dataset_freiburg1_xyz\rgb\1305031104.011232.png,data\rgbd_dataset_freiburg1_xyz\depth\1305031103.994365.png,0.01686692237854004,0.0045680999755859375,921,0.00799879999976838,0.0015638999993825564,0.006121000000348431,0.0076848999997309875,0.015683699999499368,71680000
51,1305031104.043249,data\rgbd_dataset_freiburg1_xyz\rgb\1305031104.043249.png,data\rgbd_dataset_freiburg1_xyz\depth\1305031104.030279.png,0.012969970703125,0.0025510787963867188,913,0.008252000001448323,0.0017363999995723134,0.006854700000985758,0.008591100000558072,0.016843100002006395,71700480
52,1305031104.075425,data\rgbd_dataset_freiburg1_xyz\rgb\1305031104.075425.png,data\rgbd_dataset_freiburg1_xyz\depth\1305031104.062542.png,0.01288294792175293,0.00047516822814941406,981,0.00898379999853205,0.0017344999996566912,0.011724100000719773,0.013458600000376464,0.022442399998908513,71753728
53,1305031104.111235,data\rgbd_dataset_freiburg1_xyz\rgb\1305031104.111235.png,data\rgbd_dataset_freiburg1_xyz\depth\1305031104.095305.png,0.0159299373626709,0.004565000534057617,990,0.010986400000547292,0.0019236999996792292,0.008173500000339118,0.010097200000018347,0.02108360000056564,71770112
54,1305031104.14323,data\rgbd_dataset_freiburg1_xyz\rgb\1305031104.143230.png,data\rgbd_dataset_freiburg1_xyz\depth\1305031104.131292.png,0.011937856674194336,0.0025701522827148438,1020,0.007982199998878059,0.0015879999991739169,0.008158999999068328,0.009746999998242245,0.017729199997120304,71774208
55,1305031104.175424,data\rgbd_dataset_freiburg1_xyz\rgb\1305031104.175424.png,data\rgbd_dataset_freiburg1_xyz\depth\1305031104.163440.png,0.011984109878540039,0.00037598609924316406,1053,0.008843999999953667,0.0017203000006702496,0.008395999999265769,0.010116299999936018,0.018960299999889685,71811072
56,1305031104.211283,data\rgbd_dataset_freiburg1_xyz\rgb\1305031104.211283.png,data\rgbd_dataset_freiburg1_xyz\depth\1305031104.194053.png,0.01723003387451172,0.004616975784301758,1026,0.008578000000852626,0.0016722000000299886,0.010148600000320585,0.011820800000350573,0.0203988000012032,71790592
57,1305031104.243196,data\rgbd_dataset_freiburg1_xyz\rgb\1305031104.243196.png,data\rgbd_dataset_freiburg1_xyz\depth\1305031104.227247.png,0.015949010848999023,0.0026040077209472656,1104,0.008319000000483356,0.0016835000005812617,0.018297499998880085,0.019980999999461346,0.028299999999944703,71835648
58,1305031104.275546,data\rgbd_dataset_freiburg1_xyz\rgb\1305031104.275546.png,data\rgbd_dataset_freiburg1_xyz\depth\1305031104.263335.png,0.012211084365844727,0.00035381317138671875,1131,0.008661599998958991,0.0016582999996899161,0.012798600000678562,0.014456900000368478,0.02311849999932747,71811072
59,1305031104.311219,data\rgbd_dataset_freiburg1_xyz\rgb\1305031104.311219.png,data\rgbd_dataset_freiburg1_xyz\depth\1305031104.294957.png,0.016262054443359375,0.004580974578857422,1159,0.008425300000453717,0.001684900000327616,0.00938049999967916,0.011065400000006775,0.019490700000460492,71839744
60,1305031104.343342,data\rgbd_dataset_freiburg1_xyz\rgb\1305031104.343342.png,data\rgbd_dataset_freiburg1_xyz\depth\1305031104.331403.png,0.011939048767089844,0.0026578903198242188,1205,0.009432000000742846,0.0016553000004932983,0.01262479999968491,0.014280100000178209,0.023712100000921055,71831552
61,1305031104.375837,data\rgbd_dataset_freiburg1_xyz\rgb\1305031104.375837.png,data\rgbd_dataset_freiburg1_xyz\depth\1305031104.363345.png,0.012492179870605469,3.719329833984375e-05,1215,0.00867380000090634,0.0016770000001997687,0.011273600001004525,0.012950600001204293,0.021624400002110633,71876608
62,1305031104.411509,data\rgbd_dataset_freiburg1_xyz\rgb\1305031104.411509.png,data\rgbd_dataset_freiburg1_xyz\depth\1305031104.395019.png,0.01648998260498047,0.004291057586669922,1216,0.009078299999600858,0.001683700000285171,0.011443199999121134,0.013126899999406305,0.022205199999007164,71864320
63,1305031104.443288,data\rgbd_dataset_freiburg1_xyz\rgb\1305031104.443288.png,data\rgbd_dataset_freiburg1_xyz\depth\1305031104.431435.png,0.01185297966003418,0.0025119781494140625,1255,0.008860500000082538,0.0031220999990182463,0.015095000000656,0.018217099999674247,0.027077599999756785,71905280
64,1305031104.475456,data\rgbd_dataset_freiburg1_xyz\rgb\1305031104.475456.png,data\rgbd_dataset_freiburg1_xyz\depth\1305031104.463413.png,0.012042999267578125,0.0003440380096435547,1233,0.008838899999318528,0.0016610999991826247,0.006354600000122446,0.00801569999930507,0.0168545999986236,71897088
65,1305031104.511329,data\rgbd_dataset_freiburg1_xyz\rgb\1305031104.511329.png,data\rgbd_dataset_freiburg1_xyz\depth\1305031104.495673.png,0.015655994415283203,0.0044710636138916016,1245,0.008540400000129011,0.00159440000061295,0.008502599999701488,0.010097000000314438,0.01863740000044345,71913472
66,1305031104.543368,data\rgbd_dataset_freiburg1_xyz\rgb\1305031104.543368.png,data\rgbd_dataset_freiburg1_xyz\depth\1305031104.531450.png,0.011918067932128906,0.0024318695068359375,1315,0.008827100000416976,0.0017392999998264713,0.010238400000162073,0.011977699999988545,0.02080480000040552,71938048
67,1305031104.575343,data\rgbd_dataset_freiburg1_xyz\rgb\1305031104.575343.png,data\rgbd_dataset_freiburg1_xyz\depth\1305031104.563149.png,0.012193918228149414,0.0004570484161376953,1399,0.008850000000165892,0.0019695999999385094,0.01860349999878963,0.02057309999872814,0.02942309999889403,71917568
68,1305031104.611336,data\rgbd_dataset_freiburg1_xyz\rgb\1305031104.611336.png,data\rgbd_dataset_freiburg1_xyz\depth\1305031104.595033.png,0.016303062438964844,0.004564046859741211,1447,0.008377500000278815,0.0016383000001951586,0.014338899998620036,0.015977199998815195,0.02435469999909401,71905280
69,1305031104.643243,data\rgbd_dataset_freiburg1_xyz\rgb\1305031104.643243.png,data\rgbd_dataset_freiburg1_xyz\depth\1305031104.631368.png,0.011875152587890625,0.002557039260864258,1565,0.00886009999885573,0.0017270999996981118,0.018401600000288454,0.020128699999986566,0.028988799998842296,71966720
70,1305031104.675525,data\rgbd_dataset_freiburg1_xyz\rgb\1305031104.675525.png,data\rgbd_dataset_freiburg1_xyz\depth\1305031104.659863.png,0.015661954879760742,0.0003750324249267578,1622,0.008723500000996864,0.0016878999995242339,0.025948299999072333,0.027636199998596567,0.03635969999959343,72138752
71,1305031104.711277,data\rgbd_dataset_freiburg1_xyz\rgb\1305031104.711277.png,data\rgbd_dataset_freiburg1_xyz\depth\1305031104.695185.png,0.01609206199645996,0.004523038864135742,1683,0.008352599999852828,0.001738400000249385,0.03191559999868332,0.033653999998932704,0.04200659999878553,72105984
72,1305031104.74328,data\rgbd_dataset_freiburg1_xyz\rgb\1305031104.743280.png,data\rgbd_dataset_freiburg1_xyz\depth\1305031104.730936.png,0.012343883514404297,0.0025200843811035156,1781,0.01201740000033169,0.0017447999998694286,0.027592700000241166,0.029337500000110595,0.041354900000442285,72265728
73,1305031104.775327,data\rgbd_dataset_freiburg1_xyz\rgb\1305031104.775327.png,data\rgbd_dataset_freiburg1_xyz\depth\1305031104.763178.png,0.012148857116699219,0.0004730224609375,1870,0.007828100000551785,0.001631999999517575,0.039317700000538025,0.0409497000000556,0.048777800000607385,72220672
74,1305031104.811465,data\rgbd_dataset_freiburg1_xyz\rgb\1305031104.811465.png,data\rgbd_dataset_freiburg1_xyz\depth\1305031104.799499.png,0.01196599006652832,0.004334926605224609,1952,0.008225499999753083,0.0016670999993948499,0.048829000001205713,0.05049610000060056,0.058721600000353646,72335360
75,1305031104.843258,data\rgbd_dataset_freiburg1_xyz\rgb\1305031104.843258.png,data\rgbd_dataset_freiburg1_xyz\depth\1305031104.830961.png,0.012296915054321289,0.0025420188903808594,1990,0.008734600000025239,0.0017280000010941876,0.04876150000018242,0.05048950000127661,0.05922410000130185,72269824
76,1305031104.87535,data\rgbd_dataset_freiburg1_xyz\rgb\1305031104.875350.png,data\rgbd_dataset_freiburg1_xyz\depth\1305031104.863256.png,0.01209402084350586,0.00044989585876464844,2111,0.008898300000510062,0.0016594999997323612,0.04936380000071949,0.051023300000451854,0.059921600000961917,72351744
77,1305031104.911534,data\rgbd_dataset_freiburg1_xyz\rgb\1305031104.911534.png,data\rgbd_dataset_freiburg1_xyz\depth\1305031104.899165.png,0.012369155883789062,0.004266023635864258,2097,0.009054099999048049,0.0016515999996045139,0.015180700000200886,0.0168322999998054,0.02588639999885345,72261632
78,1305031104.943262,data\rgbd_dataset_freiburg1_xyz\rgb\1305031104.943262.png,data\rgbd_dataset_freiburg1_xyz\depth\1305031104.931091.png,0.012171030044555664,0.002537965774536133,2067,0.008982500001366134,0.0017079999997804407,0.009082099999432103,0.010790099999212543,0.019772600000578677,72437760
79,1305031104.975202,data\rgbd_dataset_freiburg1_xyz\rgb\1305031104.975202.png,data\rgbd_dataset_freiburg1_xyz\depth\1305031104.959750.png,0.015452146530151367,0.0006978511810302734,2051,0.010050299999420531,0.0016532999998162268,0.01283289999992121,0.014486199999737437,0.024536499999157968,72478720
80,1305031105.01129,data\rgbd_dataset_freiburg1_xyz\rgb\1305031105.011290.png,data\rgbd_dataset_freiburg1_xyz\depth\1305031104.998342.png,0.012948036193847656,0.004509925842285156,2077,0.009260599999834085,0.0016716000009182608,0.008707299999514362,0.010378900000432623,0.019639500000266708,72511488
81,1305031105.043373,data\rgbd_dataset_freiburg1_xyz\rgb\1305031105.043373.png,data\rgbd_dataset_freiburg1_xyz\depth\1305031105.030427.png,0.012946128845214844,0.0024268627166748047,2053,0.00889869999991788,0.0017683000005490612,0.01439339999888034,0.016161699999429402,0.025060399999347283,72450048
82,1305031105.07532,data\rgbd_dataset_freiburg1_xyz\rgb\1305031105.075320.png,data\rgbd_dataset_freiburg1_xyz\depth\1305031105.062445.png,0.012875080108642578,0.0004799365997314453,1994,0.008658699998704833,0.0018098999989888398,0.03753879999931087,0.03934869999829971,0.04800739999700454,72429568
83,1305031105.111299,data\rgbd_dataset_freiburg1_xyz\rgb\1305031105.111299.png,data\rgbd_dataset_freiburg1_xyz\depth\1305031105.097639.png,0.013659954071044922,0.004500865936279297,1953,0.008919500000047265,0.001788499999747728,0.024231699999290868,0.026020199999038596,0.03493969999908586,72454144
84,1305031105.143106,data\rgbd_dataset_freiburg1_xyz\rgb\1305031105.143106.png,data\rgbd_dataset_freiburg1_xyz\depth\1305031105.130269.png,0.012836933135986328,0.0026941299438476562,1907,0.008534099999451428,0.0017668000000412576,0.011623899999904097,0.013390699999945355,0.021924799999396782,72454144
85,1305031105.175159,data\rgbd_dataset_freiburg1_xyz\rgb\1305031105.175159.png,data\rgbd_dataset_freiburg1_xyz\depth\1305031105.159979.png,0.015179872512817383,0.0006411075592041016,1816,0.008341500000824453,0.0015953000001900364,0.019124399999782327,0.020719699999972363,0.029061200000796816,72482816
86,1305031105.211268,data\rgbd_dataset_freiburg1_xyz\rgb\1305031105.211268.png,data\rgbd_dataset_freiburg1_xyz\depth\1305031105.198212.png,0.013056039810180664,0.004631996154785156,1733,0.008092399999441113,0.0016591999992670026,0.043517800000699935,0.04517699999996694,0.05326939999940805,72380416
87,1305031105.24327,data\rgbd_dataset_freiburg1_xyz\rgb\1305031105.243270.png,data\rgbd_dataset_freiburg1_xyz\depth\1305031105.228250.png,0.015019893646240234,0.0025300979614257812,1631,0.009052400000655325,0.0016206000000238419,0.030757599999560625,0.03237819999958447,0.04143060000023979,72384512
88,1305031105.275288,data\rgbd_dataset_freiburg1_xyz\rgb\1305031105.275288.png,data\rgbd_dataset_freiburg1_xyz\depth\1305031105.262389.png,0.012899160385131836,0.0005118846893310547,1578,0.00825309999891033,0.001949100000274484,0.04192719999991823,0.043876300000192714,0.05212939999910304,72400896
89,1305031105.31129,data\rgbd_dataset_freiburg1_xyz\rgb\1305031105.311290.png,data\rgbd_dataset_freiburg1_xyz\depth\1305031105.298501.png,0.012789011001586914,0.004509925842285156,1484,0.008529400000043097,0.001608700000360841,0.037238900000375,0.03884760000073584,0.047377000000778935,72368128
90,1305031105.343302,data\rgbd_dataset_freiburg1_xyz\rgb\1305031105.343302.png,data\rgbd_dataset_freiburg1_xyz\depth\1305031105.328878.png,0.01442408561706543,0.0024979114532470703,1403,0.00846310000088124,0.0016740999999456108,0.026890600000115228,0.02856470000006084,0.03702780000094208,72343552
91,1305031105.375338,data\rgbd_dataset_freiburg1_xyz\rgb\1305031105.375338.png,data\rgbd_dataset_freiburg1_xyz\depth\1305031105.362286.png,0.013051986694335938,0.00046181678771972656,1277,0.008547499999622232,0.0020839999997406267,0.02921520000018063,0.03129919999992126,0.03984669999954349,72306688
92,1305031105.411286,data\rgbd_dataset_freiburg1_xyz\rgb\1305031105.411286.png,data\rgbd_dataset_freiburg1_xyz\depth\1305031105.398191.png,0.01309514045715332,0.004513978958129883,1246,0.009749499999088584,0.0018006999998760875,0.017196999999214313,0.0189976999990904,0.028747199998178985,72970240
93,1305031105.443316,data\rgbd_dataset_freiburg1_xyz\rgb\1305031105.443316.png,data\rgbd_dataset_freiburg1_xyz\depth\1305031105.430336.png,0.012979984283447266,0.0024840831756591797,1202,0.00955949999843142,0.0019582000004447764,0.029690299999856506,0.03164850000030128,0.0412079999987327,72937472
94,1305031105.47528,data\rgbd_dataset_freiburg1_xyz\rgb\1305031105.475280.png,data\rgbd_dataset_freiburg1_xyz\depth\1305031105.461421.png,0.013859033584594727,0.0008199214935302734,1143,0.010562400000708294,0.002233499999420019,0.014428299999053706,0.016661799998473725,0.02722419999918202,72339456
95,1305031105.511332,data\rgbd_dataset_freiburg1_xyz\rgb\1305031105.511332.png,data\rgbd_dataset_freiburg1_xyz\depth\1305031105.497931.png,0.013401031494140625,0.004467964172363281,1111,0.008818100001008133,0.0016107999999803724,0.01565920000030019,0.01727000000028056,0.026088100001288694,72953856
96,1305031105.543282,data\rgbd_dataset_freiburg1_xyz\rgb\1305031105.543282.png,data\rgbd_dataset_freiburg1_xyz\depth\1305031105.529583.png,0.013699054718017578,0.002618074417114258,1047,0.008659699999043369,0.0016993000008369563,0.013687599999684608,0.015386900000521564,0.024046599999564933,72986624
97,1305031105.575449,data\rgbd_dataset_freiburg1_xyz\rgb\1305031105.575449.png,data\rgbd_dataset_freiburg1_xyz\depth\1305031105.562109.png,0.013339996337890625,0.0003509521484375,1003,0.010538700000324752,0.0015884999993431848,0.008096400000795256,0.009684900000138441,0.020223600000463193,72359936
98,1305031105.611378,data\rgbd_dataset_freiburg1_xyz\rgb\1305031105.611378.png,data\rgbd_dataset_freiburg1_xyz\depth\1305031105.597193.png,0.014184951782226562,0.00442194938659668,982,0.008952799998951377,0.0019165000012435485,0.008934200001021964,0.010850700002265512,0.01980350000121689,72298496
99,1305031105.643273,data\rgbd_dataset_freiburg1_xyz\rgb\1305031105.643273.png,data\rgbd_dataset_freiburg1_xyz\depth\1305031105.659104.png,0.01583099365234375,0.002526998519897461,918,0.008893000000171014,0.0019119999997201376,0.011424099999203463,0.0133360999989236,0.022229099999094615,72273920
100,1305031105.711309,data\rgbd_dataset_freiburg1_xyz\rgb\1305031105.711309.png,data\rgbd_dataset_freiburg1_xyz\depth\1305031105.698235.png,0.013073921203613281,0.004491090774536133,909,0.00876090000019758,0.0019462000000203261,0.0068019999998796266,0.008748199999899953,0.017509100000097533,72269824
101,1305031105.743312,data\rgbd_dataset_freiburg1_xyz\rgb\1305031105.743312.png,data\rgbd_dataset_freiburg1_xyz\depth\1305031105.730336.png,0.012975931167602539,0.002588033676147461,908,0.008728100001462735,0.0015941000001475913,0.006732399999236804,0.008326499999384396,0.01705460000084713,72265728
102,1305031105.775339,data\rgbd_dataset_freiburg1_xyz\rgb\1305031105.775339.png,data\rgbd_dataset_freiburg1_xyz\depth\1305031105.762384.png,0.012954950332641602,0.0004611015319824219,892,0.009117300000070827,0.0015934000002744142,0.005460100001073442,0.007053500001347857,0.016170800001418684,72282112
103,1305031105.811283,data\rgbd_dataset_freiburg1_xyz\rgb\1305031105.811283.png,data\rgbd_dataset_freiburg1_xyz\depth\1305031105.798056.png,0.013227224349975586,0.0045168399810791016,848,0.00879259999965143,0.0016660999990563141,0.008713699999134406,0.01037979999819072,0.01917239999784215,72208384
104,1305031105.843271,data\rgbd_dataset_freiburg1_xyz\rgb\1305031105.843271.png,data\rgbd_dataset_freiburg1_xyz\depth\1305031105.830008.png,0.01326298713684082,0.0025289058685302734,797,0.009152099999482743,0.0016101000001071952,0.006871600000522449,0.008481700000629644,0.017633800000112387,72220672
105,1305031105.875337,data\rgbd_dataset_freiburg1_xyz\rgb\1305031105.875337.png,data\rgbd_dataset_freiburg1_xyz\depth\1305031105.862238.png,0.013098955154418945,0.0004630088806152344,809,0.008931899999879533,0.0018693999991228338,0.005489099999977043,0.007358499999099877,0.01629039999897941,72204288
106,1305031105.911262,data\rgbd_dataset_freiburg1_xyz\rgb\1305031105.911262.png,data\rgbd_dataset_freiburg1_xyz\depth\1305031105.898018.png,0.013244152069091797,0.004637956619262695,809,0.010845900000276743,0.002055599999948754,0.011634700000286102,0.013690300000234856,0.0245362000005116,72208384
107,1305031105.943272,data\rgbd_dataset_freiburg1_xyz\rgb\1305031105.943272.png,data\rgbd_dataset_freiburg1_xyz\depth\1305031105.929855.png,0.01341700553894043,0.002527952194213867,760,0.010475899998709792,0.002297899998666253,0.004709700000603334,0.007007599999269587,0.01748349999797938,72114176
108,1305031105.975329,data\rgbd_dataset_freiburg1_xyz\rgb\1305031105.975329.png,data\rgbd_dataset_freiburg1_xyz\depth\1305031105.966193.png,0.009135961532592773,0.0004711151123046875,760,0.009319599999798811,0.001977100000658538,0.004227999999784515,0.006205100000443053,0.015524700000241864,72183808
109,1305031106.011285,data\rgbd_dataset_freiburg1_xyz\rgb\1305031106.011285.png,data\rgbd_dataset_freiburg1_xyz\depth\1305031105.998271.png,0.013014078140258789,0.004514932632446289,695,0.007762600000205566,0.0015015000008133939,0.005255500000203028,0.006757000001016422,0.014519600001221988,72163328
110,1305031106.043355,data\rgbd_dataset_freiburg1_xyz\rgb\1305031106.043355.png,data\rgbd_dataset_freiburg1_xyz\depth\1305031106.030147.png,0.01320791244506836,0.0024449825286865234,661,0.010572000001047854,0.0016871000007085968,0.004030599999168771,0.005717699999877368,0.016289700000925222,72228864
111,1305031106.07533,data\rgbd_dataset_freiburg1_xyz\rgb\1305031106.075330.png,data\rgbd_dataset_freiburg1_xyz\depth\1305031106.066060.png,0.009269952774047852,0.0004699230194091797,620,0.008749200000238488,0.0019697000006999588,0.0037396999996417435,0.005709400000341702,0.01445860000058019,72269824
112,1305031106.111327,data\rgbd_dataset_freiburg1_xyz\rgb\1305031106.111327.png,data\rgbd_dataset_freiburg1_xyz\depth\1305031106.096295.png,0.015031814575195312,0.004472970962524414,573,0.008849800000461983,0.001620500001081382,0.0030533999997715,0.004673900000852882,0.013523700001314864,72183808
113,1305031106.143355,data\rgbd_dataset_freiburg1_xyz\rgb\1305031106.143355.png,data\rgbd_dataset_freiburg1_xyz\depth\1305031106.130445.png,0.012909889221191406,0.002445220947265625,569,0.008014699998966535,0.0015703999997640494,0.003393099999811966,0.004963499999576015,0.01297819999854255,72183808
114,1305031106.175534,data\rgbd_dataset_freiburg1_xyz\rgb\1305031106.175534.png,data\rgbd_dataset_freiburg1_xyz\depth\1305031106.166330.png,0.009203910827636719,0.00026607513427734375,557,0.007690399999773945,0.001553599999169819,0.0031994000000850065,0.0047529999992548255,0.01244339999902877,72212480
115,1305031106.211275,data\rgbd_dataset_freiburg1_xyz\rgb\1305031106.211275.png,data\rgbd_dataset_freiburg1_xyz\depth\1305031106.195074.png,0.016201019287109375,0.004524946212768555,542,0.008532799998647533,0.0015394000001833774,0.002810500000123284,0.004349900000306661,0.012882699998954195,72318976
116,1305031106.243267,data\rgbd_dataset_freiburg1_xyz\rgb\1305031106.243267.png,data\rgbd_dataset_freiburg1_xyz\depth\1305031106.230058.png,0.013209104537963867,0.002532958984375,519,0.008794400000624591,0.0014676999999210238,0.001994499998545507,0.003462199998466531,0.012256599999091122,72196096
117,1305031106.276385,data\rgbd_dataset_freiburg1_xyz\rgb\1305031106.276385.png,data\rgbd_dataset_freiburg1_xyz\depth\1305031106.265976.png,0.010409116744995117,0.0005850791931152344,493,0.00836669999989681,0.0019391999994695652,0.003176500000336091,0.005115699999805656,0.013482399999702466,72196096
118,1305031106.311238,data\rgbd_dataset_freiburg1_xyz\rgb\1305031106.311238.png,data\rgbd_dataset_freiburg1_xyz\depth\1305031106.298174.png,0.013064146041870117,0.004561901092529297,498,0.008554700001695892,0.0018679000004340196,0.0026294999988749623,0.004497399999308982,0.013052100001004874,72196096
119,1305031106.343258,data\rgbd_dataset_freiburg1_xyz\rgb\1305031106.343258.png,data\rgbd_dataset_freiburg1_xyz\depth\1305031106.330215.png,0.013042926788330078,0.0025420188903808594,495,0.008256799999799114,0.0016137000002345303,0.0025001000012707664,0.004113800001505297,0.01237060000130441,72228864
120,1305031106.375388,data\rgbd_dataset_freiburg1_xyz\rgb\1305031106.375388.png,data\rgbd_dataset_freiburg1_xyz\depth\1305031106.366158.png,0.009229898452758789,0.0004119873046875,494,0.00785869999890565,0.001560199998493772,0.002797400000417838,0.00435759999891161,0.01221629999781726,72212480
121,1305031106.41132,data\rgbd_dataset_freiburg1_xyz\rgb\1305031106.411320.png,data\rgbd_dataset_freiburg1_xyz\depth\1305031106.398281.png,0.013038873672485352,0.004480123519897461,470,0.008422499999142019,0.0015590000002703164,0.005735799999456503,0.00729479999972682,0.01571729999886884,72228864
122,1305031106.443278,data\rgbd_dataset_freiburg1_xyz\rgb\1305031106.443278.png,data\rgbd_dataset_freiburg1_xyz\depth\1305031106.430639.png,0.012639045715332031,0.002521991729736328,434,0.008690399999977672,0.001481499999499647,0.0023872999990999233,0.0038687999985995702,0.012559199998577242,72216576
123,1305031106.475345,data\rgbd_dataset_freiburg1_xyz\rgb\1305031106.475345.png,data\rgbd_dataset_freiburg1_xyz\depth\1305031106.466046.png,0.00929880142211914,0.0004551410675048828,413,0.00803489999998419,0.0014977999999246094,0.0017036000008374685,0.003201400000762078,0.011236300000746269,72216576
124,1305031106.511129,data\rgbd_dataset_freiburg1_xyz\rgb\1305031106.511129.png,data\rgbd_dataset_freiburg1_xyz\depth\1305031106.498096.png,0.013032913208007812,0.004770994186401367,425,0.007862099999329075,0.0017119000003731344,0.001824799999667448,0.0035367000000405824,0.011398799999369658,72212480
125,1305031106.543302,data\rgbd_dataset_freiburg1_xyz\rgb\1305031106.543302.png,data\rgbd_dataset_freiburg1_xyz\depth\1305031106.528267.png,0.015035152435302734,0.0024979114532470703,452,0.00835430000006454,0.001496999999289983,0.0022951000009925338,0.0037921000002825167,0.012146400000347057,72208384
126,1305031106.575282,data\rgbd_dataset_freiburg1_xyz\rgb\1305031106.575282.png,data\rgbd_dataset_freiburg1_xyz\depth\1305031106.564414.png,0.010868072509765625,0.0005178451538085938,471,0.008368700000573881,0.0016173000003618654,0.0030423999996855855,0.004659700000047451,0.013028400000621332,72237056
127,1305031106.611151,data\rgbd_dataset_freiburg1_xyz\rgb\1305031106.611151.png,data\rgbd_dataset_freiburg1_xyz\depth\1305031106.597879.png,0.01327204704284668,0.004648923873901367,467,0.008136100001138402,0.001566699998875265,0.0027033999995182967,0.004270099998393562,0.012406199999531964,72228864
128,1305031106.643207,data\rgbd_dataset_freiburg1_xyz\rgb\1305031106.643207.png,data\rgbd_dataset_freiburg1_xyz\depth\1305031106.630776.png,0.012431144714355469,0.0025930404663085938,514,0.008222599999498925,0.0017257999988942174,0.0025299999997514533,0.004255799998645671,0.012478399998144596,72245248
129,1305031106.675279,data\rgbd_dataset_freiburg1_xyz\rgb\1305031106.675279.png,data\rgbd_dataset_freiburg1_xyz\depth\1305031106.667282.png,0.007996797561645508,0.0005211830139160156,525,0.008164100001522456,0.0017404000009264564,0.004996799998480128,0.0067371999994065845,0.01490130000092904,72327168
130,1305031106.711508,data\rgbd_dataset_freiburg1_xyz\rgb\1305031106.711508.png,data\rgbd_dataset_freiburg1_xyz\depth\1305031106.699110.png,0.012398004531860352,0.004292011260986328,522,0.007982299999639508,0.0016211000001931097,0.005204599998251069,0.006825699998444179,0.014807999998083687,72257536
131,1305031106.743341,data\rgbd_dataset_freiburg1_xyz\rgb\1305031106.743341.png,data\rgbd_dataset_freiburg1_xyz\depth\1305031106.729550.png,0.013791084289550781,0.0024590492248535156,562,0.00803979999909643,0.0016321000002790242,0.003969800000049872,0.005601900000328897,0.013641699999425327,72282112
132,1305031106.77539,data\rgbd_dataset_freiburg1_xyz\rgb\1305031106.775390.png,data\rgbd_dataset_freiburg1_xyz\depth\1305031106.767126.png,0.008263826370239258,0.0004100799560546875,588,0.00829159999921103,0.0017659000004641712,0.006524899999931222,0.008290800000395393,0.016582399999606423,72331264
133,1305031106.811289,data\rgbd_dataset_freiburg1_xyz\rgb\1305031106.811289.png,data\rgbd_dataset_freiburg1_xyz\depth\1305031106.798309.png,0.012979984283447266,0.0045108795166015625,623,0.008767400000579073,0.0017162999993161066,0.0037602000011247583,0.005476500000440865,0.014243900001019938,72347648
134,1305031106.843416,data\rgbd_dataset_freiburg1_xyz\rgb\1305031106.843416.png,data\rgbd_dataset_freiburg1_xyz\depth\1305031106.830652.png,0.01276397705078125,0.0023839473724365234,640,0.007963899999595014,0.0016149000002769753,0.006653300000834861,0.008268200001111836,0.01623210000070685,72351744
135,1305031106.875905,data\rgbd_dataset_freiburg1_xyz\rgb\1305031106.875905.png,data\rgbd_dataset_freiburg1_xyz\depth\1305031106.866893.png,0.009011983871459961,9.489059448242188e-05,641,0.008092899999610381,0.0015873000011197291,0.0048569999999017455,0.006444300001021475,0.014537200000631856,72368128
136,1305031106.911243,data\rgbd_dataset_freiburg1_xyz\rgb\1305031106.911243.png,data\rgbd_dataset_freiburg1_xyz\depth\1305031106.897828.png,0.013414859771728516,0.004557132720947266,700,0.009038800000780611,0.0018333000007260125,0.00496240000029502,0.006795700001021032,0.015834500001801644,72380416
137,1305031106.943439,data\rgbd_dataset_freiburg1_xyz\rgb\1305031106.943439.png,data\rgbd_dataset_freiburg1_xyz\depth\1305031106.930797.png,0.01264190673828125,0.0023610591888427734,687,0.008469399999739835,0.0017213999999512453,0.005209999999351567,0.006931399999302812,0.015400799999042647,72400896
138,1305031106.975547,data\rgbd_dataset_freiburg1_xyz\rgb\1305031106.975547.png,data\rgbd_dataset_freiburg1_xyz\depth\1305031106.967232.png,0.008315086364746094,0.0002529621124267578,721,0.008546599998226156,0.0016322000010404736,0.006547500001033768,0.008179700002074242,0.016726300000300398,72478720
139,1305031107.011576,data\rgbd_dataset_freiburg1_xyz\rgb\1305031107.011576.png,data\rgbd_dataset_freiburg1_xyz\depth\1305031106.998876.png,0.01269984245300293,0.004224061965942383,782,0.008404599999266793,0.0016993000008369563,0.006183100000271224,0.00788240000110818,0.016287000000374974,72486912
140,1305031107.043281,data\rgbd_dataset_freiburg1_xyz\rgb\1305031107.043281.png,data\rgbd_dataset_freiburg1_xyz\depth\1305031107.030348.png,0.012933015823364258,0.002518892288208008,796,0.008324499998707324,0.0016203000013774727,0.008106400000542635,0.009726700001920108,0.018051200000627432,72519680
141,1305031107.075432,data\rgbd_dataset_freiburg1_xyz\rgb\1305031107.075432.png,data\rgbd_dataset_freiburg1_xyz\depth\1305031107.066405.png,0.00902700424194336,0.0004680156707763672,834,0.009413600000698352,0.0018172000000049593,0.007149299999582581,0.00896649999958754,0.018380100000285893,73175040
142,1305031107.111229,data\rgbd_dataset_freiburg1_xyz\rgb\1305031107.111229.png,data\rgbd_dataset_freiburg1_xyz\depth\1305031107.098268.png,0.01296091079711914,0.004570960998535156,859,0.008410399999775109,0.0018318999991606688,0.010801000000355998,0.012632899999516667,0.021043299999291776,73170944
143,1305031107.14326,data\rgbd_dataset_freiburg1_xyz\rgb\1305031107.143260.png,data\rgbd_dataset_freiburg1_xyz\depth\1305031107.130308.png,0.012952089309692383,0.002540111541748047,892,0.008377200001632445,0.0016477999997732695,0.0067044999996142,0.00835229999938747,0.016729500001019915,72523776
144,1305031107.175399,data\rgbd_dataset_freiburg1_xyz\rgb\1305031107.175399.png,data\rgbd_dataset_freiburg1_xyz\depth\1305031107.165964.png,0.009435176849365234,0.0004010200500488281,955,0.008821999999781838,0.0015829000003577676,0.01544579999972484,0.01702870000008261,0.025850699999864446,72544256
145,1305031107.211358,data\rgbd_dataset_freiburg1_xyz\rgb\1305031107.211358.png,data\rgbd_dataset_freiburg1_xyz\depth\1305031107.198208.png,0.01314997673034668,0.004441976547241211,912,0.008808000000499305,0.001660500000070897,0.009297599999626982,0.010958099999697879,0.019766100000197184,72556544
146,1305031107.243378,data\rgbd_dataset_freiburg1_xyz\rgb\1305031107.243378.png,data\rgbd_dataset_freiburg1_xyz\depth\1305031107.235026.png,0.008352041244506836,0.0024220943450927734,1019,0.008581300000514602,0.0017595999997865874,0.009962999998606392,0.01172259999839298,0.020303899998907582,72577024
147,1305031107.275398,data\rgbd_dataset_freiburg1_xyz\rgb\1305031107.275398.png,data\rgbd_dataset_freiburg1_xyz\depth\1305031107.267071.png,0.008327007293701172,0.0004019737243652344,1041,0.008474500000374974,0.0016429999996034894,0.011602399999901536,0.013245399999505025,0.02171989999988,73228288
148,1305031107.311226,data\rgbd_dataset_freiburg1_xyz\rgb\1305031107.311226.png,data\rgbd_dataset_freiburg1_xyz\depth\1305031107.299273.png,0.011952877044677734,0.0045740604400634766,1160,0.00825780000013765,0.0017404000009264564,0.00936579999870446,0.011106199999630917,0.019363999999768566,73277440
149,1305031107.343509,data\rgbd_dataset_freiburg1_xyz\rgb\1305031107.343509.png,data\rgbd_dataset_freiburg1_xyz\depth\1305031107.334800.png,0.008708953857421875,0.002290964126586914,1135,0.008237399999416084,0.0016532000008737668,0.011922499999855063,0.01357570000072883,0.021813100000144914,72622080
150,1305031107.375413,data\rgbd_dataset_freiburg1_xyz\rgb\1305031107.375413.png,data\rgbd_dataset_freiburg1_xyz\depth\1305031107.367183.png,0.008229970932006836,0.00038695335388183594,1229,0.00871960000040417,0.0017257999988942174,0.015207299999019597,0.016933099997913814,0.025652699998317985,72671232
151,1305031107.411271,data\rgbd_dataset_freiburg1_xyz\rgb\1305031107.411271.png,data\rgbd_dataset_freiburg1_xyz\depth\1305031107.399345.png,0.01192617416381836,0.004528999328613281,1302,0.00904909999917436,0.0019233999992138706,0.011346899998898152,0.013270299998112023,0.022319399997286382,72753152
152,1305031107.443419,data\rgbd_dataset_freiburg1_xyz\rgb\1305031107.443419.png,data\rgbd_dataset_freiburg1_xyz\depth\1305031107.434926.png,0.00849294662475586,0.0023810863494873047,1387,0.008302300000650575,0.001645799999096198,0.01689549999900919,0.018541299998105387,0.026843599998755963,73302016
153,1305031107.475377,data\rgbd_dataset_freiburg1_xyz\rgb\1305031107.475377.png,data\rgbd_dataset_freiburg1_xyz\depth\1305031107.467141.png,0.008236169815063477,0.0004229545593261719,1425,0.008604000000559608,0.0016598000001977198,0.02001430000018445,0.021674100000382168,0.030278100000941777,72794112
154,1305031107.511352,data\rgbd_dataset_freiburg1_xyz\rgb\1305031107.511352.png,data\rgbd_dataset_freiburg1_xyz\depth\1305031107.498426.png,0.012926101684570312,0.00444793701171875,1433,0.012575999999171472,0.0020351000002847286,0.01622259999930975,0.01825769999959448,0.03083369999876595,72822784
155,1305031107.543605,data\rgbd_dataset_freiburg1_xyz\rgb\1305031107.543605.png,data\rgbd_dataset_freiburg1_xyz\depth\1305031107.534830.png,0.008774995803833008,0.0020949840545654297,1422,0.014161999999487307,0.002821999998559477,0.013936700001067948,0.016758699999627424,0.03092069999911473,72900608
156,1305031107.575454,data\rgbd_dataset_freiburg1_xyz\rgb\1305031107.575454.png,data\rgbd_dataset_freiburg1_xyz\depth\1305031107.567015.png,0.008439064025878906,0.0003459453582763672,1389,0.00977959999909217,0.0016468999983771937,0.00948919999973441,0.011136099998111604,0.020915699997203774,72884224
157,1305031107.611271,data\rgbd_dataset_freiburg1_xyz\rgb\1305031107.611271.png,data\rgbd_dataset_freiburg1_xyz\depth\1305031107.598904.png,0.012367010116577148,0.004528999328613281,1379,0.00858180000068387,0.0016818000003695488,0.0069321000009949785,0.008613900001364527,0.017195700002048397,72933376
158,1305031107.643323,data\rgbd_dataset_freiburg1_xyz\rgb\1305031107.643323.png,data\rgbd_dataset_freiburg1_xyz\depth\1305031107.634944.png,0.008378982543945312,0.0024771690368652344,1379,0.008415999998760526,0.0015729999995528487,0.005808500000057393,0.0073814999996102415,0.015797499998370768,72966144
159,1305031107.675568,data\rgbd_dataset_freiburg1_xyz\rgb\1305031107.675568.png,data\rgbd_dataset_freiburg1_xyz\depth\1305031107.667179.png,0.008388996124267578,0.0002319812774658203,1356,0.009007299999211682,0.0018369000008533476,0.007175900000220281,0.009012800001073629,0.01802010000028531,72990720
160,1305031107.711307,data\rgbd_dataset_freiburg1_xyz\rgb\1305031107.711307.png,data\rgbd_dataset_freiburg1_xyz\depth\1305031107.699390.png,0.0119171142578125,0.004392862319946289,1311,0.008775999998761108,0.0015863000007811934,0.006910800000696327,0.00849710000147752,0.017273100000238628,72962048
161,1305031107.743538,data\rgbd_dataset_freiburg1_xyz\rgb\1305031107.743538.png,data\rgbd_dataset_freiburg1_xyz\depth\1305031107.735041.png,0.008496999740600586,0.002262115478515625,1291,0.008325799999511219,0.0015174000000115484,0.0066609999994398095,0.008178399999451358,0.016504199998962577,72941568
162,1305031107.775802,data\rgbd_dataset_freiburg1_xyz\rgb\1305031107.775802.png,data\rgbd_dataset_freiburg1_xyz\depth\1305031107.767895.png,0.007906913757324219,1.9073486328125e-06,1305,0.009379200000694254,0.0016448000005766517,0.0081583999999566,0.009803200000533252,0.019182400001227506,72941568
163,1305031107.811596,data\rgbd_dataset_freiburg1_xyz\rgb\1305031107.811596.png,data\rgbd_dataset_freiburg1_xyz\depth\1305031107.799544.png,0.012051820755004883,0.0042040348052978516,1281,0.012068699999872479,0.002285399999891524,0.010381300000517513,0.012666700000409037,0.024735400000281516,72953856
164,1305031107.843332,data\rgbd_dataset_freiburg1_xyz\rgb\1305031107.843332.png,data\rgbd_dataset_freiburg1_xyz\depth\1305031107.835751.png,0.007580995559692383,0.0025680065155029297,1238,0.008667600000990205,0.0017356999996991362,0.007923499999378691,0.009659199999077828,0.018326800000068033,73166848
165,1305031107.875358,data\rgbd_dataset_freiburg1_xyz\rgb\1305031107.875358.png,data\rgbd_dataset_freiburg1_xyz\depth\1305031107.863505.png,0.011853218078613281,0.0003418922424316406,1226,0.01247979999970994,0.0021593000001303153,0.007904900001449278,0.010064200001579593,0.022544000001289533,73494528
166,1305031107.911541,data\rgbd_dataset_freiburg1_xyz\rgb\1305031107.911541.png,data\rgbd_dataset_freiburg1_xyz\depth\1305031107.899222.png,0.012319087982177734,0.0042591094970703125,1191,0.008398699999816017,0.0028582000013557263,0.006461400000262074,0.0093196000016178,0.017718300001433818,73437184
167,1305031107.943122,data\rgbd_dataset_freiburg1_xyz\rgb\1305031107.943122.png,data\rgbd_dataset_freiburg1_xyz\depth\1305031107.933609.png,0.009512901306152344,0.0026781558990478516,1201,0.008734700000786688,0.0017048999998223735,0.007576299998618197,0.00928119999844057,0.01801589999922726,73437184
168,1305031107.975807,data\rgbd_dataset_freiburg1_xyz\rgb\1305031107.975807.png,data\rgbd_dataset_freiburg1_xyz\depth\1305031107.964840.png,0.010967016220092773,6.9141387939453125e-06,1190,0.008378000000448083,0.001629000000320957,0.004965799998899456,0.006594799999220413,0.014972799999668496,73396224
169,1305031108.01132,data\rgbd_dataset_freiburg1_xyz\rgb\1305031108.011320.png,data\rgbd_dataset_freiburg1_xyz\depth\1305031107.998469.png,0.01285099983215332,0.004579782485961914,1250,0.007619100000738399,0.001502200000686571,0.019345299999258714,0.020847499999945285,0.028466600000683684,73506816
170,1305031108.043418,data\rgbd_dataset_freiburg1_xyz\rgb\1305031108.043418.png,data\rgbd_dataset_freiburg1_xyz\depth\1305031108.034824.png,0.008594036102294922,0.002382040023803711,1263,0.008226799998737988,0.0015335999996750616,0.011747799999284325,0.013281399998959387,0.021508199997697375,73457664
171,1305031108.075352,data\rgbd_dataset_freiburg1_xyz\rgb\1305031108.075352.png,data\rgbd_dataset_freiburg1_xyz\depth\1305031108.067271.png,0.00808095932006836,0.00044798851013183594,1274,0.007876799998484785,0.0017107999992731493,0.02648880000015197,0.028199599999425118,0.0360763999979099,73490432
172,1305031108.111378,data\rgbd_dataset_freiburg1_xyz\rgb\1305031108.111378.png,data\rgbd_dataset_freiburg1_xyz\depth\1305031108.099365.png,0.012012958526611328,0.00442194938659668,1234,0.008507399999871268,0.0016393000005336944,0.03349440000056347,0.03513370000109717,0.043641100000968436,73441280
173,1305031108.143334,data\rgbd_dataset_freiburg1_xyz\rgb\1305031108.143334.png,data\rgbd_dataset_freiburg1_xyz\depth\1305031108.135281.png,0.008052825927734375,0.002566099166870117,1252,0.008613699999841629,0.001859999998487183,0.022534199999427074,0.024394199997914257,0.033007899997755885,73441280
174,1305031108.176058,data\rgbd_dataset_freiburg1_xyz\rgb\1305031108.176058.png,data\rgbd_dataset_freiburg1_xyz\depth\1305031108.167357.png,0.008701086044311523,0.0002579689025878906,1263,0.008481300001221825,0.001624999998966814,0.005235099999481463,0.006860099998448277,0.015341399999670102,73416704
175,1305031108.211475,data\rgbd_dataset_freiburg1_xyz\rgb\1305031108.211475.png,data\rgbd_dataset_freiburg1_xyz\depth\1305031108.199225.png,0.012249946594238281,0.004325151443481445,1226,0.008472600000459352,0.0017433000011806143,0.011007800001607393,0.012751100002788007,0.02122370000324736,73445376
176,1305031108.243347,data\rgbd_dataset_freiburg1_xyz\rgb\1305031108.243347.png,data\rgbd_dataset_freiburg1_xyz\depth\1305031108.235213.png,0.008133888244628906,0.0024530887603759766,1170,0.00796489999993355,0.0016435999987152172,0.012157500001194421,0.013801099999909638,0.02176599999984319,73445376
177,1305031108.275358,data\rgbd_dataset_freiburg1_xyz\rgb\1305031108.275358.png,data\rgbd_dataset_freiburg1_xyz\depth\1305031108.267660.png,0.00769805908203125,0.0004420280456542969,1172,0.00813689999995404,0.0017470999991928693,0.00503260000004957,0.006779699999242439,0.014916599999196478,73441280
178,1305031108.311332,data\rgbd_dataset_freiburg1_xyz\rgb\1305031108.311332.png,data\rgbd_dataset_freiburg1_xyz\depth\1305031108.299547.png,0.011785030364990234,0.0043680667877197266,1144,0.011612300000706455,0.0026164000009885058,0.010371500000474043,0.012987900001462549,0.024600200002169004,73453568
179,1305031108.343278,data\rgbd_dataset_freiburg1_xyz\rgb\1305031108.343278.png,data\rgbd_dataset_freiburg1_xyz\depth\1305031108.335019.png,0.008258819580078125,0.002521991729736328,1094,0.012786200000846293,0.002696300000025076,0.009524500001134584,0.01222080000115966,0.025007000002005952,73445376
180,1305031108.37541,data\rgbd_dataset_freiburg1_xyz\rgb\1305031108.375410.png,data\rgbd_dataset_freiburg1_xyz\depth\1305031108.367285.png,0.008125066757202148,0.0003898143768310547,1061,0.01143190000038885,0.0031226999999489635,0.04242320000048494,0.0455459000004339,0.056977800000822754,73408512
181,1305031108.411361,data\rgbd_dataset_freiburg1_xyz\rgb\1305031108.411361.png,data\rgbd_dataset_freiburg1_xyz\depth\1305031108.399284.png,0.012077093124389648,0.004338979721069336,1003,0.010497199999008444,0.002446300000883639,0.010221400001682923,0.012667700002566562,0.023164900001575006,73441280
182,1305031108.44361,data\rgbd_dataset_freiburg1_xyz\rgb\1305031108.443610.png,data\rgbd_dataset_freiburg1_xyz\depth\1305031108.435023.png,0.008586883544921875,0.002290010452270508,985,0.01044000000001688,0.002937400000519119,0.014643399999840767,0.017580800000359886,0.028020800000376767,73420800
183,1305031108.475471,data\rgbd_dataset_freiburg1_xyz\rgb\1305031108.475471.png,data\rgbd_dataset_freiburg1_xyz\depth\1305031108.467680.png,0.007791042327880859,0.00032901763916015625,954,0.014017699999385513,0.002654699999766308,0.009049599999343627,0.011704299999109935,0.02572199999849545,73441280
184,1305031108.511378,data\rgbd_dataset_freiburg1_xyz\rgb\1305031108.511378.png,data\rgbd_dataset_freiburg1_xyz\depth\1305031108.503548.png,0.007830142974853516,0.00442194938659668,956,0.010206499999185326,0.0016586000001552748,0.007201500000519445,0.00886010000067472,0.019066599999860046,73498624
185,1305031108.543737,data\rgbd_dataset_freiburg1_xyz\rgb\1305031108.543737.png,data\rgbd_dataset_freiburg1_xyz\depth\1305031108.534811.png,0.008925914764404297,0.0020630359649658203,933,0.009332499999800348,0.002094299999953364,0.01007240000035381,0.012166700000307173,0.02149920000010752,73510912
186,1305031108.575414,data\rgbd_dataset_freiburg1_xyz\rgb\1305031108.575414.png,data\rgbd_dataset_freiburg1_xyz\depth\1305031108.567154.png,0.008260011672973633,0.00048613548278808594,961,0.010044399999969755,0.0020124000002397224,0.034921500000564265,0.03693390000080399,0.04697830000077374,73523200
187,1305031108.611407,data\rgbd_dataset_freiburg1_xyz\rgb\1305031108.611407.png,data\rgbd_dataset_freiburg1_xyz\depth\1305031108.603547.png,0.007859945297241211,0.004292964935302734,919,0.010593700000754325,0.0026318000000173924,0.009804400000575697,0.01243620000059309,0.023029900001347414,73555968
188,1305031108.643303,data\rgbd_dataset_freiburg1_xyz\rgb\1305031108.643303.png,data\rgbd_dataset_freiburg1_xyz\depth\1305031108.634212.png,0.009090900421142578,0.0023970603942871094,903,0.010191600000325707,0.002318599999853177,0.010898300000917516,0.013216900000770693,0.0234085000010964,73621504
189,1305031108.675375,data\rgbd_dataset_freiburg1_xyz\rgb\1305031108.675375.png,data\rgbd_dataset_freiburg1_xyz\depth\1305031108.667189.png,0.008186101913452148,0.0003249645233154297,869,0.012378800000078627,0.0025010999997903127,0.01790909999908763,0.020410199998877943,0.03278899999895657,73605120
190,1305031108.711411,data\rgbd_dataset_freiburg1_xyz\rgb\1305031108.711411.png,data\rgbd_dataset_freiburg1_xyz\depth\1305031108.703346.png,0.008064985275268555,0.004389047622680664,853,0.01148779999857652,0.0024599999997008126,0.018776799999614013,0.021236799999314826,0.032724599997891346,73588736
191,1305031108.743502,data\rgbd_dataset_freiburg1_xyz\rgb\1305031108.743502.png,data\rgbd_dataset_freiburg1_xyz\depth\1305031108.735052.png,0.008449792861938477,0.002298116683959961,819,0.011583700001210673,0.001842699999542674,0.013703100001293933,0.015545800000836607,0.02712950000204728,73584640
192,1305031108.775493,data\rgbd_dataset_freiburg1_xyz\rgb\1305031108.775493.png,data\rgbd_dataset_freiburg1_xyz\depth\1305031108.767031.png,0.008461952209472656,0.0003070831298828125,815,0.010431099999550497,0.002248200000394718,0.007395800001177122,0.00964400000157184,0.020075100001122337,73568256
193,1305031108.811244,data\rgbd_dataset_freiburg1_xyz\rgb\1305031108.811244.png,data\rgbd_dataset_freiburg1_xyz\depth\1305031108.803370.png,0.007874011993408203,0.004656076431274414,824,0.008489699999699951,0.001763200001732912,0.005105399999592919,0.006868600001325831,0.015358300001025782,73596928
194,1305031108.843264,data\rgbd_dataset_freiburg1_xyz\rgb\1305031108.843264.png,data\rgbd_dataset_freiburg1_xyz\depth\1305031108.835163.png,0.00810098648071289,0.007564067840576172,800,0.008926300000894116,0.002096000000165077,0.004864599999564234,0.006960599999729311,0.015886900000623427,73605120
195,1305031108.943243,data\rgbd_dataset_freiburg1_xyz\rgb\1305031108.943243.png,data\rgbd_dataset_freiburg1_xyz\depth\1305031108.935116.png,0.008126974105834961,0.002557039260864258,803,0.009481200000664103,0.0017160000006697373,0.00750030000017432,0.009216300000844058,0.01869750000150816,73609216
196,1305031108.975268,data\rgbd_dataset_freiburg1_xyz\rgb\1305031108.975268.png,data\rgbd_dataset_freiburg1_xyz\depth\1305031108.967245.png,0.008022785186767578,0.0005321502685546875,850,0.009018599999762955,0.0015937999996822327,0.006799700000556186,0.008393500000238419,0.017412100000001374,73621504
197,1305031109.011269,data\rgbd_dataset_freiburg1_xyz\rgb\1305031109.011269.png,data\rgbd_dataset_freiburg1_xyz\depth\1305031109.003064.png,0.008205175399780273,0.004431009292602539,860,0.008547299999918323,0.0016863999990164302,0.007246099999974831,0.008932499998991261,0.017479799998909584,73605120
198,1305031109.043277,data\rgbd_dataset_freiburg1_xyz\rgb\1305031109.043277.png,data\rgbd_dataset_freiburg1_xyz\depth\1305031109.034955.png,0.008322000503540039,0.0025229454040527344,851,0.008750599999984843,0.0016769000012573088,0.006614399999307352,0.008291300000564661,0.017041900000549504,73629696
199,1305031109.07541,data\rgbd_dataset_freiburg1_xyz\rgb\1305031109.075410.png,data\rgbd_dataset_freiburg1_xyz\depth\1305031109.067091.png,0.008318901062011719,0.00029015541076660156,864,0.009139600000708015,0.001853700001447578,0.008603000000221073,0.01045670000166865,0.019596300002376665,73633792
200,1305031109.111282,data\rgbd_dataset_freiburg1_xyz\rgb\1305031109.111282.png,data\rgbd_dataset_freiburg1_xyz\depth\1305031109.103294.png,0.007988214492797852,0.004417896270751953,869,0.014074699998673168,0.003239099998609163,0.010033000000476022,0.013272099999085185,0.027346799997758353,73674752
201,1305031109.143334,data\rgbd_dataset_freiburg1_xyz\rgb\1305031109.143334.png,data\rgbd_dataset_freiburg1_xyz\depth\1305031109.134968.png,0.008365869522094727,0.0023660659790039062,861,0.01386139999885927,0.002804799998557428,0.018478599999070866,0.021283399997628294,0.035144799996487563,73646080
202,1305031109.175464,data\rgbd_dataset_freiburg1_xyz\rgb\1305031109.175464.png,data\rgbd_dataset_freiburg1_xyz\depth\1305031109.165848.png,0.009615898132324219,0.00023603439331054688,857,0.008240099999966333,0.0017434000001230743,0.0046832000007270835,0.006426600000850158,0.01466670000081649,73728000
203,1305031109.211379,data\rgbd_dataset_freiburg1_xyz\rgb\1305031109.211379.png,data\rgbd_dataset_freiburg1_xyz\depth\1305031109.203388.png,0.00799107551574707,0.004320859909057617,895,0.008323500000187778,0.0016863999990164302,0.011752700000215555,0.013439099999231985,0.021762599999419763,73703424
204,1305031109.24329,data\rgbd_dataset_freiburg1_xyz\rgb\1305031109.243290.png,data\rgbd_dataset_freiburg1_xyz\depth\1305031109.234324.png,0.00896596908569336,0.0024099349975585938,888,0.00856990000102087,0.0026861999995162478,0.006458600000769366,0.009144800000285613,0.017714700001306483,73748480
205,1305031109.275308,data\rgbd_dataset_freiburg1_xyz\rgb\1305031109.275308.png,data\rgbd_dataset_freiburg1_xyz\depth\1305031109.266325.png,0.00898289680480957,0.0003921985626220703,869,0.008633199999167118,0.0016949000000749948,0.013347699999940232,0.015042600000015227,0.023675799999182345,73756672
206,1305031109.311329,data\rgbd_dataset_freiburg1_xyz\rgb\1305031109.311329.png,data\rgbd_dataset_freiburg1_xyz\depth\1305031109.303457.png,0.007871866226196289,0.004371166229248047,889,0.00851650000004156,0.0019969999993918464,0.0043435999996290775,0.006340599999020924,0.014857099999062484,73707520
207,1305031109.343248,data\rgbd_dataset_freiburg1_xyz\rgb\1305031109.343248.png,data\rgbd_dataset_freiburg1_xyz\depth\1305031109.334602.png,0.008645772933959961,0.0024521350860595703,918,0.007694600000831997,0.0018751999996311497,0.009229200000845594,0.011104400000476744,0.01879900000130874,73629696
208,1305031109.375397,data\rgbd_dataset_freiburg1_xyz\rgb\1305031109.375397.png,data\rgbd_dataset_freiburg1_xyz\depth\1305031109.364882.png,0.010514974594116211,0.00030303001403808594,919,0.008215300000301795,0.0017186000004585367,0.011810100000730017,0.013528700001188554,0.02174400000149035,73662464
209,1305031109.411329,data\rgbd_dataset_freiburg1_xyz\rgb\1305031109.411329.png,data\rgbd_dataset_freiburg1_xyz\depth\1305031109.403386.png,0.007942914962768555,0.0044710636138916016,905,0.00874400000066089,0.0016870999988896074,0.012123399999836693,0.0138104999987263,0.02255449999938719,73707520
210,1305031109.443302,data\rgbd_dataset_freiburg1_xyz\rgb\1305031109.443302.png,data\rgbd_dataset_freiburg1_xyz\depth\1305031109.434469.png,0.008832931518554688,0.0023980140686035156,922,0.008147300000928226,0.0016586000001552748,0.00522129999990284,0.0068799000000581145,0.01502720000098634,73773056
211,1305031109.475363,data\rgbd_dataset_freiburg1_xyz\rgb\1305031109.475363.png,data\rgbd_dataset_freiburg1_xyz\depth\1305031109.467362.png,0.008001089096069336,0.00043702125549316406,919,0.008036900000661262,0.002475600000252598,0.011409799999455572,0.01388539999970817,0.021922300000369432,73658368
212,1305031109.511273,data\rgbd_dataset_freiburg1_xyz\rgb\1305031109.511273.png,data\rgbd_dataset_freiburg1_xyz\depth\1305031109.503193.png,0.008080005645751953,0.004527091979980469,914,0.007715099998677033,0.0016281000007438706,0.008868299999448936,0.010496400000192807,0.01821149999886984,73736192
213,1305031109.543294,data\rgbd_dataset_freiburg1_xyz\rgb\1305031109.543294.png,data\rgbd_dataset_freiburg1_xyz\depth\1305031109.535715.png,0.007578849792480469,0.0025060176849365234,957,0.007780399999319343,0.0016352000002370914,0.0048124999993888196,0.006447699999625911,0.014228099998945254,73744384
214,1305031109.575362,data\rgbd_dataset_freiburg1_xyz\rgb\1305031109.575362.png,data\rgbd_dataset_freiburg1_xyz\depth\1305031109.567452.png,0.007910013198852539,0.0003380775451660156,994,0.008169100001396146,0.0016679999989719363,0.007600599999932456,0.009268599998904392,0.017437700000300538,73768960
215,1305031109.61131,data\rgbd_dataset_freiburg1_xyz\rgb\1305031109.611310.png,data\rgbd_dataset_freiburg1_xyz\depth\1305031109.603601.png,0.007709026336669922,0.004489898681640625,980,0.007726800000455114,0.0018287000002601417,0.004145199998674798,0.0059738999989349395,0.013700699999390054,73789440
216,1305031109.643229,data\rgbd_dataset_freiburg1_xyz\rgb\1305031109.643229.png,data\rgbd_dataset_freiburg1_xyz\depth\1305031109.635323.png,0.007905960083007812,0.0024709701538085938,996,0.00771089999943797,0.001618499998585321,0.0063449000008404255,0.007963399999425747,0.015674299998863717,73814016
217,1305031109.675263,data\rgbd_dataset_freiburg1_xyz\rgb\1305031109.675263.png,data\rgbd_dataset_freiburg1_xyz\depth\1305031109.667570.png,0.007692813873291016,0.00043702125549316406,986,0.008126300001094933,0.0016078000007837545,0.0035487999994074926,0.005156600000191247,0.01328290000128618,73822208
218,1305031109.711312,data\rgbd_dataset_freiburg1_xyz\rgb\1305031109.711312.png,data\rgbd_dataset_freiburg1_xyz\depth\1305031109.703265.png,0.008047103881835938,0.004387855529785156,995,0.007578699998703087,0.0016193999999813968,0.005012699999497272,0.006632099999478669,0.014210799998181756,73818112
219,1305031109.743274,data\rgbd_dataset_freiburg1_xyz\rgb\1305031109.743274.png,data\rgbd_dataset_freiburg1_xyz\depth\1305031109.735059.png,0.008214950561523438,0.0024259090423583984,975,0.008007099999304046,0.0016467999994347338,0.005916500000239466,0.0075632999996742,0.015570399998978246,73850880
220,1305031109.775277,data\rgbd_dataset_freiburg1_xyz\rgb\1305031109.775277.png,data\rgbd_dataset_freiburg1_xyz\depth\1305031109.767470.png,0.007807016372680664,0.0005230903625488281,967,0.008264399999461602,0.0015746999997645617,0.011438600000474253,0.013013300000238814,0.021277699999700417,73805824
221,1305031109.811371,data\rgbd_dataset_freiburg1_xyz\rgb\1305031109.811371.png,data\rgbd_dataset_freiburg1_xyz\depth\1305031109.803396.png,0.007975101470947266,0.00432896614074707,950,0.009015399999043439,0.0018145000012737,0.005558200000450597,0.007372700001724297,0.016388100000767736,73826304
222,1305031109.843296,data\rgbd_dataset_freiburg1_xyz\rgb\1305031109.843296.png,data\rgbd_dataset_freiburg1_xyz\depth\1305031109.834910.png,0.00838613510131836,0.0024039745330810547,939,0.008631200000309036,0.0017191000006278045,0.004206400000839494,0.005925500001467299,0.014556700001776335,73871360
223,1305031109.875306,data\rgbd_dataset_freiburg1_xyz\rgb\1305031109.875306.png,data\rgbd_dataset_freiburg1_xyz\depth\1305031109.871271.png,0.004034996032714844,0.0004940032958984375,942,0.008775600001172279,0.0017267000002902932,0.006479100000433391,0.008205800000723684,0.016981400001895963,73904128
224,1305031109.911265,data\rgbd_dataset_freiburg1_xyz\rgb\1305031109.911265.png,data\rgbd_dataset_freiburg1_xyz\depth\1305031109.900535.png,0.010729789733886719,0.004535198211669922,911,0.008542199999283184,0.001792600000044331,0.011643800000456395,0.013436400000500726,0.02197859999978391,73912320
225,1305031109.943299,data\rgbd_dataset_freiburg1_xyz\rgb\1305031109.943299.png,data\rgbd_dataset_freiburg1_xyz\depth\1305031109.934960.png,0.008339166641235352,0.0024008750915527344,927,0.008419099998718593,0.0016594000007899012,0.0070405999995273305,0.008700000000317232,0.017119099999035825,73916416
226,1305031109.975258,data\rgbd_dataset_freiburg1_xyz\rgb\1305031109.975258.png,data\rgbd_dataset_freiburg1_xyz\depth\1305031109.970213.png,0.005045175552368164,0.0005419254302978516,903,0.008490899999742396,0.0016864999997778796,0.005271199999697274,0.006957699999475153,0.01544859999921755,73908224
227,1305031110.011256,data\rgbd_dataset_freiburg1_xyz\rgb\1305031110.011256.png,data\rgbd_dataset_freiburg1_xyz\depth\1305031109.999657.png,0.011599063873291016,0.004444122314453125,961,0.008541400000467547,0.0016799000004539266,0.008857099999659113,0.01053700000011304,0.019078400000580586,73932800
228,1305031110.043299,data\rgbd_dataset_freiburg1_xyz\rgb\1305031110.043299.png,data\rgbd_dataset_freiburg1_xyz\depth\1305031110.031356.png,0.011942863464355469,0.002401113510131836,938,0.008880100000169477,0.0016471999988425523,0.008639799998491071,0.010286999997333623,0.0191670999975031,73949184
229,1305031110.075319,data\rgbd_dataset_freiburg1_xyz\rgb\1305031110.075319.png,data\rgbd_dataset_freiburg1_xyz\depth\1305031110.068125.png,0.007194042205810547,0.0003809928894042969,930,0.010662499998943531,0.0022686000011162832,0.011524399998961599,0.013793000000077882,0.024455499999021413,73940992
230,1305031110.111325,data\rgbd_dataset_freiburg1_xyz\rgb\1305031110.111325.png,data\rgbd_dataset_freiburg1_xyz\depth\1305031110.101397.png,0.009927988052368164,0.004374980926513672,954,0.008817300000373507,0.0017459999999118736,0.01708370000051218,0.018829700000424054,0.02764700000079756,73912320
231,1305031110.143432,data\rgbd_dataset_freiburg1_xyz\rgb\1305031110.143432.png,data\rgbd_dataset_freiburg1_xyz\depth\1305031110.132317.png,0.011114835739135742,0.0023682117462158203,972,0.010151099999347934,0.0018643000003066845,0.011367399998562178,0.013231699998868862,0.023382799998216797,73932800
232,1305031110.175641,data\rgbd_dataset_freiburg1_xyz\rgb\1305031110.175641.png,data\rgbd_dataset_freiburg1_xyz\depth\1305031110.168323.png,0.007318019866943359,5.888938903808594e-05,976,0.01116360000014538,0.0018074999989039497,0.006593400001293048,0.008400900000196998,0.019564500000342377,73994240
233,1305031110.211637,data\rgbd_dataset_freiburg1_xyz\rgb\1305031110.211637.png,data\rgbd_dataset_freiburg1_xyz\depth\1305031110.203162.png,0.008475065231323242,0.004163026809692383,965,0.008281200000055833,0.001639199999772245,0.007688100000450504,0.009327300000222749,0.017608500000278582,73998336
234,1305031110.243323,data\rgbd_dataset_freiburg1_xyz\rgb\1305031110.243323.png,data\rgbd_dataset_freiburg1_xyz\depth\1305031110.234909.png,0.008414030075073242,0.0023767948150634766,970,0.009213799999997718,0.0019219999994675163,0.006778700000722893,0.008700700000190409,0.017914500000188127,73973760
235,1305031110.279321,data\rgbd_dataset_freiburg1_xyz\rgb\1305031110.279321.png,data\rgbd_dataset_freiburg1_xyz\depth\1305031110.271394.png,0.00792694091796875,0.0036208629608154297,1024,0.010337300000173855,0.002182800000809948,0.00932699999975739,0.011509800000567338,0.021847100000741193,74014720
236,1305031110.311404,data\rgbd_dataset_freiburg1_xyz\rgb\1305031110.311404.png,data\rgbd_dataset_freiburg1_xyz\depth\1305031110.303648.png,0.00775599479675293,0.004296064376831055,1051,0.009738099999594851,0.0019828000004054047,0.01313040000059118,0.015113200000996585,0.024851300000591436,74010624
237,1305031110.343355,data\rgbd_dataset_freiburg1_xyz\rgb\1305031110.343355.png,data\rgbd_dataset_freiburg1_xyz\depth\1305031110.331570.png,0.011785030364990234,0.0023450851440429688,1105,0.01424579999911657,0.0029305000007298077,0.024140499999703025,0.027071000000432832,0.0413167999995494,74035200
238,1305031110.379281,data\rgbd_dataset_freiburg1_xyz\rgb\1305031110.379281.png,data\rgbd_dataset_freiburg1_xyz\depth\1305031110.371607.png,0.007673978805541992,0.0035810470581054688,1152,0.010282499999448191,0.0022606000002269866,0.017109200000049896,0.019369800000276882,0.029652299999725074,74063872
239,1305031110.411469,data\rgbd_dataset_freiburg1_xyz\rgb\1305031110.411469.png,data\rgbd_dataset_freiburg1_xyz\depth\1305031110.403480.png,0.007988929748535156,0.004230976104736328,1162,0.01088770000023942,0.002333300000827876,0.031660299999202834,0.03399360000003071,0.04488130000027013,74104832
240,1305031110.44326,data\rgbd_dataset_freiburg1_xyz\rgb\1305031110.443260.png,data\rgbd_dataset_freiburg1_xyz\depth\1305031110.435647.png,0.007612943649291992,0.0024399757385253906,1206,0.015255899999829126,0.0021118000004207715,0.010754099999758182,0.012865900000178954,0.02812180000000808,74100736
241,1305031110.479331,data\rgbd_dataset_freiburg1_xyz\rgb\1305031110.479331.png,data\rgbd_dataset_freiburg1_xyz\depth\1305031110.470588.png,0.008743047714233398,0.003631114959716797,1269,0.009620400000130758,0.0017412999986845534,0.01166200000079698,0.013403299999481533,0.02302369999961229,74125312
242,1305031110.511429,data\rgbd_dataset_freiburg1_xyz\rgb\1305031110.511429.png,data\rgbd_dataset_freiburg1_xyz\depth\1305031110.502539.png,0.008890151977539062,0.004271030426025391,1310,0.008274100000562612,0.0021386000007623807,0.007907499999419088,0.010046100000181468,0.01832020000074408,74117120
243,1305031110.543408,data\rgbd_dataset_freiburg1_xyz\rgb\1305031110.543408.png,data\rgbd_dataset_freiburg1_xyz\depth\1305031110.534532.png,0.008875846862792969,0.002292156219482422,1349,0.007947600000989041,0.0015604000000166707,0.011377500000889995,0.012937900000906666,0.020885500001895707,74121216
244,1305031110.579426,data\rgbd_dataset_freiburg1_xyz\rgb\1305031110.579426.png,data\rgbd_dataset_freiburg1_xyz\depth\1305031110.571676.png,0.007750034332275391,0.0037260055541992188,1360,0.008186999999452382,0.0017270000007556519,0.010640200000125333,0.012367200000880985,0.020554200000333367,74113024
245,1305031110.611307,data\rgbd_dataset_freiburg1_xyz\rgb\1305031110.611307.png,data\rgbd_dataset_freiburg1_xyz\depth\1305031110.604289.png,0.007017850875854492,0.004393100738525391,1355,0.008212000000639819,0.0017655999999988126,0.02714149999883375,0.028907099998832564,0.03711909999947238,74170368
246,1305031110.643418,data\rgbd_dataset_freiburg1_xyz\rgb\1305031110.643418.png,data\rgbd_dataset_freiburg1_xyz\depth\1305031110.635485.png,0.00793313980102539,0.0022819042205810547,1382,0.008439600000201608,0.0017459999999118736,0.010588699999061646,0.01233469999897352,0.020774299999175128,74211328
247,1305031110.679606,data\rgbd_dataset_freiburg1_xyz\rgb\1305031110.679606.png,data\rgbd_dataset_freiburg1_xyz\depth\1305031110.671775.png,0.00783085823059082,0.0039060115814208984,1381,0.00802549999934854,0.0017755000008037314,0.006945699999050703,0.008721199999854434,0.016746699999202974,74199040
248,1305031110.711412,data\rgbd_dataset_freiburg1_xyz\rgb\1305031110.711412.png,data\rgbd_dataset_freiburg1_xyz\depth\1305031110.699957.png,0.011455059051513672,0.0042879581451416016,1399,0.008476900000459864,0.0018037000008916948,0.005959500000244589,0.007763200001136283,0.016240100001596147,74219520
249,1305031110.743249,data\rgbd_dataset_freiburg1_xyz\rgb\1305031110.743249.png,data\rgbd_dataset_freiburg1_xyz\depth\1305031110.735440.png,0.0078089237213134766,0.0024509429931640625,1370,0.008423999999649823,0.0017526999999972759,0.01285230000030424,0.014605000000301516,0.02302899999995134,74145792
250,1305031110.779193,data\rgbd_dataset_freiburg1_xyz\rgb\1305031110.779193.png,data\rgbd_dataset_freiburg1_xyz\depth\1305031110.769734.png,0.00945901870727539,0.003392934799194336,1392,0.00838850000036473,0.0019250999994255835,0.005924700000832672,0.007849800000258256,0.016238300000622985,74018816
251,1305031110.811386,data\rgbd_dataset_freiburg1_xyz\rgb\1305031110.811386.png,data\rgbd_dataset_freiburg1_xyz\depth\1305031110.799684.png,0.01170206069946289,0.004313945770263672,1335,0.008211300000766641,0.0017215999996551545,0.005471299999044277,0.007192899998699431,0.015404199999466073,74084352
252,1305031110.843218,data\rgbd_dataset_freiburg1_xyz\rgb\1305031110.843218.png,data\rgbd_dataset_freiburg1_xyz\depth\1305031110.835248.png,0.007970094680786133,0.0024819374084472656,1367,0.008816999999908148,0.0018190000009781215,0.008658799999466282,0.010477800000444404,0.019294800000352552,74219520
253,1305031110.879313,data\rgbd_dataset_freiburg1_xyz\rgb\1305031110.879313.png,data\rgbd_dataset_freiburg1_xyz\depth\1305031110.871293.png,0.00801992416381836,0.003612995147705078,1365,0.008559400001104223,0.0018580000014480902,0.005845700001373189,0.007703700002821279,0.0162631000039255,74264576
254,1305031110.911333,data\rgbd_dataset_freiburg1_xyz\rgb\1305031110.911333.png,data\rgbd_dataset_freiburg1_xyz\depth\1305031110.901900.png,0.00943303108215332,0.004467010498046875,1353,0.008984699999928125,0.0018543999995017657,0.004678799999965122,0.006533199999466888,0.015517899999395013,74137600
255,1305031110.943862,data\rgbd_dataset_freiburg1_xyz\rgb\1305031110.943862.png,data\rgbd_dataset_freiburg1_xyz\depth\1305031110.938668.png,0.005193948745727539,0.0018379688262939453,1351,0.008844199999657576,0.001754599999912898,0.006044199999450939,0.007798799999363837,0.016642999999021413,74211328
256,1305031110.979345,data\rgbd_dataset_freiburg1_xyz\rgb\1305031110.979345.png,data\rgbd_dataset_freiburg1_xyz\depth\1305031110.971316.png,0.008028984069824219,0.003645181655883789,1340,0.009375999999974738,0.001765700000760262,0.006053999999494408,0.00781970000025467,0.017195700000229408,74141696
257,1305031111.011431,data\rgbd_dataset_freiburg1_xyz\rgb\1305031111.011431.png,data\rgbd_dataset_freiburg1_xyz\depth\1305031111.003669.png,0.007761955261230469,0.004269123077392578,1363,0.008841400000164867,0.002019899999140762,0.006338200000755023,0.008358099999895785,0.017199500000060652,74240000
258,1305031111.043327,data\rgbd_dataset_freiburg1_xyz\rgb\1305031111.043327.png,data\rgbd_dataset_freiburg1_xyz\depth\1305031111.039669.png,0.0036580562591552734,0.0024728775024414062,1378,0.00831079999989015,0.0019444999998086132,0.014556199999788078,0.01650069999959669,0.02481149999948684,74215424
259,1305031111.079283,data\rgbd_dataset_freiburg1_xyz\rgb\1305031111.079283.png,data\rgbd_dataset_freiburg1_xyz\depth\1305031111.071605.png,0.007678031921386719,0.0035829544067382812,1364,0.008407100000113132,0.0018071000013151206,0.009299199999077246,0.011106300000392366,0.0195134000005055,74264576
260,1305031111.111508,data\rgbd_dataset_freiburg1_xyz\rgb\1305031111.111508.png,data\rgbd_dataset_freiburg1_xyz\depth\1305031111.103658.png,0.007849931716918945,0.0041921138763427734,1342,0.00813400000151887,0.0017005000008794013,0.008910499998819432,0.010610999999698834,0.018745000001217704,74207232
261,1305031111.143257,data\rgbd_dataset_freiburg1_xyz\rgb\1305031111.143257.png,data\rgbd_dataset_freiburg1_xyz\depth\1305031111.139211.png,0.004045963287353516,0.002443075180053711,1331,0.009051799999724608,0.001980199998797616,0.007432399999743211,0.009412599998540827,0.018464399998265435,74215424
262,1305031111.179326,data\rgbd_dataset_freiburg1_xyz\rgb\1305031111.179326.png,data\rgbd_dataset_freiburg1_xyz\depth\1305031111.170937.png,0.008388996124267578,0.003626108169555664,1328,0.00921109999944747,0.0024014999999053543,0.006616799999392242,0.009018299999297597,0.018229399998745066,74280960
263,1305031111.211433,data\rgbd_dataset_freiburg1_xyz\rgb\1305031111.211433.png,data\rgbd_dataset_freiburg1_xyz\depth\1305031111.199395.png,0.012037992477416992,0.004266977310180664,1323,0.010437999999339809,0.002283499999975902,0.00760209999862127,0.009885599998597172,0.02032359999793698,74301440
264,1305031111.243236,data\rgbd_dataset_freiburg1_xyz\rgb\1305031111.243236.png,data\rgbd_dataset_freiburg1_xyz\depth\1305031111.236670.png,0.006566047668457031,0.002563953399658203,1268,0.008876100000634324,0.0018200000013166573,0.014697900000101072,0.01651790000141773,0.025394000002052053,74289152
265,1305031111.279308,data\rgbd_dataset_freiburg1_xyz\rgb\1305031111.279308.png,data\rgbd_dataset_freiburg1_xyz\depth\1305031111.269939.png,0.009369134902954102,0.0036079883575439453,1224,0.0099052000005031,0.0016908999987208517,0.005905699999857461,0.007596599998578313,0.017501799999081413,74285056
266,1305031111.311547,data\rgbd_dataset_freiburg1_xyz\rgb\1305031111.311547.png,data\rgbd_dataset_freiburg1_xyz\depth\1305031111.302311.png,0.00923609733581543,0.004153013229370117,1241,0.009129799998845556,0.0016961000001174398,0.009386800000356743,0.011082900000474183,0.02021269999931974,74317824
267,1305031111.343397,data\rgbd_dataset_freiburg1_xyz\rgb\1305031111.343397.png,data\rgbd_dataset_freiburg1_xyz\depth\1305031111.339460.png,0.0039370059967041016,0.0023031234741210938,1200,0.008119300000544172,0.00171059999956924,0.006915899999512476,0.008626499999081716,0.016745799999625888,74346496
268,1305031111.379134,data\rgbd_dataset_freiburg1_xyz\rgb\1305031111.379134.png,data\rgbd_dataset_freiburg1_xyz\depth\1305031111.370908.png,0.00822591781616211,0.0034339427947998047,1185,0.008048499999858905,0.001828399999794783,0.00644540000030247,0.008273800000097253,0.016322299999956158,74301440
269,1305031111.411296,data\rgbd_dataset_freiburg1_xyz\rgb\1305031111.411296.png,data\rgbd_dataset_freiburg1_xyz\depth\1305031111.402911.png,0.008384943008422852,0.0044040679931640625,1188,0.008201699998608092,0.0019052000006922754,0.007943800001157797,0.009849000001850072,0.018050700000458164,74244096
270,1305031111.443386,data\rgbd_dataset_freiburg1_xyz\rgb\1305031111.443386.png,data\rgbd_dataset_freiburg1_xyz\depth\1305031111.438948.png,0.004438161849975586,0.002313852310180664,1165,0.008508099999744445,0.002461599999151076,0.008815600000161794,0.01127719999931287,0.019785299999057315,74326016
271,1305031111.479259,data\rgbd_dataset_freiburg1_xyz\rgb\1305031111.479259.png,data\rgbd_dataset_freiburg1_xyz\depth\1305031111.470919.png,0.008340120315551758,0.003258943557739258,1197,0.008665100000143866,0.0017164000000775559,0.005923000000620959,0.007639400000698515,0.01630450000084238,74317824
272,1305031111.511264,data\rgbd_dataset_freiburg1_xyz\rgb\1305031111.511264.png,data\rgbd_dataset_freiburg1_xyz\depth\1305031111.503531.png,0.00773310661315918,0.004436016082763672,1121,0.008088599999609869,0.001846799999839277,0.009807399999772315,0.011654199999611592,0.01974279999922146,74326016
273,1305031111.54325,data\rgbd_dataset_freiburg1_xyz\rgb\1305031111.543250.png,data\rgbd_dataset_freiburg1_xyz\depth\1305031111.539482.png,0.0037679672241210938,0.002549886703491211,1073,0.00822389999848383,0.0016448999995191116,0.019523499999195337,0.02116839999871445,0.02939229999719828,74280960
274,1305031111.579237,data\rgbd_dataset_freiburg1_xyz\rgb\1305031111.579237.png,data\rgbd_dataset_freiburg1_xyz\depth\1305031111.571320.png,0.007916927337646484,0.003437042236328125,1059,0.009208299999954761,0.0016150999999808846,0.006260000000111177,0.007875100000092061,0.017083400000046822,74317824
275,1305031111.611271,data\rgbd_dataset_freiburg1_xyz\rgb\1305031111.611271.png,data\rgbd_dataset_freiburg1_xyz\depth\1305031111.603391.png,0.007879972457885742,0.0044291019439697266,1018,0.007536399998571142,0.001514800000222749,0.008796199999778764,0.010311000000001513,0.017847399998572655,74289152
276,1305031111.643395,data\rgbd_dataset_freiburg1_xyz\rgb\1305031111.643395.png,data\rgbd_dataset_freiburg1_xyz\depth\1305031111.639405.png,0.0039899349212646484,0.0023050308227539062,1004,0.007840399999622605,0.0017552000008436153,0.005874299999049981,0.007629499999893596,0.015469899999516201,74305536
277,1305031111.67932,data\rgbd_dataset_freiburg1_xyz\rgb\1305031111.679320.png,data\rgbd_dataset_freiburg1_xyz\depth\1305031111.671252.png,0.008068084716796875,0.003620147705078125,1029,0.008810499999526655,0.0017361000009259442,0.008060800000748714,0.009796900001674658,0.018607400001201313,74301440
278,1305031111.71176,data\rgbd_dataset_freiburg1_xyz\rgb\1305031111.711760.png,data\rgbd_dataset_freiburg1_xyz\depth\1305031111.703791.png,0.007969141006469727,0.00393986701965332,970,0.007624300000315998,0.0015786999992997153,0.025505599998723483,0.027084299998023198,0.034708599998339196,74268672
279,1305031111.743386,data\rgbd_dataset_freiburg1_xyz\rgb\1305031111.743386.png,data\rgbd_dataset_freiburg1_xyz\depth\1305031111.739504.png,0.0038819313049316406,0.002313852310180664,947,0.008370400000785594,0.0017090000001189765,0.008433599999989383,0.01014260000010836,0.018513000000893953,74317824
280,1305031111.779423,data\rgbd_dataset_freiburg1_xyz\rgb\1305031111.779423.png,data\rgbd_dataset_freiburg1_xyz\depth\1305031111.771228.png,0.008194923400878906,0.0037229061126708984,925,0.008340200000020559,0.0017145999991043936,0.009163799999441835,0.010878399998546229,0.019218599998566788,74321920
281,1305031111.811406,data\rgbd_dataset_freiburg1_xyz\rgb\1305031111.811406.png,data\rgbd_dataset_freiburg1_xyz\depth\1305031111.800077.png,0.011328935623168945,0.004294157028198242,903,0.008220499999879394,0.0017867000005935552,0.022134899998491164,0.02392159999908472,0.03214209999896411,74342400
282,1305031111.843299,data\rgbd_dataset_freiburg1_xyz\rgb\1305031111.843299.png,data\rgbd_dataset_freiburg1_xyz\depth\1305031111.839333.png,0.003965854644775391,0.0025010108947753906,838,0.010070199999972829,0.0022898000006534858,0.01602660000025935,0.018316400000912836,0.028386600000885664,74354688
283,1305031111.879442,data\rgbd_dataset_freiburg1_xyz\rgb\1305031111.879442.png,data\rgbd_dataset_freiburg1_xyz\depth\1305031111.870985.png,0.008456945419311523,0.0037419795989990234,868,0.011827199999970617,0.0027539999991859077,0.010011599999415921,0.012765599998601829,0.024592799998572445,74375168
284,1305031111.911354,data\rgbd_dataset_freiburg1_xyz\rgb\1305031111.911354.png,data\rgbd_dataset_freiburg1_xyz\depth\1305031111.903356.png,0.007997989654541016,0.004345893859863281,866,0.01013039999998,0.0017907000001287088,0.0062498999996023485,0.008040599999731057,0.018170999999711057,74383360
285,1305031111.9433,data\rgbd_dataset_freiburg1_xyz\rgb\1305031111.943300.png,data\rgbd_dataset_freiburg1_xyz\depth\1305031111.939680.png,0.0036199092864990234,0.002399921417236328,805,0.008977299999969546,0.0017323000010946998,0.004544700001133606,0.006277000002228306,0.015254300002197851,74334208
286,1305031111.979449,data\rgbd_dataset_freiburg1_xyz\rgb\1305031111.979449.png,data\rgbd_dataset_freiburg1_xyz\depth\1305031111.971494.png,0.007955074310302734,0.003648996353149414,875,0.007985800000824383,0.0015753000006952789,0.006105500000558095,0.007680800001253374,0.015666600002077757,74383360
287,1305031112.011433,data\rgbd_dataset_freiburg1_xyz\rgb\1305031112.011433.png,data\rgbd_dataset_freiburg1_xyz\depth\1305031112.003596.png,0.00783681869506836,0.004267215728759766,847,0.008077899999989313,0.0017053999999916414,0.006412599999748636,0.008117999999740277,0.01619589999972959,74387456
288,1305031112.04327,data\rgbd_dataset_freiburg1_xyz\rgb\1305031112.043270.png,data\rgbd_dataset_freiburg1_xyz\depth\1305031112.039412.png,0.0038580894470214844,0.0025298595428466797,868,0.009592099999281345,0.0026168000003963243,0.009667599999374943,0.012284399999771267,0.021876499999052612,74444800
289,1305031112.079339,data\rgbd_dataset_freiburg1_xyz\rgb\1305031112.079339.png,data\rgbd_dataset_freiburg1_xyz\depth\1305031112.070731.png,0.008608102798461914,0.0036389827728271484,888,0.013041599999269238,0.002770099999906961,0.008933900000556605,0.011704000000463566,0.024745599999732804,74395648
290,1305031112.111423,data\rgbd_dataset_freiburg1_xyz\rgb\1305031112.111423.png,data\rgbd_dataset_freiburg1_xyz\depth\1305031112.102495.png,0.008928060531616211,0.00427699089050293,849,0.013252300001113326,0.0026734000002761604,0.026690400000006775,0.029363800000282936,0.04261610000139626,74448896
291,1305031112.144342,data\rgbd_dataset_freiburg1_xyz\rgb\1305031112.144342.png,data\rgbd_dataset_freiburg1_xyz\depth\1305031112.139107.png,0.005234956741333008,0.0013580322265625,835,0.011573499999940395,0.0023987000004126457,0.006761700000424753,0.009160400000837399,0.020733900000777794,74412032
292,1305031112.17939,data\rgbd_dataset_freiburg1_xyz\rgb\1305031112.179390.png,data\rgbd_dataset_freiburg1_xyz\depth\1305031112.169345.png,0.010045051574707031,0.003690004348754883,825,0.00984710000011546,0.0021177999988140073,0.009913899999446585,0.012031699998260592,0.021878799998376053,74428416
293,1305031112.211254,data\rgbd_dataset_freiburg1_xyz\rgb\1305031112.211254.png,data\rgbd_dataset_freiburg1_xyz\depth\1305031112.207733.png,0.003520965576171875,0.004546165466308594,842,0.010968399999910616,0.0021310999982233625,0.008866800000760122,0.010997899998983485,0.0219662999988941,74395648
294,1305031112.243369,data\rgbd_dataset_freiburg1_xyz\rgb\1305031112.243369.png,data\rgbd_dataset_freiburg1_xyz\depth\1305031112.235657.png,0.007712125778198242,0.002330780029296875,839,0.007980599999427795,0.0016003000000637257,0.009602199999790173,0.011202499999853899,0.019183099999281694,74432512
295,1305031112.279353,data\rgbd_dataset_freiburg1_xyz\rgb\1305031112.279353.png,data\rgbd_dataset_freiburg1_xyz\depth\1305031112.269488.png,0.00986480712890625,0.003652811050415039,858,0.008392300000195974,0.0016754000007495051,0.011207300000023679,0.012882700000773184,0.021275000000969158,74661888
296,1305031112.311312,data\rgbd_dataset_freiburg1_xyz\rgb\1305031112.311312.png,data\rgbd_dataset_freiburg1_xyz\depth\1305031112.303591.png,0.007720947265625,0.004388093948364258,845,0.00907299999926181,0.0016949000000749948,0.009272299999793177,0.010967199999868171,0.02004019999912998,74870784
297,1305031112.343323,data\rgbd_dataset_freiburg1_xyz\rgb\1305031112.343323.png,data\rgbd_dataset_freiburg1_xyz\depth\1305031112.335789.png,0.007534027099609375,0.002476930618286133,848,0.009151199999905657,0.0017422999990230892,0.007580400000733789,0.009322699999756878,0.018473899999662535,74784768
298,1305031112.37936,data\rgbd_dataset_freiburg1_xyz\rgb\1305031112.379360.png,data\rgbd_dataset_freiburg1_xyz\depth\1305031112.371231.png,0.008128881454467773,0.003659963607788086,850,0.008455699999103672,0.0019057000008615432,0.005556000000069616,0.00746170000093116,0.01591740000003483,74756096
299,1305031112.411442,data\rgbd_dataset_freiburg1_xyz\rgb\1305031112.411442.png,data\rgbd_dataset_freiburg1_xyz\depth\1305031112.407491.png,0.003951072692871094,0.004257917404174805,832,0.008712199998626602,0.0017380000008415664,0.007533500000135973,0.00927150000097754,0.01798369999960414,74829824
300,1305031112.443391,data\rgbd_dataset_freiburg1_xyz\rgb\1305031112.443391.png,data\rgbd_dataset_freiburg1_xyz\depth\1305031112.439064.png,0.004327058792114258,0.0023088455200195312,864,0.008638799999971525,0.001597599999513477,0.0036849999996775296,0.005282599999191007,0.013921399999162531,74817536
301,1305031112.479418,data\rgbd_dataset_freiburg1_xyz\rgb\1305031112.479418.png,data\rgbd_dataset_freiburg1_xyz\depth\1305031112.471066.png,0.008352041244506836,0.003718137741088867,884,0.00811749999957101,0.001643200001126388,0.007064100000206963,0.008707300001333351,0.01682480000090436,74846208
302,1305031112.511504,data\rgbd_dataset_freiburg1_xyz\rgb\1305031112.511504.png,data\rgbd_dataset_freiburg1_xyz\depth\1305031112.506669.png,0.004834890365600586,0.0041961669921875,862,0.008528399999704561,0.0018204000007244758,0.006891600000017206,0.008712000000741682,0.017240400000446243,74854400
303,1305031112.543212,data\rgbd_dataset_freiburg1_xyz\rgb\1305031112.543212.png,data\rgbd_dataset_freiburg1_xyz\depth\1305031112.538310.png,0.004901885986328125,0.002688169479370117,867,0.008394800001042313,0.0017062000006262679,0.0036670999998023035,0.005373300000428571,0.013768100001470884,74899456
304,1305031112.579252,data\rgbd_dataset_freiburg1_xyz\rgb\1305031112.579252.png,data\rgbd_dataset_freiburg1_xyz\depth\1305031112.567470.png,0.011781930923461914,0.003551959991455078,883,0.00827449999997043,0.00159929999972519,0.004551500000161468,0.006150799999886658,0.014425299999857089,74813440
305,1305031112.611261,data\rgbd_dataset_freiburg1_xyz\rgb\1305031112.611261.png,data\rgbd_dataset_freiburg1_xyz\depth\1305031112.606742.png,0.004518985748291016,0.004439115524291992,878,0.007804599999872153,0.0015901000006124377,0.004562199999782024,0.006152300000394462,0.013956900000266614,74878976
306,1305031112.643246,data\rgbd_dataset_freiburg1_xyz\rgb\1305031112.643246.png,data\rgbd_dataset_freiburg1_xyz\depth\1305031112.639418.png,0.0038280487060546875,0.002554178237915039,911,0.007763299998259754,0.0016116000006149989,0.006431499999962398,0.008043100000577397,0.01580639999883715,74911744
307,1305031112.679952,data\rgbd_dataset_freiburg1_xyz\rgb\1305031112.679952.png,data\rgbd_dataset_freiburg1_xyz\depth\1305031112.671325.png,0.008626937866210938,0.004151821136474609,883,0.007722499998635612,0.0015352000009443145,0.01115120000031311,0.012686400001257425,0.020408899999893038,74870784
308,1305031112.711251,data\rgbd_dataset_freiburg1_xyz\rgb\1305031112.711251.png,data\rgbd_dataset_freiburg1_xyz\depth\1305031112.707325.png,0.00392603874206543,0.004448890686035156,855,0.008408200001213118,0.0017019000006257556,0.007334600000831415,0.00903650000145717,0.017444700002670288,74719232
309,1305031112.743245,data\rgbd_dataset_freiburg1_xyz\rgb\1305031112.743245.png,data\rgbd_dataset_freiburg1_xyz\depth\1305031112.739546.png,0.0036988258361816406,0.002454996109008789,844,0.008315000000948203,0.0017310000002908055,0.005235599999650731,0.006966599999941536,0.015281600000889739,74829824
310,1305031112.77931,data\rgbd_dataset_freiburg1_xyz\rgb\1305031112.779310.png,data\rgbd_dataset_freiburg1_xyz\depth\1305031112.771523.png,0.007786989212036133,0.003609895706176758,807,0.008648000000903266,0.0018417999999655876,0.01353200000085053,0.015373800000816118,0.024021800001719384,74825728
311,1305031112.81131,data\rgbd_dataset_freiburg1_xyz\rgb\1305031112.811310.png,data\rgbd_dataset_freiburg1_xyz\depth\1305031112.807539.png,0.003771066665649414,0.00439000129699707,771,0.01214590000017779,0.002535199999329052,0.00952539999889268,0.012060599998221733,0.024206499998399522,74768384
312,1305031112.843286,data\rgbd_dataset_freiburg1_xyz\rgb\1305031112.843286.png,data\rgbd_dataset_freiburg1_xyz\depth\1305031112.839560.png,0.0037260055541992188,0.0024139881134033203,765,0.0087586999998166,0.0017232999998668674,0.0032477999993716367,0.004971099999238504,0.013729799999055103,74797056
313,1305031112.879421,data\rgbd_dataset_freiburg1_xyz\rgb\1305031112.879421.png,data\rgbd_dataset_freiburg1_xyz\depth\1305031112.871083.png,0.008337974548339844,0.003720998764038086,783,0.009161200001472025,0.0017518999993626494,0.0060338000002957415,0.007785699999658391,0.016946900001130416,74809344
314,1305031112.911411,data\rgbd_dataset_freiburg1_xyz\rgb\1305031112.911411.png,data\rgbd_dataset_freiburg1_xyz\depth\1305031112.907246.png,0.004164934158325195,0.004288911819458008,743,0.008193899999241694,0.0016752999999880558,0.005927000000156113,0.007602300000144169,0.015796199999385863,74825728
315,1305031112.943321,data\rgbd_dataset_freiburg1_xyz\rgb\1305031112.943321.png,data\rgbd_dataset_freiburg1_xyz\depth\1305031112.939323.png,0.0039980411529541016,0.0023789405822753906,749,0.00787300000047253,0.0017375000006722985,0.0058963999999832595,0.007633900000655558,0.015506900001128088,74878976
316,1305031112.979278,data\rgbd_dataset_freiburg1_xyz\rgb\1305031112.979278.png,data\rgbd_dataset_freiburg1_xyz\depth\1305031112.971164.png,0.008114099502563477,0.00357818603515625,717,0.008596100000431761,0.0018070999994961312,0.006803399999625981,0.008610499999122112,0.017206599999553873,74858496
317,1305031113.011353,data\rgbd_dataset_freiburg1_xyz\rgb\1305031113.011353.png,data\rgbd_dataset_freiburg1_xyz\depth\1305031113.007166.png,0.004187107086181641,0.004347085952758789,728,0.009724300000016228,0.001777100000253995,0.006116299999121111,0.007893399999375106,0.017617699999391334,74928128
318,1305031113.043231,data\rgbd_dataset_freiburg1_xyz\rgb\1305031113.043231.png,data\rgbd_dataset_freiburg1_xyz\depth\1305031113.039492.png,0.0037391185760498047,0.002568960189819336,727,0.012076700000761775,0.0029199999989941716,0.0100867000001017,0.013006699999095872,0.025083399999857647,74907648
319,1305031113.079251,data\rgbd_dataset_freiburg1_xyz\rgb\1305031113.079251.png,data\rgbd_dataset_freiburg1_xyz\depth\1305031113.071210.png,0.008041143417358398,0.003551006317138672,737,0.015860299999985727,0.003146799999740324,0.005346600000848412,0.008493400000588736,0.024353700000574463,74936320
320,1305031113.111316,data\rgbd_dataset_freiburg1_xyz\rgb\1305031113.111316.png,data\rgbd_dataset_freiburg1_xyz\depth\1305031113.107662.png,0.003654003143310547,0.004384040832519531,756,0.011092500000813743,0.002224299998488277,0.009158500000921777,0.011382799999410054,0.022475300000223797,74997760
321,1305031113.143306,data\rgbd_dataset_freiburg1_xyz\rgb\1305031113.143306.png,data\rgbd_dataset_freiburg1_xyz\depth\1305031113.139664.png,0.0036420822143554688,0.002393960952758789,804,0.016304400000080932,0.003113499999017222,0.017305199999100296,0.020418699998117518,0.03672309999819845,75046912
322,1305031113.179343,data\rgbd_dataset_freiburg1_xyz\rgb\1305031113.179343.png,data\rgbd_dataset_freiburg1_xyz\depth\1305031113.171088.png,0.0082550048828125,0.003643035888671875,793,0.0105344999992667,0.0022783000003983034,0.0065585000011196826,0.008836800001517986,0.019371300000784686,75059200
323,1305031113.211259,data\rgbd_dataset_freiburg1_xyz\rgb\1305031113.211259.png,data\rgbd_dataset_freiburg1_xyz\depth\1305031113.207181.png,0.004077911376953125,0.004641056060791016,802,0.008164099999703467,0.0016806999992695637,0.004169800000454416,0.005850499999723979,0.014014599999427446,75104256
324,1305031113.243227,data\rgbd_dataset_freiburg1_xyz\rgb\1305031113.243227.png,data\rgbd_dataset_freiburg1_xyz\depth\1305031113.239732.png,0.0034949779510498047,0.0024728775024414062,804,0.007963699999891105,0.0016476000000693602,0.00665849999859347,0.00830609999866283,0.016269799998553935,75108352
325,1305031113.279312,data\rgbd_dataset_freiburg1_xyz\rgb\1305031113.279312.png,data\rgbd_dataset_freiburg1_xyz\depth\1305031113.271470.png,0.007841825485229492,0.0036118030548095703,840,0.008205699999962235,0.001793700001144316,0.005340800000340096,0.007134500001484412,0.015340200001446647,75108352
326,1305031113.311452,data\rgbd_dataset_freiburg1_xyz\rgb\1305031113.311452.png,data\rgbd_dataset_freiburg1_xyz\depth\1305031113.307323.png,0.004128932952880859,0.004248142242431641,833,0.00820459999886225,0.001793899999029236,0.00760679999984859,0.009400699998877826,0.017605299997740076,75132928
327,1305031113.343252,data\rgbd_dataset_freiburg1_xyz\rgb\1305031113.343252.png,data\rgbd_dataset_freiburg1_xyz\depth\1305031113.339396.png,0.0038559436798095703,0.0024480819702148438,873,0.008004100000107428,0.0016692999997758307,0.007622099999935017,0.009291399999710848,0.017295499999818276,75132928
328,1305031113.379312,data\rgbd_dataset_freiburg1_xyz\rgb\1305031113.379312.png,data\rgbd_dataset_freiburg1_xyz\depth\1305031113.371377.png,0.007935047149658203,0.003612041473388672,922,0.007777299999361276,0.0017566000005899696,0.015660299999581184,0.017416900000171154,0.02519419999953243,75177984
329,1305031113.411625,data\rgbd_dataset_freiburg1_xyz\rgb\1305031113.411625.png,data\rgbd_dataset_freiburg1_xyz\depth\1305031113.407351.png,0.004273891448974609,0.004075050354003906,931,0.008608199999798671,0.001636799999687355,0.01959499999975378,0.021231799999441137,0.029839999999239808,75067392
330,1305031113.443266,data\rgbd_dataset_freiburg1_xyz\rgb\1305031113.443266.png,data\rgbd_dataset_freiburg1_xyz\depth\1305031113.439787.png,0.00347900390625,0.0024340152740478516,974,0.008058499999606283,0.0016947999993135454,0.00776179999957094,0.009456599998884485,0.01751509999849077,75083776
331,1305031113.479311,data\rgbd_dataset_freiburg1_xyz\rgb\1305031113.479311.png,data\rgbd_dataset_freiburg1_xyz\depth\1305031113.475657.png,0.003654003143310547,0.0036110877990722656,971,0.00828650000039488,0.001684999999270076,0.016930499999944004,0.01861549999921408,0.02690199999960896,75096064
332,1305031113.511523,data\rgbd_dataset_freiburg1_xyz\rgb\1305031113.511523.png,data\rgbd_dataset_freiburg1_xyz\depth\1305031113.507987.png,0.0035359859466552734,0.004177093505859375,958,0.010166300000491901,0.0017145000001619337,0.015396499999042135,0.01711099999920407,0.02727729999969597,75350016
333,1305031113.543242,data\rgbd_dataset_freiburg1_xyz\rgb\1305031113.543242.png,data\rgbd_dataset_freiburg1_xyz\depth\1305031113.539417.png,0.003824949264526367,0.0024580955505371094,950,0.010690099999919767,0.002342800000405987,0.012648500000068452,0.014991300000474439,0.025681400000394206,75411456
334,1305031113.579301,data\rgbd_dataset_freiburg1_xyz\rgb\1305031113.579301.png,data\rgbd_dataset_freiburg1_xyz\depth\1305031113.574964.png,0.0043370723724365234,0.00360107421875,960,0.009074199999304255,0.0021580000011454104,0.012374200001431745,0.014532200002577156,0.02360640000188141,75481088
335,1305031113.611268,data\rgbd_dataset_freiburg1_xyz\rgb\1305031113.611268.png,data\rgbd_dataset_freiburg1_xyz\depth\1305031113.607216.png,0.004052162170410156,0.0045318603515625,974,0.010954700001093443,0.002028999999311054,0.010560300001088763,0.012589300000399817,0.02354400000149326,75431936
336,1305031113.643222,data\rgbd_dataset_freiburg1_xyz\rgb\1305031113.643222.png,data\rgbd_dataset_freiburg1_xyz\depth\1305031113.638418.png,0.004804134368896484,0.002477884292602539,954,0.008369499999389518,0.0016056000004027737,0.01259579999896232,0.014201399999365094,0.022570899998754612,75436032
337,1305031113.679288,data\rgbd_dataset_freiburg1_xyz\rgb\1305031113.679288.png,data\rgbd_dataset_freiburg1_xyz\depth\1305031113.674244.png,0.005043983459472656,0.003587961196899414,932,0.008147700000336044,0.001652399998420151,0.0069270999993023,0.00857949999772245,0.016727199998058495,75440128
338,1305031113.711931,data\rgbd_dataset_freiburg1_xyz\rgb\1305031113.711931.png,data\rgbd_dataset_freiburg1_xyz\depth\1305031113.704256.png,0.0076749324798583984,0.0037689208984375,952,0.010091399999510031,0.0017549999993207166,0.0055852000004961155,0.007340199999816832,0.017431599999326863,75460608
339,1305031113.74359,data\rgbd_dataset_freiburg1_xyz\rgb\1305031113.743590.png,data\rgbd_dataset_freiburg1_xyz\depth\1305031113.736263.png,0.007327079772949219,0.002209901809692383,946,0.011283600000751903,0.0028485000002547167,0.006744000000253436,0.009592500000508153,0.020876100001260056,75468800
340,1305031113.77932,data\rgbd_dataset_freiburg1_xyz\rgb\1305031113.779320.png,data\rgbd_dataset_freiburg1_xyz\depth\1305031113.774168.png,0.005151987075805664,0.0036199092864990234,949,0.008653000000776956,0.001552700001411722,0.004952499999490101,0.006505200000901823,0.015158200001678779,75489280
341,1305031113.811237,data\rgbd_dataset_freiburg1_xyz\rgb\1305031113.811237.png,data\rgbd_dataset_freiburg1_xyz\depth\1305031113.805795.png,0.005442142486572266,0.0044629573822021484,963,0.008207500000935397,0.0016945000006671762,0.004239899999447516,0.005934400000114692,0.01414190000105009,75509760
342,1305031113.843295,data\rgbd_dataset_freiburg1_xyz\rgb\1305031113.843295.png,data\rgbd_dataset_freiburg1_xyz\depth\1305031113.838437.png,0.0048580169677734375,0.002404928207397461,986,0.00844879999931436,0.0016436000005342066,0.004497500000070431,0.006141100000604638,0.014589899999918998,75501568
343,1305031113.879281,data\rgbd_dataset_freiburg1_xyz\rgb\1305031113.879281.png,data\rgbd_dataset_freiburg1_xyz\depth\1305031113.874200.png,0.0050809383392333984,0.0035810470581054688,1010,0.0080643000001146,0.0016582999996899161,0.005885100001250976,0.007543400000940892,0.015607700001055491,75546624
344,1305031113.91129,data\rgbd_dataset_freiburg1_xyz\rgb\1305031113.911290.png,data\rgbd_dataset_freiburg1_xyz\depth\1305031113.906361.png,0.0049288272857666016,0.0044100284576416016,1037,0.008203000001230976,0.0017445000012230594,0.005313499999829219,0.007058000001052278,0.015261000002283254,75571200
345,1305031113.943291,data\rgbd_dataset_freiburg1_xyz\rgb\1305031113.943291.png,data\rgbd_dataset_freiburg1_xyz\depth\1305031113.938561.png,0.0047299861907958984,0.0024089813232421875,1039,0.00820709999970859,0.001707699999315082,0.003647800000180723,0.005355499999495805,0.013562599999204394,75591680
346,1305031113.979293,data\rgbd_dataset_freiburg1_xyz\rgb\1305031113.979293.png,data\rgbd_dataset_freiburg1_xyz\depth\1305031113.974245.png,0.005048036575317383,0.0035932064056396484,1043,0.008371199999601231,0.0017595999997865874,0.0055049000002327375,0.007264500000019325,0.015635699999620556,75530240
347,1305031114.011257,data\rgbd_dataset_freiburg1_xyz\rgb\1305031114.011257.png,data\rgbd_dataset_freiburg1_xyz\depth\1305031114.007082.png,0.004174947738647461,0.004443168640136719,1082,0.008401499999308726,0.0016758000001573237,0.006391099999746075,0.008066899999903399,0.016468399999212124,75509760
348,1305031114.043301,data\rgbd_dataset_freiburg1_xyz\rgb\1305031114.043301.png,data\rgbd_dataset_freiburg1_xyz\depth\1305031114.038546.png,0.0047550201416015625,0.002398967742919922,1115,0.009381799998664064,0.00181700000030105,0.005835099998876103,0.007652099999177153,0.017033899997841218,75698176
349,1305031114.079285,data\rgbd_dataset_freiburg1_xyz\rgb\1305031114.079285.png,data\rgbd_dataset_freiburg1_xyz\depth\1305031114.074298.png,0.004987001419067383,0.0035848617553710938,1156,0.008760200000324403,0.001788400000805268,0.012612200000148732,0.014400600000954,0.023160800001278403,75595776
350,1305031114.111263,data\rgbd_dataset_freiburg1_xyz\rgb\1305031114.111263.png,data\rgbd_dataset_freiburg1_xyz\depth\1305031114.106402.png,0.004861116409301758,0.004436969757080078,1196,0.008161700001437566,0.0018616999986988958,0.01716639999904146,0.019028099997740355,0.02718979999917792,75685888
351,1305031114.143284,data\rgbd_dataset_freiburg1_xyz\rgb\1305031114.143284.png,data\rgbd_dataset_freiburg1_xyz\depth\1305031114.138562.png,0.004722118377685547,0.002415895462036133,1240,0.008759899999859044,0.002376800001002266,0.01470080000035523,0.017077600001357496,0.02583750000121654,75624448
352,1305031114.179337,data\rgbd_dataset_freiburg1_xyz\rgb\1305031114.179337.png,data\rgbd_dataset_freiburg1_xyz\depth\1305031114.174114.png,0.00522303581237793,0.003637075424194336,1300,0.008185599999706028,0.0016015000001061708,0.009279799998694216,0.010881299998800387,0.019066899998506415,75649024
353,1305031114.211303,data\rgbd_dataset_freiburg1_xyz\rgb\1305031114.211303.png,data\rgbd_dataset_freiburg1_xyz\depth\1305031114.206255.png,0.005048036575317383,0.004396915435791016,1319,0.014264199999161065,0.002380500000072061,0.006294900000284542,0.008675400000356603,0.022939599999517668,75649024
354,1305031114.243337,data\rgbd_dataset_freiburg1_xyz\rgb\1305031114.243337.png,data\rgbd_dataset_freiburg1_xyz\depth\1305031114.238473.png,0.0048639774322509766,0.0022630691528320312,1338,0.008515899999110843,0.0016591000003245426,0.007215800000267336,0.008874900000591879,0.017390799999702722,75628544
355,1305031114.27939,data\rgbd_dataset_freiburg1_xyz\rgb\1305031114.279390.png,data\rgbd_dataset_freiburg1_xyz\depth\1305031114.271075.png,0.008315086364746094,0.003690004348754883,1396,0.007970599999680417,0.001639600000999053,0.011321399999360438,0.01296100000035949,0.020931600000039907,75628544
356,1305031114.311429,data\rgbd_dataset_freiburg1_xyz\rgb\1305031114.311429.png,data\rgbd_dataset_freiburg1_xyz\depth\1305031114.306710.png,0.0047190189361572266,0.004271030426025391,1438,0.008130300000630086,0.001699299999017967,0.02372040000045672,0.025419699999474688,0.033550000000104774,75665408
357,1305031114.343331,data\rgbd_dataset_freiburg1_xyz\rgb\1305031114.343331.png,data\rgbd_dataset_freiburg1_xyz\depth\1305031114.338919.png,0.004412174224853516,0.002368927001953125,1460,0.008096699999441626,0.0017919000001711538,0.026544899999862537,0.02833680000003369,0.036433499999475316,75718656
358,1305031114.37932,data\rgbd_dataset_freiburg1_xyz\rgb\1305031114.379320.png,data\rgbd_dataset_freiburg1_xyz\depth\1305031114.374307.png,0.005012989044189453,0.0036199092864990234,1485,0.008217299999159877,0.00185330000022077,0.01915740000004007,0.02101070000026084,0.029227999999420717,75739136
359,1305031114.411397,data\rgbd_dataset_freiburg1_xyz\rgb\1305031114.411397.png,data\rgbd_dataset_freiburg1_xyz\depth\1305031114.406591.png,0.004806041717529297,0.004302978515625,1500,0.009862800001428695,0.0019173000000591855,0.010340400000131922,0.012257700000191107,0.022120500001619803,75710464
360,1305031114.443345,data\rgbd_dataset_freiburg1_xyz\rgb\1305031114.443345.png,data\rgbd_dataset_freiburg1_xyz\depth\1305031114.438540.png,0.004805088043212891,0.002254962921142578,1548,0.00930279999920458,0.0017745999994076556,0.009471499999563093,0.011246099998970749,0.02054889999817533,75767808
361,1305031114.479332,data\rgbd_dataset_freiburg1_xyz\rgb\1305031114.479332.png,data\rgbd_dataset_freiburg1_xyz\depth\1305031114.474489.png,0.004842996597290039,0.003632068634033203,1580,0.008011500000066007,0.0019079999983659945,0.018488499999875785,0.02039649999824178,0.028407999998307787,75706368
362,1305031114.511266,data\rgbd_dataset_freiburg1_xyz\rgb\1305031114.511266.png,data\rgbd_dataset_freiburg1_xyz\depth\1305031114.506573.png,0.004693031311035156,0.004434108734130859,1638,0.008135399999446236,0.0018512999995436985,0.043218200000410434,0.04506949999995413,0.05320489999940037,75767808
363,1305031114.543236,data\rgbd_dataset_freiburg1_xyz\rgb\1305031114.543236.png,data\rgbd_dataset_freiburg1_xyz\depth\1305031114.539953.png,0.0032830238342285156,0.0024640560150146484,1666,0.009056700000655837,0.001968200000192155,0.03378599999996368,0.035754200000155834,0.04481090000081167,75759616
364,1305031114.579237,data\rgbd_dataset_freiburg1_xyz\rgb\1305031114.579237.png,data\rgbd_dataset_freiburg1_xyz\depth\1305031114.575185.png,0.004051923751831055,0.003637075424194336,1650,0.008728400000109104,0.001983600001040031,0.011069900001530186,0.013053500002570217,0.021781900002679322,75784192
365,1305031114.611391,data\rgbd_dataset_freiburg1_xyz\rgb\1305031114.611391.png,data\rgbd_dataset_freiburg1_xyz\depth\1305031114.607560.png,0.003831148147583008,0.004308938980102539,1634,0.008620399999927031,0.0018524000006436836,0.009770100001333049,0.011622500001976732,0.020242900001903763,75821056
366,1305031114.644136,data\rgbd_dataset_freiburg1_xyz\rgb\1305031114.644136.png,data\rgbd_dataset_freiburg1_xyz\depth\1305031114.644150.png,1.4066696166992188e-05,0.0014641284942626953,1643,0.008607899999333313,0.0019319000002724351,0.013542999999117455,0.01547489999938989,0.024082799998723203,75808768
367,1305031114.679251,data\rgbd_dataset_freiburg1_xyz\rgb\1305031114.679251.png,data\rgbd_dataset_freiburg1_xyz\depth\1305031114.675655.png,0.003596067428588867,0.003551006317138672,1674,0.008761900000536116,0.0019535999999789055,0.025085700001000077,0.027039300000978983,0.0358012000015151,75759616
368,1305031114.711306,data\rgbd_dataset_freiburg1_xyz\rgb\1305031114.711306.png,data\rgbd_dataset_freiburg1_xyz\depth\1305031114.706141.png,0.00516510009765625,0.004393815994262695,1702,0.012616100000741426,0.002805300000545685,0.02256620000116527,0.025371500001710956,0.03798760000245238,75853824
369,1305031114.7432,data\rgbd_dataset_freiburg1_xyz\rgb\1305031114.743200.png,data\rgbd_dataset_freiburg1_xyz\depth\1305031114.743276.png,7.581710815429688e-05,0.002499818801879883,1672,0.008244799999374663,0.002108899998347624,0.01446360000045388,0.016572499998801504,0.024817299998176168,75845632
370,1305031114.779289,data\rgbd_dataset_freiburg1_xyz\rgb\1305031114.779289.png,data\rgbd_dataset_freiburg1_xyz\depth\1305031114.774847.png,0.004441976547241211,0.0035889148712158203,1671,0.008451800000329968,0.0018013999997492647,0.00969000000077358,0.011491400000522844,0.019943200000852812,75923456
371,1305031114.811303,data\rgbd_dataset_freiburg1_xyz\rgb\1305031114.811303.png,data\rgbd_dataset_freiburg1_xyz\depth\1305031114.807310.png,0.003992795944213867,0.004297018051147461,1646,0.008373399999982212,0.0019802999995590653,0.008772499999395222,0.010752799998954288,0.0191261999989365,75894784
372,1305031114.843208,data\rgbd_dataset_freiburg1_xyz\rgb\1305031114.843208.png,data\rgbd_dataset_freiburg1_xyz\depth\1305031114.842137.png,0.0010709762573242188,0.0024919509887695312,1656,0.008465099999739323,0.0017218000011780532,0.009479899999860208,0.011201700001038262,0.019666800000777585,76587008
373,1305031114.879281,data\rgbd_dataset_freiburg1_xyz\rgb\1305031114.879281.png,data\rgbd_dataset_freiburg1_xyz\depth\1305031114.875056.png,0.004225015640258789,0.0035810470581054688,1627,0.0084657999996125,0.0016458999998576473,0.00832770000124583,0.009973600001103478,0.018439400000715978,76599296
374,1305031114.912879,data\rgbd_dataset_freiburg1_xyz\rgb\1305031114.912879.png,data\rgbd_dataset_freiburg1_xyz\depth\1305031114.907504.png,0.005374908447265625,0.0028209686279296875,1630,0.008202499999242718,0.0017305000001215376,0.0071535999995830934,0.008884099999704631,0.01708659999894735,76001280
375,1305031114.943234,data\rgbd_dataset_freiburg1_xyz\rgb\1305031114.943234.png,data\rgbd_dataset_freiburg1_xyz\depth\1305031114.943264.png,3.0040740966796875e-05,0.0023660659790039062,1643,0.008450499999526073,0.00170810000054189,0.009867200000371668,0.011575300000913558,0.02002580000043963,76079104
376,1305031114.97928,data\rgbd_dataset_freiburg1_xyz\rgb\1305031114.979280.png,data\rgbd_dataset_freiburg1_xyz\depth\1305031114.975411.png,0.0038690567016601562,0.0035800933837890625,1660,0.008653099999719416,0.0019483999985823175,0.014512799998556147,0.016461199997138465,0.02511429999685788,76574720
377,1305031115.0113,data\rgbd_dataset_freiburg1_xyz\rgb\1305031115.011300.png,data\rgbd_dataset_freiburg1_xyz\depth\1305031115.007179.png,0.004121065139770508,0.004400014877319336,1608,0.008616699999038246,0.0018596000008983538,0.0137377999999444,0.015597400000842754,0.024214099999881,75968512
378,1305031115.043508,data\rgbd_dataset_freiburg1_xyz\rgb\1305031115.043508.png,data\rgbd_dataset_freiburg1_xyz\depth\1305031115.043530.png,2.193450927734375e-05,0.0021920204162597656,1579,0.010245400000712834,0.0018405999999231426,0.03688060000058613,0.03872120000050927,0.048966600001222105,75964416
379,1305031115.079238,data\rgbd_dataset_freiburg1_xyz\rgb\1305031115.079238.png,data\rgbd_dataset_freiburg1_xyz\depth\1305031115.071577.png,0.007660865783691406,0.003638029098510742,1549,0.008442099999228958,0.002462000000377884,0.015568000000712345,0.01803000000109023,0.026472100000319188,75980800
380,1305031115.11123,data\rgbd_dataset_freiburg1_xyz\rgb\1305031115.111230.png,data\rgbd_dataset_freiburg1_xyz\depth\1305031115.107074.png,0.004155874252319336,0.004470109939575195,1518,0.008539500000551925,0.0018333999996684724,0.015716500000053202,0.017549899999721674,0.0260894000002736,76582912
381,1305031115.143275,data\rgbd_dataset_freiburg1_xyz\rgb\1305031115.143275.png,data\rgbd_dataset_freiburg1_xyz\depth\1305031115.143294.png,1.9073486328125e-05,0.002424955368041992,1453,0.00838339999972959,0.001777800000127172,0.03224980000049982,0.03402760000062699,0.04241100000035658,75931648
382,1305031115.17944,data\rgbd_dataset_freiburg1_xyz\rgb\1305031115.179440.png,data\rgbd_dataset_freiburg1_xyz\depth\1305031115.172642.png,0.0067980289459228516,0.0038399696350097656,1372,0.008189199999833363,0.0017630999991524732,0.03172410000115633,0.0334872000003088,0.041676400000142166,75988992
383,1305031115.211374,data\rgbd_dataset_freiburg1_xyz\rgb\1305031115.211374.png,data\rgbd_dataset_freiburg1_xyz\depth\1305031115.206453.png,0.00492095947265625,0.00432586669921875,1366,0.008183300000382587,0.0016868000002432382,0.00788029999966966,0.009567099999912898,0.017750400000295485,76632064
384,1305031115.243297,data\rgbd_dataset_freiburg1_xyz\rgb\1305031115.243297.png,data\rgbd_dataset_freiburg1_xyz\depth\1305031115.240975.png,0.0023221969604492188,0.002402782440185547,1318,0.008211300000766641,0.0017243000002054032,0.00649630000043544,0.008220600000640843,0.016431900001407485,76623872
385,1305031115.279966,data\rgbd_dataset_freiburg1_xyz\rgb\1305031115.279966.png,data\rgbd_dataset_freiburg1_xyz\depth\1305031115.273468.png,0.006498098373413086,0.004266023635864258,1309,0.00890590000017255,0.001800300000468269,0.013782500000161235,0.015582800000629504,0.024488700000802055,76591104
386,1305031115.311704,data\rgbd_dataset_freiburg1_xyz\rgb\1305031115.311704.png,data\rgbd_dataset_freiburg1_xyz\depth\1305031115.305534.png,0.006170034408569336,0.003895998001098633,1291,0.008147299999109237,0.0018073999999614898,0.00677929999983462,0.00858669999979611,0.016733999998905347,76521472
387,1305031115.343235,data\rgbd_dataset_freiburg1_xyz\rgb\1305031115.343235.png,data\rgbd_dataset_freiburg1_xyz\depth\1305031115.343426.png,0.00019097328186035156,0.0023648738861083984,1244,0.008409100000790204,0.0019463999997242354,0.016111900000396417,0.018058300000120653,0.026467400000910857,76554240
388,1305031115.379166,data\rgbd_dataset_freiburg1_xyz\rgb\1305031115.379166.png,data\rgbd_dataset_freiburg1_xyz\depth\1305031115.375054.png,0.0041120052337646484,0.003465890884399414,1210,0.012173000000984757,0.0017399000007571885,0.04104709999955958,0.042787000000316766,0.05496000000130152,76640256
389,1305031115.411237,data\rgbd_dataset_freiburg1_xyz\rgb\1305031115.411237.png,data\rgbd_dataset_freiburg1_xyz\depth\1305031115.406164.png,0.005073070526123047,0.0044629573822021484,1087,0.011813700000857352,0.002803900000799331,0.011486100000183797,0.014290000000983127,0.02610370000184048,76578816
390,1305031115.443159,data\rgbd_dataset_freiburg1_xyz\rgb\1305031115.443159.png,data\rgbd_dataset_freiburg1_xyz\depth\1305031115.443040.png,0.00011920928955078125,0.0025408267974853516,1083,0.008615299999291892,0.003276499999628868,0.011094899999079644,0.014371399998708512,0.022986699998000404,76591104
391,1305031115.479241,data\rgbd_dataset_freiburg1_xyz\rgb\1305031115.479241.png,data\rgbd_dataset_freiburg1_xyz\depth\1305031115.474863.png,0.004377841949462891,0.003640890121459961,1056,0.01080539999929897,0.002162199998565484,0.008253100000729319,0.010415299999294803,0.021220699998593773,76591104
392,1305031115.511253,data\rgbd_dataset_freiburg1_xyz\rgb\1305031115.511253.png,data\rgbd_dataset_freiburg1_xyz\depth\1305031115.507440.png,0.003813028335571289,0.0043468475341796875,1034,0.008660499999677995,0.0016833000008773524,0.013160900000002584,0.014844200000879937,0.023504700000557932,76537856
393,1305031115.543604,data\rgbd_dataset_freiburg1_xyz\rgb\1305031115.543604.png,data\rgbd_dataset_freiburg1_xyz\depth\1305031115.543620.png,1.621246337890625e-05,0.0020961761474609375,951,0.00778109999919252,0.0016335999989678385,0.012444599999071215,0.014078199998039054,0.021859299997231574,76562432
394,1305031115.579315,data\rgbd_dataset_freiburg1_xyz\rgb\1305031115.579315.png,data\rgbd_dataset_freiburg1_xyz\depth\1305031115.575290.png,0.004024982452392578,0.0036149024963378906,912,0.007976400000188733,0.0017470000002504094,0.027083099999799742,0.02883010000005015,0.036806500000238884,76656640
395,1305031115.611424,data\rgbd_dataset_freiburg1_xyz\rgb\1305031115.611424.png,data\rgbd_dataset_freiburg1_xyz\depth\1305031115.607428.png,0.0039958953857421875,0.0042760372161865234,871,0.008996399999887217,0.0017026000004989328,0.007865300000048592,0.009567900000547525,0.01856430000043474,76652544
396,1305031115.643254,data\rgbd_dataset_freiburg1_xyz\rgb\1305031115.643254.png,data\rgbd_dataset_freiburg1_xyz\depth\1305031115.643254.png,0.0,0.0024459362030029297,848,0.008408100000451668,0.0017810999997891486,0.007804799999576062,0.00958589999936521,0.01799399999981688,76660736
397,1305031115.679241,data\rgbd_dataset_freiburg1_xyz\rgb\1305031115.679241.png,data\rgbd_dataset_freiburg1_xyz\depth\1305031115.675106.png,0.0041348934173583984,0.0035409927368164062,790,0.008735899999010144,0.0017834999998740386,0.006388100000549457,0.008171600000423496,0.01690749999943364,76636160
398,1305031115.71132,data\rgbd_dataset_freiburg1_xyz\rgb\1305031115.711320.png,data\rgbd_dataset_freiburg1_xyz\depth\1305031115.706301.png,0.005018949508666992,0.004379987716674805,802,0.009310699999332428,0.001764000000548549,0.008655599998746766,0.010419599999295315,0.019730299998627743,76636160
399,1305031115.74325,data\rgbd_dataset_freiburg1_xyz\rgb\1305031115.743250.png,data\rgbd_dataset_freiburg1_xyz\depth\1305031115.742905.png,0.00034499168395996094,0.0024499893188476562,813,0.008669299999382929,0.0017297000013059005,0.013806799999656505,0.015536500000962405,0.024205800000345334,76640256
400,1305031115.779425,data\rgbd_dataset_freiburg1_xyz\rgb\1305031115.779425.png,data\rgbd_dataset_freiburg1_xyz\depth\1305031115.774329.png,0.005095958709716797,0.003724813461303711,778,0.008884099999704631,0.0016076000010798452,0.006037799999830895,0.00764540000091074,0.01652950000061537,76644352
401,1305031115.811277,data\rgbd_dataset_freiburg1_xyz\rgb\1305031115.811277.png,data\rgbd_dataset_freiburg1_xyz\depth\1305031115.806425.png,0.004851818084716797,0.004323005676269531,799,0.009124899999733316,0.002563600000939914,0.009677100000772043,0.012240700001711957,0.021365600001445273,76701696
402,1305031115.843224,data\rgbd_dataset_freiburg1_xyz\rgb\1305031115.843224.png,data\rgbd_dataset_freiburg1_xyz\depth\1305031115.841936.png,0.0012879371643066406,0.0024759769439697266,780,0.013855100000000675,0.0028443999999581138,0.013216600000305334,0.016061000000263448,0.029916100000264123,76673024
403,1305031115.879198,data\rgbd_dataset_freiburg1_xyz\rgb\1305031115.879198.png,data\rgbd_dataset_freiburg1_xyz\depth\1305031115.875347.png,0.003851175308227539,0.0035979747772216797,761,0.012448699999367818,0.0022939999998925487,0.008648199998788186,0.010942199998680735,0.023390899998048553,76648448
404,1305031115.911118,data\rgbd_dataset_freiburg1_xyz\rgb\1305031115.911118.png,data\rgbd_dataset_freiburg1_xyz\depth\1305031115.910716.png,0.0004019737243652344,0.0044820308685302734,773,0.008214400000724709,0.0016276999995170627,0.003744899999219342,0.005372599998736405,0.013586999999461113,76689408
405,1305031115.943311,data\rgbd_dataset_freiburg1_xyz\rgb\1305031115.943311.png,data\rgbd_dataset_freiburg1_xyz\depth\1305031115.942015.png,0.0012960433959960938,0.0023889541625976562,756,0.008208299999751034,0.0017186000004585367,0.0034357999993517296,0.005154399999810266,0.0133626999995613,76705792
406,1305031115.98074,data\rgbd_dataset_freiburg1_xyz\rgb\1305031115.980740.png,data\rgbd_dataset_freiburg1_xyz\depth\1305031115.973799.png,0.006941080093383789,0.004959821701049805,739,0.009211200000208919,0.0018010000003414461,0.004246700000294368,0.006047700000635814,0.015258900000844733,76726272
407,1305031116.011379,data\rgbd_dataset_freiburg1_xyz\rgb\1305031116.011379.png,data\rgbd_dataset_freiburg1_xyz\depth\1305031116.010843.png,0.0005359649658203125,0.0042209625244140625,709,0.007900200000221957,0.00159929999972519,0.003043900000193389,0.004643199999918579,0.012543400000140537,76713984
408,1305031116.043164,data\rgbd_dataset_freiburg1_xyz\rgb\1305031116.043164.png,data\rgbd_dataset_freiburg1_xyz\depth\1305031116.042618.png,0.0005459785461425781,0.0025360584259033203,680,0.0076640000006591436,0.0018036999990727054,0.004349000000729575,0.00615269999980228,0.013816700000461424,76730368
409,1305031116.08003,data\rgbd_dataset_freiburg1_xyz\rgb\1305031116.080030.png,data\rgbd_dataset_freiburg1_xyz\depth\1305031116.071527.png,0.008502960205078125,0.0043299198150634766,636,0.008036299999730545,0.0018999000003532274,0.005361800000173389,0.007261700000526616,0.015298000000257161,76701696
410,1305031116.1113,data\rgbd_dataset_freiburg1_xyz\rgb\1305031116.111300.png,data\rgbd_dataset_freiburg1_xyz\depth\1305031116.108247.png,0.003052949905395508,0.004400014877319336,614,0.0074891999993269565,0.0016390000000683358,0.003065600001718849,0.004704600001787185,0.012193800001114141,76685312
411,1305031116.143441,data\rgbd_dataset_freiburg1_xyz\rgb\1305031116.143441.png,data\rgbd_dataset_freiburg1_xyz\depth\1305031116.143447.png,5.9604644775390625e-06,0.0022590160369873047,602,0.0072481999995943625,0.0017592999993212288,0.0028679999995802063,0.004627299998901435,0.011875499998495798,76709888
412,1305031116.179572,data\rgbd_dataset_freiburg1_xyz\rgb\1305031116.179572.png,data\rgbd_dataset_freiburg1_xyz\depth\1305031116.174891.png,0.004681110382080078,0.0038721561431884766,587,0.0074838999989879085,0.0015352000009443145,0.003576400000383728,0.005111600001328043,0.012595500000315951,76664832
413,1305031116.211299,data\rgbd_dataset_freiburg1_xyz\rgb\1305031116.211299.png,data\rgbd_dataset_freiburg1_xyz\depth\1305031116.211320.png,2.09808349609375e-05,0.004400968551635742,562,0.009792300001208787,0.002493500000127824,0.00465010000152688,0.007143600001654704,0.01693590000286349,76648448
414,1305031116.24332,data\rgbd_dataset_freiburg1_xyz\rgb\1305031116.243320.png,data\rgbd_dataset_freiburg1_xyz\depth\1305031116.242720.png,0.0006000995635986328,0.002379894256591797,568,0.010292900000422378,0.002013999999689986,0.003656000000773929,0.005670000000463915,0.015962900000886293,76656640
415,1305031116.279385,data\rgbd_dataset_freiburg1_xyz\rgb\1305031116.279385.png,data\rgbd_dataset_freiburg1_xyz\depth\1305031116.274421.png,0.004964113235473633,0.00368499755859375,569,0.008004100000107428,0.0015999000006559072,0.0023302000008698087,0.003930100001525716,0.011934200001633144,76660736
416,1305031116.311336,data\rgbd_dataset_freiburg1_xyz\rgb\1305031116.311336.png,data\rgbd_dataset_freiburg1_xyz\depth\1305031116.310686.png,0.0006499290466308594,0.004263877868652344,573,0.0078150999997888,0.0018476999994163634,0.0035497999997460283,0.005397499999162392,0.013212599998951191,76660736
417,1305031116.343292,data\rgbd_dataset_freiburg1_xyz\rgb\1305031116.343292.png,data\rgbd_dataset_freiburg1_xyz\depth\1305031116.342459.png,0.0008330345153808594,0.0024080276489257812,576,0.009557500001392327,0.0024468999999953667,0.003765699999348726,0.006212599999344093,0.01577010000073642,76644352
418,1305031116.379384,data\rgbd_dataset_freiburg1_xyz\rgb\1305031116.379384.png,data\rgbd_dataset_freiburg1_xyz\depth\1305031116.374490.png,0.0048940181732177734,0.0036840438842773438,558,0.009986499999286025,0.001771899998857407,0.0022558000000572065,0.004027699998914613,0.014014199998200638,76644352
419,1305031116.411333,data\rgbd_dataset_freiburg1_xyz\rgb\1305031116.411333.png,data\rgbd_dataset_freiburg1_xyz\depth\1305031116.409631.png,0.0017020702362060547,0.004366874694824219,562,0.007700599999225233,0.001984100001209299,0.003208699999959208,0.005192800001168507,0.01289340000039374,75935744
420,1305031116.443369,data\rgbd_dataset_freiburg1_xyz\rgb\1305031116.443369.png,data\rgbd_dataset_freiburg1_xyz\depth\1305031116.442496.png,0.0008728504180908203,0.002231121063232422,567,0.008575400001063826,0.001717199998893193,0.00220900000022084,0.003926199999114033,0.01250160000017786,75948032
421,1305031116.47985,data\rgbd_dataset_freiburg1_xyz\rgb\1305031116.479850.png,data\rgbd_dataset_freiburg1_xyz\depth\1305031116.473394.png,0.006456136703491211,0.0041501522064208984,558,0.007868699998653028,0.0018110000000888249,0.002504399999452289,0.004315399999541114,0.012184099998194142,76087296
422,1305031116.511205,data\rgbd_dataset_freiburg1_xyz\rgb\1305031116.511205.png,data\rgbd_dataset_freiburg1_xyz\depth\1305031116.510576.png,0.0006289482116699219,0.004495143890380859,557,0.007717700000284822,0.0016852000007929746,0.0021280000000842847,0.0038132000008772593,0.011530900001162081,76062720
423,1305031116.543262,data\rgbd_dataset_freiburg1_xyz\rgb\1305031116.543262.png,data\rgbd_dataset_freiburg1_xyz\depth\1305031116.542695.png,0.0005669593811035156,0.002337932586669922,551,0.008275399999547517,0.001570700000229408,0.0022540000009030337,0.0038247000011324417,0.012100100000679959,76128256
424,1305031116.579313,data\rgbd_dataset_freiburg1_xyz\rgb\1305031116.579313.png,data\rgbd_dataset_freiburg1_xyz\depth\1305031116.574389.png,0.00492405891418457,0.003612995147705078,543,0.008332200000950252,0.0016221000005316455,0.002207900000939844,0.0038300000014714897,0.012162200002421741,76177408
425,1305031116.611261,data\rgbd_dataset_freiburg1_xyz\rgb\1305031116.611261.png,data\rgbd_dataset_freiburg1_xyz\depth\1305031116.610891.png,0.00036978721618652344,0.004439115524291992,552,0.007645899999261019,0.001691400000709109,0.0019853999983752146,0.0036767999990843236,0.011322699998345342,76132352
426,1305031116.643355,data\rgbd_dataset_freiburg1_xyz\rgb\1305031116.643355.png,data\rgbd_dataset_freiburg1_xyz\depth\1305031116.642664.png,0.0006909370422363281,0.0023450851440429688,574,0.007867199999964214,0.0021173999994061887,0.004239899999447516,0.006357299998853705,0.014224499998817919,76091392
427,1305031116.679281,data\rgbd_dataset_freiburg1_xyz\rgb\1305031116.679281.png,data\rgbd_dataset_freiburg1_xyz\depth\1305031116.674523.png,0.004757881164550781,0.0036809444427490234,563,0.013369299998885253,0.0035086999996565282,0.0046816999984002905,0.008190399998056819,0.021559699996942072,76218368
428,1305031116.711634,data\rgbd_dataset_freiburg1_xyz\rgb\1305031116.711634.png,data\rgbd_dataset_freiburg1_xyz\depth\1305031116.710942.png,0.0006918907165527344,0.004065990447998047,591,0.011522499999045976,0.002533300001232419,0.006135599998742691,0.00866889999997511,0.020191399999021087,76230656
429,1305031116.743291,data\rgbd_dataset_freiburg1_xyz\rgb\1305031116.743291.png,data\rgbd_dataset_freiburg1_xyz\depth\1305031116.740575.png,0.0027158260345458984,0.0024089813232421875,584,0.009400799999639275,0.0019888999995600898,0.003085599999394617,0.005074499998954707,0.014475299998593982,76234752
430,1305031116.779298,data\rgbd_dataset_freiburg1_xyz\rgb\1305031116.779298.png,data\rgbd_dataset_freiburg1_xyz\depth\1305031116.775059.png,0.004239082336425781,0.0035979747772216797,603,0.009524600000077044,0.0020285999999032356,0.003465799998593866,0.0054943999984971015,0.015018999998574145,76259328
431,1305031116.811318,data\rgbd_dataset_freiburg1_xyz\rgb\1305031116.811318.png,data\rgbd_dataset_freiburg1_xyz\depth\1305031116.811343.png,2.5033950805664062e-05,0.0042819976806640625,615,0.009646200000133831,0.001910800001496682,0.0047611000009055715,0.0066719000024022534,0.016318100002536085,76267520
432,1305031116.846089,data\rgbd_dataset_freiburg1_xyz\rgb\1305031116.846089.png,data\rgbd_dataset_freiburg1_xyz\depth\1305031116.840370.png,0.00571894645690918,0.0004889965057373047,638,0.009522700000161421,0.0021000999986426905,0.003576200000679819,0.005676299999322509,0.015198999999483931,76349440
433,1305031116.880165,data\rgbd_dataset_freiburg1_xyz\rgb\1305031116.880165.png,data\rgbd_dataset_freiburg1_xyz\depth\1305031116.871726.png,0.008439064025878906,0.0044651031494140625,639,0.00856500000008964,0.0017847999988589436,0.006258299999899464,0.008043099998758407,0.016608099998848047,76390400
434,1305031116.912044,data\rgbd_dataset_freiburg1_xyz\rgb\1305031116.912044.png,data\rgbd_dataset_freiburg1_xyz\depth\1305031116.907955.png,0.0040891170501708984,0.0036559104919433594,661,0.007779300000038347,0.0015514999995502876,0.008827499999824795,0.010378999999375083,0.01815829999941343,76525568
435,1305031116.943296,data\rgbd_dataset_freiburg1_xyz\rgb\1305031116.943296.png,data\rgbd_dataset_freiburg1_xyz\depth\1305031116.940626.png,0.0026700496673583984,0.0023040771484375,665,0.011708199999702629,0.002789199999824632,0.013093800000206102,0.015883000000030734,0.027591199999733362,76554240
436,1305031116.979351,data\rgbd_dataset_freiburg1_xyz\rgb\1305031116.979351.png,data\rgbd_dataset_freiburg1_xyz\depth\1305031116.974656.png,0.004694938659667969,0.003751039505004883,663,0.011919000000489177,0.0024932999986049253,0.010083900000608992,0.012577199999213917,0.024496199999703094,76439552
437,1305031117.011382,data\rgbd_dataset_freiburg1_xyz\rgb\1305031117.011382.png,data\rgbd_dataset_freiburg1_xyz\depth\1305031117.008812.png,0.0025701522827148438,0.0043179988861083984,677,0.010434800000439282,0.0019625000004452886,0.014466499998889049,0.016428999999334337,0.02686379999977362,76492800
438,1305031117.043261,data\rgbd_dataset_freiburg1_xyz\rgb\1305031117.043261.png,data\rgbd_dataset_freiburg1_xyz\depth\1305031117.042065.png,0.001196146011352539,0.0024390220642089844,712,0.008161800000380026,0.001841599998442689,0.014267100001234212,0.0161086999996769,0.024270500000056927,76513280
439,1305031117.07952,data\rgbd_dataset_freiburg1_xyz\rgb\1305031117.079520.png,data\rgbd_dataset_freiburg1_xyz\depth\1305031117.071181.png,0.00833892822265625,0.0038199424743652344,737,0.01009640000120271,0.0021326999994926155,0.008994199999506236,0.011126899998998852,0.02122330000020156,76578816
440,1305031117.111238,data\rgbd_dataset_freiburg1_xyz\rgb\1305031117.111238.png,data\rgbd_dataset_freiburg1_xyz\depth\1305031117.110454.png,0.0007839202880859375,0.004662036895751953,716,0.011344700000336161,0.0018861999997170642,0.008910600001399871,0.010796800001116935,0.022141500001453096,76587008
441,1305031117.143218,data\rgbd_dataset_freiburg1_xyz\rgb\1305031117.143218.png,data\rgbd_dataset_freiburg1_xyz\depth\1305031117.142383.png,0.0008349418640136719,0.0024819374084472656,706,0.009122499999648426,0.0017339999994874233,0.0048357999985455535,0.006569799998032977,0.015692299997681403,76664832
442,1305031117.179264,data\rgbd_dataset_freiburg1_xyz\rgb\1305031117.179264.png,data\rgbd_dataset_freiburg1_xyz\depth\1305031117.175059.png,0.004204988479614258,0.0036640167236328125,710,0.007697799999732524,0.001469599999836646,0.004384300000310759,0.005853900000147405,0.01355169999987993,76697600
443,1305031117.211361,data\rgbd_dataset_freiburg1_xyz\rgb\1305031117.211361.png,data\rgbd_dataset_freiburg1_xyz\depth\1305031117.207753.png,0.0036079883575439453,0.004338979721069336,734,0.008320000000821892,0.0015703999997640494,0.004250100000717794,0.005820500000481843,0.014140500001303735,76693504
444,1305031117.243277,data\rgbd_dataset_freiburg1_xyz\rgb\1305031117.243277.png,data\rgbd_dataset_freiburg1_xyz\depth\1305031117.241340.png,0.0019371509552001953,0.0023229122161865234,734,0.007949599999847123,0.001590399999258807,0.004155999999056803,0.00574639999831561,0.013695999998162733,76726272
445,1305031117.279299,data\rgbd_dataset_freiburg1_xyz\rgb\1305031117.279299.png,data\rgbd_dataset_freiburg1_xyz\depth\1305031117.276516.png,0.002783060073852539,0.003699064254760742,702,0.007894300000771182,0.0018853000001399778,0.004263500000888598,0.006148800001028576,0.014043100001799758,76713984
446,1305031117.3112,data\rgbd_dataset_freiburg1_xyz\rgb\1305031117.311200.png,data\rgbd_dataset_freiburg1_xyz\depth\1305031117.310121.png,0.0010788440704345703,0.004400014877319336,678,0.007928900000479189,0.00243150000096648,0.0036903999989590375,0.0061218999999255175,0.014050800000404706,76664832
447,1305031117.343243,data\rgbd_dataset_freiburg1_xyz\rgb\1305031117.343243.png,data\rgbd_dataset_freiburg1_xyz\depth\1305031117.341044.png,0.002198934555053711,0.002457141876220703,683,0.007953599999382277,0.0017467999987275107,0.0033155999990412965,0.005062399997768807,0.013015999997151084,76689408
448,1305031117.379454,data\rgbd_dataset_freiburg1_xyz\rgb\1305031117.379454.png,data\rgbd_dataset_freiburg1_xyz\depth\1305031117.375067.png,0.00438690185546875,0.0037539005279541016,684,0.007819500000550761,0.0015918999997666106,0.00252830000135873,0.00412020000112534,0.011939700001676101,76697600
449,1305031117.411221,data\rgbd_dataset_freiburg1_xyz\rgb\1305031117.411221.png,data\rgbd_dataset_freiburg1_xyz\depth\1305031117.408538.png,0.002682924270629883,0.0043790340423583984,680,0.007984800000485848,0.0015612000006512972,0.0023228999998536892,0.0038841000005049864,0.011868900000990834,76689408
450,1305031117.443274,data\rgbd_dataset_freiburg1_xyz\rgb\1305031117.443274.png,data\rgbd_dataset_freiburg1_xyz\depth\1305031117.442208.png,0.001065969467163086,0.0023260116577148438,707,0.008197500001188018,0.0015150999988691183,0.004912700000204495,0.0064277999990736134,0.014625300000261632,76767232
451,1305031117.479403,data\rgbd_dataset_freiburg1_xyz\rgb\1305031117.479403.png,data\rgbd_dataset_freiburg1_xyz\depth\1305031117.475651.png,0.003751993179321289,0.0037031173706054688,722,0.007912500001111766,0.001646200000323006,0.004094799998711096,0.005740999999034102,0.013653500000145868,76775424
452,1305031117.511325,data\rgbd_dataset_freiburg1_xyz\rgb\1305031117.511325.png,data\rgbd_dataset_freiburg1_xyz\depth\1305031117.508882.png,0.0024428367614746094,0.004275083541870117,741,0.008110599999781698,0.0017638000008446397,0.0034868000002461486,0.005250600001090788,0.013361200000872486,76812288
453,1305031117.544285,data\rgbd_dataset_freiburg1_xyz\rgb\1305031117.544285.png,data\rgbd_dataset_freiburg1_xyz\depth\1305031117.539736.png,0.0045490264892578125,0.0013148784637451172,762,0.00805209999998624,0.001618399999642861,0.006264699999519507,0.007883099999162368,0.015935199999148608,77492224
454,1305031117.579155,data\rgbd_dataset_freiburg1_xyz\rgb\1305031117.579155.png,data\rgbd_dataset_freiburg1_xyz\depth\1305031117.577860.png,0.001294851303100586,0.003454923629760742,819,0.008118599998852005,0.0016054000006988645,0.009230999999999767,0.010836400000698632,0.018954999999550637,77508608
455,1305031117.611159,data\rgbd_dataset_freiburg1_xyz\rgb\1305031117.611159.png,data\rgbd_dataset_freiburg1_xyz\depth\1305031117.607777.png,0.003381967544555664,0.004540920257568359,816,0.007934199998999247,0.0016790000008768402,0.006134100000053877,0.007813100000930717,0.015747299999929965,77524992
456,1305031117.643252,data\rgbd_dataset_freiburg1_xyz\rgb\1305031117.643252.png,data\rgbd_dataset_freiburg1_xyz\depth\1305031117.643284.png,3.218650817871094e-05,0.0024480819702148438,830,0.008569100000386243,0.0016981999997369712,0.0038014999990991782,0.0054996999988361495,0.014068799999222392,76902400
457,1305031117.679262,data\rgbd_dataset_freiburg1_xyz\rgb\1305031117.679262.png,data\rgbd_dataset_freiburg1_xyz\depth\1305031117.675483.png,0.0037789344787597656,0.0036618709564208984,872,0.007895400000052177,0.0015953000001900364,0.007813099999111728,0.009408399999301764,0.01730379999935394,76939264
458,1305031117.711184,data\rgbd_dataset_freiburg1_xyz\rgb\1305031117.711184.png,data\rgbd_dataset_freiburg1_xyz\depth\1305031117.711215.png,3.0994415283203125e-05,0.004415988922119141,890,0.008837700001095072,0.0019355999993422301,0.006071800000427174,0.008007399999769405,0.016845100000864477,77012992
459,1305031117.743184,data\rgbd_dataset_freiburg1_xyz\rgb\1305031117.743184.png,data\rgbd_dataset_freiburg1_xyz\depth\1305031117.742995.png,0.00018906593322753906,0.0025157928466796875,920,0.010826599998836173,0.00227919999997539,0.008663599999636062,0.010942799999611452,0.021769399998447625,77053952
460,1305031117.779467,data\rgbd_dataset_freiburg1_xyz\rgb\1305031117.779467.png,data\rgbd_dataset_freiburg1_xyz\depth\1305031117.778969.png,0.0004980564117431641,0.0037670135498046875,926,0.008118100000501727,0.0016856000002007931,0.008553400000891997,0.01023900000109279,0.018357100001594517,77000704
461,1305031117.81132,data\rgbd_dataset_freiburg1_xyz\rgb\1305031117.811320.png,data\rgbd_dataset_freiburg1_xyz\depth\1305031117.811060.png,0.0002601146697998047,0.0042798519134521484,925,0.007925600000817212,0.0016484999996464467,0.004114199999094126,0.0057626999987405725,0.013688299999557785,77012992
462,1305031117.843291,data\rgbd_dataset_freiburg1_xyz\rgb\1305031117.843291.png,data\rgbd_dataset_freiburg1_xyz\depth\1305031117.843307.png,1.5974044799804688e-05,0.0024089813232421875,927,0.008691799999724026,0.0017156999983853893,0.004004500000519329,0.005720199998904718,0.014411999998628744,77029376
463,1305031117.879451,data\rgbd_dataset_freiburg1_xyz\rgb\1305031117.879451.png,data\rgbd_dataset_freiburg1_xyz\depth\1305031117.879467.png,1.5974044799804688e-05,0.003751039505004883,964,0.008395299999392591,0.0015897000012046192,0.005975299998681294,0.007564999999885913,0.015960299999278504,77058048
464,1305031117.911407,data\rgbd_dataset_freiburg1_xyz\rgb\1305031117.911407.png,data\rgbd_dataset_freiburg1_xyz\depth\1305031117.908762.png,0.0026450157165527344,0.00419306755065918,963,0.007888699999966775,0.0017719999996188562,0.005583899999692221,0.007355899999311077,0.015244599999277852,77070336
465,1305031117.943253,data\rgbd_dataset_freiburg1_xyz\rgb\1305031117.943253.png,data\rgbd_dataset_freiburg1_xyz\depth\1305031117.943272.png,1.9073486328125e-05,0.0023469924926757812,965,0.00826730000153475,0.0016586999990977347,0.004356499999630614,0.006015199998728349,0.014282500000263099,77107200
466,1305031117.979228,data\rgbd_dataset_freiburg1_xyz\rgb\1305031117.979228.png,data\rgbd_dataset_freiburg1_xyz\depth\1305031117.979263.png,3.504753112792969e-05,0.0036280155181884766,947,0.009112699999604956,0.0017976999988604803,0.005017499999667052,0.0068151999985275324,0.01592789999813249,77086720
467,1305031118.011228,data\rgbd_dataset_freiburg1_xyz\rgb\1305031118.011228.png,data\rgbd_dataset_freiburg1_xyz\depth\1305031118.011013.png,0.00021505355834960938,0.004472017288208008,952,0.009495300000708085,0.0015060999994602753,0.005014200000005076,0.006520299999465351,0.016015600000173436,77115392
468,1305031118.043521,data\rgbd_dataset_freiburg1_xyz\rgb\1305031118.043521.png,data\rgbd_dataset_freiburg1_xyz\depth\1305031118.043549.png,2.8133392333984375e-05,0.0021791458129882812,936,0.009021900001243921,0.0014931000005162787,0.003585399999792571,0.00507850000030885,0.01410040000155277,77094912
469,1305031118.079334,data\rgbd_dataset_freiburg1_xyz\rgb\1305031118.079334.png,data\rgbd_dataset_freiburg1_xyz\depth\1305031118.079369.png,3.504753112792969e-05,0.0036339759826660156,967,0.00838819999989937,0.001522599999589147,0.004767800000990974,0.006290400000580121,0.014678600000479491,77066240
470,1305031118.111217,data\rgbd_dataset_freiburg1_xyz\rgb\1305031118.111217.png,data\rgbd_dataset_freiburg1_xyz\depth\1305031118.110863.png,0.0003540515899658203,0.004383087158203125,956,0.010533499998928164,0.0020399999993969686,0.005216700001255958,0.007256700000652927,0.01779019999958109,77107200
471,1305031118.143256,data\rgbd_dataset_freiburg1_xyz\rgb\1305031118.143256.png,data\rgbd_dataset_freiburg1_xyz\depth\1305031118.142285.png,0.0009708404541015625,0.002444028854370117,933,0.010835200000656187,0.002257899999676738,0.005455499998788582,0.00771339999846532,0.018548599999121507,77103104
472,1305031118.179323,data\rgbd_dataset_freiburg1_xyz\rgb\1305031118.179323.png,data\rgbd_dataset_freiburg1_xyz\depth\1305031118.178170.png,0.0011529922485351562,0.0037229061126708984,922,0.007777099999657366,0.0014648000014858553,0.005551300000661286,0.007016100002147141,0.014793200001804507,77111296
473,1305031118.211202,data\rgbd_dataset_freiburg1_xyz\rgb\1305031118.211202.png,data\rgbd_dataset_freiburg1_xyz\depth\1305031118.210782.png,0.00041985511779785156,0.0043981075286865234,934,0.008010699999431381,0.0014336000003822846,0.005788200000097277,0.007221800000479561,0.015232499999910942,77131776
474,1305031118.243173,data\rgbd_dataset_freiburg1_xyz\rgb\1305031118.243173.png,data\rgbd_dataset_freiburg1_xyz\depth\1305031118.242948.png,0.00022482872009277344,0.0024271011352539062,930,0.007775099998980295,0.0014740999995410675,0.00896170000123675,0.010435800000777817,0.018210899999758112,77103104
475,1305031118.279194,data\rgbd_dataset_freiburg1_xyz\rgb\1305031118.279194.png,data\rgbd_dataset_freiburg1_xyz\depth\1305031118.278991.png,0.00020313262939453125,0.0034940242767333984,957,0.008302899999762303,0.0015841000004002126,0.011644500000329572,0.013228600000729784,0.021531500000492088,77148160
476,1305031118.311299,data\rgbd_dataset_freiburg1_xyz\rgb\1305031118.311299.png,data\rgbd_dataset_freiburg1_xyz\depth\1305031118.310731.png,0.0005681514739990234,0.004300832748413086,1000,0.007801699999617995,0.0014900000005582115,0.011738899998817942,0.013228899999376154,0.02103059999899415,77107200
477,1305031118.343324,data\rgbd_dataset_freiburg1_xyz\rgb\1305031118.343324.png,data\rgbd_dataset_freiburg1_xyz\depth\1305031118.342079.png,0.0012450218200683594,0.002376079559326172,1020,0.008075199999439064,0.0016895000007934868,0.009392900001330418,0.011082400002123904,0.01915760000156297,77148160
478,1305031118.379208,data\rgbd_dataset_freiburg1_xyz\rgb\1305031118.379208.png,data\rgbd_dataset_freiburg1_xyz\depth\1305031118.377003.png,0.0022051334381103516,0.0036079883575439453,1029,0.008661199999551172,0.0014158999983919784,0.01300939999964612,0.0144252999980381,0.02308649999758927,77127680
479,1305031118.411296,data\rgbd_dataset_freiburg1_xyz\rgb\1305031118.411296.png,data\rgbd_dataset_freiburg1_xyz\depth\1305031118.408818.png,0.002477884292602539,0.004304170608520508,1062,0.008772899998803041,0.0019489999995130347,0.022219099999347236,0.02416809999886027,0.03294099999766331,77250560
480,1305031118.445692,data\rgbd_dataset_freiburg1_xyz\rgb\1305031118.445692.png,data\rgbd_dataset_freiburg1_xyz\depth\1305031118.445703.png,1.0967254638671875e-05,7.867813110351562e-06,1090,0.013342399999601184,0.002387400001680362,0.00812719999885303,0.010514600000533392,0.023857000000134576,77275136
481,1305031118.479285,data\rgbd_dataset_freiburg1_xyz\rgb\1305031118.479285.png,data\rgbd_dataset_freiburg1_xyz\depth\1305031118.477869.png,0.0014159679412841797,0.0035851001739501953,1078,0.01172000000042317,0.0019124999998894054,0.004752499999085558,0.006664999998974963,0.018384999999398133,77176832
482,1305031118.511255,data\rgbd_dataset_freiburg1_xyz\rgb\1305031118.511255.png,data\rgbd_dataset_freiburg1_xyz\depth\1305031118.510201.png,0.0010540485382080078,0.004344940185546875,1088,0.00994390000050771,0.0025043000005098293,0.008762199999182485,0.011266499999692314,0.021210400000200025,77209600
483,1305031118.544414,data\rgbd_dataset_freiburg1_xyz\rgb\1305031118.544414.png,data\rgbd_dataset_freiburg1_xyz\depth\1305031118.545199.png,0.0007848739624023438,0.0011858940124511719,1051,0.014590500000849715,0.0021813999992446043,0.0057899000003089895,0.007971299999553594,0.02256180000040331,77180928
484,1305031118.579285,data\rgbd_dataset_freiburg1_xyz\rgb\1305031118.579285.png,data\rgbd_dataset_freiburg1_xyz\depth\1305031118.576377.png,0.002907991409301758,0.00368499755859375,1081,0.011130999999295454,0.002132499999788706,0.0060570000005100155,0.008189500000298722,0.019320499999594176,77176832
485,1305031118.616142,data\rgbd_dataset_freiburg1_xyz\rgb\1305031118.616142.png,data\rgbd_dataset_freiburg1_xyz\depth\1305031118.610869.png,0.005273103713989258,0.0005419254302978516,1031,0.008549700000003213,0.0016059999998105923,0.006446499999583466,0.008052499999394058,0.01660219999939727,77205504
486,1305031118.645325,data\rgbd_dataset_freiburg1_xyz\rgb\1305031118.645325.png,data\rgbd_dataset_freiburg1_xyz\depth\1305031118.645331.png,5.9604644775390625e-06,0.0002751350402832031,1000,0.008381800000279327,0.0015530999990005512,0.007045000000289292,0.008598099999289843,0.01697989999956917,77123584
487,1305031118.679295,data\rgbd_dataset_freiburg1_xyz\rgb\1305031118.679295.png,data\rgbd_dataset_freiburg1_xyz\depth\1305031118.675082.png,0.004213094711303711,0.0036950111389160156,1000,0.009565100001054816,0.0016854999994393438,0.01767219999965164,0.019357699999090983,0.0289228000001458,77160448
488,1305031118.711421,data\rgbd_dataset_freiburg1_xyz\rgb\1305031118.711421.png,data\rgbd_dataset_freiburg1_xyz\depth\1305031118.710140.png,0.0012810230255126953,0.0041790008544921875,976,0.00790699999924982,0.0017167000005429145,0.011269299999185023,0.012985999999727937,0.020892999998977757,77152256
489,1305031118.74677,data\rgbd_dataset_freiburg1_xyz\rgb\1305031118.746770.png,data\rgbd_dataset_freiburg1_xyz\depth\1305031118.746801.png,3.0994415283203125e-05,0.0011699199676513672,977,0.009476499999436783,0.0016618000008747913,0.004714000000603846,0.006375800001478638,0.01585230000091542,77148160
490,1305031118.779277,data\rgbd_dataset_freiburg1_xyz\rgb\1305031118.779277.png,data\rgbd_dataset_freiburg1_xyz\depth\1305031118.778790.png,0.0004870891571044922,0.0036771297454833984,1026,0.008942700000261539,0.0015132999997149454,0.00585270000010496,0.0073659999998199055,0.016308700000081444,77189120
491,1305031118.811221,data\rgbd_dataset_freiburg1_xyz\rgb\1305031118.811221.png,data\rgbd_dataset_freiburg1_xyz\depth\1305031118.810703.png,0.0005178451538085938,0.0043790340423583984,980,0.008545299999241251,0.001634399999602465,0.022202800000741263,0.023837200000343728,0.03238249999958498,77078528
492,1305031118.846753,data\rgbd_dataset_freiburg1_xyz\rgb\1305031118.846753.png,data\rgbd_dataset_freiburg1_xyz\depth\1305031118.846774.png,2.1219253540039062e-05,0.0011529922485351562,953,0.013956400000097346,0.002595199999632314,0.006272599999647355,0.008867799999279669,0.022824199999377015,77205504
493,1305031118.879208,data\rgbd_dataset_freiburg1_xyz\rgb\1305031118.879208.png,data\rgbd_dataset_freiburg1_xyz\depth\1305031118.875402.png,0.0038061141967773438,0.0036079883575439453,977,0.011138800000480842,0.002619799999592942,0.013334000001123059,0.015953800000716,0.027092600001196843,77279232
494,1305031118.911177,data\rgbd_dataset_freiburg1_xyz\rgb\1305031118.911177.png,data\rgbd_dataset_freiburg1_xyz\depth\1305031118.909608.png,0.0015690326690673828,0.0044231414794921875,988,0.014994199998909608,0.0026920000000245636,0.035676299999977346,0.03836830000000191,0.05336249999891152,77320192
495,1305031118.946974,data\rgbd_dataset_freiburg1_xyz\rgb\1305031118.946974.png,data\rgbd_dataset_freiburg1_xyz\depth\1305031118.947009.png,3.504753112792969e-05,0.0013740062713623047,998,0.01977660000011383,0.0022123000017018057,0.007844200001272839,0.010056500002974644,0.029833100003088475,77377536
496,1305031118.979374,data\rgbd_dataset_freiburg1_xyz\rgb\1305031118.979374.png,data\rgbd_dataset_freiburg1_xyz\depth\1305031118.979394.png,2.002716064453125e-05,0.003773927688598633,960,0.008621200000561657,0.001522599999589147,0.003978599999754806,0.005501199999343953,0.01412239999990561,77352960
497,1305031119.011363,data\rgbd_dataset_freiburg1_xyz\rgb\1305031119.011363.png,data\rgbd_dataset_freiburg1_xyz\depth\1305031119.009712.png,0.0016510486602783203,0.0043370723724365234,901,0.007980499998666346,0.002269700000397279,0.011421400000472204,0.013691100000869483,0.02167159999953583,77373440
498,1305031119.047172,data\rgbd_dataset_freiburg1_xyz\rgb\1305031119.047172.png,data\rgbd_dataset_freiburg1_xyz\depth\1305031119.047180.png,7.867813110351562e-06,0.0015721321105957031,966,0.009997799999837298,0.0015246999992086785,0.018263099998875987,0.019787799998084665,0.029785599997921963,77418496
499,1305031119.079223,data\rgbd_dataset_freiburg1_xyz\rgb\1305031119.079223.png,data\rgbd_dataset_freiburg1_xyz\depth\1305031119.078966.png,0.0002570152282714844,0.0035228729248046875,938,0.007911400000011781,0.0015832000008231262,0.004739099998914753,0.006322299999737879,0.01423369999974966,77438976
500,1305031119.111328,data\rgbd_dataset_freiburg1_xyz\rgb\1305031119.111328.png,data\rgbd_dataset_freiburg1_xyz\depth\1305031119.110884.png,0.0004439353942871094,0.0042722225189208984,934,0.007642200000191224,0.0015644000013708137,0.004085799999302253,0.005650200000673067,0.01329240000086429,77418496
501,1305031119.147616,data\rgbd_dataset_freiburg1_xyz\rgb\1305031119.147616.png,data\rgbd_dataset_freiburg1_xyz\depth\1305031119.147629.png,1.3113021850585938e-05,0.0019159317016601562,928,0.008715699999811477,0.0017298999991908204,0.005561799998758943,0.007291699997949763,0.01600739999776124,77393920
502,1305031119.179226,data\rgbd_dataset_freiburg1_xyz\rgb\1305031119.179226.png,data\rgbd_dataset_freiburg1_xyz\depth\1305031119.179262.png,3.600120544433594e-05,0.003525972366333008,925,0.008403199999520439,0.0021051000003353693,0.0051069000001007225,0.007212000000436092,0.01561519999995653,77463552
503,1305031119.211364,data\rgbd_dataset_freiburg1_xyz\rgb\1305031119.211364.png,data\rgbd_dataset_freiburg1_xyz\depth\1305031119.210906.png,0.00045800209045410156,0.004235982894897461,941,0.007978100000400445,0.0014578999998775544,0.006983400000535767,0.008441300000413321,0.016419400000813766,77471744
504,1305031119.247399,data\rgbd_dataset_freiburg1_xyz\rgb\1305031119.247399.png,data\rgbd_dataset_freiburg1_xyz\depth\1305031119.247660.png,0.0002608299255371094,0.001699209213256836,943,0.007798700000421377,0.0015791000005265232,0.005742100000134087,0.00732120000066061,0.015119900001081987,77578240
505,1305031119.279212,data\rgbd_dataset_freiburg1_xyz\rgb\1305031119.279212.png,data\rgbd_dataset_freiburg1_xyz\depth\1305031119.279244.png,3.1948089599609375e-05,0.003612041473388672,949,0.008396900000661844,0.0016310999999404885,0.004162499999438296,0.0057935999993787846,0.014190500000040629,77553664
506,1305031119.311212,data\rgbd_dataset_freiburg1_xyz\rgb\1305031119.311212.png,data\rgbd_dataset_freiburg1_xyz\depth\1305031119.310755.png,0.0004570484161376953,0.004387855529785156,964,0.008644100000310573,0.0018829999989975477,0.005113900000651483,0.006996899999649031,0.015640999999959604,77565952
507,1305031119.347741,data\rgbd_dataset_freiburg1_xyz\rgb\1305031119.347741.png,data\rgbd_dataset_freiburg1_xyz\depth\1305031119.347750.png,9.059906005859375e-06,0.002040863037109375,968,0.008295899999211542,0.001564600001074723,0.005216100000325241,0.006780700001399964,0.015076600000611506,77512704
508,1305031119.379239,data\rgbd_dataset_freiburg1_xyz\rgb\1305031119.379239.png,data\rgbd_dataset_freiburg1_xyz\depth\1305031119.378631.png,0.0006079673767089844,0.0036389827728271484,979,0.00981580000006943,0.0015029000005597482,0.006298700000115787,0.007801600000675535,0.017617400000744965,77508608
509,1305031119.411484,data\rgbd_dataset_freiburg1_xyz\rgb\1305031119.411484.png,data\rgbd_dataset_freiburg1_xyz\depth\1305031119.411492.png,8.106231689453125e-06,0.004116058349609375,933,0.008123899999191053,0.0016118000003189081,0.0041001999998115934,0.005712000000130502,0.013835899999321555,77459456
510,1305031119.447706,data\rgbd_dataset_freiburg1_xyz\rgb\1305031119.447706.png,data\rgbd_dataset_freiburg1_xyz\depth\1305031119.447726.png,2.002716064453125e-05,0.0021059513092041016,913,0.007932700000310433,0.0015751999999338295,0.006835599999249098,0.008410799999182927,0.01634349999949336,77520896
511,1305031119.479267,data\rgbd_dataset_freiburg1_xyz\rgb\1305031119.479267.png,data\rgbd_dataset_freiburg1_xyz\depth\1305031119.477682.png,0.001584768295288086,0.0036668777465820312,891,0.007895200000348268,0.001576500000737724,0.004819800000404939,0.006396300001142663,0.014291500001490931,77475840
512,1305031119.51124,data\rgbd_dataset_freiburg1_xyz\rgb\1305031119.511240.png,data\rgbd_dataset_freiburg1_xyz\depth\1305031119.511258.png,1.7881393432617188e-05,0.00446009635925293,906,0.00795769999967888,0.0016532000008737668,0.005272599999443628,0.006925800000317395,0.014883499999996275,77504512
513,1305031119.547382,data\rgbd_dataset_freiburg1_xyz\rgb\1305031119.547382.png,data\rgbd_dataset_freiburg1_xyz\depth\1305031119.547414.png,3.1948089599609375e-05,0.0017821788787841797,886,0.0083109000006516,0.0016109999996842816,0.004414099999848986,0.006025099999533268,0.014336000000184868,77512704
514,1305031119.579559,data\rgbd_dataset_freiburg1_xyz\rgb\1305031119.579559.png,data\rgbd_dataset_freiburg1_xyz\depth\1305031119.579569.png,1.0013580322265625e-05,0.003959178924560547,866,0.008705799999006558,0.001726099999359576,0.004245299998729024,0.0059713999980886,0.014677199997095158,77541376
515,1305031119.615017,data\rgbd_dataset_freiburg1_xyz\rgb\1305031119.615017.png,data\rgbd_dataset_freiburg1_xyz\depth\1305031119.615024.png,7.152557373046875e-06,0.0005831718444824219,865,0.008399000000281376,0.0033999999996012775,0.010854600001039216,0.014254600000640494,0.02265360000092187,77537280
516,1305031119.647903,data\rgbd_dataset_freiburg1_xyz\rgb\1305031119.647903.png,data\rgbd_dataset_freiburg1_xyz\depth\1305031119.648889.png,0.0009860992431640625,0.002302885055541992,866,0.010294199999407283,0.0017311000010522548,0.01401860000078159,0.015749700001833844,0.026043900001241127,77520896
517,1305031119.679208,data\rgbd_dataset_freiburg1_xyz\rgb\1305031119.679208.png,data\rgbd_dataset_freiburg1_xyz\depth\1305031119.675566.png,0.0036420822143554688,0.0036079883575439453,859,0.009062200000698795,0.001835400000345544,0.00772289999986242,0.009558300000207964,0.01862050000090676,77508608
518,1305031119.715232,data\rgbd_dataset_freiburg1_xyz\rgb\1305031119.715232.png,data\rgbd_dataset_freiburg1_xyz\depth\1305031119.715249.png,1.71661376953125e-05,0.0004680156707763672,812,0.008233900000050198,0.0017148999995697523,0.007314799999221577,0.00902969999879133,0.017263599998841528,77529088
519,1305031119.747193,data\rgbd_dataset_freiburg1_xyz\rgb\1305031119.747193.png,data\rgbd_dataset_freiburg1_xyz\depth\1305031119.744886.png,0.0023071765899658203,0.001493215560913086,800,0.008590000001277076,0.0019138000006932998,0.004952000001139822,0.006865800001833122,0.015455800003110198,77520896
520,1305031119.779169,data\rgbd_dataset_freiburg1_xyz\rgb\1305031119.779169.png,data\rgbd_dataset_freiburg1_xyz\depth\1305031119.778628.png,0.0005409717559814453,0.0035691261291503906,786,0.008670499999425374,0.0018369000008533476,0.006703499999275664,0.008540400000129011,0.017210899999554385,77508608
521,1305031119.814537,data\rgbd_dataset_freiburg1_xyz\rgb\1305031119.814537.png,data\rgbd_dataset_freiburg1_xyz\depth\1305031119.814571.png,3.3855438232421875e-05,0.0010628700256347656,793,0.011178300001120078,0.0024885999991965946,0.007140600000639097,0.009629199999835691,0.02080750000095577,77512704
522,1305031119.847429,data\rgbd_dataset_freiburg1_xyz\rgb\1305031119.847429.png,data\rgbd_dataset_freiburg1_xyz\depth\1305031119.847445.png,1.5974044799804688e-05,0.0018291473388671875,803,0.009893699998428929,0.001635099999475642,0.0031350999997812323,0.0047701999992568744,0.014663899997685803,77545472
523,1305031119.879214,data\rgbd_dataset_freiburg1_xyz\rgb\1305031119.879214.png,data\rgbd_dataset_freiburg1_xyz\depth\1305031119.879232.png,1.7881393432617188e-05,0.0035140514373779297,764,0.009269800000765827,0.0018309000006411225,0.006262400000196067,0.00809330000083719,0.017363100001603016,77508608
524,1305031119.911401,data\rgbd_dataset_freiburg1_xyz\rgb\1305031119.911401.png,data\rgbd_dataset_freiburg1_xyz\depth\1305031119.911424.png,2.288818359375e-05,0.0040988922119140625,748,0.008437100001174258,0.0015918000008241506,0.0023891999990155455,0.003980999999839696,0.012418100001013954,77504512
525,1305031119.947392,data\rgbd_dataset_freiburg1_xyz\rgb\1305031119.947392.png,data\rgbd_dataset_freiburg1_xyz\depth\1305031119.947462.png,7.009506225585938e-05,0.0017919540405273438,767,0.007655999999769847,0.0014460000002145534,0.004329899998992914,0.005775899999207468,0.013431899998977315,77549568
526,1305031119.979537,data\rgbd_dataset_freiburg1_xyz\rgb\1305031119.979537.png,data\rgbd_dataset_freiburg1_xyz\depth\1305031119.979546.png,9.059906005859375e-06,0.0039370059967041016,755,0.007805499999449239,0.0016496000007464318,0.004766800000652438,0.00641640000139887,0.014221900000848109,77553664
527,1305031120.015264,data\rgbd_dataset_freiburg1_xyz\rgb\1305031120.015264.png,data\rgbd_dataset_freiburg1_xyz\depth\1305031120.015283.png,1.9073486328125e-05,0.00033593177795410156,753,0.009043099998962134,0.0016250000007858034,0.0033061999984056456,0.004931199999191449,0.013974299998153583,77553664
528,1305031120.04729,data\rgbd_dataset_freiburg1_xyz\rgb\1305031120.047290.png,data\rgbd_dataset_freiburg1_xyz\depth\1305031120.047310.png,2.002716064453125e-05,0.0016901493072509766,757,0.00824329999886686,0.0020096999996894738,0.006652699999904144,0.008662399999593617,0.016905699998460477,77488128
529,1305031120.079418,data\rgbd_dataset_freiburg1_xyz\rgb\1305031120.079418.png,data\rgbd_dataset_freiburg1_xyz\depth\1305031120.075690.png,0.0037279129028320312,0.003818035125732422,743,0.008120299999063718,0.0020518999990599696,0.003274299999247887,0.005326199998307857,0.013446499997371575,77471744
530,1305031120.115232,data\rgbd_dataset_freiburg1_xyz\rgb\1305031120.115232.png,data\rgbd_dataset_freiburg1_xyz\depth\1305031120.115249.png,1.6927719116210938e-05,0.0003681182861328125,756,0.009166800000457442,0.0019446000005700625,0.004077899999174406,0.006022499999744468,0.01518930000020191,77422592
531,1305031120.148157,data\rgbd_dataset_freiburg1_xyz\rgb\1305031120.148157.png,data\rgbd_dataset_freiburg1_xyz\depth\1305031120.148175.png,1.811981201171875e-05,0.0025568008422851562,746,0.011571600000024773,0.002369600000747596,0.004522699999142787,0.006892299999890383,0.018463899999915157,77406208
532,1305031120.179246,data\rgbd_dataset_freiburg1_xyz\rgb\1305031120.179246.png,data\rgbd_dataset_freiburg1_xyz\depth\1305031120.179261.png,1.5020370483398438e-05,0.0036458969116210938,734,0.009253199999875505,0.0015125000008993084,0.0028741999994963408,0.004386700000395649,0.013639900000271155,77434880
533,1305031120.215249,data\rgbd_dataset_freiburg1_xyz\rgb\1305031120.215249.png,data\rgbd_dataset_freiburg1_xyz\depth\1305031120.215260.png,1.0967254638671875e-05,0.0003509521484375,740,0.007854299999962677,0.0017102000001614215,0.0025526999997964595,0.004262899999957881,0.012117199999920558,77381632
534,1305031120.248003,data\rgbd_dataset_freiburg1_xyz\rgb\1305031120.248003.png,data\rgbd_dataset_freiburg1_xyz\depth\1305031120.248018.png,1.5020370483398438e-05,0.0024030208587646484,755,0.007680600001549465,0.001728999999613734,0.003730399999767542,0.005459399999381276,0.01314000000093074,77344768
535,1305031120.27943,data\rgbd_dataset_freiburg1_xyz\rgb\1305031120.279430.png,data\rgbd_dataset_freiburg1_xyz\depth\1305031120.279441.png,1.1205673217773438e-05,0.0037298202514648438,744,0.007286399999429705,0.0016297000001941342,0.00298089999887452,0.004610599999068654,0.011896999998498359,77357056
536,1305031120.315196,data\rgbd_dataset_freiburg1_xyz\rgb\1305031120.315196.png,data\rgbd_dataset_freiburg1_xyz\depth\1305031120.315213.png,1.6927719116210938e-05,0.0004038810729980469,756,0.007801100000506267,0.0016709000010450836,0.003982999998697778,0.005653899999742862,0.013455000000249129,77365248
537,1305031120.347787,data\rgbd_dataset_freiburg1_xyz\rgb\1305031120.347787.png,data\rgbd_dataset_freiburg1_xyz\depth\1305031120.347797.png,1.0013580322265625e-05,0.002187013626098633,750,0.00786100000004808,0.0016537999999854947,0.0036028000013175188,0.005256600001303013,0.013117600001351093,77414400
538,1305031120.379437,data\rgbd_dataset_freiburg1_xyz\rgb\1305031120.379437.png,data\rgbd_dataset_freiburg1_xyz\depth\1305031120.379446.png,9.059906005859375e-06,0.0038368701934814453,739,0.008169299999281066,0.0015538999996351777,0.003471299998636823,0.005025199998272001,0.013194499997553066,77381632
539,1305031120.415445,data\rgbd_dataset_freiburg1_xyz\rgb\1305031120.415445.png,data\rgbd_dataset_freiburg1_xyz\depth\1305031120.415490.png,4.482269287109375e-05,0.00015497207641601562,746,0.00818289999915578,0.0018208000001322944,0.0039046000001690118,0.005725400000301306,0.013908299999457086,77438976
540,1305031120.447417,data\rgbd_dataset_freiburg1_xyz\rgb\1305031120.447417.png,data\rgbd_dataset_freiburg1_xyz\depth\1305031120.447433.png,1.5974044799804688e-05,0.0018169879913330078,761,0.008247699999628821,0.0019302999990031822,0.008454900000288035,0.010385199999291217,0.01863289999892004,77393920
541,1305031120.479432,data\rgbd_dataset_freiburg1_xyz\rgb\1305031120.479432.png,data\rgbd_dataset_freiburg1_xyz\depth\1305031120.475582.png,0.003850221633911133,0.003832101821899414,752,0.0079795000001468,0.001631999999517575,0.007956499999636435,0.00958849999915401,0.01756799999930081,77479936
542,1305031120.514819,data\rgbd_dataset_freiburg1_xyz\rgb\1305031120.514819.png,data\rgbd_dataset_freiburg1_xyz\depth\1305031120.514877.png,5.817413330078125e-05,0.0007810592651367188,747,0.010292700000718469,0.002280300001075375,0.007417500000883592,0.009697800001958967,0.019990500002677436,77488128
543,1305031120.547736,data\rgbd_dataset_freiburg1_xyz\rgb\1305031120.547736.png,data\rgbd_dataset_freiburg1_xyz\depth\1305031120.547807.png,7.104873657226562e-05,0.0021359920501708984,786,0.008478699999614037,0.001908000000184984,0.006745700000465149,0.008653700000650133,0.01713240000026417,77504512
544,1305031120.579551,data\rgbd_dataset_freiburg1_xyz\rgb\1305031120.579551.png,data\rgbd_dataset_freiburg1_xyz\depth\1305031120.579559.png,8.106231689453125e-06,0.003951072692871094,824,0.008239599999797065,0.0017408999992767349,0.005609199999526027,0.0073500999988027615,0.015589699998599826,77537280
545,1305031120.615236,data\rgbd_dataset_freiburg1_xyz\rgb\1305031120.615236.png,data\rgbd_dataset_freiburg1_xyz\depth\1305031120.615271.png,3.504753112792969e-05,0.00036406517028808594,840,0.008988000001409091,0.001525499999843305,0.006828600000517326,0.008354100000360631,0.017342100001769722,77574144
546,1305031120.647354,data\rgbd_dataset_freiburg1_xyz\rgb\1305031120.647354.png,data\rgbd_dataset_freiburg1_xyz\depth\1305031120.646607.png,0.0007469654083251953,0.0017538070678710938,878,0.007536499999332591,0.001841400000557769,0.006989699999394361,0.00883109999995213,0.01636759999928472,77639680
547,1305031120.679318,data\rgbd_dataset_freiburg1_xyz\rgb\1305031120.679318.png,data\rgbd_dataset_freiburg1_xyz\depth\1305031120.678467.png,0.0008509159088134766,0.003618001937866211,900,0.007868499998949119,0.0018400999997538747,0.009031100000356673,0.010871200000110548,0.018739699999059667,77631488
548,1305031120.714522,data\rgbd_dataset_freiburg1_xyz\rgb\1305031120.714522.png,data\rgbd_dataset_freiburg1_xyz\depth\1305031120.714553.png,3.123283386230469e-05,0.0010781288146972656,901,0.007934700000987505,0.0015507999996771105,0.005037099999753991,0.006587899999431102,0.014522600000418606,77627392
549,1305031120.747369,data\rgbd_dataset_freiburg1_xyz\rgb\1305031120.747369.png,data\rgbd_dataset_freiburg1_xyz\depth\1305031120.747396.png,2.6941299438476562e-05,0.001669168472290039,907,0.007824000000255182,0.0016378000000258908,0.00440330000128597,0.006041100001311861,0.013865100001567043,77639680
550,1305031120.779894,data\rgbd_dataset_freiburg1_xyz\rgb\1305031120.779894.png,data\rgbd_dataset_freiburg1_xyz\depth\1305031120.779908.png,1.3828277587890625e-05,0.004294157028198242,965,0.0077158000003691996,0.0015745999990031123,0.006047400000170455,0.007621999999173568,0.015337799999542767,77778944
551,1305031120.814944,data\rgbd_dataset_freiburg1_xyz\rgb\1305031120.814944.png,data\rgbd_dataset_freiburg1_xyz\depth\1305031120.814905.png,3.910064697265625e-05,0.0006558895111083984,992,0.008133399998769164,0.0015380000004370231,0.015554400000837632,0.017092400001274655,0.02522580000004382,77832192
552,1305031120.847921,data\rgbd_dataset_freiburg1_xyz\rgb\1305031120.847921.png,data\rgbd_dataset_freiburg1_xyz\depth\1305031120.847942.png,2.1219253540039062e-05,0.002321004867553711,973,0.009032699999806937,0.0016335000000253785,0.00634879999961413,0.007982299999639508,0.017014999999446445,77815808
553,1305031120.883435,data\rgbd_dataset_freiburg1_xyz\rgb\1305031120.883435.png,data\rgbd_dataset_freiburg1_xyz\depth\1305031120.883454.png,1.9073486328125e-05,0.002165079116821289,1018,0.007885700000770157,0.0016037000004871516,0.0053026999994472135,0.006906399999934365,0.014792100000704522,77869056
554,1305031120.915444,data\rgbd_dataset_freiburg1_xyz\rgb\1305031120.915444.png,data\rgbd_dataset_freiburg1_xyz\depth\1305031120.915454.png,1.0013580322265625e-05,0.00015616416931152344,1018,0.009351900000183377,0.0021481000003404915,0.015460299999176641,0.017608399999517133,0.02696029999970051,77864960
555,1305031120.947488,data\rgbd_dataset_freiburg1_xyz\rgb\1305031120.947488.png,data\rgbd_dataset_freiburg1_xyz\depth\1305031120.947509.png,2.09808349609375e-05,0.0017881393432617188,1027,0.009182899999359506,0.0017284000005020062,0.005306099999870639,0.0070345000003726454,0.01621739999973215,77873152
556,1305031120.983366,data\rgbd_dataset_freiburg1_xyz\rgb\1305031120.983366.png,data\rgbd_dataset_freiburg1_xyz\depth\1305031120.983390.png,2.4080276489257812e-05,0.0022339820861816406,1042,0.007943300000988529,0.001582599999892409,0.0041347999995196005,0.0057173999994120095,0.013660700000400539,77910016
557,1305031121.015019,data\rgbd_dataset_freiburg1_xyz\rgb\1305031121.015019.png,data\rgbd_dataset_freiburg1_xyz\depth\1305031121.015029.png,1.0013580322265625e-05,0.0005810260772705078,1043,0.0076456999995571095,0.0015073999984451802,0.004559200000585406,0.006066599999030586,0.013712299998587696,77901824
558,1305031121.047498,data\rgbd_dataset_freiburg1_xyz\rgb\1305031121.047498.png,data\rgbd_dataset_freiburg1_xyz\depth\1305031121.047755.png,0.0002570152282714844,0.001898050308227539,1055,0.00857469999937166,0.0017029999999067513,0.005064900000434136,0.006767900000340887,0.015342599999712547,77930496
559,1305031121.083099,data\rgbd_dataset_freiburg1_xyz\rgb\1305031121.083099.png,data\rgbd_dataset_freiburg1_xyz\depth\1305031121.083117.png,1.811981201171875e-05,0.0025010108947753906,1041,0.007929999999760184,0.0014873000000079628,0.004331800000727526,0.005819100000735489,0.013749100000495673,78008320
560,1305031121.114696,data\rgbd_dataset_freiburg1_xyz\rgb\1305031121.114696.png,data\rgbd_dataset_freiburg1_xyz\depth\1305031121.114878.png,0.0001819133758544922,0.000904083251953125,1097,0.008537100000467035,0.0015155999990383862,0.011195699999007047,0.012711299998045433,0.02124839999851247,78204928
561,1305031121.147331,data\rgbd_dataset_freiburg1_xyz\rgb\1305031121.147331.png,data\rgbd_dataset_freiburg1_xyz\depth\1305031121.147355.png,2.4080276489257812e-05,0.0017309188842773438,1123,0.0081172999998671,0.0015685999987908872,0.017796000000089407,0.019364599998880294,0.027481899998747394,78229504
562,1305031121.183271,data\rgbd_dataset_freiburg1_xyz\rgb\1305031121.183271.png,data\rgbd_dataset_freiburg1_xyz\depth\1305031121.183281.png,1.0013580322265625e-05,0.002329111099243164,1166,0.00811240000075486,0.0016957000007096212,0.009538099999190308,0.01123379999989993,0.01934620000065479,78258176
563,1305031121.21142,data\rgbd_dataset_freiburg1_xyz\rgb\1305031121.211420.png,data\rgbd_dataset_freiburg1_xyz\depth\1305031121.211431.png,1.0967254638671875e-05,0.004179954528808594,1160,0.008912100000088685,0.0016436000005342066,0.010135599999557598,0.011779200000091805,0.02069130000018049,78274560
564,1305031121.247194,data\rgbd_dataset_freiburg1_xyz\rgb\1305031121.247194.png,data\rgbd_dataset_freiburg1_xyz\depth\1305031121.247201.png,6.9141387939453125e-06,0.0015940666198730469,1186,0.013571900000897585,0.0029027999989921227,0.01864479999858304,0.021547599997575162,0.03511949999847275,78274560
565,1305031121.282876,data\rgbd_dataset_freiburg1_xyz\rgb\1305031121.282876.png,data\rgbd_dataset_freiburg1_xyz\depth\1305031121.282822.png,5.412101745605469e-05,0.0027239322662353516,1202,0.011481800000183284,0.0019886000009137206,0.005970700000034412,0.007959300000948133,0.019441100001131417,78413824
566,1305031121.313568,data\rgbd_dataset_freiburg1_xyz\rgb\1305031121.313568.png,data\rgbd_dataset_freiburg1_xyz\depth\1305031121.313588.png,1.9788742065429688e-05,0.0020318031311035156,1217,0.010690499999327585,0.001989799999137176,0.009809600000153296,0.011799399999290472,0.022489899998618057,78413824
567,1305031121.347517,data\rgbd_dataset_freiburg1_xyz\rgb\1305031121.347517.png,data\rgbd_dataset_freiburg1_xyz\depth\1305031121.347540.png,2.288818359375e-05,0.001917123794555664,1235,0.010415699998702621,0.0019273999987490242,0.03282450000006065,0.03475189999880968,0.0451675999975123,78254080
568,1305031121.383226,data\rgbd_dataset_freiburg1_xyz\rgb\1305031121.383226.png,data\rgbd_dataset_freiburg1_xyz\depth\1305031121.383248.png,2.2172927856445312e-05,0.0023741722106933594,1249,0.009099099999730242,0.002272699999593897,0.011687099999107886,0.013959799998701783,0.023058899998432025,78307328
569,1305031121.414318,data\rgbd_dataset_freiburg1_xyz\rgb\1305031121.414318.png,data\rgbd_dataset_freiburg1_xyz\depth\1305031121.414328.png,1.0013580322265625e-05,0.0012819766998291016,1257,0.009262800000215066,0.0018233999999210937,0.012680800000453019,0.014504200000374112,0.023767000000589178,78520320
570,1305031121.447319,data\rgbd_dataset_freiburg1_xyz\rgb\1305031121.447319.png,data\rgbd_dataset_freiburg1_xyz\depth\1305031121.447024.png,0.0002949237823486328,0.0017189979553222656,1296,0.010168700000576791,0.0021487000012712087,0.018863299999793526,0.021012000001064735,0.031180700001641526,78499840
571,1305031121.482964,data\rgbd_dataset_freiburg1_xyz\rgb\1305031121.482964.png,data\rgbd_dataset_freiburg1_xyz\depth\1305031121.483015.png,5.1021575927734375e-05,0.002635955810546875,1343,0.01083189999917522,0.0025752000001375563,0.011951799999224022,0.014526999999361578,0.0253588999985368,78209024
572,1305031121.514107,data\rgbd_dataset_freiburg1_xyz\rgb\1305031121.514107.png,data\rgbd_dataset_freiburg1_xyz\depth\1305031121.514164.png,5.698204040527344e-05,0.0014929771423339844,1340,0.014395099999092054,0.0031323999992309837,0.06435600000077102,0.067488400000002,0.08188349999909406,78524416
573,1305031121.54727,data\rgbd_dataset_freiburg1_xyz\rgb\1305031121.547270.png,data\rgbd_dataset_freiburg1_xyz\depth\1305031121.546810.png,0.0004601478576660156,0.0016701221466064453,1328,0.013988600001539453,0.002451899999869056,0.016172600000572857,0.018624500000441913,0.032613100001981365,78770176
574,1305031121.583204,data\rgbd_dataset_freiburg1_xyz\rgb\1305031121.583204.png,data\rgbd_dataset_freiburg1_xyz\depth\1305031121.583213.png,9.059906005859375e-06,0.0023958683013916016,1316,0.014911700000084238,0.002674299999853247,0.010259800001222175,0.012934100001075421,0.02784580000115966,78778368
575,1305031121.6147,data\rgbd_dataset_freiburg1_xyz\rgb\1305031121.614700.png,data\rgbd_dataset_freiburg1_xyz\depth\1305031121.614719.png,1.8835067749023438e-05,0.0009000301361083984,1312,0.010748000000603497,0.00206389999948442,0.009433999999600928,0.011497899999085348,0.022245899999688845,78290944
576,1305031121.647183,data\rgbd_dataset_freiburg1_xyz\rgb\1305031121.647183.png,data\rgbd_dataset_freiburg1_xyz\depth\1305031121.646966.png,0.00021696090698242188,0.0015828609466552734,1358,0.013477399999828776,0.002214900001490605,0.00684969999929308,0.009064600000783685,0.02254200000061246,78331904
577,1305031121.6832,data\rgbd_dataset_freiburg1_xyz\rgb\1305031121.683200.png,data\rgbd_dataset_freiburg1_xyz\depth\1305031121.683211.png,1.1205673217773438e-05,0.0024001598358154297,1351,0.008236800000304356,0.0015081999990798067,0.010551700001087738,0.012059900000167545,0.0202967000004719,78336000
578,1305031121.71452,data\rgbd_dataset_freiburg1_xyz\rgb\1305031121.714520.png,data\rgbd_dataset_freiburg1_xyz\depth\1305031121.714528.png,8.106231689453125e-06,0.0010800361633300781,1336,0.009004300000015064,0.0015221000012388686,0.00654220000069472,0.008064300001933589,0.017068600001948653,78249984
579,1305031121.747145,data\rgbd_dataset_freiburg1_xyz\rgb\1305031121.747145.png,data\rgbd_dataset_freiburg1_xyz\depth\1305031121.746484.png,0.0006608963012695312,0.0014450550079345703,1317,0.008474300000671064,0.0017347000011795899,0.004384600000776118,0.0061193000019557076,0.014593600002626772,78213120
580,1305031121.782835,data\rgbd_dataset_freiburg1_xyz\rgb\1305031121.782835.png,data\rgbd_dataset_freiburg1_xyz\depth\1305031121.782871.png,3.600120544433594e-05,0.0027649402618408203,1306,0.008314199998494587,0.0014026999997440726,0.005532099999982165,0.006934799999726238,0.015248999998220825,78163968
581,1305031121.81154,data\rgbd_dataset_freiburg1_xyz\rgb\1305031121.811540.png,data\rgbd_dataset_freiburg1_xyz\depth\1305031121.811545.png,5.0067901611328125e-06,0.004060029983520508,1304,0.008234900000388734,0.0015997999998944579,0.0068412000000535045,0.008440999999947962,0.016675900000336696,78225408
582,1305031121.847335,data\rgbd_dataset_freiburg1_xyz\rgb\1305031121.847335.png,data\rgbd_dataset_freiburg1_xyz\depth\1305031121.846870.png,0.00046515464782714844,0.0016350746154785156,1297,0.011731399999916903,0.0020189000006212154,0.006788299999243463,0.008807199999864679,0.02053859999978158,78233600
583,1305031121.88206,data\rgbd_dataset_freiburg1_xyz\rgb\1305031121.882060.png,data\rgbd_dataset_freiburg1_xyz\depth\1305031121.882123.png,6.29425048828125e-05,0.0035400390625,1297,0.008345500000359607,0.0015815000006114133,0.005581499999607331,0.007163000000218744,0.015508500000578351,78241792
584,1305031121.914931,data\rgbd_dataset_freiburg1_xyz\rgb\1305031121.914931.png,data\rgbd_dataset_freiburg1_xyz\depth\1305031121.914943.png,1.1920928955078125e-05,0.0006690025329589844,1271,0.012513100000433042,0.00293729999975767,0.010227300001133699,0.013164600000891369,0.02567770000132441,78163968
585,1305031121.947288,data\rgbd_dataset_freiburg1_xyz\rgb\1305031121.947288.png,data\rgbd_dataset_freiburg1_xyz\depth\1305031121.947318.png,3.0040740966796875e-05,0.0016880035400390625,1273,0.010197699999480392,0.0019589000003179535,0.006828899999163696,0.00878779999948165,0.01898549999896204,78180352
586,1305031121.982926,data\rgbd_dataset_freiburg1_xyz\rgb\1305031121.982926.png,data\rgbd_dataset_freiburg1_xyz\depth\1305031121.982935.png,9.059906005859375e-06,0.002674102783203125,1272,0.008695299999089912,0.0016300999996019527,0.006387100000210921,0.008017199999812874,0.016712499998902786,78180352
587,1305031122.014256,data\rgbd_dataset_freiburg1_xyz\rgb\1305031122.014256.png,data\rgbd_dataset_freiburg1_xyz\depth\1305031122.014424.png,0.00016808509826660156,0.0013439655303955078,1265,0.010075300000607967,0.0019611000006989343,0.009964899998522014,0.011925999999220949,0.022001299999828916,78217216
588,1305031122.047306,data\rgbd_dataset_freiburg1_xyz\rgb\1305031122.047306.png,data\rgbd_dataset_freiburg1_xyz\depth\1305031122.046908.png,0.0003981590270996094,0.0017061233520507812,1280,0.008788499999354826,0.0015990000010788208,0.006521199999042437,0.008120200000121258,0.016908699999476084,78204928
589,1305031122.082959,data\rgbd_dataset_freiburg1_xyz\rgb\1305031122.082959.png,data\rgbd_dataset_freiburg1_xyz\depth\1305031122.082969.png,1.0013580322265625e-05,0.0028409957885742188,1288,0.008373000000574393,0.0018033000014838763,0.01131100000020524,0.013114300001689116,0.02148730000226351,78233600
590,1305031122.114672,data\rgbd_dataset_freiburg1_xyz\rgb\1305031122.114672.png,data\rgbd_dataset_freiburg1_xyz\depth\1305031122.114688.png,1.5974044799804688e-05,0.0009281635284423828,1301,0.008445400000709924,0.001556499999423977,0.00776650000079826,0.009323000000222237,0.01776840000093216,78225408
591,1305031122.150725,data\rgbd_dataset_freiburg1_xyz\rgb\1305031122.150725.png,data\rgbd_dataset_freiburg1_xyz\depth\1305031122.150748.png,2.3126602172851562e-05,0.00487518310546875,1256,0.01211939999848255,0.0025157000000035623,0.008536700001059216,0.011052400001062779,0.02317179999954533,78209024
592,1305031122.183042,data\rgbd_dataset_freiburg1_xyz\rgb\1305031122.183042.png,data\rgbd_dataset_freiburg1_xyz\depth\1305031122.183052.png,1.0013580322265625e-05,0.002557992935180664,1235,0.011046699999496923,0.002352900000914815,0.012058199999955832,0.014411100000870647,0.02545780000036757,78221312
593,1305031122.214959,data\rgbd_dataset_freiburg1_xyz\rgb\1305031122.214959.png,data\rgbd_dataset_freiburg1_xyz\depth\1305031122.214969.png,1.0013580322265625e-05,0.0006411075592041016,1245,0.008035600001676357,0.0015745000000606524,0.007696599999690079,0.009271099999750732,0.01730670000142709,78286848
594,1305031122.251319,data\rgbd_dataset_freiburg1_xyz\rgb\1305031122.251319.png,data\rgbd_dataset_freiburg1_xyz\depth\1305031122.251355.png,3.600120544433594e-05,0.004281044006347656,1211,0.009502599999905215,0.001745699999446515,0.015267799999492127,0.01701349999893864,0.026516099998843856,78290944
595,1305031122.28356,data\rgbd_dataset_freiburg1_xyz\rgb\1305031122.283560.png,data\rgbd_dataset_freiburg1_xyz\depth\1305031122.283866.png,0.0003058910369873047,0.0020399093627929688,1159,0.009598599999662838,0.001660400001128437,0.03229430000101274,0.03395470000214118,0.04355330000180402,78295040
596,1305031122.314289,data\rgbd_dataset_freiburg1_xyz\rgb\1305031122.314289.png,data\rgbd_dataset_freiburg1_xyz\depth\1305031122.314309.png,1.9788742065429688e-05,0.0013108253479003906,1111,0.013351300000067567,0.0022045999994588783,0.016404400001192698,0.018609000000651577,0.031960300000719144,78262272
597,1305031122.351327,data\rgbd_dataset_freiburg1_xyz\rgb\1305031122.351327.png,data\rgbd_dataset_freiburg1_xyz\depth\1305031122.351351.png,2.4080276489257812e-05,0.004273176193237305,1119,0.01182650000009744,0.001835400000345544,0.016936899999564048,0.018772299999909592,0.03059880000000703,78249984
598,1305031122.38263,data\rgbd_dataset_freiburg1_xyz\rgb\1305031122.382630.png,data\rgbd_dataset_freiburg1_xyz\depth\1305031122.382678.png,4.792213439941406e-05,0.002869844436645508,1088,0.007823199999620556,0.0014584999989892822,0.010265000000799773,0.011723499999789055,0.01954669999940961,78290944
599,1305031122.414997,data\rgbd_dataset_freiburg1_xyz\rgb\1305031122.414997.png,data\rgbd_dataset_freiburg1_xyz\depth\1305031122.415008.png,1.0967254638671875e-05,0.0006029605865478516,1092,0.007822600000508828,0.0016216000003623776,0.010348599998906138,0.011970199999268516,0.019792799999777344,78286848
600,1305031122.451257,data\rgbd_dataset_freiburg1_xyz\rgb\1305031122.451257.png,data\rgbd_dataset_freiburg1_xyz\depth\1305031122.451272.png,1.5020370483398438e-05,0.004242897033691406,1072,0.008138799999869661,0.0016144000001077075,0.007318500000110362,0.00893290000021807,0.01707170000008773,78241792
601,1305031122.48336,data\rgbd_dataset_freiburg1_xyz\rgb\1305031122.483360.png,data\rgbd_dataset_freiburg1_xyz\depth\1305031122.483388.png,2.7894973754882812e-05,0.0022399425506591797,1102,0.00798919999942882,0.0017577999988134252,0.017682599998806836,0.01944039999762026,0.02742959999704908,78299136
602,1305031122.515097,data\rgbd_dataset_freiburg1_xyz\rgb\1305031122.515097.png,data\rgbd_dataset_freiburg1_xyz\depth\1305031122.515135.png,3.814697265625e-05,0.0005030632019042969,1092,0.008442499998636777,0.0017649999990680953,0.01003359999958775,0.011798599998655845,0.020241099997292622,78278656
603,1305031122.55149,data\rgbd_dataset_freiburg1_xyz\rgb\1305031122.551490.png,data\rgbd_dataset_freiburg1_xyz\depth\1305031122.551510.png,2.002716064453125e-05,0.00400996208190918,1105,0.009302500000558211,0.0016983000004984206,0.00894249999873864,0.01064079999923706,0.019943299999795272,78315520
604,1305031122.583208,data\rgbd_dataset_freiburg1_xyz\rgb\1305031122.583208.png,data\rgbd_dataset_freiburg1_xyz\depth\1305031122.583217.png,8.821487426757812e-06,0.002391815185546875,1080,0.008212900000216905,0.0016226999996433733,0.010578800000075717,0.01220149999971909,0.020414399999935995,78266368
605,1305031122.61498,data\rgbd_dataset_freiburg1_xyz\rgb\1305031122.614980.png,data\rgbd_dataset_freiburg1_xyz\depth\1305031122.615017.png,3.695487976074219e-05,0.0007200241088867188,1039,0.008247100000517094,0.0016113999990921002,0.005598900001132279,0.007210300000224379,0.015457400000741472,78303232
606,1305031122.648788,data\rgbd_dataset_freiburg1_xyz\rgb\1305031122.648788.png,data\rgbd_dataset_freiburg1_xyz\depth\1305031122.648810.png,2.193450927734375e-05,0.003187894821166992,1054,0.007987999999386375,0.0015554000001429813,0.004734500000267872,0.006289900000410853,0.014277899999797228,78274560
607,1305031122.683402,data\rgbd_dataset_freiburg1_xyz\rgb\1305031122.683402.png,data\rgbd_dataset_freiburg1_xyz\depth\1305031122.683420.png,1.7881393432617188e-05,0.0021979808807373047,1023,0.008566900000005262,0.001604500001121778,0.0047505999991699355,0.0063551000002917135,0.014922000000296975,78290944
608,1305031122.715208,data\rgbd_dataset_freiburg1_xyz\rgb\1305031122.715208.png,data\rgbd_dataset_freiburg1_xyz\depth\1305031122.715219.png,1.0967254638671875e-05,0.00039196014404296875,1040,0.008397100000365754,0.0017797000000427943,0.00679879999916011,0.008578499999202904,0.016975599999568658,78319616
609,1305031122.751298,data\rgbd_dataset_freiburg1_xyz\rgb\1305031122.751298.png,data\rgbd_dataset_freiburg1_xyz\depth\1305031122.751309.png,1.0967254638671875e-05,0.004302024841308594,1051,0.0161790000001929,0.002522799999496783,0.007881999999881373,0.010404799999378156,0.026583799999571056,78307328
610,1305031122.783423,data\rgbd_dataset_freiburg1_xyz\rgb\1305031122.783423.png,data\rgbd_dataset_freiburg1_xyz\depth\1305031122.783438.png,1.5020370483398438e-05,0.002177000045776367,1027,0.010775500000818283,0.001689000000624219,0.0075421000001369976,0.009231100000761217,0.0200066000015795,78348288
611,1305031122.812555,data\rgbd_dataset_freiburg1_xyz\rgb\1305031122.812555.png,data\rgbd_dataset_freiburg1_xyz\depth\1305031122.812565.png,1.0013580322265625e-05,0.0030448436737060547,982,0.007805499999449239,0.0015531999997620005,0.012152400000559282,0.013705600000321283,0.021511099999770522,78315520
612,1305031122.851418,data\rgbd_dataset_freiburg1_xyz\rgb\1305031122.851418.png,data\rgbd_dataset_freiburg1_xyz\depth\1305031122.851486.png,6.794929504394531e-05,0.004182100296020508,960,0.00873200000023644,0.0018153000000893371,0.013920699999289354,0.01573599999937869,0.02446799999961513,78360576
613,1305031122.883754,data\rgbd_dataset_freiburg1_xyz\rgb\1305031122.883754.png,data\rgbd_dataset_freiburg1_xyz\depth\1305031122.883775.png,2.09808349609375e-05,0.0018460750579833984,932,0.008578599999964354,0.001701600000160397,0.012007100000118953,0.01370870000027935,0.022287300000243704,78364672
614,1305031122.914571,data\rgbd_dataset_freiburg1_xyz\rgb\1305031122.914571.png,data\rgbd_dataset_freiburg1_xyz\depth\1305031122.914585.png,1.4066696166992188e-05,0.0010290145874023438,893,0.008470800001305179,0.001964099999895552,0.009823700000197277,0.01178780000009283,0.02025860000139801,78311424
615,1305031122.951341,data\rgbd_dataset_freiburg1_xyz\rgb\1305031122.951341.png,data\rgbd_dataset_freiburg1_xyz\depth\1305031122.951413.png,7.200241088867188e-05,0.0042591094970703125,898,0.011527500000738655,0.0021254000002954854,0.007637400000021444,0.009762800000316929,0.021290300001055584,78417920
616,1305031122.982815,data\rgbd_dataset_freiburg1_xyz\rgb\1305031122.982815.png,data\rgbd_dataset_freiburg1_xyz\depth\1305031122.983000.png,0.0001850128173828125,0.0027849674224853516,883,0.010405799999716692,0.00198640000053274,0.004280499999367748,0.006266899999900488,0.01667269999961718,78360576
617,1305031123.01545,data\rgbd_dataset_freiburg1_xyz\rgb\1305031123.015450.png,data\rgbd_dataset_freiburg1_xyz\depth\1305031123.015462.png,1.1920928955078125e-05,5.0067901611328125e-05,870,0.008128400000714464,0.0018380000001343433,0.004227899999023066,0.006065899999157409,0.014194299999871873,78376960
618,1305031123.051827,data\rgbd_dataset_freiburg1_xyz\rgb\1305031123.051827.png,data\rgbd_dataset_freiburg1_xyz\depth\1305031123.051838.png,1.0967254638671875e-05,0.003873109817504883,862,0.008634099998744205,0.0017413000005035428,0.005958600000667502,0.007699900001171045,0.01633399999991525,78426112
619,1305031123.082975,data\rgbd_dataset_freiburg1_xyz\rgb\1305031123.082975.png,data\rgbd_dataset_freiburg1_xyz\depth\1305031123.082992.png,1.71661376953125e-05,0.002624988555908203,870,0.008183900001313305,0.0015843000001041219,0.0032042000002547866,0.0047885000003589084,0.012972400001672213,78376960
620,1305031123.113873,data\rgbd_dataset_freiburg1_xyz\rgb\1305031123.113873.png,data\rgbd_dataset_freiburg1_xyz\depth\1305031123.113939.png,6.604194641113281e-05,0.0017271041870117188,887,0.007948300000862218,0.0020492000003287103,0.005063599999630242,0.007112799999958952,0.01506110000082117,78368768
621,1305031123.150822,data\rgbd_dataset_freiburg1_xyz\rgb\1305031123.150822.png,data\rgbd_dataset_freiburg1_xyz\depth\1305031123.150840.png,1.811981201171875e-05,0.004678010940551758,889,0.008148500000970671,0.0017783999992389,0.018573400000605034,0.020351799999843934,0.028500300000814605,78348288
622,1305031123.182155,data\rgbd_dataset_freiburg1_xyz\rgb\1305031123.182155.png,data\rgbd_dataset_freiburg1_xyz\depth\1305031123.182176.png,2.1219253540039062e-05,0.003345012664794922,853,0.008684200000061537,0.001675900000918773,0.0066336999989289325,0.008309599999847705,0.016993799999909243,78344192
623,1305031123.214704,data\rgbd_dataset_freiburg1_xyz\rgb\1305031123.214704.png,data\rgbd_dataset_freiburg1_xyz\depth\1305031123.214724.png,2.002716064453125e-05,0.0007960796356201172,854,0.007883899999796995,0.0016525000010005897,0.008705799999006558,0.010358300000007148,0.018242199999804143,78417920
624,1305031123.250618,data\rgbd_dataset_freiburg1_xyz\rgb\1305031123.250618.png,data\rgbd_dataset_freiburg1_xyz\depth\1305031123.250641.png,2.3126602172851562e-05,0.004882097244262695,813,0.007605400000102236,0.0016790999998193001,0.006463200001235236,0.008142300001054537,0.015747700001156772,78376960
625,1305031123.282347,data\rgbd_dataset_freiburg1_xyz\rgb\1305031123.282347.png,data\rgbd_dataset_freiburg1_xyz\depth\1305031123.282363.png,1.5974044799804688e-05,0.0032529830932617188,756,0.010171100000661681,0.0022772000011173077,0.008551799999622745,0.010829000000740052,0.021000100001401734,78344192
626,1305031123.311327,data\rgbd_dataset_freiburg1_xyz\rgb\1305031123.311327.png,data\rgbd_dataset_freiburg1_xyz\depth\1305031123.320992.png,0.00966501235961914,0.004272937774658203,759,0.013020999998843763,0.003335400000651134,0.02237550000063493,0.025710900001286063,0.038731900000129826,78385152
627,1305031123.350481,data\rgbd_dataset_freiburg1_xyz\rgb\1305031123.350481.png,data\rgbd_dataset_freiburg1_xyz\depth\1305031123.350493.png,1.1920928955078125e-05,0.004881143569946289,734,0.014015099999596714,0.0026622000004863366,0.006707200000164448,0.009369400000650785,0.0233845000002475,78397440
628,1305031123.382255,data\rgbd_dataset_freiburg1_xyz\rgb\1305031123.382255.png,data\rgbd_dataset_freiburg1_xyz\depth\1305031123.382263.png,7.867813110351562e-06,0.003345012664794922,731,0.010257699999783654,0.0025169999989884673,0.011816500000350061,0.014333499999338528,0.024591199999122182,78381056
629,1305031123.411363,data\rgbd_dataset_freiburg1_xyz\rgb\1305031123.411363.png,data\rgbd_dataset_freiburg1_xyz\depth\1305031123.421343.png,0.009980201721191406,0.004237174987792969,737,0.015291899999283487,0.002571300001363852,0.005445799999506562,0.008017100000870414,0.0233090000001539,78385152
630,1305031123.451255,data\rgbd_dataset_freiburg1_xyz\rgb\1305031123.451255.png,data\rgbd_dataset_freiburg1_xyz\depth\1305031123.451266.png,1.0967254638671875e-05,0.004244804382324219,713,0.010863999999855878,0.002191100000345614,0.0040791999999783,0.006270300000323914,0.017134300000179792,78430208
631,1305031123.483594,data\rgbd_dataset_freiburg1_xyz\rgb\1305031123.483594.png,data\rgbd_dataset_freiburg1_xyz\depth\1305031123.483605.png,1.0967254638671875e-05,0.002006053924560547,709,0.009518999999272637,0.002613500000734348,0.006019000000378583,0.00863250000111293,0.018151500000385568,78450688
632,1305031123.51136,data\rgbd_dataset_freiburg1_xyz\rgb\1305031123.511360.png,data\rgbd_dataset_freiburg1_xyz\depth\1305031123.519725.png,0.008365154266357422,0.004140138626098633,734,0.0138900999991165,0.0028717000004689908,0.006748399999196408,0.009620099999665399,0.0235101999987819,78487552
633,1305031123.551513,data\rgbd_dataset_freiburg1_xyz\rgb\1305031123.551513.png,data\rgbd_dataset_freiburg1_xyz\depth\1305031123.551573.png,6.008148193359375e-05,0.004086971282958984,729,0.00886999999966065,0.001588600000104634,0.003722100000231876,0.00531070000033651,0.01418069999999716,78471168
634,1305031123.579583,data\rgbd_dataset_freiburg1_xyz\rgb\1305031123.579583.png,data\rgbd_dataset_freiburg1_xyz\depth\1305031123.579616.png,3.314018249511719e-05,0.004082918167114258,717,0.010705000000598375,0.0028282000002946006,0.004945699998643249,0.00777389999893785,0.018478899999536225,78503936
635,1305031123.611335,data\rgbd_dataset_freiburg1_xyz\rgb\1305031123.611335.png,data\rgbd_dataset_freiburg1_xyz\depth\1305031123.620387.png,0.009052038192749023,0.004164934158325195,736,0.01424369999949704,0.002895799998441362,0.006324899999526679,0.00922069999796804,0.02346439999746508,78491648
636,1305031123.652411,data\rgbd_dataset_freiburg1_xyz\rgb\1305031123.652411.png,data\rgbd_dataset_freiburg1_xyz\depth\1305031123.652430.png,1.9073486328125e-05,0.0031890869140625,733,0.013716800000111107,0.002996799999891664,0.006150100000013481,0.009146899999905145,0.02286370000001625,78544896
637,1305031123.683753,data\rgbd_dataset_freiburg1_xyz\rgb\1305031123.683753.png,data\rgbd_dataset_freiburg1_xyz\depth\1305031123.683785.png,3.1948089599609375e-05,0.0018470287322998047,735,0.009994100000767503,0.0022528000008605886,0.004978500001016073,0.0072313000018766616,0.017225400002644164,78544896
638,1305031123.711323,data\rgbd_dataset_freiburg1_xyz\rgb\1305031123.711323.png,data\rgbd_dataset_freiburg1_xyz\depth\1305031123.719975.png,0.008651971817016602,0.004177093505859375,737,0.00983520000045246,0.0022186000005604,0.0047052000008989125,0.006923800001459313,0.016759000001911772,78516224
639,1305031123.751723,data\rgbd_dataset_freiburg1_xyz\rgb\1305031123.751723.png,data\rgbd_dataset_freiburg1_xyz\depth\1305031123.751980.png,0.0002570152282714844,0.003777027130126953,715,0.009309299999586074,0.002641600000060862,0.0029093999983160757,0.005550999998376938,0.014860299997963011,78524416
640,1305031123.783858,data\rgbd_dataset_freiburg1_xyz\rgb\1305031123.783858.png,data\rgbd_dataset_freiburg1_xyz\depth\1305031123.784138.png,0.0002799034118652344,0.0017418861389160156,732,0.008536800000001676,0.0016310999999404885,0.00323000000025786,0.004861100000198348,0.013397900000200025,78528512
641,1305031123.811608,data\rgbd_dataset_freiburg1_xyz\rgb\1305031123.811608.png,data\rgbd_dataset_freiburg1_xyz\depth\1305031123.819696.png,0.008087873458862305,0.0038919448852539062,724,0.008024099999602186,0.0014745000007678755,0.002787599998555379,0.0042620999993232545,0.01228619999892544,78536704
642,1305031123.851444,data\rgbd_dataset_freiburg1_xyz\rgb\1305031123.851444.png,data\rgbd_dataset_freiburg1_xyz\depth\1305031123.851551.png,0.00010704994201660156,0.004055976867675781,728,0.0075759999999718275,0.0016054999996413244,0.002248400000098627,0.0038538999997399515,0.011429899999711779,78548992
643,1305031123.883786,data\rgbd_dataset_freiburg1_xyz\rgb\1305031123.883786.png,data\rgbd_dataset_freiburg1_xyz\depth\1305031123.883819.png,3.314018249511719e-05,0.0017139911651611328,733,0.008213200000682264,0.0015949000007822178,0.0027714000007108552,0.004366300001493073,0.012579500002175337,78540800
644,1305031123.911243,data\rgbd_dataset_freiburg1_xyz\rgb\1305031123.911243.png,data\rgbd_dataset_freiburg1_xyz\depth\1305031123.915794.png,0.004550933837890625,0.0042569637298583984,731,0.008021299998290488,0.002465600000505219,0.0033331000013276935,0.005798700001832913,0.0138200000001234,78557184
645,1305031123.951442,data\rgbd_dataset_freiburg1_xyz\rgb\1305031123.951442.png,data\rgbd_dataset_freiburg1_xyz\depth\1305031123.951530.png,8.797645568847656e-05,0.00415802001953125,737,0.007934799999929965,0.0018393999998806976,0.0019487000008666655,0.003788100000747363,0.011722900000677328,78557184
646,1305031123.983415,data\rgbd_dataset_freiburg1_xyz\rgb\1305031123.983415.png,data\rgbd_dataset_freiburg1_xyz\depth\1305031123.983421.png,6.198883056640625e-06,0.0021851062774658203,723,0.007689400001254398,0.0016744000004109694,0.0026889999990089564,0.004363399999419926,0.012052800000674324,78573568
647,1305031124.011302,data\rgbd_dataset_freiburg1_xyz\rgb\1305031124.011302.png,data\rgbd_dataset_freiburg1_xyz\depth\1305031124.019737.png,0.00843501091003418,0.0041980743408203125,727,0.008391699999265256,0.0016869999999471474,0.00561569999990752,0.007302699999854667,0.015694399999119923,78577664
648,1305031124.051505,data\rgbd_dataset_freiburg1_xyz\rgb\1305031124.051505.png,data\rgbd_dataset_freiburg1_xyz\depth\1305031124.051531.png,2.5987625122070312e-05,0.003994941711425781,738,0.00789259999874048,0.0019101999987469753,0.0034177999987150542,0.00532799999746203,0.013220599996202509,78561280
649,1305031124.083837,data\rgbd_dataset_freiburg1_xyz\rgb\1305031124.083837.png,data\rgbd_dataset_freiburg1_xyz\depth\1305031124.083902.png,6.4849853515625e-05,0.0016629695892333984,729,0.00798919999942882,0.0016826999999466352,0.0036273000005166978,0.005310000000463333,0.013299199999892153,78589952
650,1305031124.111331,data\rgbd_dataset_freiburg1_xyz\rgb\1305031124.111331.png,data\rgbd_dataset_freiburg1_xyz\depth\1305031124.119669.png,0.008337974548339844,0.004168987274169922,723,0.008229699998992146,0.0016740999999456108,0.005968400000710972,0.007642500000656582,0.01587219999964873,78594048
651,1305031124.147446,data\rgbd_dataset_freiburg1_xyz\rgb\1305031124.147446.png,data\rgbd_dataset_freiburg1_xyz\depth\1305031124.147458.png,1.2159347534179688e-05,0.0018458366394042969,738,0.00810040000033041,0.0017597000005480368,0.003760800000236486,0.005520500000784523,0.013620900001114933,78577664
652,1305031124.182694,data\rgbd_dataset_freiburg1_xyz\rgb\1305031124.182694.png,data\rgbd_dataset_freiburg1_xyz\depth\1305031124.182707.png,1.3113021850585938e-05,0.002805948257446289,729,0.008542800000213902,0.002050999999482883,0.004069499998877291,0.006120499998360174,0.014663299998574075,78610432
653,1305031124.211396,data\rgbd_dataset_freiburg1_xyz\rgb\1305031124.211396.png,data\rgbd_dataset_freiburg1_xyz\depth\1305031124.217179.png,0.0057830810546875,0.004104137420654297,720,0.008845099999234662,0.0017490000009274809,0.006872400001157075,0.008621400002084556,0.01746650000131922,78647296
654,1305031124.249327,data\rgbd_dataset_freiburg1_xyz\rgb\1305031124.249327.png,data\rgbd_dataset_freiburg1_xyz\depth\1305031124.249340.png,1.3113021850585938e-05,0.0038268566131591797,726,0.008493599998473655,0.0017733000004227506,0.005887999999686144,0.007661300000108895,0.01615489999858255,78696448
655,1305031124.282545,data\rgbd_dataset_freiburg1_xyz\rgb\1305031124.282545.png,data\rgbd_dataset_freiburg1_xyz\depth\1305031124.282555.png,1.0013580322265625e-05,0.0029549598693847656,755,0.008174700000381563,0.0017453000000386965,0.004343399999925168,0.006088699999963865,0.014263400000345428,78602240
656,1305031124.311361,data\rgbd_dataset_freiburg1_xyz\rgb\1305031124.311361.png,data\rgbd_dataset_freiburg1_xyz\depth\1305031124.316782.png,0.0054209232330322266,0.004138946533203125,718,0.008462800000415882,0.0017423999997845385,0.004735399999844958,0.006477799999629497,0.014940600000045379,78598144
657,1305031124.350354,data\rgbd_dataset_freiburg1_xyz\rgb\1305031124.350354.png,data\rgbd_dataset_freiburg1_xyz\depth\1305031124.350371.png,1.6927719116210938e-05,0.004853963851928711,730,0.008353400000487454,0.0017365000003337627,0.004336500000135857,0.006073000000469619,0.014426400000957074,78647296
658,1305031124.38242,data\rgbd_dataset_freiburg1_xyz\rgb\1305031124.382420.png,data\rgbd_dataset_freiburg1_xyz\depth\1305031124.382432.png,1.1920928955078125e-05,0.0031800270080566406,749,0.008300800000142772,0.0016918000001169275,0.008810300001641735,0.010502100001758663,0.018802900001901435,78659584
659,1305031124.411439,data\rgbd_dataset_freiburg1_xyz\rgb\1305031124.411439.png,data\rgbd_dataset_freiburg1_xyz\depth\1305031124.418555.png,0.007116079330444336,0.004060983657836914,750,0.008181999999578693,0.001718800000162446,0.0054698999992979225,0.007188699999460368,0.015370699999039061,78667776
660,1305031124.450245,data\rgbd_dataset_freiburg1_xyz\rgb\1305031124.450245.png,data\rgbd_dataset_freiburg1_xyz\depth\1305031124.450256.png,1.1205673217773438e-05,0.004644870758056641,766,0.008517000000210828,0.0017130000014731195,0.007988100000147824,0.009701100001620944,0.018218100001831772,78966784
661,1305031124.480099,data\rgbd_dataset_freiburg1_xyz\rgb\1305031124.480099.png,data\rgbd_dataset_freiburg1_xyz\depth\1305031124.480126.png,2.6941299438476562e-05,0.004498958587646484,797,0.008746700001211138,0.0021103000017319573,0.006653899999946589,0.008764200001678546,0.017510900002889684,79007744
662,1305031124.511324,data\rgbd_dataset_freiburg1_xyz\rgb\1305031124.511324.png,data\rgbd_dataset_freiburg1_xyz\depth\1305031124.516737.png,0.005413055419921875,0.004176139831542969,810,0.008431100000962033,0.0021159999996598344,0.007221400001071743,0.009337400000731577,0.01776850000169361,78946304
663,1305031124.550437,data\rgbd_dataset_freiburg1_xyz\rgb\1305031124.550437.png,data\rgbd_dataset_freiburg1_xyz\depth\1305031124.550503.png,6.604194641113281e-05,0.004936933517456055,819,0.008987799999886192,0.0018306000001757639,0.008032300000195391,0.009862900000371155,0.018850700000257348,78995456
664,1305031124.579404,data\rgbd_dataset_freiburg1_xyz\rgb\1305031124.579404.png,data\rgbd_dataset_freiburg1_xyz\depth\1305031124.584606.png,0.005201816558837891,0.003904104232788086,840,0.008868999999322114,0.003187899999829824,0.005283599999529542,0.008471499999359366,0.01734049999868148,79007744
665,1305031124.611358,data\rgbd_dataset_freiburg1_xyz\rgb\1305031124.611358.png,data\rgbd_dataset_freiburg1_xyz\depth\1305031124.617653.png,0.006294965744018555,0.004142045974731445,845,0.008183399999325047,0.0017495000010967487,0.0060766000005969545,0.007826100001693703,0.01600950000101875,79015936
666,1305031124.651271,data\rgbd_dataset_freiburg1_xyz\rgb\1305031124.651271.png,data\rgbd_dataset_freiburg1_xyz\depth\1305031124.651313.png,4.1961669921875e-05,0.00432896614074707,879,0.008979899999758345,0.0018963999991683522,0.00615990000005695,0.008056299999225303,0.017036199998983648,79056896
667,1305031124.679362,data\rgbd_dataset_freiburg1_xyz\rgb\1305031124.679362.png,data\rgbd_dataset_freiburg1_xyz\depth\1305031124.685473.png,0.0061109066009521484,0.0037620067596435547,933,0.008769200001552235,0.002079399999274756,0.009457199999815202,0.011536599999089958,0.020305800000642193,79024128
668,1305031124.711251,data\rgbd_dataset_freiburg1_xyz\rgb\1305031124.711251.png,data\rgbd_dataset_freiburg1_xyz\depth\1305031124.715791.png,0.004539966583251953,0.004249095916748047,956,0.010090800000398303,0.0018813000006048242,0.011979799999608076,0.0138611000002129,0.023951900000611204,79101952
669,1305031124.74989,data\rgbd_dataset_freiburg1_xyz\rgb\1305031124.749890.png,data\rgbd_dataset_freiburg1_xyz\depth\1305031124.749941.png,5.1021575927734375e-05,0.00439000129699707,957,0.009440400001039961,0.0019145999995089369,0.018898099999205442,0.02081269999871438,0.03025309999975434,79110144
670,1305031124.779365,data\rgbd_dataset_freiburg1_xyz\rgb\1305031124.779365.png,data\rgbd_dataset_freiburg1_xyz\depth\1305031124.785178.png,0.005812883377075195,0.0038650035858154297,999,0.009055800001078751,0.0017535000006319024,0.0170522999997047,0.018805800000336603,0.027861600001415354,79089664
671,1305031124.81136,data\rgbd_dataset_freiburg1_xyz\rgb\1305031124.811360.png,data\rgbd_dataset_freiburg1_xyz\depth\1305031124.816641.png,0.005281209945678711,0.004140138626098633,1022,0.008855099998982041,0.0020349999995232793,0.023209400000268943,0.025244399999792222,0.03409949999877426,79159296
672,1305031124.850535,data\rgbd_dataset_freiburg1_xyz\rgb\1305031124.850535.png,data\rgbd_dataset_freiburg1_xyz\depth\1305031124.850559.png,2.4080276489257812e-05,0.004965066909790039,1050,0.008604099999502068,0.001730199999656179,0.008062699998845346,0.009792899998501525,0.018396999998003594,79159296
673,1305031124.879355,data\rgbd_dataset_freiburg1_xyz\rgb\1305031124.879355.png,data\rgbd_dataset_freiburg1_xyz\depth\1305031124.883594.png,0.004239082336425781,0.003754854202270508,1105,0.009026199999425444,0.001697900001090602,0.007345200001509511,0.009043100002600113,0.018069300002025557,79200256
674,1305031124.911448,data\rgbd_dataset_freiburg1_xyz\rgb\1305031124.911448.png,data\rgbd_dataset_freiburg1_xyz\depth\1305031124.918770.png,0.007322072982788086,0.004152059555053711,1099,0.008552400000553462,0.0017775999986042734,0.020284099999116734,0.022061699997721007,0.03061409999827447,79204352
675,1305031124.95073,data\rgbd_dataset_freiburg1_xyz\rgb\1305031124.950730.png,data\rgbd_dataset_freiburg1_xyz\depth\1305031124.950748.png,1.7881393432617188e-05,0.004869937896728516,1075,0.009047499999724096,0.0017344999996566912,0.004963600000337465,0.006698099999994156,0.01574559999971825,79187968
676,1305031124.979438,data\rgbd_dataset_freiburg1_xyz\rgb\1305031124.979438.png,data\rgbd_dataset_freiburg1_xyz\depth\1305031124.986460.png,0.007021903991699219,0.003638029098510742,1084,0.008529499998985557,0.001718299999993178,0.005699900000763591,0.0074182000007567694,0.015947699999742326,79220736
677,1305031125.011454,data\rgbd_dataset_freiburg1_xyz\rgb\1305031125.011454.png,data\rgbd_dataset_freiburg1_xyz\depth\1305031125.019467.png,0.008013010025024414,0.004045963287353516,1121,0.008694099999047467,0.0018514999992476078,0.00820699999894714,0.010058499998194748,0.018752599997242214,79220736
678,1305031125.050763,data\rgbd_dataset_freiburg1_xyz\rgb\1305031125.050763.png,data\rgbd_dataset_freiburg1_xyz\depth\1305031125.050798.png,3.504753112792969e-05,0.004737138748168945,1166,0.008931899999879533,0.0017708999985188711,0.01329970000006142,0.015070599998580292,0.024002499998459825,79183872
679,1305031125.079364,data\rgbd_dataset_freiburg1_xyz\rgb\1305031125.079364.png,data\rgbd_dataset_freiburg1_xyz\depth\1305031125.083480.png,0.0041158199310302734,0.0038640499114990234,1176,0.00838600000133738,0.0016952999994828133,0.007217799999125418,0.008913099998608232,0.01729909999994561,79224832
680,1305031125.111364,data\rgbd_dataset_freiburg1_xyz\rgb\1305031125.111364.png,data\rgbd_dataset_freiburg1_xyz\depth\1305031125.119029.png,0.007665157318115234,0.004136085510253906,1205,0.008748100000957493,0.001797400000214111,0.006326799999442301,0.008124199999656412,0.016872300000613905,79290368
681,1305031125.151013,data\rgbd_dataset_freiburg1_xyz\rgb\1305031125.151013.png,data\rgbd_dataset_freiburg1_xyz\depth\1305031125.151037.png,2.4080276489257812e-05,0.0045871734619140625,1194,0.00805680000121356,0.0018709999985730974,0.01078349999988859,0.012654499998461688,0.020711299999675248,79290368
682,1305031125.179353,data\rgbd_dataset_freiburg1_xyz\rgb\1305031125.179353.png,data\rgbd_dataset_freiburg1_xyz\depth\1305031125.187064.png,0.007710933685302734,0.0037529468536376953,1197,0.00880460000007588,0.0016344000014214544,0.012076999999408145,0.013711400000829599,0.02251600000090548,79228928
683,1305031125.21132,data\rgbd_dataset_freiburg1_xyz\rgb\1305031125.211320.png,data\rgbd_dataset_freiburg1_xyz\depth\1305031125.219018.png,0.00769805908203125,0.004180192947387695,1175,0.008919600000808714,0.0016685999999026535,0.009795699999813223,0.011464299999715877,0.02038390000052459,79208448
684,1305031125.250632,data\rgbd_dataset_freiburg1_xyz\rgb\1305031125.250632.png,data\rgbd_dataset_freiburg1_xyz\depth\1305031125.250642.png,1.0013580322265625e-05,0.004868030548095703,1180,0.008782099999734783,0.0016520999997737817,0.005650799999784795,0.007302899999558576,0.01608499999929336,79196160
685,1305031125.279467,data\rgbd_dataset_freiburg1_xyz\rgb\1305031125.279467.png,data\rgbd_dataset_freiburg1_xyz\depth\1305031125.286396.png,0.006928920745849609,0.0038671493530273438,1203,0.00932470000043395,0.0017554000005475245,0.009807399999772315,0.01156280000031984,0.02088750000075379,79253504
686,1305031125.311493,data\rgbd_dataset_freiburg1_xyz\rgb\1305031125.311493.png,data\rgbd_dataset_freiburg1_xyz\depth\1305031125.319140.png,0.007647037506103516,0.004007101058959961,1206,0.00872449999951641,0.001739199999065022,0.007387200001176097,0.00912640000024112,0.01785089999975753,79220736
687,1305031125.34888,data\rgbd_dataset_freiburg1_xyz\rgb\1305031125.348880.png,data\rgbd_dataset_freiburg1_xyz\depth\1305031125.348899.png,1.8835067749023438e-05,0.002680063247680664,1226,0.008520000001226435,0.0018567000006441958,0.007112899998901412,0.008969599999545608,0.017489600000772043,79286272
688,1305031125.379401,data\rgbd_dataset_freiburg1_xyz\rgb\1305031125.379401.png,data\rgbd_dataset_freiburg1_xyz\depth\1305031125.386792.png,0.0073909759521484375,0.0038008689880371094,1196,0.008970699998826603,0.002319500001249253,0.007786800000758376,0.010106300002007629,0.019077000000834232,79245312
689,1305031125.411335,data\rgbd_dataset_freiburg1_xyz\rgb\1305031125.411335.png,data\rgbd_dataset_freiburg1_xyz\depth\1305031125.419574.png,0.008239030838012695,0.0042650699615478516,1217,0.008343699999386445,0.001603800001248601,0.011890499999935855,0.013494300001184456,0.0218380000005709,79159296
690,1305031125.451195,data\rgbd_dataset_freiburg1_xyz\rgb\1305031125.451195.png,data\rgbd_dataset_freiburg1_xyz\depth\1305031125.451232.png,3.695487976074219e-05,0.004405021667480469,1196,0.009169400000246242,0.002028200000495417,0.024580399998740177,0.026608599999235594,0.035777999999481835,79159296
691,1305031125.479424,data\rgbd_dataset_freiburg1_xyz\rgb\1305031125.479424.png,data\rgbd_dataset_freiburg1_xyz\depth\1305031125.486999.png,0.007575035095214844,0.003823995590209961,1165,0.009609799999452662,0.002002699999138713,0.01515329999892856,0.017155999998067273,0.026765799997519935,79372288
692,1305031125.511316,data\rgbd_dataset_freiburg1_xyz\rgb\1305031125.511316.png,data\rgbd_dataset_freiburg1_xyz\depth\1305031125.519354.png,0.008038043975830078,0.004283905029296875,1153,0.009404000000358792,0.001752199999828008,0.0056945000014820835,0.0074467000013100915,0.016850700001668883,79409152
693,1305031125.55102,data\rgbd_dataset_freiburg1_xyz\rgb\1305031125.551020.png,data\rgbd_dataset_freiburg1_xyz\depth\1305031125.551050.png,3.0040740966796875e-05,0.004480123519897461,1138,0.008156500000040978,0.0015304999997169944,0.005803799998830073,0.007334299998547067,0.015490799998588045,79384576
694,1305031125.579308,data\rgbd_dataset_freiburg1_xyz\rgb\1305031125.579308.png,data\rgbd_dataset_freiburg1_xyz\depth\1305031125.585303.png,0.005995035171508789,0.0038080215454101562,1133,0.00808580000011716,0.001622900001166272,0.005922599999394151,0.007545500000560423,0.015631300000677584,79446016
695,1305031125.611533,data\rgbd_dataset_freiburg1_xyz\rgb\1305031125.611533.png,data\rgbd_dataset_freiburg1_xyz\depth\1305031125.617870.png,0.006337165832519531,0.004067182540893555,1148,0.008164499999111285,0.0016177999987121439,0.008345300000655698,0.009963099999367842,0.018127599998479127,79433728
696,1305031125.650575,data\rgbd_dataset_freiburg1_xyz\rgb\1305031125.650575.png,data\rgbd_dataset_freiburg1_xyz\depth\1305031125.650354.png,0.00022101402282714844,0.005025148391723633,1113,0.008765399999902002,0.0017083999991882592,0.011789799998950912,0.013498199998139171,0.022263599998041173,79413248
697,1305031125.679328,data\rgbd_dataset_freiburg1_xyz\rgb\1305031125.679328.png,data\rgbd_dataset_freiburg1_xyz\depth\1305031125.684602.png,0.005274057388305664,0.0037279129028320312,1176,0.00864470000124129,0.0015381000011984725,0.009006399999634596,0.010544500000833068,0.019189200002074358,79433728
698,1305031125.711443,data\rgbd_dataset_freiburg1_xyz\rgb\1305031125.711443.png,data\rgbd_dataset_freiburg1_xyz\depth\1305031125.715669.png,0.004225969314575195,0.004057168960571289,1203,0.0081320000008418,0.0016737999994802522,0.009517899999991641,0.011191699999471894,0.019323700000313693,79429632
699,1305031125.75126,data\rgbd_dataset_freiburg1_xyz\rgb\1305031125.751260.png,data\rgbd_dataset_freiburg1_xyz\depth\1305031125.751292.png,3.1948089599609375e-05,0.0042400360107421875,1207,0.009704199999760021,0.0017194000010931632,0.019656399999803398,0.02137580000089656,0.031080000000656582,79446016
700,1305031125.779348,data\rgbd_dataset_freiburg1_xyz\rgb\1305031125.779348.png,data\rgbd_dataset_freiburg1_xyz\depth\1305031125.786805.png,0.00745701789855957,0.003847837448120117,1222,0.008310100000016973,0.001564100000905455,0.0039532999999210006,0.005517400000826456,0.013827500000843429,79499264
701,1305031125.811573,data\rgbd_dataset_freiburg1_xyz\rgb\1305031125.811573.png,data\rgbd_dataset_freiburg1_xyz\depth\1305031125.819450.png,0.007876873016357422,0.003926992416381836,1191,0.008470999999190099,0.0015389000000141095,0.005933700000241515,0.007472600000255625,0.015943599999445723,79474688
702,1305031125.847412,data\rgbd_dataset_freiburg1_xyz\rgb\1305031125.847412.png,data\rgbd_dataset_freiburg1_xyz\depth\1305031125.854774.png,0.007361888885498047,0.0019121170043945312,1192,0.008463900001515867,0.0016492999984620837,0.009823500000493368,0.011472799998955452,0.01993670000047132,79409152
703,1305031125.879318,data\rgbd_dataset_freiburg1_xyz\rgb\1305031125.879318.png,data\rgbd_dataset_freiburg1_xyz\depth\1305031125.886645.png,0.007327079772949219,0.003818035125732422,1164,0.00818020000042452,0.001518999999461812,0.0057030999996641185,0.0072220999991259305,0.01540229999955045,79405056
704,1305031125.911305,data\rgbd_dataset_freiburg1_xyz\rgb\1305031125.911305.png,data\rgbd_dataset_freiburg1_xyz\depth\1305031125.919334.png,0.008028984069824219,0.004194974899291992,1209,0.008084799999778625,0.0016293000007863156,0.008868200000506476,0.010497500001292792,0.018582300001071417,79507456
705,1305031125.947343,data\rgbd_dataset_freiburg1_xyz\rgb\1305031125.947343.png,data\rgbd_dataset_freiburg1_xyz\depth\1305031125.955252.png,0.007908821105957031,0.0016431808471679688,1186,0.00864000000001397,0.0016773999996075872,0.02936720000070636,0.03104460000031395,0.03968460000032792,79507456
706,1305031125.979324,data\rgbd_dataset_freiburg1_xyz\rgb\1305031125.979324.png,data\rgbd_dataset_freiburg1_xyz\depth\1305031125.987094.png,0.00776982307434082,0.003823995590209961,1195,0.009005799998703878,0.001636399998460547,0.013383299999986775,0.015019699998447322,0.0240254999971512,79499264
707,1305031126.011333,data\rgbd_dataset_freiburg1_xyz\rgb\1305031126.011333.png,data\rgbd_dataset_freiburg1_xyz\depth\1305031126.019572.png,0.008239030838012695,0.004167079925537109,1208,0.009762899999259389,0.0017346000004181406,0.027031100000385777,0.028765700000803918,0.03852860000006331,79605760
708,1305031126.047324,data\rgbd_dataset_freiburg1_xyz\rgb\1305031126.047324.png,data\rgbd_dataset_freiburg1_xyz\depth\1305031126.055038.png,0.007714033126831055,0.0018239021301269531,1227,0.008829499998682877,0.0016988999996101484,0.018532300000515534,0.020231200000125682,0.02906069999880856,79601664
709,1305031126.079356,data\rgbd_dataset_freiburg1_xyz\rgb\1305031126.079356.png,data\rgbd_dataset_freiburg1_xyz\depth\1305031126.087076.png,0.007719993591308594,0.0037560462951660156,1185,0.009122699999352335,0.001696700001048157,0.01813439999932598,0.019831100000374136,0.02895379999972647,79511552
710,1305031126.11137,data\rgbd_dataset_freiburg1_xyz\rgb\1305031126.111370.png,data\rgbd_dataset_freiburg1_xyz\depth\1305031126.119452.png,0.008081912994384766,0.004129886627197266,1122,0.008701899998413865,0.0017797000000427943,0.0135273000014422,0.015307000001484994,0.02400889999989886,79527936
711,1305031126.147432,data\rgbd_dataset_freiburg1_xyz\rgb\1305031126.147432.png,data\rgbd_dataset_freiburg1_xyz\depth\1305031126.155000.png,0.007567882537841797,0.0019321441650390625,1108,0.008593399999881512,0.0017072999999072636,0.017305500001384644,0.019012800001291907,0.02760620000117342,79503360
712,1305031126.179384,data\rgbd_dataset_freiburg1_xyz\rgb\1305031126.179384.png,data\rgbd_dataset_freiburg1_xyz\depth\1305031126.187174.png,0.007790088653564453,0.0038840770721435547,1080,0.009080699999685748,0.00202750000062224,0.015947300000334508,0.017974800000956748,0.027055500000642496,79499264
713,1305031126.211319,data\rgbd_dataset_freiburg1_xyz\rgb\1305031126.211319.png,data\rgbd_dataset_freiburg1_xyz\depth\1305031126.219473.png,0.008153915405273438,0.0041811466217041016,1024,0.009358899998915149,0.00253560000055586,0.0102537000002485,0.01278930000080436,0.02214819999971951,79478784
714,1305031126.247298,data\rgbd_dataset_freiburg1_xyz\rgb\1305031126.247298.png,data\rgbd_dataset_freiburg1_xyz\depth\1305031126.255236.png,0.007937908172607422,0.0017979145050048828,947,0.009047699999428005,0.003140900000289548,0.020835400000578375,0.023976300000867923,0.03302400000029593,79482880
715,1305031126.279363,data\rgbd_dataset_freiburg1_xyz\rgb\1305031126.279363.png,data\rgbd_dataset_freiburg1_xyz\depth\1305031126.287105.png,0.007742166519165039,0.0038628578186035156,940,0.009766499999386724,0.0017776999993657228,0.00882850000016333,0.010606199999529053,0.020372699998915778,79519744
716,1305031126.311332,data\rgbd_dataset_freiburg1_xyz\rgb\1305031126.311332.png,data\rgbd_dataset_freiburg1_xyz\depth\1305031126.319787.png,0.008455038070678711,0.004168033599853516,903,0.008920199999920442,0.0017489999991084915,0.008653099999719416,0.010402099998827907,0.01932229999874835,79540224
717,1305031126.347363,data\rgbd_dataset_freiburg1_xyz\rgb\1305031126.347363.png,data\rgbd_dataset_freiburg1_xyz\depth\1305031126.355415.png,0.00805211067199707,0.0017631053924560547,837,0.00869080000120448,0.0017220000008819625,0.006357899999784422,0.008079900000666385,0.016770700001870864,79638528
718,1305031126.379423,data\rgbd_dataset_freiburg1_xyz\rgb\1305031126.379423.png,data\rgbd_dataset_freiburg1_xyz\depth\1305031126.387483.png,0.008059978485107422,0.0037229061126708984,854,0.008820400000331574,0.0017566999995324295,0.008347799999683048,0.010104499999215477,0.01892489999954705,79626240
719,1305031126.411465,data\rgbd_dataset_freiburg1_xyz\rgb\1305031126.411465.png,data\rgbd_dataset_freiburg1_xyz\depth\1305031126.419793.png,0.008327960968017578,0.004034996032714844,773,0.00847290000092471,0.0017341000002488727,0.005544399999052985,0.007278499999301857,0.015751400000226567,79618048
720,1305031126.447361,data\rgbd_dataset_freiburg1_xyz\rgb\1305031126.447361.png,data\rgbd_dataset_freiburg1_xyz\depth\1305031126.455380.png,0.008018970489501953,0.0018610954284667969,749,0.009455900000830297,0.0018084999992424855,0.00555759999951988,0.007366099998762365,0.016821999999592663,79601664
721,1305031126.479533,data\rgbd_dataset_freiburg1_xyz\rgb\1305031126.479533.png,data\rgbd_dataset_freiburg1_xyz\depth\1305031126.490386.png,0.010853052139282227,0.003932952880859375,725,0.009257499999876018,0.0019243999995524064,0.004515200000241748,0.006439599999794154,0.015697099999670172,79601664
722,1305031126.51141,data\rgbd_dataset_freiburg1_xyz\rgb\1305031126.511410.png,data\rgbd_dataset_freiburg1_xyz\depth\1305031126.522321.png,0.010910987854003906,0.004090070724487305,718,0.009072099999684724,0.0019276999992143828,0.00388080000084301,0.005808500000057393,0.014880599999742117,79568896
723,1305031126.547374,data\rgbd_dataset_freiburg1_xyz\rgb\1305031126.547374.png,data\rgbd_dataset_freiburg1_xyz\depth\1305031126.558209.png,0.010834932327270508,0.0014739036560058594,727,0.00874419999854581,0.0018894000004365807,0.005326900000000023,0.007216300000436604,0.015960499998982414,79618048
724,1305031126.579454,data\rgbd_dataset_freiburg1_xyz\rgb\1305031126.579454.png,data\rgbd_dataset_freiburg1_xyz\depth\1305031126.590176.png,0.010722160339355469,0.003854036331176758,703,0.008652500000607688,0.0017543000012665289,0.00736239999969257,0.0091167000009591,0.017769200001566787,79585280
725,1305031126.611528,data\rgbd_dataset_freiburg1_xyz\rgb\1305031126.611528.png,data\rgbd_dataset_freiburg1_xyz\depth\1305031126.618687.png,0.007158994674682617,0.003972053527832031,695,0.008776799999395735,0.0017743000007612864,0.004519100000834442,0.006293400001595728,0.015070200000991463,79585280
726,1305031126.647376,data\rgbd_dataset_freiburg1_xyz\rgb\1305031126.647376.png,data\rgbd_dataset_freiburg1_xyz\depth\1305031126.654474.png,0.007097959518432617,0.0018761157989501953,694,0.00908290000006673,0.0017720999985613162,0.006862599999294616,0.008634699997855932,0.01771759999792266,79613952
727,1305031126.679479,data\rgbd_dataset_freiburg1_xyz\rgb\1305031126.679479.png,data\rgbd_dataset_freiburg1_xyz\depth\1305031126.690022.png,0.010543107986450195,0.0038788318634033203,677,0.008661100000608712,0.0017320999995718012,0.0034789000001183013,0.005210999999690102,0.013872100000298815,79757312
728,1305031126.711583,data\rgbd_dataset_freiburg1_xyz\rgb\1305031126.711583.png,data\rgbd_dataset_freiburg1_xyz\depth\1305031126.715770.png,0.004187107086181641,0.003917217254638672,678,0.008704899999429472,0.0017440000010537915,0.00428259999898728,0.006026600000041071,0.014731499999470543,79835136
729,1305031126.747316,data\rgbd_dataset_freiburg1_xyz\rgb\1305031126.747316.png,data\rgbd_dataset_freiburg1_xyz\depth\1305031126.755374.png,0.00805807113647461,0.0017158985137939453,645,0.008781399999861605,0.0018853999990824377,0.003275799999755691,0.0051611999988381285,0.013942599998699734,79859712
730,1305031126.779379,data\rgbd_dataset_freiburg1_xyz\rgb\1305031126.779379.png,data\rgbd_dataset_freiburg1_xyz\depth\1305031126.787565.png,0.008186101913452148,0.0038788318634033203,650,0.012256599999091122,0.002955399999336805,0.005341299998690374,0.00829669999802718,0.0205532999971183,79929344
731,1305031126.811602,data\rgbd_dataset_freiburg1_xyz\rgb\1305031126.811602.png,data\rgbd_dataset_freiburg1_xyz\depth\1305031126.819929.png,0.00832676887512207,0.003997802734375,663,0.010363900000811554,0.0018249999993713573,0.00243630000113626,0.004261300000507617,0.014625200001319172,79941632
732,1305031126.847343,data\rgbd_dataset_freiburg1_xyz\rgb\1305031126.847343.png,data\rgbd_dataset_freiburg1_xyz\depth\1305031126.858378.png,0.011034965515136719,0.0018429756164550781,679,0.00769889999901352,0.0015856999998504762,0.00282599999991362,0.004411699999764096,0.012110599998777616,79953920
733,1305031126.879357,data\rgbd_dataset_freiburg1_xyz\rgb\1305031126.879357.png,data\rgbd_dataset_freiburg1_xyz\depth\1305031126.888154.png,0.008796930313110352,0.0033571720123291016,681,0.00782470000012836,0.001576099999510916,0.002371599999605678,0.003947699999116594,0.011772399999244954,79953920
734,1305031126.911364,data\rgbd_dataset_freiburg1_xyz\rgb\1305031126.911364.png,data\rgbd_dataset_freiburg1_xyz\depth\1305031126.919409.png,0.008044958114624023,0.004135847091674805,677,0.007581699999718694,0.0016603000003669877,0.0032416000012744917,0.004901900001641479,0.012483600001360173,79863808
735,1305031126.947437,data\rgbd_dataset_freiburg1_xyz\rgb\1305031126.947437.png,data\rgbd_dataset_freiburg1_xyz\depth\1305031126.955501.png,0.008064031600952148,0.0019371509552001953,686,0.007804900000337511,0.0015440999995917082,0.0032207000003836583,0.0047647999999753665,0.012569700000312878,79958016
736,1305031126.979337,data\rgbd_dataset_freiburg1_xyz\rgb\1305031126.979337.png,data\rgbd_dataset_freiburg1_xyz\depth\1305031126.987316.png,0.00797891616821289,0.0037369728088378906,685,0.007820300001185387,0.0015855999990890268,0.0023505999997723848,0.003936199998861412,0.011756500000046799,80007168
737,1305031127.011371,data\rgbd_dataset_freiburg1_xyz\rgb\1305031127.011371.png,data\rgbd_dataset_freiburg1_xyz\depth\1305031127.019524.png,0.008153200149536133,0.004229068756103516,693,0.008438599999863072,0.0015696999998908723,0.0023872000001574634,0.003956900000048336,0.012395499999911408,79998976
738,1305031127.047297,data\rgbd_dataset_freiburg1_xyz\rgb\1305031127.047297.png,data\rgbd_dataset_freiburg1_xyz\depth\1305031127.053318.png,0.006021022796630859,0.0017969608306884766,684,0.008166800000253716,0.0016128000006574439,0.0027045000006182818,0.004317300001275726,0.012484100001529441,79998976
739,1305031127.079299,data\rgbd_dataset_freiburg1_xyz\rgb\1305031127.079299.png,data\rgbd_dataset_freiburg1_xyz\depth\1305031127.088649.png,0.009350061416625977,0.003798961639404297,688,0.008114000000205124,0.0017019000006257556,0.0018441000011080178,0.0035460000017337734,0.011660000001938897,80011264
740,1305031127.111435,data\rgbd_dataset_freiburg1_xyz\rgb\1305031127.111435.png,data\rgbd_dataset_freiburg1_xyz\depth\1305031127.120963.png,0.009528160095214844,0.004065036773681641,702,0.008000399999218644,0.0016766000007919502,0.003184399998644949,0.004860999999436899,0.012861399998655543,80003072
741,1305031127.147307,data\rgbd_dataset_freiburg1_xyz\rgb\1305031127.147307.png,data\rgbd_dataset_freiburg1_xyz\depth\1305031127.157692.png,0.01038503646850586,0.0018069744110107422,689,0.008186999999452382,0.0016323999989253934,0.0024450999990222044,0.004077499997947598,0.01226449999739998,79962112
742,1305031127.179349,data\rgbd_dataset_freiburg1_xyz\rgb\1305031127.179349.png,data\rgbd_dataset_freiburg1_xyz\depth\1305031127.187500.png,0.008151054382324219,0.0037488937377929688,701,0.007955600000059349,0.0015916999982437119,0.003396199999770033,0.004987899998013745,0.012943499998073094,79953920
743,1305031127.2117,data\rgbd_dataset_freiburg1_xyz\rgb\1305031127.211700.png,data\rgbd_dataset_freiburg1_xyz\depth\1305031127.221831.png,0.010131120681762695,0.0038001537322998047,686,0.008195200000045588,0.0017196999997395324,0.003292600000349921,0.0050123000000894535,0.013207500000135042,79908864
744,1305031127.247374,data\rgbd_dataset_freiburg1_xyz\rgb\1305031127.247374.png,data\rgbd_dataset_freiburg1_xyz\depth\1305031127.259761.png,0.01238703727722168,0.0018739700317382812,683,0.008502499998940038,0.0017552999997860752,0.002735799998845323,0.004491099998631398,0.012993599997571437,79929344
745,1305031127.279465,data\rgbd_dataset_freiburg1_xyz\rgb\1305031127.279465.png,data\rgbd_dataset_freiburg1_xyz\depth\1305031127.287038.png,0.007573127746582031,0.003964900970458984,689,0.008842900000672671,0.0017127999999502208,0.004316599999583559,0.00602939999953378,0.014872300000206451,79937536
746,1305031127.311362,data\rgbd_dataset_freiburg1_xyz\rgb\1305031127.311362.png,data\rgbd_dataset_freiburg1_xyz\depth\1305031127.320468.png,0.009105920791625977,0.004137992858886719,661,0.00950379999994766,0.001554099999339087,0.002712999999857857,0.004267099999196944,0.013770899999144603,80568320
747,1305031127.347356,data\rgbd_dataset_freiburg1_xyz\rgb\1305031127.347356.png,data\rgbd_dataset_freiburg1_xyz\depth\1305031127.353407.png,0.006050825119018555,0.0017561912536621094,689,0.010939800000414834,0.0023290000008273637,0.004155000000537257,0.00648400000136462,0.017423800001779455,80023552
748,1305031127.379262,data\rgbd_dataset_freiburg1_xyz\rgb\1305031127.379262.png,data\rgbd_dataset_freiburg1_xyz\depth\1305031127.383713.png,0.00445103645324707,0.0037620067596435547,720,0.010621100000207662,0.002181800000471412,0.003959699999541044,0.0061415000000124564,0.016762600000220118,79986688
749,1305031127.411371,data\rgbd_dataset_freiburg1_xyz\rgb\1305031127.411371.png,data\rgbd_dataset_freiburg1_xyz\depth\1305031127.419650.png,0.008279085159301758,0.004029035568237305,717,0.010617199999614968,0.0023605999995197635,0.004073899999639252,0.006434499999159016,0.017051699998773984,79994880
750,1305031127.447333,data\rgbd_dataset_freiburg1_xyz\rgb\1305031127.447333.png,data\rgbd_dataset_freiburg1_xyz\depth\1305031127.454246.png,0.006912946701049805,0.001833200454711914,700,0.010146599999643513,0.0016459999988001073,0.0030723999989277218,0.004718399997727829,0.014864999997371342,80003072
751,1305031127.479362,data\rgbd_dataset_freiburg1_xyz\rgb\1305031127.479362.png,data\rgbd_dataset_freiburg1_xyz\depth\1305031127.487200.png,0.007838010787963867,0.0038619041442871094,706,0.007737100000667851,0.0015966000009939307,0.0022652000006928574,0.003861800001686788,0.01159890000235464,80003072
752,1305031127.511356,data\rgbd_dataset_freiburg1_xyz\rgb\1305031127.511356.png,data\rgbd_dataset_freiburg1_xyz\depth\1305031127.521900.png,0.0105438232421875,0.004143953323364258,697,0.00788970000030531,0.0018851000004360685,0.00265650000073947,0.004541600001175539,0.01243130000148085,80027648
753,1305031127.547348,data\rgbd_dataset_freiburg1_xyz\rgb\1305031127.547348.png,data\rgbd_dataset_freiburg1_xyz\depth\1305031127.553725.png,0.006376981735229492,0.001847982406616211,711,0.0077027999996062135,0.0017148999995697523,0.002508499999748892,0.004223399999318644,0.011926199998924858,80011264
754,1305031127.579345,data\rgbd_dataset_freiburg1_xyz\rgb\1305031127.579345.png,data\rgbd_dataset_freiburg1_xyz\depth\1305031127.586632.png,0.007287025451660156,0.0038449764251708984,704,0.007835399999748915,0.001846799999839277,0.0035052999992331024,0.005352099999072379,0.013187499998821295,80003072
755,1305031127.611271,data\rgbd_dataset_freiburg1_xyz\rgb\1305031127.611271.png,data\rgbd_dataset_freiburg1_xyz\depth\1305031127.620657.png,0.009386062622070312,0.004129171371459961,699,0.007940100000269013,0.001652200000535231,0.0029291000009834534,0.0045813000015186844,0.012521400001787697,79962112
756,1305031127.647358,data\rgbd_dataset_freiburg1_xyz\rgb\1305031127.647358.png,data\rgbd_dataset_freiburg1_xyz\depth\1305031127.654656.png,0.007297992706298828,0.0016579627990722656,687,0.008053000001382316,0.002089699999487493,0.0030612000009568874,0.005150900000444381,0.013203900001826696,79970304
757,1305031127.679298,data\rgbd_dataset_freiburg1_xyz\rgb\1305031127.679298.png,data\rgbd_dataset_freiburg1_xyz\depth\1305031127.687110.png,0.007812023162841797,0.0037980079650878906,708,0.00857929999983753,0.0016285000001516892,0.007157800000641146,0.008786300000792835,0.017365600000630366,79990784
758,1305031127.711375,data\rgbd_dataset_freiburg1_xyz\rgb\1305031127.711375.png,data\rgbd_dataset_freiburg1_xyz\depth\1305031127.723210.png,0.011835098266601562,0.004125118255615234,727,0.00889140000072075,0.001523799999631592,0.0027764999995270045,0.004300299999158597,0.013191699999879347,80023552
759,1305031127.747304,data\rgbd_dataset_freiburg1_xyz\rgb\1305031127.747304.png,data\rgbd_dataset_freiburg1_xyz\depth\1305031127.754694.png,0.007390022277832031,0.0018038749694824219,703,0.009143799999947078,0.001719500000035623,0.0029519999989133794,0.0046714999989490025,0.01381529999889608,79998976
760,1305031127.779346,data\rgbd_dataset_freiburg1_xyz\rgb\1305031127.779346.png,data\rgbd_dataset_freiburg1_xyz\depth\1305031127.787641.png,0.008295059204101562,0.0038459300994873047,719,0.00787790000140376,0.0016606000008323463,0.003962100001444924,0.00562270000227727,0.01350060000368103,80003072
761,1305031127.811829,data\rgbd_dataset_freiburg1_xyz\rgb\1305031127.811829.png,data\rgbd_dataset_freiburg1_xyz\depth\1305031127.820128.png,0.008298873901367188,0.003670930862426758,734,0.008262900000772788,0.0015634999999747379,0.0032534000001760432,0.004816900000150781,0.01307980000092357,80027648
762,1305031127.847366,data\rgbd_dataset_freiburg1_xyz\rgb\1305031127.847366.png,data\rgbd_dataset_freiburg1_xyz\depth\1305031127.855132.png,0.007766008377075195,0.001766204833984375,725,0.008185700000467477,0.0016686999988451134,0.0032386000002588844,0.004907299999103998,0.013092999999571475,80048128
763,1305031127.87938,data\rgbd_dataset_freiburg1_xyz\rgb\1305031127.879380.png,data\rgbd_dataset_freiburg1_xyz\depth\1305031127.887122.png,0.0077419281005859375,0.003880023956298828,723,0.008089599999948405,0.0016037000004871516,0.002829000000929227,0.004432700001416379,0.012522300001364783,80048128
764,1305031127.911476,data\rgbd_dataset_freiburg1_xyz\rgb\1305031127.911476.png,data\rgbd_dataset_freiburg1_xyz\depth\1305031127.922560.png,0.01108407974243164,0.004024028778076172,710,0.008167500000126893,0.0018820999994204612,0.004678599998442223,0.0065606999978626845,0.014728199997989577,79982592
765,1305031127.947366,data\rgbd_dataset_freiburg1_xyz\rgb\1305031127.947366.png,data\rgbd_dataset_freiburg1_xyz\depth\1305031127.955088.png,0.007721900939941406,0.0018661022186279297,711,0.007907899998826906,0.0016361999987566378,0.004790999999386258,0.006427199998142896,0.014335099996969802,79937536
766,1305031127.979371,data\rgbd_dataset_freiburg1_xyz\rgb\1305031127.979371.png,data\rgbd_dataset_freiburg1_xyz\depth\1305031127.987093.png,0.007721900939941406,0.0038709640502929688,714,0.008184500000425032,0.0025853000006463844,0.003710000000864966,0.00629530000151135,0.014479800001936383,80019456
767,1305031128.011427,data\rgbd_dataset_freiburg1_xyz\rgb\1305031128.011427.png,data\rgbd_dataset_freiburg1_xyz\depth\1305031128.021776.png,0.010349035263061523,0.0039730072021484375,683,0.00803279999854567,0.0016579000002820976,0.002571499999248772,0.0042293999995308695,0.01226219999807654,79929344
768,1305031128.047369,data\rgbd_dataset_freiburg1_xyz\rgb\1305031128.047369.png,data\rgbd_dataset_freiburg1_xyz\depth\1305031128.055718.png,0.008348941802978516,0.0018689632415771484,699,0.008398599999054568,0.0017234000006283168,0.003950799999074661,0.005674199999702978,0.014072799998757546,80015360
769,1305031128.079334,data\rgbd_dataset_freiburg1_xyz\rgb\1305031128.079334.png,data\rgbd_dataset_freiburg1_xyz\depth\1305031128.087206.png,0.007871866226196289,0.003734111785888672,698,0.009218600000167498,0.0017222999995283317,0.002494200000001001,0.004216499999529333,0.013435099999696831,80035840
770,1305031128.111391,data\rgbd_dataset_freiburg1_xyz\rgb\1305031128.111391.png,data\rgbd_dataset_freiburg1_xyz\depth\1305031128.124746.png,0.013355016708374023,0.004108905792236328,689,0.008278200000859215,0.0017162000003736466,0.0026723999999376247,0.004388600000311271,0.012666800001170486,80019456
771,1305031128.147418,data\rgbd_dataset_freiburg1_xyz\rgb\1305031128.147418.png,data\rgbd_dataset_freiburg1_xyz\depth\1305031128.157782.png,0.010364055633544922,0.0019180774688720703,692,0.008251799999925424,0.0016517000003659632,0.002962999998999294,0.004614699999365257,0.012866499999290681,80039936
772,1305031128.17935,data\rgbd_dataset_freiburg1_xyz\rgb\1305031128.179350.png,data\rgbd_dataset_freiburg1_xyz\depth\1305031128.187221.png,0.007871150970458984,0.0038499832153320312,699,0.008237699999881443,0.0016247000003204448,0.0026361000000179047,0.0042608000003383495,0.012498500000219792,80056320
773,1305031128.211447,data\rgbd_dataset_freiburg1_xyz\rgb\1305031128.211447.png,data\rgbd_dataset_freiburg1_xyz\depth\1305031128.225442.png,0.013994932174682617,0.0040531158447265625,678,0.008042800000112038,0.0019482999996398576,0.0024892999990697717,0.004437599998709629,0.012480399998821667,80007168
774,1305031128.24748,data\rgbd_dataset_freiburg1_xyz\rgb\1305031128.247480.png,data\rgbd_dataset_freiburg1_xyz\depth\1305031128.256007.png,0.008527040481567383,0.001979827880859375,682,0.008375999999771011,0.001648600000407896,0.0029543999989982694,0.0046029999994061654,0.012978999999177177,80060416
775,1305031128.279336,data\rgbd_dataset_freiburg1_xyz\rgb\1305031128.279336.png,data\rgbd_dataset_freiburg1_xyz\depth\1305031128.291275.png,0.011939048767089844,0.003835916519165039,679,0.008353100000022096,0.0016571000014664605,0.0018799999998009298,0.0035371000012673903,0.011890200001289486,80052224
776,1305031128.311483,data\rgbd_dataset_freiburg1_xyz\rgb\1305031128.311483.png,data\rgbd_dataset_freiburg1_xyz\depth\1305031128.324170.png,0.012687206268310547,0.0040171146392822266,676,0.008507400001690257,0.0016434999997727573,0.002936099999715225,0.004579599999487982,0.01308700000117824,80027648
777,1305031128.347423,data\rgbd_dataset_freiburg1_xyz\rgb\1305031128.347423.png,data\rgbd_dataset_freiburg1_xyz\depth\1305031128.355206.png,0.007782936096191406,0.0019230842590332031,670,0.007974899999680929,0.001636399998460547,0.0023404000003210967,0.003976799998781644,0.011951699998462573,80031744
778,1305031128.379404,data\rgbd_dataset_freiburg1_xyz\rgb\1305031128.379404.png,data\rgbd_dataset_freiburg1_xyz\depth\1305031128.391397.png,0.011992931365966797,0.003904104232788086,680,0.00834000000031665,0.0018237000003864523,0.0025986000000557397,0.004422300000442192,0.012762300000758842,80105472
779,1305031128.411337,data\rgbd_dataset_freiburg1_xyz\rgb\1305031128.411337.png,data\rgbd_dataset_freiburg1_xyz\depth\1305031128.423609.png,0.012272119522094727,0.004063129425048828,688,0.008936299998822506,0.0017723000000842148,0.0028746000007231487,0.0046469000008073635,0.013583199999629869,80027648
780,1305031128.447296,data\rgbd_dataset_freiburg1_xyz\rgb\1305031128.447296.png,data\rgbd_dataset_freiburg1_xyz\depth\1305031128.455499.png,0.00820302963256836,0.001895904541015625,655,0.009096100000533625,0.0019506999997247476,0.0028345000009721844,0.004785200000696932,0.013881300001230557,80117760
781,1305031128.479296,data\rgbd_dataset_freiburg1_xyz\rgb\1305031128.479296.png,data\rgbd_dataset_freiburg1_xyz\depth\1305031128.489523.png,0.010226964950561523,0.0037958621978759766,672,0.00926199999958044,0.0022238999990804587,0.0037525000007008202,0.005976399999781279,0.015238399999361718,79978496
782,1305031128.511433,data\rgbd_dataset_freiburg1_xyz\rgb\1305031128.511433.png,data\rgbd_dataset_freiburg1_xyz\depth\1305031128.523604.png,0.012171030044555664,0.004167079925537109,670,0.011015599999154801,0.002109299999574432,0.0032733999996708008,0.005382699999245233,0.016398299998400034,80084992
783,1305031128.547399,data\rgbd_dataset_freiburg1_xyz\rgb\1305031128.547399.png,data\rgbd_dataset_freiburg1_xyz\depth\1305031128.555639.png,0.008239984512329102,0.0018990039825439453,679,0.008663200000228244,0.0016567000002396526,0.002529700001105084,0.004186400001344737,0.01284960000157298,80142336
784,1305031128.579455,data\rgbd_dataset_freiburg1_xyz\rgb\1305031128.579455.png,data\rgbd_dataset_freiburg1_xyz\depth\1305031128.591460.png,0.012005090713500977,0.003954887390136719,665,0.007937599999422673,0.001574700001583551,0.0026307999996788567,0.004205500001262408,0.012143100000685081,80130048
785,1305031128.611395,data\rgbd_dataset_freiburg1_xyz\rgb\1305031128.611395.png,data\rgbd_dataset_freiburg1_xyz\depth\1305031128.623368.png,0.011973142623901367,0.004105091094970703,684,0.009347100000013597,0.0022106999986135634,0.003392500000700238,0.0056031999993138015,0.014950299999327399,80166912
786,1305031128.647352,data\rgbd_dataset_freiburg1_xyz\rgb\1305031128.647352.png,data\rgbd_dataset_freiburg1_xyz\depth\1305031128.655554.png,0.008202075958251953,0.0018520355224609375,689,0.011145100001158426,0.0023651999999856343,0.004273599999578437,0.006638799999564071,0.017783900000722497,80158720
787,1305031128.679282,data\rgbd_dataset_freiburg1_xyz\rgb\1305031128.679282.png,data\rgbd_dataset_freiburg1_xyz\depth\1305031128.690449.png,0.011167049407958984,0.003782033920288086,676,0.011074199999711709,0.0018304000004718546,0.005190699999729986,0.007021100000201841,0.01809529999991355,80031744
788,1305031128.711457,data\rgbd_dataset_freiburg1_xyz\rgb\1305031128.711457.png,data\rgbd_dataset_freiburg1_xyz\depth\1305031128.722976.png,0.01151895523071289,0.004043102264404297,680,0.013286399998833076,0.002897399999710615,0.004773099999511032,0.007670499999221647,0.020956899998054723,80150528
789,1305031128.747363,data\rgbd_dataset_freiburg1_xyz\rgb\1305031128.747363.png,data\rgbd_dataset_freiburg1_xyz\depth\1305031128.754646.png,0.00728297233581543,0.0018630027770996094,697,0.014851300000373158,0.0028219000014360063,0.0035158000009687385,0.006337700002404745,0.021189000002777902,80199680
