frame_index,rgb_timestamp,rgb_path,depth_path,rgb_depth_offset_s,rgb_ground_truth_offset_s,point_count,rgbd_read_runtime_s,base_preprocessing_runtime_s,normal_estimation_runtime_s,preprocessing_runtime_s,registration_runtime_s,compute_runtime_s,input_to_pose_runtime_s,process_rss_bytes_after_frame
0,1305031102.175304,data\rgbd_dataset_freiburg1_xyz\rgb\1305031102.175304.png,data\rgbd_dataset_freiburg1_xyz\depth\1305031102.160407.png,0.014896869659423828,0.0004961490631103516,1286,0.009754899998370092,0.002529800000047544,0.009505799998805742,0.012035599998853286,0.0,0.012035599998853286,0.021790499997223378,148631552
1,1305031102.211214,data\rgbd_dataset_freiburg1_xyz\rgb\1305031102.211214.png,data\rgbd_dataset_freiburg1_xyz\depth\1305031102.226738.png,0.015523910522460938,0.004685878753662109,1294,0.012413999998898362,0.0026706999997259118,0.0074349000005895505,0.010105600000315462,0.011619300001257216,0.021724900001572678,0.03413890000047104,149467136
2,1305031102.275326,data\rgbd_dataset_freiburg1_xyz\rgb\1305031102.275326.png,data\rgbd_dataset_freiburg1_xyz\depth\1305031102.262886.png,0.012439966201782227,0.00047397613525390625,1181,0.011254799999733223,0.0033031999992090277,0.004901300000710762,0.00820449999991979,0.007961199999044766,0.016165699998964556,0.027420499998697778,150020096
3,1305031102.311267,data\rgbd_dataset_freiburg1_xyz\rgb\1305031102.311267.png,data\rgbd_dataset_freiburg1_xyz\depth\1305031102.295279.png,0.015987873077392578,0.004533052444458008,1158,0.013964199999463744,0.003572899999198853,0.005889400001251488,0.009462300000450341,0.007567599999674712,0.017029900000125053,0.030994099999588798,150659072
4,1305031102.343233,data\rgbd_dataset_freiburg1_xyz\rgb\1305031102.343233.png,data\rgbd_dataset_freiburg1_xyz\depth\1305031102.329195.png,0.0140380859375,0.002566814422607422,1047,0.014371200000823592,0.003538299999490846,0.004612200000337907,0.008150499999828753,0.007682599998588557,0.01583309999841731,0.030204299999240902,151011328
5,1305031102.375329,data\rgbd_dataset_freiburg1_xyz\rgb\1305031102.375329.png,data\rgbd_dataset_freiburg1_xyz\depth\1305031102.363013.png,0.012315988540649414,0.00047087669372558594,1067,0.01439829999981157,0.0036832000005233567,0.0044202000008226605,0.008103400001346017,0.007143299999370356,0.015246700000716373,0.029645000000527943,151212032
6,1305031102.411258,data\rgbd_dataset_freiburg1_xyz\rgb\1305031102.411258.png,data\rgbd_dataset_freiburg1_xyz\depth\1305031102.394772.png,0.016485929489135742,0.004642009735107422,1031,0.014065299999856506,0.003896399999575806,0.00430170000072394,0.008198100000299746,0.007041900000331225,0.015240000000630971,0.029305300000487478,151285760
7,1305031102.443271,data\rgbd_dataset_freiburg1_xyz\rgb\1305031102.443271.png,data\rgbd_dataset_freiburg1_xyz\depth\1305031102.427815.png,0.015455961227416992,0.002529144287109375,1005,0.01389039999958186,0.0035790000001725275,0.004189199999018456,0.007768199999190983,0.006416199999875971,0.014184399999066954,0.028074799998648814,151289856
8,1305031102.475318,data\rgbd_dataset_freiburg1_xyz\rgb\1305031102.475318.png,data\rgbd_dataset_freiburg1_xyz\depth\1305031102.462395.png,0.012923002243041992,0.0004820823669433594,1017,0.013495200000761542,0.003744100000403705,0.004265700001269579,0.008009800001673284,0.007059699999445002,0.015069500001118286,0.028564700001879828,151289856
9,1305031102.511219,data\rgbd_dataset_freiburg1_xyz\rgb\1305031102.511219.png,data\rgbd_dataset_freiburg1_xyz\depth\1305031102.526330.png,0.015110969543457031,0.0046808719635009766,930,0.013693600001715822,0.0037292000015440863,0.004327600001488463,0.00805680000303255,0.00655929999993532,0.014616100002967869,0.02830970000468369,151310336
10,1305031102.575286,data\rgbd_dataset_freiburg1_xyz\rgb\1305031102.575286.png,data\rgbd_dataset_freiburg1_xyz\depth\1305031102.562224.png,0.013062000274658203,0.000614166259765625,883,0.01402330000018992,0.0036223999995854683,0.004630600000382401,0.00825299999996787,0.006647299998803646,0.014900299998771516,0.028923599998961436,151322624
11,1305031102.611233,data\rgbd_dataset_freiburg1_xyz\rgb\1305031102.611233.png,data\rgbd_dataset_freiburg1_xyz\depth\1305031102.626818.png,0.015584945678710938,0.004667043685913086,842,0.014180199999827892,0.0038860999993630685,0.00432120000004943,0.008207299999412498,0.010519400000703172,0.01872670000011567,0.03290689999994356,151322624
12,1305031102.675285,data\rgbd_dataset_freiburg1_xyz\rgb\1305031102.675285.png,data\rgbd_dataset_freiburg1_xyz\depth\1305031102.663273.png,0.012012004852294922,0.0006148815155029297,794,0.014649100001406623,0.0037193000007391674,0.004556500000035157,0.008275800000774325,0.006923400000232505,0.01519920000100683,0.029848300002413453,151334912
13,1305031102.711263,data\rgbd_dataset_freiburg1_xyz\rgb\1305031102.711263.png,data\rgbd_dataset_freiburg1_xyz\depth\1305031102.695165.png,0.0160980224609375,0.004637002944946289,779,0.014189700001224992,0.0035559999996621627,0.003968200000599609,0.0075242000002617715,0.006413099999917904,0.013937300000179675,0.028127000001404667,151343104
14,1305031102.743234,data\rgbd_dataset_freiburg1_xyz\rgb\1305031102.743234.png,data\rgbd_dataset_freiburg1_xyz\depth\1305031102.728423.png,0.014810800552368164,0.002566099166870117,747,0.01374509999914153,0.0035095999992336147,0.004500700000789948,0.008010300000023562,0.006452900001022499,0.014463200001046062,0.02820830000018759,151347200
15,1305031102.775472,data\rgbd_dataset_freiburg1_xyz\rgb\1305031102.775472.png,data\rgbd_dataset_freiburg1_xyz\depth\1305031102.763549.png,0.011922836303710938,0.00032806396484375,791,0.014455399999860674,0.0037210999998933403,0.004399899999043555,0.008120999998936895,0.005973999999696389,0.014094999998633284,0.028550399998493958,151347200
16,1305031102.811232,data\rgbd_dataset_freiburg1_xyz\rgb\1305031102.811232.png,data\rgbd_dataset_freiburg1_xyz\depth\1305031102.794978.png,0.016254186630249023,0.004667997360229492,765,0.014358599999468424,0.003981300000305055,0.004206699999485863,0.008187999999790918,0.006557600001542596,0.014745600001333514,0.02910420000080194,151351296
17,1305031102.84329,data\rgbd_dataset_freiburg1_xyz\rgb\1305031102.843290.png,data\rgbd_dataset_freiburg1_xyz\depth\1305031102.828537.png,0.014753103256225586,0.0025098323822021484,698,0.01402830000006361,0.0039038000013533747,0.003951400000005378,0.007855200001358753,0.0058547999997244915,0.013710000001083245,0.027738300001146854,151355392
18,1305031102.875363,data\rgbd_dataset_freiburg1_xyz\rgb\1305031102.875363.png,data\rgbd_dataset_freiburg1_xyz\depth\1305031102.862808.png,0.012555122375488281,0.0004367828369140625,718,0.013738799998463946,0.0037461000010807766,0.003922500000044238,0.007668600001125014,0.005762300001151743,0.013430900002276758,0.027169700000740704,151355392
19,1305031102.911185,data\rgbd_dataset_freiburg1_xyz\rgb\1305031102.911185.png,data\rgbd_dataset_freiburg1_xyz\depth\1305031102.926851.png,0.01566600799560547,0.0047149658203125,679,0.01402339999913238,0.0036973999995097984,0.003829899998891051,0.007527299998400849,0.006366199999320088,0.013893499997720937,0.027916899996853317,151359488
20,1305031102.975203,data\rgbd_dataset_freiburg1_xyz\rgb\1305031102.975203.png,data\rgbd_dataset_freiburg1_xyz\depth\1305031102.962137.png,0.01306605339050293,0.0006968975067138672,649,0.014205299999957788,0.0035064000003330875,0.003858800000671181,0.007365200001004268,0.005840300000272691,0.01320550000127696,0.027410800001234747,151359488
21,1305031103.011215,data\rgbd_dataset_freiburg1_xyz\rgb\1305031103.011215.png,data\rgbd_dataset_freiburg1_xyz\depth\1305031102.994164.png,0.017050981521606445,0.004684925079345703,671,0.013751700000284472,0.003616700001657591,0.003974400000515743,0.007591100002173334,0.00601719999940542,0.013608300001578755,0.027360000001863227,151359488
22,1305031103.043227,data\rgbd_dataset_freiburg1_xyz\rgb\1305031103.043227.png,data\rgbd_dataset_freiburg1_xyz\depth\1305031103.027881.png,0.015346050262451172,0.0025730133056640625,653,0.013954799998828094,0.0036362999999255408,0.003993100001025596,0.0076294000009511365,0.005853099999512779,0.013482500000463915,0.02743729999929201,151359488
23,1305031103.075319,data\rgbd_dataset_freiburg1_xyz\rgb\1305031103.075319.png,data\rgbd_dataset_freiburg1_xyz\depth\1305031103.062273.png,0.013046026229858398,0.00048089027404785156,632,0.013920800000050804,0.003444100000706385,0.003750600000785198,0.007194700001491583,0.005508500000360073,0.012703200001851656,0.02662400000190246,151363584
24,1305031103.11124,data\rgbd_dataset_freiburg1_xyz\rgb\1305031103.111240.png,data\rgbd_dataset_freiburg1_xyz\depth\1305031103.094040.png,0.017199993133544922,0.004559993743896484,623,0.014160299999275594,0.0035272999994049314,0.0039061000006768154,0.007433400000081747,0.0058214000000589294,0.013254800000140676,0.02741509999941627,151363584
25,1305031103.143318,data\rgbd_dataset_freiburg1_xyz\rgb\1305031103.143318.png,data\rgbd_dataset_freiburg1_xyz\depth\1305031103.129109.png,0.01420903205871582,0.002582073211669922,623,0.013838899998518173,0.003525800000716117,0.003921599998648162,0.007447399999364279,0.005357100000765058,0.012804500000129337,0.02664339999864751,151363584
26,1305031103.175452,data\rgbd_dataset_freiburg1_xyz\rgb\1305031103.175452.png,data\rgbd_dataset_freiburg1_xyz\depth\1305031103.162795.png,0.012656927108764648,0.00034809112548828125,594,0.01393620000089868,0.003633399999671383,0.003861399998640991,0.007494799998312374,0.005557299999054521,0.013052099997366895,0.026988299998265575,151363584
27,1305031103.243216,data\rgbd_dataset_freiburg1_xyz\rgb\1305031103.243216.png,data\rgbd_dataset_freiburg1_xyz\depth\1305031103.227845.png,0.015371084213256836,0.0025839805603027344,581,0.013903200000640936,0.0036206000004312955,0.003772799998841947,0.007393399999273242,0.005255899999610847,0.01264929999888409,0.026552499999525025,151363584
28,1305031103.27537,data\rgbd_dataset_freiburg1_xyz\rgb\1305031103.275370.png,data\rgbd_dataset_freiburg1_xyz\depth\1305031103.262576.png,0.012793779373168945,0.00043010711669921875,545,0.01369909999993979,0.003573800000594929,0.003660899999886169,0.007234700000481098,0.005794299999251962,0.01302899999973306,0.02672809999967285,151367680
29,1305031103.31121,data\rgbd_dataset_freiburg1_xyz\rgb\1305031103.311210.png,data\rgbd_dataset_freiburg1_xyz\depth\1305031103.294208.png,0.017001867294311523,0.004590034484863281,532,0.013689199999134871,0.0036690999986603856,0.0036409999993338715,0.007310099997994257,0.005719099999623722,0.01302919999761798,0.02671839999675285,151379968
30,1305031103.343223,data\rgbd_dataset_freiburg1_xyz\rgb\1305031103.343223.png,data\rgbd_dataset_freiburg1_xyz\depth\1305031103.327550.png,0.015673160552978516,0.0026769638061523438,531,0.013889700001527672,0.0038623000000370666,0.004109800000151154,0.00797210000018822,0.00539310000021942,0.01336520000040764,0.02725490000193531,151379968
31,1305031103.375327,data\rgbd_dataset_freiburg1_xyz\rgb\1305031103.375327.png,data\rgbd_dataset_freiburg1_xyz\depth\1305031103.362405.png,0.012922048568725586,0.0005729198455810547,511,0.013840499999787426,0.0035289000006741844,0.003745100000742241,0.007274000001416425,0.005693600000086008,0.012967600001502433,0.02680810000128986,151379968
32,1305031103.41126,data\rgbd_dataset_freiburg1_xyz\rgb\1305031103.411260.png,data\rgbd_dataset_freiburg1_xyz\depth\1305031103.394162.png,0.017097949981689453,0.004540205001831055,503,0.013920499999585445,0.003503699999782839,0.0036053999992873287,0.0071090999990701675,0.005084300000817166,0.012193399999887333,0.02611389999947278,151379968
33,1305031103.44328,data\rgbd_dataset_freiburg1_xyz\rgb\1305031103.443280.png,data\rgbd_dataset_freiburg1_xyz\depth\1305031103.428437.png,0.014842987060546875,0.0025200843811035156,502,0.01373799999964831,0.0036290000007284107,0.003944799998862436,0.007573799999590847,0.005034600000726641,0.012608400000317488,0.026346399999965797,151379968
34,1305031103.475274,data\rgbd_dataset_freiburg1_xyz\rgb\1305031103.475274.png,data\rgbd_dataset_freiburg1_xyz\depth\1305031103.463886.png,0.011388063430786133,0.0006258487701416016,519,0.013814600000841892,0.003630499999417225,0.0037962999995215796,0.0074267999989388045,0.005401599999458995,0.0128283999983978,0.02664299999923969,151379968
35,1305031103.511333,data\rgbd_dataset_freiburg1_xyz\rgb\1305031103.511333.png,data\rgbd_dataset_freiburg1_xyz\depth\1305031103.494472.png,0.0168609619140625,0.004667043685913086,525,0.013974100000268663,0.0036252999998396263,0.0037884999983361922,0.0074137999981758185,0.0052044000003661495,0.012618199998541968,0.02659229999881063,151379968
36,1305031103.543444,data\rgbd_dataset_freiburg1_xyz\rgb\1305031103.543444.png,data\rgbd_dataset_freiburg1_xyz\depth\1305031103.531502.png,0.011941909790039062,0.0023560523986816406,536,0.013806900000417954,0.0036784000003535766,0.0038277000003290595,0.007506100000682636,0.005199999999604188,0.012706100000286824,0.02651300000070478,151379968
37,1305031103.575474,data\rgbd_dataset_freiburg1_xyz\rgb\1305031103.575474.png,data\rgbd_dataset_freiburg1_xyz\depth\1305031103.562651.png,0.012823104858398438,0.0004260540008544922,544,0.013806499999191146,0.0036755000000994187,0.0036871000011160504,0.007362600001215469,0.004973299999619485,0.012335900000834954,0.0261424000000261,151379968
38,1305031103.611223,data\rgbd_dataset_freiburg1_xyz\rgb\1305031103.611223.png,data\rgbd_dataset_freiburg1_xyz\depth\1305031103.595310.png,0.015913009643554688,0.0046770572662353516,570,0.013557399999626796,0.003727999999682652,0.004055300001709838,0.00778330000139249,0.005591099999946891,0.013374400001339382,0.026931800000966177,151379968
39,1305031103.643445,data\rgbd_dataset_freiburg1_xyz\rgb\1305031103.643445.png,data\rgbd_dataset_freiburg1_xyz\depth\1305031103.631376.png,0.012068986892700195,0.0023550987243652344,615,0.013449100000798353,0.00373579999904905,0.00380820000100357,0.00754400000005262,0.006137500000477303,0.013681500000529923,0.027130600001328276,150355968
40,1305031103.675523,data\rgbd_dataset_freiburg1_xyz\rgb\1305031103.675523.png,data\rgbd_dataset_freiburg1_xyz\depth\1305031103.663594.png,0.011929035186767578,0.0002770423889160156,644,0.014164000000164378,0.0037634000000252854,0.004192299998976523,0.007955699999001808,0.005796899999040761,0.01375259999804257,0.027916599998206948,152100864
41,1305031103.71161,data\rgbd_dataset_freiburg1_xyz\rgb\1305031103.711610.png,data\rgbd_dataset_freiburg1_xyz\depth\1305031103.694695.png,0.016915082931518555,0.004189968109130859,662,0.013574000000517117,0.0035891999996238155,0.004184600000371574,0.00777379999999539,0.005734000000302331,0.01350780000029772,0.027081800000814837,152133632
42,1305031103.743326,data\rgbd_dataset_freiburg1_xyz\rgb\1305031103.743326.png,data\rgbd_dataset_freiburg1_xyz\depth\1305031103.731542.png,0.011783838272094727,0.002474069595336914,679,0.01354929999979504,0.003658599998743739,0.004363499998362386,0.008022099997106125,0.005942600000707898,0.013964699997814023,0.027513999997609062,150532096
43,1305031103.775342,data\rgbd_dataset_freiburg1_xyz\rgb\1305031103.775342.png,data\rgbd_dataset_freiburg1_xyz\depth\1305031103.762865.png,0.012476921081542969,0.00045800209045410156,734,0.014313399999082321,0.003721800001585507,0.00449300000036601,0.008214800001951517,0.0060945000004721805,0.014309300002423697,0.02862270000150602,152199168
44,1305031103.811242,data\rgbd_dataset_freiburg1_xyz\rgb\1305031103.811242.png,data\rgbd_dataset_freiburg1_xyz\depth\1305031103.794329.png,0.016913175582885742,0.0046579837799072266,727,0.014115500000116299,0.0036261000004742527,0.004176700000243727,0.00780280000071798,0.0061789000010321615,0.013981700001750141,0.02809720000186644,152526848
45,1305031103.843251,data\rgbd_dataset_freiburg1_xyz\rgb\1305031103.843251.png,data\rgbd_dataset_freiburg1_xyz\depth\1305031103.830367.png,0.012883901596069336,0.0025489330291748047,742,0.014208599999619764,0.003580599999622791,0.0042334999998274725,0.007814099999450264,0.006247799999982817,0.01406189999943308,0.028270499999052845,153374720
46,1305031103.875361,data\rgbd_dataset_freiburg1_xyz\rgb\1305031103.875361.png,data\rgbd_dataset_freiburg1_xyz\depth\1305031103.862379.png,0.012981891632080078,0.00043892860412597656,760,0.013604100000520702,0.003760300000067218,0.004256800000803196,0.008017100000870414,0.006115199999840115,0.01413230000071053,0.02773640000123123,152383488
47,1305031103.911221,data\rgbd_dataset_freiburg1_xyz\rgb\1305031103.911221.png,data\rgbd_dataset_freiburg1_xyz\depth\1305031103.894237.png,0.016983985900878906,0.004579067230224609,774,0.013753299999734736,0.00366310000026715,0.00424139999995532,0.00790450000022247,0.006108199999289354,0.014012699999511824,0.02776599999924656,152690688
48,1305031103.943211,data\rgbd_dataset_freiburg1_xyz\rgb\1305031103.943211.png,data\rgbd_dataset_freiburg1_xyz\depth\1305031103.930503.png,0.012708187103271484,0.002588987350463867,818,0.01368440000078408,0.0037057000008644536,0.0041959999998653075,0.007901700000729761,0.0065470000008645,0.014448700001594261,0.028133100002378342,153387008
49,1305031103.975373,data\rgbd_dataset_freiburg1_xyz\rgb\1305031103.975373.png,data\rgbd_dataset_freiburg1_xyz\depth\1305031103.962461.png,0.01291203498840332,0.00042700767517089844,853,0.01332910000019183,0.003559299999324139,0.004225599999699625,0.007784899999023764,0.006995199999437318,0.014780099998461083,0.028109199998652912,153387008
50,1305031104.011232,data\rgbd_dataset_freiburg1_xyz\rgb\1305031104.011232.png,data\rgbd_dataset_freiburg1_xyz\depth\1305031103.994365.png,0.01686692237854004,0.0045680999755859375,921,0.013808699999572127,0.0036503999999695225,0.0044047999999747844,0.008055199999944307,0.006074099999750615,0.014129299999694922,0.02793799999926705,152784896
51,1305031104.043249,data\rgbd_dataset_freiburg1_xyz\rgb\1305031104.043249.png,data\rgbd_dataset_freiburg1_xyz\depth\1305031104.030279.png,0.012969970703125,0.0025510787963867188,913,0.013346400000955327,0.0035824999995384132,0.0045964000000822125,0.008178899999620626,0.006802900001275702,0.014981800000896328,0.028328200001851656,150761472
52,1305031104.075425,data\rgbd_dataset_freiburg1_xyz\rgb\1305031104.075425.png,data\rgbd_dataset_freiburg1_xyz\depth\1305031104.062542.png,0.01288294792175293,0.00047516822814941406,981,0.01416129999961413,0.0036349000001791865,0.0044287999990046956,0.008063699999183882,0.009955699999409262,0.018019399998593144,0.032180699998207274,152281088
53,1305031104.111235,data\rgbd_dataset_freiburg1_xyz\rgb\1305031104.111235.png,data\rgbd_dataset_freiburg1_xyz\depth\1305031104.095305.png,0.0159299373626709,0.004565000534057617,990,0.013687999999092426,0.0036505999996734317,0.004529699999693548,0.00818029999936698,0.006545399999595247,0.014725699998962227,0.028413699998054653,152592384
54,1305031104.14323,data\rgbd_dataset_freiburg1_xyz\rgb\1305031104.143230.png,data\rgbd_dataset_freiburg1_xyz\depth\1305031104.131292.png,0.011937856674194336,0.0025701522827148438,1020,0.013904999999795109,0.003819600000497303,0.004441499999302323,0.008261099999799626,0.007631799999217037,0.015892899999016663,0.029797899998811772,152899584
55,1305031104.175424,data\rgbd_dataset_freiburg1_xyz\rgb\1305031104.175424.png,data\rgbd_dataset_freiburg1_xyz\depth\1305031104.163440.png,0.011984109878540039,0.00037598609924316406,1053,0.016757800000050338,0.004512899999099318,0.004541299998891191,0.009054199997990509,0.007439400000293972,0.01649359999828448,0.03325139999833482,153604096
56,1305031104.211283,data\rgbd_dataset_freiburg1_xyz\rgb\1305031104.211283.png,data\rgbd_dataset_freiburg1_xyz\depth\1305031104.194053.png,0.01723003387451172,0.004616975784301758,1026,0.01599759999953676,0.00431870000102208,0.004267000000254484,0.008585700001276564,0.006555300000400166,0.01514100000167673,0.03113860000121349,152989696
57,1305031104.243196,data\rgbd_dataset_freiburg1_xyz\rgb\1305031104.243196.png,data\rgbd_dataset_freiburg1_xyz\depth\1305031104.227247.png,0.015949010848999023,0.0026040077209472656,1104,0.013524100000722683,0.003630900000644033,0.00437679999959073,0.008007700000234763,0.006560400001035305,0.014568100001270068,0.02809220000199275,153620480
58,1305031104.275546,data\rgbd_dataset_freiburg1_xyz\rgb\1305031104.275546.png,data\rgbd_dataset_freiburg1_xyz\depth\1305031104.263335.png,0.012211084365844727,0.00035381317138671875,1131,0.013443300000290037,0.003664599998955964,0.004615499999999884,0.008280099998955848,0.006914100000358303,0.01519419999931415,0.028637499999604188,153624576
59,1305031104.311219,data\rgbd_dataset_freiburg1_xyz\rgb\1305031104.311219.png,data\rgbd_dataset_freiburg1_xyz\depth\1305031104.294957.png,0.016262054443359375,0.004580974578857422,1159,0.013397400000030757,0.0036146999991615303,0.0045071000004099915,0.008121799999571522,0.00802289999955974,0.016144699999131262,0.02954209999916202,153624576
60,1305031104.343342,data\rgbd_dataset_freiburg1_xyz\rgb\1305031104.343342.png,data\rgbd_dataset_freiburg1_xyz\depth\1305031104.331403.png,0.011939048767089844,0.0026578903198242188,1205,0.013389199999437551,0.003518100000292179,0.004566100000374718,0.008084200000666897,0.007242600000608945,0.015326800001275842,0.028716000000713393,153628672
61,1305031104.375837,data\rgbd_dataset_freiburg1_xyz\rgb\1305031104.375837.png,data\rgbd_dataset_freiburg1_xyz\depth\1305031104.363345.png,0.012492179870605469,3.719329833984375e-05,1215,0.013752599999861559,0.0035743999997066567,0.004635299999790732,0.008209699999497388,0.007052000000840053,0.015261700000337441,0.029014300000199,153628672
62,1305031104.411509,data\rgbd_dataset_freiburg1_xyz\rgb\1305031104.411509.png,data\rgbd_dataset_freiburg1_xyz\depth\1305031104.395019.png,0.01648998260498047,0.004291057586669922,1216,0.013748500001383945,0.0035278000013931887,0.0055212000006577,0.009049000002050889,0.007627999999385793,0.01667700000143668,0.030425500002820627,153628672
63,1305031104.443288,data\rgbd_dataset_freiburg1_xyz\rgb\1305031104.443288.png,data\rgbd_dataset_freiburg1_xyz\depth\1305031104.431435.png,0.01185297966003418,0.0025119781494140625,1255,0.013441400000374415,0.003679800000099931,0.005398600000262377,0.009078400000362308,0.00789489999988291,0.016973300000245217,0.030414700000619632,153628672
64,1305031104.475456,data\rgbd_dataset_freiburg1_xyz\rgb\1305031104.475456.png,data\rgbd_dataset_freiburg1_xyz\depth\1305031104.463413.png,0.012042999267578125,0.0003440380096435547,1233,0.01356099999975413,0.0034279000010428717,0.005151999999725376,0.008579900000768248,0.007113699999536038,0.015693600000304286,0.029254600000058417,153014272
65,1305031104.511329,data\rgbd_dataset_freiburg1_xyz\rgb\1305031104.511329.png,data\rgbd_dataset_freiburg1_xyz\depth\1305031104.495673.png,0.015655994415283203,0.0044710636138916016,1245,0.01362669999980426,0.0034285000001545995,0.004923399999825051,0.00835189999997965,0.0076938000001973705,0.01604570000017702,0.02967239999998128,152715264
66,1305031104.543368,data\rgbd_dataset_freiburg1_xyz\rgb\1305031104.543368.png,data\rgbd_dataset_freiburg1_xyz\depth\1305031104.531450.png,0.011918067932128906,0.0024318695068359375,1315,0.013529300000300282,0.0036041999992448837,0.005943500000284985,0.009547699999529868,0.007916000000477652,0.01746370000000752,0.030993000000307802,151052288
67,1305031104.575343,data\rgbd_dataset_freiburg1_xyz\rgb\1305031104.575343.png,data\rgbd_dataset_freiburg1_xyz\depth\1305031104.563149.png,0.012193918228149414,0.0004570484161376953,1399,0.01415169999927457,0.003768500000660424,0.005318299999998999,0.009086800000659423,0.008071999998719548,0.01715879999937897,0.03131049999865354,153686016
68,1305031104.611336,data\rgbd_dataset_freiburg1_xyz\rgb\1305031104.611336.png,data\rgbd_dataset_freiburg1_xyz\depth\1305031104.595033.png,0.016303062438964844,0.004564046859741211,1447,0.013918499998908374,0.003869199999826378,0.005523099998754333,0.009392299998580711,0.007828699999663513,0.017220999998244224,0.031139499997152598,153714688
69,1305031104.643243,data\rgbd_dataset_freiburg1_xyz\rgb\1305031104.643243.png,data\rgbd_dataset_freiburg1_xyz\depth\1305031104.631368.png,0.011875152587890625,0.002557039260864258,1565,0.013213099999120459,0.003704999999172287,0.005762799999502022,0.009467799998674309,0.008605000000898144,0.018072799999572453,0.03128589999869291,153722880
70,1305031104.675525,data\rgbd_dataset_freiburg1_xyz\rgb\1305031104.675525.png,data\rgbd_dataset_freiburg1_xyz\depth\1305031104.659863.png,0.015661954879760742,0.0003750324249267578,1622,0.013405399999101064,0.0037152999993850244,0.005390399999669171,0.009105699999054195,0.008417999999437598,0.017523699998491793,0.030929099997592857,153726976
71,1305031104.711277,data\rgbd_dataset_freiburg1_xyz\rgb\1305031104.711277.png,data\rgbd_dataset_freiburg1_xyz\depth\1305031104.695185.png,0.01609206199645996,0.004523038864135742,1683,0.013683699999091914,0.0038189999995665858,0.005937600000834209,0.009756600000400795,0.00910670000121172,0.018863300001612515,0.03254700000070443,153739264
72,1305031104.74328,data\rgbd_dataset_freiburg1_xyz\rgb\1305031104.743280.png,data\rgbd_dataset_freiburg1_xyz\depth\1305031104.730936.png,0.012343883514404297,0.0025200843811035156,1781,0.013387299999521929,0.003756900001462782,0.005981100001008599,0.00973800000247138,0.009606400000848225,0.019344400003319606,0.032731700002841535,153755648
73,1305031104.775327,data\rgbd_dataset_freiburg1_xyz\rgb\1305031104.775327.png,data\rgbd_dataset_freiburg1_xyz\depth\1305031104.763178.png,0.012148857116699219,0.0004730224609375,1870,0.013650200000483892,0.0037926000004517846,0.005675499998687883,0.009468099999139667,0.009936099999322323,0.01940419999846199,0.03305439999894588,153137152
74,1305031104.811465,data\rgbd_dataset_freiburg1_xyz\rgb\1305031104.811465.png,data\rgbd_dataset_freiburg1_xyz\depth\1305031104.799499.png,0.01196599006652832,0.004334926605224609,1952,0.014799299999140203,0.0037321999989217147,0.0065785999995569,0.010310799998478615,0.0105174000000261,0.020828199998504715,0.03562749999764492,152899584
75,1305031104.843258,data\rgbd_dataset_freiburg1_xyz\rgb\1305031104.843258.png,data\rgbd_dataset_freiburg1_xyz\depth\1305031104.830961.png,0.012296915054321289,0.0025420188903808594,1990,0.014248100000259,0.0036925999993400183,0.0057333000004291534,0.009425899999769172,0.00953769999978249,0.01896359999955166,0.03321169999981066,153346048
76,1305031104.87535,data\rgbd_dataset_freiburg1_xyz\rgb\1305031104.875350.png,data\rgbd_dataset_freiburg1_xyz\depth\1305031104.863256.png,0.01209402084350586,0.00044989585876464844,2111,0.013834899998983019,0.0035618999991129385,0.005587300000115647,0.009149199999228586,0.008910199998354074,0.01805939999758266,0.03189429999656568,153300992
77,1305031104.911534,data\rgbd_dataset_freiburg1_xyz\rgb\1305031104.911534.png,data\rgbd_dataset_freiburg1_xyz\depth\1305031104.899165.png,0.012369155883789062,0.004266023635864258,2097,0.013767700000244076,0.0035951000008935807,0.005743399999118992,0.009338500000012573,0.01256420000026992,0.021902700000282493,0.03567040000052657,153206784
78,1305031104.943262,data\rgbd_dataset_freiburg1_xyz\rgb\1305031104.943262.png,data\rgbd_dataset_freiburg1_xyz\depth\1305031104.931091.png,0.012171030044555664,0.002537965774536133,2067,0.01645030000145198,0.004242599999997765,0.005591999999523978,0.009834599999521743,0.008684299999003997,0.01851889999852574,0.03496919999997772,153206784
79,1305031104.975202,data\rgbd_dataset_freiburg1_xyz\rgb\1305031104.975202.png,data\rgbd_dataset_freiburg1_xyz\depth\1305031104.959750.png,0.015452146530151367,0.0006978511810302734,2051,0.0143088999993779,0.0037147000002732966,0.006040899999788962,0.009755600000062259,0.009014600000227802,0.01877020000029006,0.03307909999966796,153206784
80,1305031105.01129,data\rgbd_dataset_freiburg1_xyz\rgb\1305031105.011290.png,data\rgbd_dataset_freiburg1_xyz\depth\1305031104.998342.png,0.012948036193847656,0.004509925842285156,2077,0.014008399999511312,0.0037188000005698996,0.005930799999987357,0.009649600000557257,0.00838119999934861,0.018030799999905867,0.03203919999941718,153272320
81,1305031105.043373,data\rgbd_dataset_freiburg1_xyz\rgb\1305031105.043373.png,data\rgbd_dataset_freiburg1_xyz\depth\1305031105.030427.png,0.012946128845214844,0.0024268627166748047,2053,0.014012999999977183,0.00380580000091868,0.005969399999230518,0.009775200000149198,0.010265099999742233,0.02004029999989143,0.034053299999868614,153276416
82,1305031105.07532,data\rgbd_dataset_freiburg1_xyz\rgb\1305031105.075320.png,data\rgbd_dataset_freiburg1_xyz\depth\1305031105.062445.png,0.012875080108642578,0.0004799365997314453,1994,0.01417080000101123,0.003698900000017602,0.006074599999919883,0.009773499999937485,0.009651599999415339,0.019425099999352824,0.033595900000364054,153276416
83,1305031105.111299,data\rgbd_dataset_freiburg1_xyz\rgb\1305031105.111299.png,data\rgbd_dataset_freiburg1_xyz\depth\1305031105.097639.png,0.013659954071044922,0.004500865936279297,1953,0.014474499999778345,0.0037602000011247583,0.005669500000294647,0.009429700001419405,0.00909229999888339,0.018522000000302796,0.03299650000008114,153276416
84,1305031105.143106,data\rgbd_dataset_freiburg1_xyz\rgb\1305031105.143106.png,data\rgbd_dataset_freiburg1_xyz\depth\1305031105.130269.png,0.012836933135986328,0.0026941299438476562,1907,0.014454599999226048,0.003844099999696482,0.005965100001048995,0.009809200000745477,0.008576000000175554,0.01838520000092103,0.03283980000014708,153276416
85,1305031105.175159,data\rgbd_dataset_freiburg1_xyz\rgb\1305031105.175159.png,data\rgbd_dataset_freiburg1_xyz\depth\1305031105.159979.png,0.015179872512817383,0.0006411075592041016,1816,0.014239699999961886,0.0035618999991129385,0.005670700000337092,0.00923259999945003,0.008893199999874923,0.018125799999324954,0.03236549999928684,153276416
86,1305031105.211268,data\rgbd_dataset_freiburg1_xyz\rgb\1305031105.211268.png,data\rgbd_dataset_freiburg1_xyz\depth\1305031105.198212.png,0.013056039810180664,0.004631996154785156,1733,0.013751899999988382,0.0037007000009907642,0.005696600001101615,0.00939730000209238,0.009077199998500873,0.018474500000593252,0.032226400000581634,153276416
87,1305031105.24327,data\rgbd_dataset_freiburg1_xyz\rgb\1305031105.243270.png,data\rgbd_dataset_freiburg1_xyz\depth\1305031105.228250.png,0.015019893646240234,0.0025300979614257812,1631,0.014089099999182508,0.003620299999965937,0.005584599999565398,0.009204899999531335,0.008691399998497218,0.017896299998028553,0.03198539999721106,153276416
88,1305031105.275288,data\rgbd_dataset_freiburg1_xyz\rgb\1305031105.275288.png,data\rgbd_dataset_freiburg1_xyz\depth\1305031105.262389.png,0.012899160385131836,0.0005118846893310547,1578,0.013615199999549077,0.00369940000018687,0.005521400000361609,0.00922080000054848,0.012488600001233863,0.021709400001782342,0.03532460000133142,153276416
89,1305031105.31129,data\rgbd_dataset_freiburg1_xyz\rgb\1305031105.311290.png,data\rgbd_dataset_freiburg1_xyz\depth\1305031105.298501.png,0.012789011001586914,0.004509925842285156,1484,0.014191800000844523,0.003967200000261073,0.0056264999984705355,0.009593699998731609,0.00842200000079174,0.01801569999952335,0.03220750000036787,152985600
90,1305031105.343302,data\rgbd_dataset_freiburg1_xyz\rgb\1305031105.343302.png,data\rgbd_dataset_freiburg1_xyz\depth\1305031105.328878.png,0.01442408561706543,0.0024979114532470703,1403,0.014031200000317767,0.003804399999353336,0.0055090000005293405,0.009313399999882677,0.008474500000374974,0.01778790000025765,0.03181910000057542,153292800
91,1305031105.375338,data\rgbd_dataset_freiburg1_xyz\rgb\1305031105.375338.png,data\rgbd_dataset_freiburg1_xyz\depth\1305031105.362286.png,0.013051986694335938,0.00046181678771972656,1277,0.013293299998622388,0.003807299999607494,0.005461799999466166,0.00926909999907366,0.008415399999648798,0.017684499998722458,0.030977799997344846,151400448
92,1305031105.411286,data\rgbd_dataset_freiburg1_xyz\rgb\1305031105.411286.png,data\rgbd_dataset_freiburg1_xyz\depth\1305031105.398191.png,0.01309514045715332,0.004513978958129883,1246,0.024084900000161724,0.0037105000010342337,0.005054999999629217,0.008765500000663451,0.00683269999899494,0.015598199999658391,0.039683099999820115,153006080
93,1305031105.443316,data\rgbd_dataset_freiburg1_xyz\rgb\1305031105.443316.png,data\rgbd_dataset_freiburg1_xyz\depth\1305031105.430336.png,0.012979984283447266,0.0024840831756591797,1202,0.013697700000193436,0.0036177999991195975,0.005342399999790359,0.008960199998909957,0.00720999999975902,0.016170199998668977,0.029867899998862413,152973312
94,1305031105.47528,data\rgbd_dataset_freiburg1_xyz\rgb\1305031105.475280.png,data\rgbd_dataset_freiburg1_xyz\depth\1305031105.461421.png,0.013859033584594727,0.0008199214935302734,1143,0.01361420000102953,0.0037718000003224006,0.004680100000769016,0.008451900001091417,0.006905399999595829,0.015357300000687246,0.028971500001716777,153010176
95,1305031105.511332,data\rgbd_dataset_freiburg1_xyz\rgb\1305031105.511332.png,data\rgbd_dataset_freiburg1_xyz\depth\1305031105.497931.png,0.013401031494140625,0.004467964172363281,1111,0.016376199999285745,0.0034952999994857237,0.004871000001003267,0.008366300000488991,0.00693900000078429,0.015305300001273281,0.031681500000559026,153018368
96,1305031105.543282,data\rgbd_dataset_freiburg1_xyz\rgb\1305031105.543282.png,data\rgbd_dataset_freiburg1_xyz\depth\1305031105.529583.png,0.013699054718017578,0.002618074417114258,1047,0.015860499999689637,0.0035487999994074926,0.004827799999475246,0.008376599998882739,0.007072999998854357,0.015449599997737096,0.03131009999742673,153018368
97,1305031105.575449,data\rgbd_dataset_freiburg1_xyz\rgb\1305031105.575449.png,data\rgbd_dataset_freiburg1_xyz\depth\1305031105.562109.png,0.013339996337890625,0.0003509521484375,1003,0.01592479999999341,0.0035432000004220754,0.0049980999992840225,0.008541299999706098,0.006100100001276587,0.014641400000982685,0.030566200000976096,153022464
98,1305031105.611378,data\rgbd_dataset_freiburg1_xyz\rgb\1305031105.611378.png,data\rgbd_dataset_freiburg1_xyz\depth\1305031105.597193.png,0.014184951782226562,0.00442194938659668,982,0.013644800001202384,0.0036641000006056856,0.004691699999966659,0.008355800000572344,0.006785800000216113,0.015141600000788458,0.02878640000199084,153026560
99,1305031105.643273,data\rgbd_dataset_freiburg1_xyz\rgb\1305031105.643273.png,data\rgbd_dataset_freiburg1_xyz\depth\1305031105.659104.png,0.01583099365234375,0.002526998519897461,918,0.013803600000755978,0.0038354999996954575,0.005150200000571203,0.008985700000266661,0.006491199999800301,0.015476900000066962,0.02928050000082294,153026560
100,1305031105.711309,data\rgbd_dataset_freiburg1_xyz\rgb\1305031105.711309.png,data\rgbd_dataset_freiburg1_xyz\depth\1305031105.698235.png,0.013073921203613281,0.004491090774536133,909,0.013368600000831066,0.003598499999498017,0.004686799999035429,0.008285299998533446,0.009542900001179078,0.017828199999712524,0.03119680000054359,153026560
101,1305031105.743312,data\rgbd_dataset_freiburg1_xyz\rgb\1305031105.743312.png,data\rgbd_dataset_freiburg1_xyz\depth\1305031105.730336.png,0.012975931167602539,0.002588033676147461,908,0.01374980000036885,0.0036528000000544125,0.005207400001381757,0.00886020000143617,0.006329600000753999,0.015189800002190168,0.02893960000255902,153026560
102,1305031105.775339,data\rgbd_dataset_freiburg1_xyz\rgb\1305031105.775339.png,data\rgbd_dataset_freiburg1_xyz\depth\1305031105.762384.png,0.012954950332641602,0.0004611015319824219,892,0.013485100000252714,0.003500000000713044,0.004911699999865959,0.008411700000579003,0.006422899999961373,0.014834600000540377,0.02831970000079309,153030656
103,1305031105.811283,data\rgbd_dataset_freiburg1_xyz\rgb\1305031105.811283.png,data\rgbd_dataset_freiburg1_xyz\depth\1305031105.798056.png,0.013227224349975586,0.0045168399810791016,848,0.013639400000101887,0.0038111999983811984,0.004440999999133055,0.008252199997514253,0.006494199998996919,0.014746399996511173,0.02838579999661306,153030656
104,1305031105.843271,data\rgbd_dataset_freiburg1_xyz\rgb\1305031105.843271.png,data\rgbd_dataset_freiburg1_xyz\depth\1305031105.830008.png,0.01326298713684082,0.0025289058685302734,797,0.015911299999061157,0.0036028000013175188,0.004818000001250766,0.008420800002568285,0.006980699999985518,0.015401500002553803,0.03131280000161496,153063424
105,1305031105.875337,data\rgbd_dataset_freiburg1_xyz\rgb\1305031105.875337.png,data\rgbd_dataset_freiburg1_xyz\depth\1305031105.862238.png,0.013098955154418945,0.0004630088806152344,809,0.013396899999861489,0.0036475999986578245,0.004611099999237922,0.008258699997895746,0.006821900000431924,0.01508059999832767,0.02847749999818916,153100288
106,1305031105.911262,data\rgbd_dataset_freiburg1_xyz\rgb\1305031105.911262.png,data\rgbd_dataset_freiburg1_xyz\depth\1305031105.898018.png,0.013244152069091797,0.004637956619262695,809,0.013547900000048685,0.003630499999417225,0.0048206999999820255,0.00845119999939925,0.006232100000488572,0.014683299999887822,0.028231199999936507,153133056
107,1305031105.943272,data\rgbd_dataset_freiburg1_xyz\rgb\1305031105.943272.png,data\rgbd_dataset_freiburg1_xyz\depth\1305031105.929855.png,0.01341700553894043,0.002527952194213867,760,0.013256700000056298,0.0035159999988536583,0.005120400001032976,0.008636399999886635,0.006304399999862653,0.014940799999749288,0.028197499999805586,153169920
108,1305031105.975329,data\rgbd_dataset_freiburg1_xyz\rgb\1305031105.975329.png,data\rgbd_dataset_freiburg1_xyz\depth\1305031105.966193.png,0.009135961532592773,0.0004711151123046875,760,0.013329500001418637,0.0036443999997572973,0.004814599999008351,0.008458999998765648,0.008858900000632275,0.017317899999397923,0.03064740000081656,153174016
109,1305031106.011285,data\rgbd_dataset_freiburg1_xyz\rgb\1305031106.011285.png,data\rgbd_dataset_freiburg1_xyz\depth\1305031105.998271.png,0.013014078140258789,0.004514932632446289,695,0.013753100000030827,0.003523900000800495,0.0047391000007337425,0.008263000001534238,0.00857469999937166,0.016837700000905897,0.030590800000936724,153178112
110,1305031106.043355,data\rgbd_dataset_freiburg1_xyz\rgb\1305031106.043355.png,data\rgbd_dataset_freiburg1_xyz\depth\1305031106.030147.png,0.01320791244506836,0.0024449825286865234,661,0.013526099999580765,0.003998000000137836,0.004635300001609721,0.008633300001747557,0.008445400000709924,0.01707870000245748,0.030604800002038246,153178112
111,1305031106.07533,data\rgbd_dataset_freiburg1_xyz\rgb\1305031106.075330.png,data\rgbd_dataset_freiburg1_xyz\depth\1305031106.066060.png,0.009269952774047852,0.0004699230194091797,620,0.01375480000024254,0.003629400000136229,0.004289100001187762,0.007918500001323991,0.006041099999492872,0.013959600000816863,0.027714400001059403,153186304
112,1305031106.111327,data\rgbd_dataset_freiburg1_xyz\rgb\1305031106.111327.png,data\rgbd_dataset_freiburg1_xyz\depth\1305031106.096295.png,0.015031814575195312,0.004472970962524414,573,0.013426800000161165,0.003620900000896654,0.00488740000037069,0.008508300001267344,0.0062600999990536366,0.01476840000032098,0.028195200000482146,153190400
113,1305031106.143355,data\rgbd_dataset_freiburg1_xyz\rgb\1305031106.143355.png,data\rgbd_dataset_freiburg1_xyz\depth\1305031106.130445.png,0.012909889221191406,0.002445220947265625,569,0.016310799999700976,0.0036648999994213227,0.004716499999631196,0.008381399999052519,0.005649099999573082,0.0140304999986256,0.030341299998326576,153190400
114,1305031106.175534,data\rgbd_dataset_freiburg1_xyz\rgb\1305031106.175534.png,data\rgbd_dataset_freiburg1_xyz\depth\1305031106.166330.png,0.009203910827636719,0.00026607513427734375,557,0.01384919999873091,0.0034464000000298256,0.004859600001509534,0.00830600000153936,0.005952499999693828,0.014258500001233188,0.028107699999964098,153190400
115,1305031106.211275,data\rgbd_dataset_freiburg1_xyz\rgb\1305031106.211275.png,data\rgbd_dataset_freiburg1_xyz\depth\1305031106.195074.png,0.016201019287109375,0.004524946212768555,542,0.013705600000321283,0.003615600000557606,0.004796799999894574,0.00841240000045218,0.0060492000011436176,0.014461600001595798,0.02816720000191708,153194496
116,1305031106.243267,data\rgbd_dataset_freiburg1_xyz\rgb\1305031106.243267.png,data\rgbd_dataset_freiburg1_xyz\depth\1305031106.230058.png,0.013209104537963867,0.002532958984375,519,0.01607030000013765,0.0034022000018012477,0.004413300001033349,0.007815500002834597,0.0059452999994391575,0.013760800002273754,0.029831100002411404,153194496
117,1305031106.276385,data\rgbd_dataset_freiburg1_xyz\rgb\1305031106.276385.png,data\rgbd_dataset_freiburg1_xyz\depth\1305031106.265976.png,0.010409116744995117,0.0005850791931152344,493,0.016141599999173195,0.0035080000016023405,0.00443249999989348,0.00794050000149582,0.005881000000954373,0.013821500002450193,0.02996310000162339,153198592
118,1305031106.311238,data\rgbd_dataset_freiburg1_xyz\rgb\1305031106.311238.png,data\rgbd_dataset_freiburg1_xyz\depth\1305031106.298174.png,0.013064146041870117,0.004561901092529297,498,0.016047900000558002,0.003582999999707681,0.004663300000174786,0.008246299999882467,0.008239500000854605,0.016485800000737072,0.032533700001295074,153202688
119,1305031106.343258,data\rgbd_dataset_freiburg1_xyz\rgb\1305031106.343258.png,data\rgbd_dataset_freiburg1_xyz\depth\1305031106.330215.png,0.013042926788330078,0.0025420188903808594,495,0.017729200000758283,0.0044553000006999355,0.004560099998343503,0.009015399999043439,0.005722500000047148,0.014737899999090587,0.03246709999984887,153202688
120,1305031106.375388,data\rgbd_dataset_freiburg1_xyz\rgb\1305031106.375388.png,data\rgbd_dataset_freiburg1_xyz\depth\1305031106.366158.png,0.009229898452758789,0.0004119873046875,494,0.016089000000647502,0.003498800000670599,0.004675300000599236,0.008174100001269835,0.006117500000982545,0.01429160000225238,0.030380600002899882,153202688
121,1305031106.41132,data\rgbd_dataset_freiburg1_xyz\rgb\1305031106.411320.png,data\rgbd_dataset_freiburg1_xyz\depth\1305031106.398281.png,0.013038873672485352,0.004480123519897461,470,0.01583349999964412,0.003504100001009647,0.0047342000016215025,0.00823830000263115,0.005905100000745733,0.014143400003376883,0.029976900003021,153202688
122,1305031106.443278,data\rgbd_dataset_freiburg1_xyz\rgb\1305031106.443278.png,data\rgbd_dataset_freiburg1_xyz\depth\1305031106.430639.png,0.012639045715332031,0.002521991729736328,434,0.01599520000127086,0.0036228000008122763,0.004154700000071898,0.007777500000884174,0.006163399999422836,0.01394090000030701,0.02993610000157787,153210880
123,1305031106.475345,data\rgbd_dataset_freiburg1_xyz\rgb\1305031106.475345.png,data\rgbd_dataset_freiburg1_xyz\depth\1305031106.466046.png,0.00929880142211914,0.0004551410675048828,413,0.016035399999964284,0.0035392000008869218,0.004600199999913457,0.008139400000800379,0.005510700000741053,0.013650100001541432,0.029685500001505716,153214976
124,1305031106.511129,data\rgbd_dataset_freiburg1_xyz\rgb\1305031106.511129.png,data\rgbd_dataset_freiburg1_xyz\depth\1305031106.498096.png,0.013032913208007812,0.004770994186401367,425,0.016247300000031828,0.0038144999998621643,0.004617000000507687,0.008431500000369851,0.00575109999954293,0.014182599999912782,0.03042989999994461,153219072
125,1305031106.543302,data\rgbd_dataset_freiburg1_xyz\rgb\1305031106.543302.png,data\rgbd_dataset_freiburg1_xyz\depth\1305031106.528267.png,0.015035152435302734,0.0024979114532470703,452,0.016898799998671166,0.003361099999892758,0.005106800001158263,0.00846790000105102,0.005868000000191387,0.014335900001242408,0.031234699999913573,153223168
126,1305031106.575282,data\rgbd_dataset_freiburg1_xyz\rgb\1305031106.575282.png,data\rgbd_dataset_freiburg1_xyz\depth\1305031106.564414.png,0.010868072509765625,0.0005178451538085938,471,0.016427799999291892,0.003531700000166893,0.004331500000262167,0.00786320000042906,0.005791899999167072,0.013655099999596132,0.030082899998888024,153235456
127,1305031106.611151,data\rgbd_dataset_freiburg1_xyz\rgb\1305031106.611151.png,data\rgbd_dataset_freiburg1_xyz\depth\1305031106.597879.png,0.01327204704284668,0.004648923873901367,467,0.016545200000109617,0.003591299999243347,0.004319699999541626,0.007910999998784973,0.00582129999929748,0.013732299998082453,0.03027749999819207,153235456
128,1305031106.643207,data\rgbd_dataset_freiburg1_xyz\rgb\1305031106.643207.png,data\rgbd_dataset_freiburg1_xyz\depth\1305031106.630776.png,0.012431144714355469,0.0025930404663085938,514,0.016046999999161926,0.0036932000002707355,0.0047207000006892486,0.008413900000959984,0.006052800001270953,0.014466700002230937,0.030513700001392863,153243648
129,1305031106.675279,data\rgbd_dataset_freiburg1_xyz\rgb\1305031106.675279.png,data\rgbd_dataset_freiburg1_xyz\depth\1305031106.667282.png,0.007996797561645508,0.0005211830139160156,525,0.015765899999678368,0.0034868000002461486,0.0049075999995693564,0.008394399999815505,0.0060606999995798105,0.014455099999395316,0.030220999999073683,153243648
130,1305031106.711508,data\rgbd_dataset_freiburg1_xyz\rgb\1305031106.711508.png,data\rgbd_dataset_freiburg1_xyz\depth\1305031106.699110.png,0.012398004531860352,0.004292011260986328,522,0.015618600000379956,0.0034463000010873657,0.005004300001019146,0.008450600002106512,0.005912299999181414,0.014362900001287926,0.029981500001667882,153280512
131,1305031106.743341,data\rgbd_dataset_freiburg1_xyz\rgb\1305031106.743341.png,data\rgbd_dataset_freiburg1_xyz\depth\1305031106.729550.png,0.013791084289550781,0.0024590492248535156,562,0.015802199999598088,0.003652900000815862,0.004639700000552693,0.008292600001368555,0.005955399999947986,0.014248000001316541,0.03005020000091463,153280512
132,1305031106.77539,data\rgbd_dataset_freiburg1_xyz\rgb\1305031106.775390.png,data\rgbd_dataset_freiburg1_xyz\depth\1305031106.767126.png,0.008263826370239258,0.0004100799560546875,588,0.015926300000501215,0.0036860000000160653,0.004519100000834442,0.008205100000850507,0.008490599999277038,0.016695700000127545,0.03262200000062876,153284608
133,1305031106.811289,data\rgbd_dataset_freiburg1_xyz\rgb\1305031106.811289.png,data\rgbd_dataset_freiburg1_xyz\depth\1305031106.798309.png,0.012979984283447266,0.0045108795166015625,623,0.016055100000812672,0.003683999999338994,0.004982499998732237,0.008666499998071231,0.0056786000004649395,0.01434509999853617,0.030400199999348843,153288704
134,1305031106.843416,data\rgbd_dataset_freiburg1_xyz\rgb\1305031106.843416.png,data\rgbd_dataset_freiburg1_xyz\depth\1305031106.830652.png,0.01276397705078125,0.0023839473724365234,640,0.015686300001107156,0.003661999999167165,0.0050033000006806105,0.008665299999847775,0.005965199999991455,0.01463049999983923,0.030316800000946387,153288704
135,1305031106.875905,data\rgbd_dataset_freiburg1_xyz\rgb\1305031106.875905.png,data\rgbd_dataset_freiburg1_xyz\depth\1305031106.866893.png,0.009011983871459961,9.489059448242188e-05,641,0.016203799999857438,0.0035550000011426164,0.005125699999553035,0.008680700000695651,0.005823400000736001,0.014504100001431652,0.03070790000128909,153296896
136,1305031106.911243,data\rgbd_dataset_freiburg1_xyz\rgb\1305031106.911243.png,data\rgbd_dataset_freiburg1_xyz\depth\1305031106.897828.png,0.013414859771728516,0.004557132720947266,700,0.015880900000411202,0.0036165000001346925,0.005126600000949111,0.008743100001083803,0.006520899998577079,0.015263999999660882,0.031144900000072084,153296896
137,1305031106.943439,data\rgbd_dataset_freiburg1_xyz\rgb\1305031106.943439.png,data\rgbd_dataset_freiburg1_xyz\depth\1305031106.930797.png,0.01264190673828125,0.0023610591888427734,687,0.01584039999943343,0.003633399999671383,0.00537840000106371,0.009011800000735093,0.006573999999091029,0.015585799999826122,0.03142619999925955,153305088
138,1305031106.975547,data\rgbd_dataset_freiburg1_xyz\rgb\1305031106.975547.png,data\rgbd_dataset_freiburg1_xyz\depth\1305031106.967232.png,0.008315086364746094,0.0002529621124267578,721,0.016204899999138433,0.003897000000506523,0.0050004999993689125,0.008897499999875436,0.008801100000709994,0.01769860000058543,0.03390349999972386,153309184
139,1305031107.011576,data\rgbd_dataset_freiburg1_xyz\rgb\1305031107.011576.png,data\rgbd_dataset_freiburg1_xyz\depth\1305031106.998876.png,0.01269984245300293,0.004224061965942383,782,0.016112600000269595,0.0036068999997951323,0.004630100000213133,0.008237000000008265,0.006294599999819184,0.01453159999982745,0.030644200000097044,153444352
140,1305031107.043281,data\rgbd_dataset_freiburg1_xyz\rgb\1305031107.043281.png,data\rgbd_dataset_freiburg1_xyz\depth\1305031107.030348.png,0.012933015823364258,0.002518892288208008,796,0.016306600000461913,0.003614400000515161,0.004702700000052573,0.008317100000567734,0.0065508000006957445,0.014867900001263479,0.03117450000172539,153452544
141,1305031107.075432,data\rgbd_dataset_freiburg1_xyz\rgb\1305031107.075432.png,data\rgbd_dataset_freiburg1_xyz\depth\1305031107.066405.png,0.00902700424194336,0.0004680156707763672,834,0.015895399999863002,0.0035951999998360407,0.004310300000724965,0.007905500000561005,0.006676700000753044,0.01458220000131405,0.030477600001177052,153456640
142,1305031107.111229,data\rgbd_dataset_freiburg1_xyz\rgb\1305031107.111229.png,data\rgbd_dataset_freiburg1_xyz\depth\1305031107.098268.png,0.01296091079711914,0.004570960998535156,859,0.016010800000003655,0.003612000000430271,0.004873800000495976,0.008485800000926247,0.006481300000814372,0.014967100001740619,0.030977900001744274,153591808
143,1305031107.14326,data\rgbd_dataset_freiburg1_xyz\rgb\1305031107.143260.png,data\rgbd_dataset_freiburg1_xyz\depth\1305031107.130308.png,0.012952089309692383,0.002540111541748047,892,0.01632939999944938,0.0035568000002967892,0.004651600000215694,0.008208400000512484,0.006301800000073854,0.014510200000586337,0.030839600000035716,153608192
144,1305031107.175399,data\rgbd_dataset_freiburg1_xyz\rgb\1305031107.175399.png,data\rgbd_dataset_freiburg1_xyz\depth\1305031107.165964.png,0.009435176849365234,0.0004010200500488281,955,0.016095099999802187,0.003537599999617669,0.004795099999682861,0.00833269999930053,0.007071899999573361,0.015404599998873891,0.03149969999867608,153612288
145,1305031107.211358,data\rgbd_dataset_freiburg1_xyz\rgb\1305031107.211358.png,data\rgbd_dataset_freiburg1_xyz\depth\1305031107.198208.png,0.01314997673034668,0.004441976547241211,912,0.017186700000820565,0.004358700000011595,0.005145299999639974,0.009503999999651569,0.007097499999872525,0.016601499999524094,0.03378820000034466,153632768
146,1305031107.243378,data\rgbd_dataset_freiburg1_xyz\rgb\1305031107.243378.png,data\rgbd_dataset_freiburg1_xyz\depth\1305031107.235026.png,0.008352041244506836,0.0024220943450927734,1019,0.016240599999946426,0.0035957999989477685,0.004914900000585476,0.008510699999533244,0.007131700000172714,0.015642399999705958,0.031882999999652384,153722880
147,1305031107.275398,data\rgbd_dataset_freiburg1_xyz\rgb\1305031107.275398.png,data\rgbd_dataset_freiburg1_xyz\depth\1305031107.267071.png,0.008327007293701172,0.0004019737243652344,1041,0.016223599999648286,0.003602400000090711,0.005089399999633315,0.008691799999724026,0.007263199999215431,0.015954999998939456,0.03217859999858774,153772032
148,1305031107.311226,data\rgbd_dataset_freiburg1_xyz\rgb\1305031107.311226.png,data\rgbd_dataset_freiburg1_xyz\depth\1305031107.299273.png,0.011952877044677734,0.0045740604400634766,1160,0.01615490000040154,0.0043953999993391335,0.005045599998993566,0.0094409999983327,0.0072689000007812865,0.016709899999113986,0.032864799999515526,153784320
149,1305031107.343509,data\rgbd_dataset_freiburg1_xyz\rgb\1305031107.343509.png,data\rgbd_dataset_freiburg1_xyz\depth\1305031107.334800.png,0.008708953857421875,0.002290964126586914,1135,0.016243800000665942,0.003760000001420849,0.005223800000749179,0.008983800002170028,0.007258699999511009,0.016242500001681037,0.03248630000234698,153796608
150,1305031107.375413,data\rgbd_dataset_freiburg1_xyz\rgb\1305031107.375413.png,data\rgbd_dataset_freiburg1_xyz\depth\1305031107.367183.png,0.008229970932006836,0.00038695335388183594,1229,0.013801299999613548,0.0038081000002421206,0.005077699999674223,0.008885799999916344,0.007176499999332009,0.016062299999248353,0.0298635999988619,153796608
151,1305031107.411271,data\rgbd_dataset_freiburg1_xyz\rgb\1305031107.411271.png,data\rgbd_dataset_freiburg1_xyz\depth\1305031107.399345.png,0.01192617416381836,0.004528999328613281,1302,0.016130100000737002,0.003593600000385777,0.0046017000004212605,0.008195300000807038,0.007452300000295509,0.015647600001102546,0.03177770000183955,153796608
152,1305031107.443419,data\rgbd_dataset_freiburg1_xyz\rgb\1305031107.443419.png,data\rgbd_dataset_freiburg1_xyz\depth\1305031107.434926.png,0.00849294662475586,0.0023810863494873047,1387,0.013750500000242027,0.0037878999992244644,0.004971899999873131,0.008759799999097595,0.007483100000172271,0.016242899999269866,0.029993399999511894,153812992
153,1305031107.475377,data\rgbd_dataset_freiburg1_xyz\rgb\1305031107.475377.png,data\rgbd_dataset_freiburg1_xyz\depth\1305031107.467141.png,0.008236169815063477,0.0004229545593261719,1425,0.016139800000019022,0.0034801000001607463,0.005439999998998246,0.008920099999158992,0.00777620000008028,0.016696299999239272,0.032836099999258295,153821184
154,1305031107.511352,data\rgbd_dataset_freiburg1_xyz\rgb\1305031107.511352.png,data\rgbd_dataset_freiburg1_xyz\depth\1305031107.498426.png,0.012926101684570312,0.00444793701171875,1433,0.013732299999901443,0.003567499999917345,0.005190199999560718,0.008757699999478064,0.010952499998893472,0.019710199998371536,0.03344249999827298,153952256
155,1305031107.543605,data\rgbd_dataset_freiburg1_xyz\rgb\1305031107.543605.png,data\rgbd_dataset_freiburg1_xyz\depth\1305031107.534830.png,0.008774995803833008,0.0020949840545654297,1422,0.016465099999550148,0.0036307000009401236,0.004922000000078697,0.00855270000101882,0.007945800000015879,0.0164985000010347,0.03296360000058485,153956352
156,1305031107.575454,data\rgbd_dataset_freiburg1_xyz\rgb\1305031107.575454.png,data\rgbd_dataset_freiburg1_xyz\depth\1305031107.567015.png,0.008439064025878906,0.0003459453582763672,1389,0.016395000000557047,0.003628000000389875,0.005259099998511374,0.008887099998901249,0.00811960000100953,0.01700669999991078,0.03340170000046783,153956352
157,1305031107.611271,data\rgbd_dataset_freiburg1_xyz\rgb\1305031107.611271.png,data\rgbd_dataset_freiburg1_xyz\depth\1305031107.598904.png,0.012367010116577148,0.004528999328613281,1379,0.016739400000005844,0.004469499999686377,0.0053781000005983515,0.009847600000284729,0.007530699998824275,0.017378299999109004,0.03411769999911485,153956352
158,1305031107.643323,data\rgbd_dataset_freiburg1_xyz\rgb\1305031107.643323.png,data\rgbd_dataset_freiburg1_xyz\depth\1305031107.634944.png,0.008378982543945312,0.0024771690368652344,1379,0.016533800000615884,0.00358560000131547,0.005303100000674021,0.008888700001989491,0.007341399999859277,0.01623010000184877,0.03276390000246465,153976832
159,1305031107.675568,data\rgbd_dataset_freiburg1_xyz\rgb\1305031107.675568.png,data\rgbd_dataset_freiburg1_xyz\depth\1305031107.667179.png,0.008388996124267578,0.0002319812774658203,1356,0.013819100000546314,0.00367759999971895,0.00506870000026538,0.00874629999998433,0.006851099999039434,0.015597399999023764,0.029416499999570078,153976832
160,1305031107.711307,data\rgbd_dataset_freiburg1_xyz\rgb\1305031107.711307.png,data\rgbd_dataset_freiburg1_xyz\depth\1305031107.699390.png,0.0119171142578125,0.004392862319946289,1311,0.013770800000202144,0.00353729999915231,0.00517519999993965,0.00871249999909196,0.007759500000247499,0.01647199999933946,0.030242799999541603,153985024
161,1305031107.743538,data\rgbd_dataset_freiburg1_xyz\rgb\1305031107.743538.png,data\rgbd_dataset_freiburg1_xyz\depth\1305031107.735041.png,0.008496999740600586,0.002262115478515625,1291,0.015796399999089772,0.00355909999962023,0.005263199998807977,0.008822299998428207,0.007068699998853845,0.01589099999728205,0.03168739999637182,153989120
162,1305031107.775802,data\rgbd_dataset_freiburg1_xyz\rgb\1305031107.775802.png,data\rgbd_dataset_freiburg1_xyz\depth\1305031107.767895.png,0.007906913757324219,1.9073486328125e-06,1305,0.013623400000142283,0.0035782000013568904,0.0049825999994936865,0.008560800000850577,0.011087900000347872,0.01964870000119845,0.03327210000134073,154001408
163,1305031107.811596,data\rgbd_dataset_freiburg1_xyz\rgb\1305031107.811596.png,data\rgbd_dataset_freiburg1_xyz\depth\1305031107.799544.png,0.012051820755004883,0.0042040348052978516,1281,0.014352800000779098,0.0035463999993226025,0.004927799998768023,0.008474199998090626,0.00776650000079826,0.016240699998888886,0.030593499999667984,154001408
164,1305031107.843332,data\rgbd_dataset_freiburg1_xyz\rgb\1305031107.843332.png,data\rgbd_dataset_freiburg1_xyz\depth\1305031107.835751.png,0.007580995559692383,0.0025680065155029297,1238,0.013796100000035949,0.003589300000385265,0.004826399999728892,0.008415700000114157,0.006870600000183913,0.01528630000029807,0.02908240000033402,154005504
165,1305031107.875358,data\rgbd_dataset_freiburg1_xyz\rgb\1305031107.875358.png,data\rgbd_dataset_freiburg1_xyz\depth\1305031107.863505.png,0.011853218078613281,0.0003418922424316406,1226,0.014081999999689288,0.0037198000009084353,0.004931400000714348,0.008651200001622783,0.007439099999828613,0.016090300001451396,0.030172300001140684,154030080
166,1305031107.911541,data\rgbd_dataset_freiburg1_xyz\rgb\1305031107.911541.png,data\rgbd_dataset_freiburg1_xyz\depth\1305031107.899222.png,0.012319087982177734,0.0042591094970703125,1191,0.01373280000007071,0.0036020000006828923,0.0051741999996011145,0.008776200000284007,0.007237100000565988,0.016013300000849995,0.029746100000920705,154030080
167,1305031107.943122,data\rgbd_dataset_freiburg1_xyz\rgb\1305031107.943122.png,data\rgbd_dataset_freiburg1_xyz\depth\1305031107.933609.png,0.009512901306152344,0.0026781558990478516,1201,0.013661299999512266,0.003688100001454586,0.005011900000681635,0.008700000002136221,0.007358799999565235,0.016058800001701456,0.029720100001213723,154030080
168,1305031107.975807,data\rgbd_dataset_freiburg1_xyz\rgb\1305031107.975807.png,data\rgbd_dataset_freiburg1_xyz\depth\1305031107.964840.png,0.010967016220092773,6.9141387939453125e-06,1190,0.013498600001184968,0.003645999999207561,0.004706699999587727,0.008352699998795288,0.007063999999445514,0.015416699998240802,0.02891529999942577,154042368
169,1305031108.01132,data\rgbd_dataset_freiburg1_xyz\rgb\1305031108.011320.png,data\rgbd_dataset_freiburg1_xyz\depth\1305031107.998469.png,0.01285099983215332,0.004579782485961914,1250,0.01376200000049721,0.0035921999988204334,0.005335699999704957,0.00892789999852539,0.007123699999283417,0.016051599997808808,0.029813599998306017,154054656
170,1305031108.043418,data\rgbd_dataset_freiburg1_xyz\rgb\1305031108.043418.png,data\rgbd_dataset_freiburg1_xyz\depth\1305031108.034824.png,0.008594036102294922,0.002382040023803711,1263,0.014022699999259203,0.003939300000638468,0.005073100001027342,0.00901240000166581,0.008106199999019736,0.017118600000685547,0.03114129999994475,154054656
171,1305031108.075352,data\rgbd_dataset_freiburg1_xyz\rgb\1305031108.075352.png,data\rgbd_dataset_freiburg1_xyz\depth\1305031108.067271.png,0.00808095932006836,0.00044798851013183594,1274,0.013728500000070198,0.0038414000009652227,0.004731800001536612,0.008573200002501835,0.010489500000403496,0.01906270000290533,0.03279120000297553,154058752
172,1305031108.111378,data\rgbd_dataset_freiburg1_xyz\rgb\1305031108.111378.png,data\rgbd_dataset_freiburg1_xyz\depth\1305031108.099365.png,0.012012958526611328,0.00442194938659668,1234,0.013870499999029562,0.0038199000009626616,0.004906099999061553,0.008726000000024214,0.008462800000415882,0.017188800000440096,0.03105929999946966,154062848
173,1305031108.143334,data\rgbd_dataset_freiburg1_xyz\rgb\1305031108.143334.png,data\rgbd_dataset_freiburg1_xyz\depth\1305031108.135281.png,0.008052825927734375,0.002566099166870117,1252,0.01378870000007737,0.00380580000091868,0.005307800000082352,0.009113600001001032,0.007350800000494928,0.01646440000149596,0.03025310000157333,154062848
174,1305031108.176058,data\rgbd_dataset_freiburg1_xyz\rgb\1305031108.176058.png,data\rgbd_dataset_freiburg1_xyz\depth\1305031108.167357.png,0.008701086044311523,0.0002579689025878906,1263,0.013922100000854698,0.003698399999848334,0.005044300000008661,0.008742699999856995,0.00757049999992887,0.016313199999785866,0.030235300000640564,154066944
175,1305031108.211475,data\rgbd_dataset_freiburg1_xyz\rgb\1305031108.211475.png,data\rgbd_dataset_freiburg1_xyz\depth\1305031108.199225.png,0.012249946594238281,0.004325151443481445,1226,0.013783099999272963,0.003895800000464078,0.0048830000014277175,0.008778800001891796,0.007498200000554789,0.016277000002446584,0.030060100001719547,154075136
176,1305031108.243347,data\rgbd_dataset_freiburg1_xyz\rgb\1305031108.243347.png,data\rgbd_dataset_freiburg1_xyz\depth\1305031108.235213.png,0.008133888244628906,0.0024530887603759766,1170,0.013755500000115717,0.003862999999910244,0.004974399998900481,0.008837399998810724,0.010466200001246762,0.019303600000057486,0.0330591000001732,154083328
177,1305031108.275358,data\rgbd_dataset_freiburg1_xyz\rgb\1305031108.275358.png,data\rgbd_dataset_freiburg1_xyz\depth\1305031108.267660.png,0.00769805908203125,0.0004420280456542969,1172,0.013799599999401835,0.0038195999986783136,0.005386099999668659,0.009205699998346972,0.007182600000305683,0.016388299998652656,0.03018789999805449,154083328
178,1305031108.311332,data\rgbd_dataset_freiburg1_xyz\rgb\1305031108.311332.png,data\rgbd_dataset_freiburg1_xyz\depth\1305031108.299547.png,0.011785030364990234,0.0043680667877197266,1144,0.013874899999791523,0.0036362999999255408,0.005192700000407058,0.008829000000332599,0.0076253000006545335,0.016454300000987132,0.030329200000778656,154091520
179,1305031108.343278,data\rgbd_dataset_freiburg1_xyz\rgb\1305031108.343278.png,data\rgbd_dataset_freiburg1_xyz\depth\1305031108.335019.png,0.008258819580078125,0.002521991729736328,1094,0.015396699998746044,0.0038769000002503162,0.00492600000143284,0.008802900001683156,0.007050599999274709,0.015853500000957865,0.03125019999970391,154095616
180,1305031108.37541,data\rgbd_dataset_freiburg1_xyz\rgb\1305031108.375410.png,data\rgbd_dataset_freiburg1_xyz\depth\1305031108.367285.png,0.008125066757202148,0.0003898143768310547,1061,0.013680399999429937,0.0038170999996509636,0.0051015999997616746,0.008918699999412638,0.006739999998899293,0.01565869999831193,0.02933909999774187,154103808
181,1305031108.411361,data\rgbd_dataset_freiburg1_xyz\rgb\1305031108.411361.png,data\rgbd_dataset_freiburg1_xyz\depth\1305031108.399284.png,0.012077093124389648,0.004338979721069336,1003,0.013528699999369564,0.0035407000013947254,0.004707899999630172,0.008248600001024897,0.0069125999998504994,0.015161200000875397,0.02868990000024496,154112000
182,1305031108.44361,data\rgbd_dataset_freiburg1_xyz\rgb\1305031108.443610.png,data\rgbd_dataset_freiburg1_xyz\depth\1305031108.435023.png,0.008586883544921875,0.002290010452270508,985,0.013700800000151503,0.003973200000473298,0.004740099999253289,0.008713299999726587,0.006683500001599896,0.015396800001326483,0.029097600001477986,154124288
183,1305031108.475471,data\rgbd_dataset_freiburg1_xyz\rgb\1305031108.475471.png,data\rgbd_dataset_freiburg1_xyz\depth\1305031108.467680.png,0.007791042327880859,0.00032901763916015625,954,0.013659700000062003,0.003936799999792129,0.004674600000726059,0.008611400000518188,0.0064485000002605375,0.015059900000778725,0.028719600000840728,154128384
184,1305031108.511378,data\rgbd_dataset_freiburg1_xyz\rgb\1305031108.511378.png,data\rgbd_dataset_freiburg1_xyz\depth\1305031108.503548.png,0.007830142974853516,0.00442194938659668,956,0.013194799999837414,0.003907700000127079,0.0047844000000623055,0.008692100000189384,0.006548499999553314,0.015240599999742699,0.028435399999580113,154136576
185,1305031108.543737,data\rgbd_dataset_freiburg1_xyz\rgb\1305031108.543737.png,data\rgbd_dataset_freiburg1_xyz\depth\1305031108.534811.png,0.008925914764404297,0.0020630359649658203,933,0.01348119999966002,0.0039097000008041505,0.004719299999123905,0.008628999999928055,0.007069299999784562,0.015698299999712617,0.029179499999372638,154140672
186,1305031108.575414,data\rgbd_dataset_freiburg1_xyz\rgb\1305031108.575414.png,data\rgbd_dataset_freiburg1_xyz\depth\1305031108.567154.png,0.008260011672973633,0.00048613548278808594,961,0.013816800001222873,0.00375509999867063,0.004915100000289385,0.008670199998960015,0.00712770000063756,0.015797899999597576,0.02961470000082045,154140672
187,1305031108.611407,data\rgbd_dataset_freiburg1_xyz\rgb\1305031108.611407.png,data\rgbd_dataset_freiburg1_xyz\depth\1305031108.603547.png,0.007859945297241211,0.004292964935302734,919,0.015865900000790134,0.004497600000831881,0.004752000000735279,0.00924960000156716,0.007349000001340755,0.016598600002907915,0.03246450000369805,154144768
188,1305031108.643303,data\rgbd_dataset_freiburg1_xyz\rgb\1305031108.643303.png,data\rgbd_dataset_freiburg1_xyz\depth\1305031108.634212.png,0.009090900421142578,0.0023970603942871094,903,0.01385130000016943,0.003978499998993357,0.004937599998811493,0.00891609999780485,0.007271299999047187,0.016187399996852037,0.030038699997021467,154144768
189,1305031108.675375,data\rgbd_dataset_freiburg1_xyz\rgb\1305031108.675375.png,data\rgbd_dataset_freiburg1_xyz\depth\1305031108.667189.png,0.008186101913452148,0.0003249645233154297,869,0.01426270000047225,0.004070900000442634,0.0048651000015524914,0.008936000001995126,0.007354999999733991,0.016291000001729117,0.030553700002201367,154157056
190,1305031108.711411,data\rgbd_dataset_freiburg1_xyz\rgb\1305031108.711411.png,data\rgbd_dataset_freiburg1_xyz\depth\1305031108.703346.png,0.008064985275268555,0.004389047622680664,853,0.014237400000638445,0.003833200000372017,0.0048451000002387445,0.008678300000610761,0.006343499999275082,0.015021799999885843,0.029259200000524288,154165248
191,1305031108.743502,data\rgbd_dataset_freiburg1_xyz\rgb\1305031108.743502.png,data\rgbd_dataset_freiburg1_xyz\depth\1305031108.735052.png,0.008449792861938477,0.002298116683959961,819,0.013808600000629667,0.0038580000000365544,0.0052443000004132045,0.009102300000449759,0.006569799999851966,0.015672100000301725,0.029480700000931392,154165248
192,1305031108.775493,data\rgbd_dataset_freiburg1_xyz\rgb\1305031108.775493.png,data\rgbd_dataset_freiburg1_xyz\depth\1305031108.767031.png,0.008461952209472656,0.0003070831298828125,815,0.01334849999875587,0.0039175000001705484,0.004885799999101437,0.008803299999271985,0.006526600000142935,0.01532989999941492,0.02867839999817079,154169344
193,1305031108.811244,data\rgbd_dataset_freiburg1_xyz\rgb\1305031108.811244.png,data\rgbd_dataset_freiburg1_xyz\depth\1305031108.803370.png,0.007874011993408203,0.004656076431274414,824,0.013636699999551638,0.003939100000934559,0.005033800000092015,0.008972900001026574,0.006714499999361578,0.015687400000388152,0.02932409999993979,154173440
194,1305031108.843264,data\rgbd_dataset_freiburg1_xyz\rgb\1305031108.843264.png,data\rgbd_dataset_freiburg1_xyz\depth\1305031108.835163.png,0.00810098648071289,0.007564067840576172,800,0.013844799999787938,0.003797699999267934,0.004741700000522542,0.008539399999790476,0.0067090000011376105,0.015248400000928086,0.029093200000716024,154181632
195,1305031108.943243,data\rgbd_dataset_freiburg1_xyz\rgb\1305031108.943243.png,data\rgbd_dataset_freiburg1_xyz\depth\1305031108.935116.png,0.008126974105834961,0.002557039260864258,803,0.013791400000627618,0.004137899999477668,0.005141800000274088,0.009279699999751756,0.006560300000273855,0.01584000000002561,0.02963140000065323,154189824
196,1305031108.975268,data\rgbd_dataset_freiburg1_xyz\rgb\1305031108.975268.png,data\rgbd_dataset_freiburg1_xyz\depth\1305031108.967245.png,0.008022785186767578,0.0005321502685546875,850,0.013793799998893519,0.003753099999812548,0.004759200000989949,0.008512300000802497,0.006270899999435642,0.01478320000023814,0.028576999999131658,154193920
197,1305031109.011269,data\rgbd_dataset_freiburg1_xyz\rgb\1305031109.011269.png,data\rgbd_dataset_freiburg1_xyz\depth\1305031109.003064.png,0.008205175399780273,0.004431009292602539,860,0.013606800001070951,0.0038192000010894844,0.005115300000397838,0.008934500001487322,0.006883199999720091,0.015817700001207413,0.029424500002278364,154198016
198,1305031109.043277,data\rgbd_dataset_freiburg1_xyz\rgb\1305031109.043277.png,data\rgbd_dataset_freiburg1_xyz\depth\1305031109.034955.png,0.008322000503540039,0.0025229454040527344,851,0.013951400000223657,0.003870900000038091,0.004543399998510722,0.008414299998548813,0.006892299999890383,0.015306599998439196,0.029257999998662854,154218496
199,1305031109.07541,data\rgbd_dataset_freiburg1_xyz\rgb\1305031109.075410.png,data\rgbd_dataset_freiburg1_xyz\depth\1305031109.067091.png,0.008318901062011719,0.00029015541076660156,864,0.013287199999467703,0.004017799999928684,0.005084800000986434,0.009102600000915118,0.006446900000810274,0.015549500001725391,0.028836700001193094,154222592
200,1305031109.111282,data\rgbd_dataset_freiburg1_xyz\rgb\1305031109.111282.png,data\rgbd_dataset_freiburg1_xyz\depth\1305031109.103294.png,0.007988214492797852,0.004417896270751953,869,0.013306000000739004,0.003891000000294298,0.004752500000904547,0.008643500001198845,0.006507899999633082,0.015151400000831927,0.02845740000157093,154222592
201,1305031109.143334,data\rgbd_dataset_freiburg1_xyz\rgb\1305031109.143334.png,data\rgbd_dataset_freiburg1_xyz\depth\1305031109.134968.png,0.008365869522094727,0.0023660659790039062,861,0.013057799998932751,0.0036261000004742527,0.0047856000001047505,0.008411700000579003,0.0062719999987166375,0.01468369999929564,0.02774149999822839,154230784
202,1305031109.175464,data\rgbd_dataset_freiburg1_xyz\rgb\1305031109.175464.png,data\rgbd_dataset_freiburg1_xyz\depth\1305031109.165848.png,0.009615898132324219,0.00023603439331054688,857,0.013477399999828776,0.0039044000004651025,0.005304000000251108,0.00920840000071621,0.006990799998675357,0.016199199999391567,0.029676599999220343,154234880
203,1305031109.211379,data\rgbd_dataset_freiburg1_xyz\rgb\1305031109.211379.png,data\rgbd_dataset_freiburg1_xyz\depth\1305031109.203388.png,0.00799107551574707,0.004320859909057617,895,0.016734700000597513,0.00381060000108846,0.005063700000391691,0.008874300001480151,0.006683499999780906,0.015557800001261057,0.03229250000185857,154238976
204,1305031109.24329,data\rgbd_dataset_freiburg1_xyz\rgb\1305031109.243290.png,data\rgbd_dataset_freiburg1_xyz\depth\1305031109.234324.png,0.00896596908569336,0.0024099349975585938,888,0.013407000000370317,0.003948800000216579,0.00460430000021006,0.008553100000426639,0.0072118000007321825,0.01576490000115882,0.02917190000152914,154243072
205,1305031109.275308,data\rgbd_dataset_freiburg1_xyz\rgb\1305031109.275308.png,data\rgbd_dataset_freiburg1_xyz\depth\1305031109.266325.png,0.00898289680480957,0.0003921985626220703,869,0.01357319999988249,0.003662199998871074,0.004487200001676683,0.008149400000547757,0.006163300000480376,0.014312700001028134,0.027885900000910624,154247168
206,1305031109.311329,data\rgbd_dataset_freiburg1_xyz\rgb\1305031109.311329.png,data\rgbd_dataset_freiburg1_xyz\depth\1305031109.303457.png,0.007871866226196289,0.004371166229248047,889,0.01339180000104534,0.003909200000634883,0.005448500000056811,0.009357700000691693,0.006738400001268019,0.016096100001959712,0.029487900003005052,154255360
207,1305031109.343248,data\rgbd_dataset_freiburg1_xyz\rgb\1305031109.343248.png,data\rgbd_dataset_freiburg1_xyz\depth\1305031109.334602.png,0.008645772933959961,0.0024521350860595703,918,0.013606000000436325,0.004020000000309665,0.004755300000397256,0.00877530000070692,0.007145699999455246,0.015921000000162167,0.02952700000059849,154263552
208,1305031109.375397,data\rgbd_dataset_freiburg1_xyz\rgb\1305031109.375397.png,data\rgbd_dataset_freiburg1_xyz\depth\1305031109.364882.png,0.010514974594116211,0.00030303001403808594,919,0.013636700001370627,0.0039550000001327135,0.0050331999991612975,0.008988199999294011,0.006781000000046333,0.015769199999340344,0.02940590000071097,154267648
209,1305031109.411329,data\rgbd_dataset_freiburg1_xyz\rgb\1305031109.411329.png,data\rgbd_dataset_freiburg1_xyz\depth\1305031109.403386.png,0.007942914962768555,0.0044710636138916016,905,0.01323460000094201,0.0038230999998631887,0.00427270000000135,0.008095799999864539,0.009606599998733145,0.017702399998597684,0.030936999999539694,154275840
210,1305031109.443302,data\rgbd_dataset_freiburg1_xyz\rgb\1305031109.443302.png,data\rgbd_dataset_freiburg1_xyz\depth\1305031109.434469.png,0.008832931518554688,0.0023980140686035156,922,0.013614600000437349,0.0036956999992980855,0.0051211999998486135,0.008816899999146699,0.006677400000626221,0.01549429999977292,0.02910890000021027,154279936
211,1305031109.475363,data\rgbd_dataset_freiburg1_xyz\rgb\1305031109.475363.png,data\rgbd_dataset_freiburg1_xyz\depth\1305031109.467362.png,0.008001089096069336,0.00043702125549316406,919,0.013366400000450085,0.003725099999428494,0.005683100000169361,0.009408199999597855,0.007191999999122345,0.0166001999987202,0.029966599999170285,154288128
212,1305031109.511273,data\rgbd_dataset_freiburg1_xyz\rgb\1305031109.511273.png,data\rgbd_dataset_freiburg1_xyz\depth\1305031109.503193.png,0.008080005645751953,0.004527091979980469,914,0.013202000000092085,0.0036116999999649124,0.005517899999176734,0.009129599999141647,0.009781700000530691,0.018911299999672337,0.03211329999976442,154292224
213,1305031109.543294,data\rgbd_dataset_freiburg1_xyz\rgb\1305031109.543294.png,data\rgbd_dataset_freiburg1_xyz\depth\1305031109.535715.png,0.007578849792480469,0.0025060176849365234,957,0.013697399999728077,0.003678799999761395,0.005246599999736645,0.00892539999949804,0.007228499998745974,0.016153899998244015,0.02985129999797209,154292224
214,1305031109.575362,data\rgbd_dataset_freiburg1_xyz\rgb\1305031109.575362.png,data\rgbd_dataset_freiburg1_xyz\depth\1305031109.567452.png,0.007910013198852539,0.0003380775451660156,994,0.013841500000125961,0.0038242999999056337,0.004845899999054382,0.008670199998960015,0.00736489999871992,0.016035099997679936,0.029876599997805897,154292224
215,1305031109.61131,data\rgbd_dataset_freiburg1_xyz\rgb\1305031109.611310.png,data\rgbd_dataset_freiburg1_xyz\depth\1305031109.603601.png,0.007709026336669922,0.004489898681640625,980,0.01584980000006908,0.0037549999997281702,0.004598200001055375,0.008353200000783545,0.0068334999996295664,0.015186700000413111,0.031036500000482192,154300416
216,1305031109.643229,data\rgbd_dataset_freiburg1_xyz\rgb\1305031109.643229.png,data\rgbd_dataset_freiburg1_xyz\depth\1305031109.635323.png,0.007905960083007812,0.0024709701538085938,996,0.013830899999447865,0.004087799999979325,0.005600599999525002,0.009688399999504327,0.006872500000099535,0.016560899999603862,0.030391799999051727,154304512
217,1305031109.675263,data\rgbd_dataset_freiburg1_xyz\rgb\1305031109.675263.png,data\rgbd_dataset_freiburg1_xyz\depth\1305031109.667570.png,0.007692813873291016,0.00043702125549316406,986,0.013305099999342929,0.0035294999997859122,0.004645999999411288,0.0081754999991972,0.006495100000392995,0.014670599999590195,0.027975699998933123,154320896
218,1305031109.711312,data\rgbd_dataset_freiburg1_xyz\rgb\1305031109.711312.png,data\rgbd_dataset_freiburg1_xyz\depth\1305031109.703265.png,0.008047103881835938,0.004387855529785156,995,0.013640600000144332,0.003830599998764228,0.005323999999745865,0.009154599998510093,0.0072220999991259305,0.016376699997636024,0.030017299997780356,154324992
219,1305031109.743274,data\rgbd_dataset_freiburg1_xyz\rgb\1305031109.743274.png,data\rgbd_dataset_freiburg1_xyz\depth\1305031109.735059.png,0.008214950561523438,0.0024259090423583984,975,0.013643000000229222,0.0037936000007903203,0.00518250000095577,0.00897610000174609,0.007844499999919208,0.016820600001665298,0.03046360000189452,154337280
220,1305031109.775277,data\rgbd_dataset_freiburg1_xyz\rgb\1305031109.775277.png,data\rgbd_dataset_freiburg1_xyz\depth\1305031109.767470.png,0.007807016372680664,0.0005230903625488281,967,0.01627379999990808,0.004361100000096485,0.004645999999411288,0.009007099999507773,0.006944099999600439,0.015951199999108212,0.03222499999901629,154349568
221,1305031109.811371,data\rgbd_dataset_freiburg1_xyz\rgb\1305031109.811371.png,data\rgbd_dataset_freiburg1_xyz\depth\1305031109.803396.png,0.007975101470947266,0.00432896614074707,950,0.013678699999218225,0.0037793999999848893,0.004765499999848544,0.008544899999833433,0.006515400000353111,0.015060300000186544,0.02873899999940477,154353664
222,1305031109.843296,data\rgbd_dataset_freiburg1_xyz\rgb\1305031109.843296.png,data\rgbd_dataset_freiburg1_xyz\depth\1305031109.834910.png,0.00838613510131836,0.0024039745330810547,939,0.013327499998922576,0.0036482999985310016,0.004731500001071254,0.008379799999602255,0.007250299999213894,0.01563009999881615,0.028957599997738726,154361856
223,1305031109.875306,data\rgbd_dataset_freiburg1_xyz\rgb\1305031109.875306.png,data\rgbd_dataset_freiburg1_xyz\depth\1305031109.871271.png,0.004034996032714844,0.0004940032958984375,942,0.013719999999011634,0.0038038999991840683,0.00513649999993504,0.008940399999119109,0.006781099998988793,0.015721499998107902,0.029441499997119536,154365952
224,1305031109.911265,data\rgbd_dataset_freiburg1_xyz\rgb\1305031109.911265.png,data\rgbd_dataset_freiburg1_xyz\depth\1305031109.900535.png,0.010729789733886719,0.004535198211669922,911,0.014321399999971618,0.004063500000484055,0.004975800000465824,0.00903930000094988,0.0067722999992838595,0.01581160000023374,0.030133000000205357,154374144
225,1305031109.943299,data\rgbd_dataset_freiburg1_xyz\rgb\1305031109.943299.png,data\rgbd_dataset_freiburg1_xyz\depth\1305031109.934960.png,0.008339166641235352,0.0024008750915527344,927,0.01378370000020368,0.003816000000369968,0.004707800000687712,0.00852380000105768,0.006920499999978347,0.015444300001036027,0.029228000001239707,154382336
226,1305031109.975258,data\rgbd_dataset_freiburg1_xyz\rgb\1305031109.975258.png,data\rgbd_dataset_freiburg1_xyz\depth\1305031109.970213.png,0.005045175552368164,0.0005419254302978516,903,0.01421420000042417,0.003710999999384512,0.004913000000669854,0.008624000000054366,0.007434700000885641,0.016058700000940007,0.030272900001364178,154382336
227,1305031110.011256,data\rgbd_dataset_freiburg1_xyz\rgb\1305031110.011256.png,data\rgbd_dataset_freiburg1_xyz\depth\1305031109.999657.png,0.011599063873291016,0.004444122314453125,961,0.013297700001203339,0.003842800000711577,0.004408099999636761,0.008250900000348338,0.007019099999524769,0.015269999999873107,0.028567700001076446,154382336
228,1305031110.043299,data\rgbd_dataset_freiburg1_xyz\rgb\1305031110.043299.png,data\rgbd_dataset_freiburg1_xyz\depth\1305031110.031356.png,0.011942863464355469,0.002401113510131836,938,0.014155000000755535,0.0038223000010475516,0.004983599999832222,0.008805900000879774,0.007041099999696598,0.015847000000576372,0.030002000001331908,154390528
229,1305031110.075319,data\rgbd_dataset_freiburg1_xyz\rgb\1305031110.075319.png,data\rgbd_dataset_freiburg1_xyz\depth\1305031110.068125.png,0.007194042205810547,0.0003809928894042969,930,0.014235299999199924,0.0037200999995548045,0.004362900001069647,0.008083000000624452,0.006853699998828233,0.014936699999452685,0.02917199999865261,154398720
230,1305031110.111325,data\rgbd_dataset_freiburg1_xyz\rgb\1305031110.111325.png,data\rgbd_dataset_freiburg1_xyz\depth\1305031110.101397.png,0.009927988052368164,0.004374980926513672,954,0.013692900000023656,0.003770900000745314,0.005001699999411358,0.008772600000156672,0.007029600001260405,0.015802200001417077,0.029495100001440733,154406912
231,1305031110.143432,data\rgbd_dataset_freiburg1_xyz\rgb\1305031110.143432.png,data\rgbd_dataset_freiburg1_xyz\depth\1305031110.132317.png,0.011114835739135742,0.0023682117462158203,972,0.013381200000367244,0.003688200000397046,0.0049593000003369525,0.008647500000733999,0.008104000000457745,0.016751500001191744,0.030132700001558987,154415104
232,1305031110.175641,data\rgbd_dataset_freiburg1_xyz\rgb\1305031110.175641.png,data\rgbd_dataset_freiburg1_xyz\depth\1305031110.168323.png,0.007318019866943359,5.888938903808594e-05,976,0.015601700000843266,0.004412799999045092,0.004656799999793293,0.009069599998838385,0.007206399999631685,0.01627599999847007,0.031877699999313336,154419200
233,1305031110.211637,data\rgbd_dataset_freiburg1_xyz\rgb\1305031110.211637.png,data\rgbd_dataset_freiburg1_xyz\depth\1305031110.203162.png,0.008475065231323242,0.004163026809692383,965,0.01359029999912309,0.0036942000006092712,0.004847500000323635,0.008541700000932906,0.006548800000018673,0.015090500000951579,0.02868080000007467,154427392
234,1305031110.243323,data\rgbd_dataset_freiburg1_xyz\rgb\1305031110.243323.png,data\rgbd_dataset_freiburg1_xyz\depth\1305031110.234909.png,0.008414030075073242,0.0023767948150634766,970,0.014804299999013892,0.004325800000515301,0.004800200000318,0.009126000000833301,0.00971439999921131,0.01884040000004461,0.0336446999990585,154443776
235,1305031110.279321,data\rgbd_dataset_freiburg1_xyz\rgb\1305031110.279321.png,data\rgbd_dataset_freiburg1_xyz\depth\1305031110.271394.png,0.00792694091796875,0.0036208629608154297,1024,0.013790799999696901,0.0036080000008951174,0.005031600001530023,0.00863960000242514,0.007340000000112923,0.015979600002538064,0.029770400002234965,154451968
236,1305031110.311404,data\rgbd_dataset_freiburg1_xyz\rgb\1305031110.311404.png,data\rgbd_dataset_freiburg1_xyz\depth\1305031110.303648.png,0.00775599479675293,0.004296064376831055,1051,0.013673600000402075,0.0036963000002288027,0.004649200000130804,0.008345500000359607,0.009954199998901458,0.018299699999261065,0.03197329999966314,154451968
237,1305031110.343355,data\rgbd_dataset_freiburg1_xyz\rgb\1305031110.343355.png,data\rgbd_dataset_freiburg1_xyz\depth\1305031110.331570.png,0.011785030364990234,0.0023450851440429688,1105,0.013767800001005526,0.003701300000102492,0.0053002000004198635,0.009001500000522356,0.007918400000562542,0.016919900001084898,0.030687700002090423,154460160
238,1305031110.379281,data\rgbd_dataset_freiburg1_xyz\rgb\1305031110.379281.png,data\rgbd_dataset_freiburg1_xyz\depth\1305031110.371607.png,0.007673978805541992,0.0035810470581054688,1152,0.016115500000523753,0.0044887999993079575,0.004876899998635054,0.009365699997943011,0.008156600000802428,0.01752229999874544,0.03363779999926919,154464256
239,1305031110.411469,data\rgbd_dataset_freiburg1_xyz\rgb\1305031110.411469.png,data\rgbd_dataset_freiburg1_xyz\depth\1305031110.403480.png,0.007988929748535156,0.004230976104736328,1162,0.01427020000119228,0.0039109000008465955,0.004745800000819145,0.00865670000166574,0.010410799999590381,0.01906750000125612,0.0333377000024484,154464256
240,1305031110.44326,data\rgbd_dataset_freiburg1_xyz\rgb\1305031110.443260.png,data\rgbd_dataset_freiburg1_xyz\depth\1305031110.435647.png,0.007612943649291992,0.0024399757385253906,1206,0.013787200001388555,0.003739300000233925,0.004854000000705128,0.008593300000939053,0.007959400001709582,0.016552700002648635,0.03033990000403719,154468352
241,1305031110.479331,data\rgbd_dataset_freiburg1_xyz\rgb\1305031110.479331.png,data\rgbd_dataset_freiburg1_xyz\depth\1305031110.470588.png,0.008743047714233398,0.003631114959716797,1269,0.013545600000725244,0.003857199999401928,0.005445200000394834,0.009302399999796762,0.007894400001532631,0.017196800001329393,0.030742400002054637,154472448
242,1305031110.511429,data\rgbd_dataset_freiburg1_xyz\rgb\1305031110.511429.png,data\rgbd_dataset_freiburg1_xyz\depth\1305031110.502539.png,0.008890151977539062,0.004271030426025391,1310,0.01391949999924691,0.0038406000003305962,0.005292899999403744,0.00913349999973434,0.008021199999348028,0.017154699999082368,0.031074199998329277,154476544
243,1305031110.543408,data\rgbd_dataset_freiburg1_xyz\rgb\1305031110.543408.png,data\rgbd_dataset_freiburg1_xyz\depth\1305031110.534532.png,0.008875846862792969,0.002292156219482422,1349,0.013492599999153754,0.0037498000001505716,0.005315099999279482,0.009064899999430054,0.00769150000087393,0.016756400000303984,0.030248999999457737,154492928
244,1305031110.579426,data\rgbd_dataset_freiburg1_xyz\rgb\1305031110.579426.png,data\rgbd_dataset_freiburg1_xyz\depth\1305031110.571676.png,0.007750034332275391,0.0037260055541992188,1360,0.013799400001516915,0.0038312000015139347,0.005324399999153684,0.009155600000667619,0.008033899999645655,0.017189500000313274,0.03098890000183019,154497024
245,1305031110.611307,data\rgbd_dataset_freiburg1_xyz\rgb\1305031110.611307.png,data\rgbd_dataset_freiburg1_xyz\depth\1305031110.604289.png,0.007017850875854492,0.004393100738525391,1355,0.014016400000400608,0.003925499999240856,0.005113299999720766,0.009038799998961622,0.011197899999388028,0.02023669999834965,0.03425309999875026,154513408
246,1305031110.643418,data\rgbd_dataset_freiburg1_xyz\rgb\1305031110.643418.png,data\rgbd_dataset_freiburg1_xyz\depth\1305031110.635485.png,0.00793313980102539,0.0022819042205810547,1382,0.013790699998935452,0.004025000000183354,0.0051134000004822155,0.00913840000066557,0.007787000000462285,0.016925400001127855,0.030716100000063307,154521600
247,1305031110.679606,data\rgbd_dataset_freiburg1_xyz\rgb\1305031110.679606.png,data\rgbd_dataset_freiburg1_xyz\depth\1305031110.671775.png,0.00783085823059082,0.0039060115814208984,1381,0.014142800000627176,0.004122400001506321,0.004939000000376836,0.009061400001883158,0.007979800000612158,0.017041200002495316,0.031184000003122492,154521600
248,1305031110.711412,data\rgbd_dataset_freiburg1_xyz\rgb\1305031110.711412.png,data\rgbd_dataset_freiburg1_xyz\depth\1305031110.699957.png,0.011455059051513672,0.0042879581451416016,1399,0.01643039999908069,0.004843099999561673,0.00490189999982249,0.009744999999384163,0.008067700000538025,0.017812699999922188,0.03424309999900288,154529792
249,1305031110.743249,data\rgbd_dataset_freiburg1_xyz\rgb\1305031110.743249.png,data\rgbd_dataset_freiburg1_xyz\depth\1305031110.735440.png,0.0078089237213134766,0.0024509429931640625,1370,0.01389289999860921,0.003966899999795714,0.004868500000156928,0.008835399999952642,0.007541799999671639,0.01637719999962428,0.03027009999823349,154529792
250,1305031110.779193,data\rgbd_dataset_freiburg1_xyz\rgb\1305031110.779193.png,data\rgbd_dataset_freiburg1_xyz\depth\1305031110.769734.png,0.00945901870727539,0.003392934799194336,1392,0.013915499999711756,0.004172499999185675,0.005307799998263363,0.009480299997449038,0.007744900000034249,0.017225199997483287,0.031140699997195043,154533888
251,1305031110.811386,data\rgbd_dataset_freiburg1_xyz\rgb\1305031110.811386.png,data\rgbd_dataset_freiburg1_xyz\depth\1305031110.799684.png,0.01170206069946289,0.004313945770263672,1335,0.013910000001487788,0.0038430000004154863,0.005030200001783669,0.008873200002199155,0.007111000000804779,0.015984200003003934,0.029894200004491722,154533888
252,1305031110.843218,data\rgbd_dataset_freiburg1_xyz\rgb\1305031110.843218.png,data\rgbd_dataset_freiburg1_xyz\depth\1305031110.835248.png,0.007970094680786133,0.0024819374084472656,1367,0.013872600000468083,0.003792900000917143,0.0050938999993377365,0.00888680000025488,0.00931480000144802,0.0182016000017029,0.03207420000217098,154550272
253,1305031110.879313,data\rgbd_dataset_freiburg1_xyz\rgb\1305031110.879313.png,data\rgbd_dataset_freiburg1_xyz\depth\1305031110.871293.png,0.00801992416381836,0.003612995147705078,1365,0.013962299999548122,0.004274099999747705,0.004987399999663467,0.009261499999411171,0.007921899999928428,0.0171833999993396,0.03114569999888772,154554368
254,1305031110.911333,data\rgbd_dataset_freiburg1_xyz\rgb\1305031110.911333.png,data\rgbd_dataset_freiburg1_xyz\depth\1305031110.901900.png,0.00943303108215332,0.004467010498046875,1353,0.014506899999105372,0.0037764000007882714,0.005291500001476379,0.00906790000226465,0.007351500000368105,0.016419400002632756,0.030926300001738127,154558464
255,1305031110.943862,data\rgbd_dataset_freiburg1_xyz\rgb\1305031110.943862.png,data\rgbd_dataset_freiburg1_xyz\depth\1305031110.938668.png,0.005193948745727539,0.0018379688262939453,1351,0.014250499998524901,0.003659799998786184,0.004927699999825563,0.008587499998611747,0.007199800000307732,0.01578729999891948,0.03003779999744438,154566656
256,1305031110.979345,data\rgbd_dataset_freiburg1_xyz\rgb\1305031110.979345.png,data\rgbd_dataset_freiburg1_xyz\depth\1305031110.971316.png,0.008028984069824219,0.003645181655883789,1340,0.014081100000112201,0.003660800000943709,0.005089099999167956,0.008749900000111666,0.007613100000526174,0.01636300000063784,0.03044410000075004,154574848
257,1305031111.011431,data\rgbd_dataset_freiburg1_xyz\rgb\1305031111.011431.png,data\rgbd_dataset_freiburg1_xyz\depth\1305031111.003669.png,0.007761955261230469,0.004269123077392578,1363,0.014467299999523675,0.003928599999198923,0.005416100000729784,0.009344699999928707,0.0076347000012901844,0.01697940000121889,0.03144670000074257,154583040
258,1305031111.043327,data\rgbd_dataset_freiburg1_xyz\rgb\1305031111.043327.png,data\rgbd_dataset_freiburg1_xyz\depth\1305031111.039669.png,0.0036580562591552734,0.0024728775024414062,1378,0.013784599999780767,0.004097099999853526,0.004766100000779261,0.008863200000632787,0.010733700000855606,0.019596900001488393,0.03338150000126916,154595328
259,1305031111.079283,data\rgbd_dataset_freiburg1_xyz\rgb\1305031111.079283.png,data\rgbd_dataset_freiburg1_xyz\depth\1305031111.071605.png,0.007678031921386719,0.0035829544067382812,1364,0.013947800000096322,0.004020400001536473,0.005456900000353926,0.009477300001890399,0.008551200000511017,0.018028500002401415,0.03197630000249774,154607616
260,1305031111.111508,data\rgbd_dataset_freiburg1_xyz\rgb\1305031111.111508.png,data\rgbd_dataset_freiburg1_xyz\depth\1305031111.103658.png,0.007849931716918945,0.0041921138763427734,1342,0.014093199999479111,0.003922199999578879,0.0052133999997749925,0.009135599999353872,0.007605200000398327,0.0167407999997522,0.03083399999923131,154607616
261,1305031111.143257,data\rgbd_dataset_freiburg1_xyz\rgb\1305031111.143257.png,data\rgbd_dataset_freiburg1_xyz\depth\1305031111.139211.png,0.004045963287353516,0.002443075180053711,1331,0.013642999998410232,0.003950199999962933,0.005357500000172877,0.00930770000013581,0.007650699999430799,0.01695839999956661,0.03060139999797684,154611712
262,1305031111.179326,data\rgbd_dataset_freiburg1_xyz\rgb\1305031111.179326.png,data\rgbd_dataset_freiburg1_xyz\depth\1305031111.170937.png,0.008388996124267578,0.003626108169555664,1328,0.013649100001202896,0.003892700000506011,0.005665499998940504,0.009558199999446515,0.008080400000835652,0.017638600000282167,0.031287700001485064,154624000
263,1305031111.211433,data\rgbd_dataset_freiburg1_xyz\rgb\1305031111.211433.png,data\rgbd_dataset_freiburg1_xyz\depth\1305031111.199395.png,0.012037992477416992,0.004266977310180664,1323,0.013581000001067878,0.004114900000786292,0.004969200001141871,0.009084100001928164,0.0072346999986621086,0.016318800000590272,0.02989980000165815,154628096
264,1305031111.243236,data\rgbd_dataset_freiburg1_xyz\rgb\1305031111.243236.png,data\rgbd_dataset_freiburg1_xyz\depth\1305031111.236670.png,0.006566047668457031,0.002563953399658203,1268,0.013729300000704825,0.003775099999984377,0.005135699999300414,0.00891079999928479,0.007587100000819191,0.016497900000103982,0.030227200000808807,154628096
265,1305031111.279308,data\rgbd_dataset_freiburg1_xyz\rgb\1305031111.279308.png,data\rgbd_dataset_freiburg1_xyz\depth\1305031111.269939.png,0.009369134902954102,0.0036079883575439453,1224,0.013576499999544467,0.003685800000312156,0.005153300000529271,0.008839100000841427,0.007652300000700052,0.01649140000154148,0.030067900001085945,154632192
266,1305031111.311547,data\rgbd_dataset_freiburg1_xyz\rgb\1305031111.311547.png,data\rgbd_dataset_freiburg1_xyz\depth\1305031111.302311.png,0.00923609733581543,0.004153013229370117,1241,0.013576100000136648,0.003742400000191992,0.005059999999502907,0.008802399999694899,0.00877559999935329,0.01757799999904819,0.031154099999184837,154636288
267,1305031111.343397,data\rgbd_dataset_freiburg1_xyz\rgb\1305031111.343397.png,data\rgbd_dataset_freiburg1_xyz\depth\1305031111.339460.png,0.0039370059967041016,0.0023031234741210938,1200,0.01649350000116101,0.004897100001471699,0.005133300001034513,0.010030400002506212,0.00692940000044473,0.016959800002950942,0.03345330000411195,154636288
268,1305031111.379134,data\rgbd_dataset_freiburg1_xyz\rgb\1305031111.379134.png,data\rgbd_dataset_freiburg1_xyz\depth\1305031111.370908.png,0.00822591781616211,0.0034339427947998047,1185,0.013575099999798113,0.0038669999994453974,0.005107200000566081,0.008974200000011479,0.007194199999503326,0.016168399999514804,0.029743499999312917,154648576
269,1305031111.411296,data\rgbd_dataset_freiburg1_xyz\rgb\1305031111.411296.png,data\rgbd_dataset_freiburg1_xyz\depth\1305031111.402911.png,0.008384943008422852,0.0044040679931640625,1188,0.013858500000424101,0.0038052999989304226,0.005519399999684538,0.00932469999861496,0.007447600000887178,0.016772299999502138,0.03063079999992624,154681344
270,1305031111.443386,data\rgbd_dataset_freiburg1_xyz\rgb\1305031111.443386.png,data\rgbd_dataset_freiburg1_xyz\depth\1305031111.438948.png,0.004438161849975586,0.002313852310180664,1165,0.013890899999751127,0.0037122000012459466,0.005138599999554572,0.008850800000800518,0.010422200000903104,0.019273000001703622,0.03316390000145475,154693632
271,1305031111.479259,data\rgbd_dataset_freiburg1_xyz\rgb\1305031111.479259.png,data\rgbd_dataset_freiburg1_xyz\depth\1305031111.470919.png,0.008340120315551758,0.003258943557739258,1197,0.01383960000021034,0.003714300000865478,0.005062199999883887,0.008776500000749365,0.007742800000414718,0.016519300001164083,0.030358900001374423,154697728
272,1305031111.511264,data\rgbd_dataset_freiburg1_xyz\rgb\1305031111.511264.png,data\rgbd_dataset_freiburg1_xyz\depth\1305031111.503531.png,0.00773310661315918,0.004436016082763672,1121,0.013599199999589473,0.004189199999018456,0.005345999999917694,0.00953519999893615,0.0081583999999566,0.01769359999889275,0.031292799998482224,155422720
273,1305031111.54325,data\rgbd_dataset_freiburg1_xyz\rgb\1305031111.543250.png,data\rgbd_dataset_freiburg1_xyz\depth\1305031111.539482.png,0.0037679672241210938,0.002549886703491211,1073,0.013421399999060668,0.0037600999985443195,0.004710000001068693,0.008470099999613012,0.0076338999988365686,0.01610399999844958,0.02952539999751025,155389952
274,1305031111.579237,data\rgbd_dataset_freiburg1_xyz\rgb\1305031111.579237.png,data\rgbd_dataset_freiburg1_xyz\depth\1305031111.571320.png,0.007916927337646484,0.003437042236328125,1059,0.01367480000044452,0.0037871000004088273,0.0049319999998260755,0.008719100000234903,0.010336499999539228,0.01905559999977413,0.03273040000021865,155394048
275,1305031111.611271,data\rgbd_dataset_freiburg1_xyz\rgb\1305031111.611271.png,data\rgbd_dataset_freiburg1_xyz\depth\1305031111.603391.png,0.007879972457885742,0.0044291019439697266,1018,0.014129099999991013,0.0036949000004824484,0.005176799999389914,0.008871699999872362,0.010523999999350053,0.019395699999222415,0.03352479999921343,155402240
276,1305031111.643395,data\rgbd_dataset_freiburg1_xyz\rgb\1305031111.643395.png,data\rgbd_dataset_freiburg1_xyz\depth\1305031111.639405.png,0.0039899349212646484,0.0023050308227539062,1004,0.014145400000415975,0.00382030000037048,0.004802400000698981,0.008622700001069461,0.007234199998492841,0.0158568999995623,0.030002299999978277,155406336
277,1305031111.67932,data\rgbd_dataset_freiburg1_xyz\rgb\1305031111.679320.png,data\rgbd_dataset_freiburg1_xyz\depth\1305031111.671252.png,0.008068084716796875,0.003620147705078125,1029,0.013661099999808357,0.003911100000550505,0.004757900000186055,0.00866900000073656,0.0070553000005020294,0.01572430000123859,0.029385400001046946,155406336
278,1305031111.71176,data\rgbd_dataset_freiburg1_xyz\rgb\1305031111.711760.png,data\rgbd_dataset_freiburg1_xyz\depth\1305031111.703791.png,0.007969141006469727,0.00393986701965332,970,0.01358310000068741,0.0036380000001372537,0.004851499999858788,0.008489499999996042,0.0072815999992599245,0.015771099999255966,0.029354199999943376,155373568
279,1305031111.743386,data\rgbd_dataset_freiburg1_xyz\rgb\1305031111.743386.png,data\rgbd_dataset_freiburg1_xyz\depth\1305031111.739504.png,0.0038819313049316406,0.002313852310180664,947,0.013386600001467741,0.003661499998997897,0.00488480000058189,0.008546299999579787,0.007487700000638142,0.01603400000021793,0.02942060000168567,155381760
280,1305031111.779423,data\rgbd_dataset_freiburg1_xyz\rgb\1305031111.779423.png,data\rgbd_dataset_freiburg1_xyz\depth\1305031111.771228.png,0.008194923400878906,0.0037229061126708984,925,0.013382899998759967,0.0037895999994361773,0.004882200000793091,0.008671800000229268,0.006778099999792175,0.015449900000021444,0.02883279999878141,155394048
281,1305031111.811406,data\rgbd_dataset_freiburg1_xyz\rgb\1305031111.811406.png,data\rgbd_dataset_freiburg1_xyz\depth\1305031111.800077.png,0.011328935623168945,0.004294157028198242,903,0.013344499999220716,0.0037592999997286825,0.005416400001195143,0.009175700000923825,0.006942600000911625,0.01611830000183545,0.029462800001056166,155398144
282,1305031111.843299,data\rgbd_dataset_freiburg1_xyz\rgb\1305031111.843299.png,data\rgbd_dataset_freiburg1_xyz\depth\1305031111.839333.png,0.003965854644775391,0.0025010108947753906,838,0.013879500000257394,0.0036932999992131954,0.005049600000347709,0.008742899999560905,0.006890000000566943,0.015632900000127847,0.02951240000038524,155406336
283,1305031111.879442,data\rgbd_dataset_freiburg1_xyz\rgb\1305031111.879442.png,data\rgbd_dataset_freiburg1_xyz\depth\1305031111.870985.png,0.008456945419311523,0.0037419795989990234,868,0.014015099999596714,0.0038129000004119007,0.005660999999236083,0.009473899999647983,0.007563999999547377,0.01703789999919536,0.031052999998792075,155410432
284,1305031111.911354,data\rgbd_dataset_freiburg1_xyz\rgb\1305031111.911354.png,data\rgbd_dataset_freiburg1_xyz\depth\1305031111.903356.png,0.007997989654541016,0.004345893859863281,866,0.013857300000381656,0.003671599999506725,0.005644400000164751,0.009315999999671476,0.006989699999394361,0.016305699999065837,0.030162999999447493,155422720
285,1305031111.9433,data\rgbd_dataset_freiburg1_xyz\rgb\1305031111.943300.png,data\rgbd_dataset_freiburg1_xyz\depth\1305031111.939680.png,0.0036199092864990234,0.002399921417236328,805,0.0136992999996437,0.003688999999212683,0.004768000000694883,0.008456999999907566,0.007081100000505103,0.015538100000412669,0.02923740000005637,155426816
286,1305031111.979449,data\rgbd_dataset_freiburg1_xyz\rgb\1305031111.979449.png,data\rgbd_dataset_freiburg1_xyz\depth\1305031111.971494.png,0.007955074310302734,0.003648996353149414,875,0.013535900001443224,0.0035772999999608146,0.004852800000662683,0.008430100000623497,0.006016600000293693,0.01444670000091719,0.027982600002360414,155439104
287,1305031112.011433,data\rgbd_dataset_freiburg1_xyz\rgb\1305031112.011433.png,data\rgbd_dataset_freiburg1_xyz\depth\1305031112.003596.png,0.00783681869506836,0.004267215728759766,847,0.014137899999695946,0.0037038999998912914,0.005339699999240111,0.009043599999131402,0.0071571999997104285,0.01620079999884183,0.030338699998537777,155439104
288,1305031112.04327,data\rgbd_dataset_freiburg1_xyz\rgb\1305031112.043270.png,data\rgbd_dataset_freiburg1_xyz\depth\1305031112.039412.png,0.0038580894470214844,0.0025298595428466797,868,0.013725199998589233,0.003694299999551731,0.004873600000792067,0.008567900000343798,0.007687199999054428,0.016255099999398226,0.02998029999798746,155447296
289,1305031112.079339,data\rgbd_dataset_freiburg1_xyz\rgb\1305031112.079339.png,data\rgbd_dataset_freiburg1_xyz\depth\1305031112.070731.png,0.008608102798461914,0.0036389827728271484,888,0.013337299998966046,0.004218500000206404,0.005026700000598794,0.009245200000805198,0.006867000000056578,0.016112200000861776,0.029449499999827822,155451392
290,1305031112.111423,data\rgbd_dataset_freiburg1_xyz\rgb\1305031112.111423.png,data\rgbd_dataset_freiburg1_xyz\depth\1305031112.102495.png,0.008928060531616211,0.00427699089050293,849,0.013165700000172365,0.003891000000294298,0.004825200001505436,0.008716200001799734,0.007406900000205496,0.01612310000200523,0.029288800002177595,155459584
291,1305031112.144342,data\rgbd_dataset_freiburg1_xyz\rgb\1305031112.144342.png,data\rgbd_dataset_freiburg1_xyz\depth\1305031112.139107.png,0.005234956741333008,0.0013580322265625,835,0.014023800000359188,0.0037247000000206754,0.005127200000060839,0.008851900000081514,0.007430499999827589,0.016282399999909103,0.03030620000026829,155467776
292,1305031112.17939,data\rgbd_dataset_freiburg1_xyz\rgb\1305031112.179390.png,data\rgbd_dataset_freiburg1_xyz\depth\1305031112.169345.png,0.010045051574707031,0.003690004348754883,825,0.014424099999814644,0.003673999999591615,0.004183400000329129,0.007857399999920744,0.006658799999058829,0.014516199998979573,0.028940299998794217,155471872
293,1305031112.211254,data\rgbd_dataset_freiburg1_xyz\rgb\1305031112.211254.png,data\rgbd_dataset_freiburg1_xyz\depth\1305031112.207733.png,0.003520965576171875,0.004546165466308594,842,0.013435999999273918,0.0041596000010031275,0.004958400000759866,0.009118000001762994,0.006758699999409146,0.01587670000117214,0.029312700000446057,155480064
294,1305031112.243369,data\rgbd_dataset_freiburg1_xyz\rgb\1305031112.243369.png,data\rgbd_dataset_freiburg1_xyz\depth\1305031112.235657.png,0.007712125778198242,0.002330780029296875,839,0.01331459999892104,0.004004000000350061,0.005041500000515953,0.009045500000866014,0.0070560999993176665,0.01610160000018368,0.02941619999910472,155488256
295,1305031112.279353,data\rgbd_dataset_freiburg1_xyz\rgb\1305031112.279353.png,data\rgbd_dataset_freiburg1_xyz\depth\1305031112.269488.png,0.00986480712890625,0.003652811050415039,858,0.013678200000867946,0.0038376000011339784,0.005009299999073846,0.008846900000207825,0.00930300000072748,0.018149900000935304,0.03182810000180325,155500544
296,1305031112.311312,data\rgbd_dataset_freiburg1_xyz\rgb\1305031112.311312.png,data\rgbd_dataset_freiburg1_xyz\depth\1305031112.303591.png,0.007720947265625,0.004388093948364258,845,0.013665999998920597,0.003614400000515161,0.004647699999623001,0.008262100000138162,0.006407299999409588,0.01466939999954775,0.028335399998468347,155500544
297,1305031112.343323,data\rgbd_dataset_freiburg1_xyz\rgb\1305031112.343323.png,data\rgbd_dataset_freiburg1_xyz\depth\1305031112.335789.png,0.007534027099609375,0.002476930618286133,848,0.013693500000954373,0.003744899999219342,0.0046278000008896925,0.008372700000109035,0.006442500000048312,0.014815200000157347,0.02850870000111172,155504640
298,1305031112.37936,data\rgbd_dataset_freiburg1_xyz\rgb\1305031112.379360.png,data\rgbd_dataset_freiburg1_xyz\depth\1305031112.371231.png,0.008128881454467773,0.003659963607788086,850,0.01373059999968973,0.0037307999991753604,0.004721499999504886,0.008452299998680246,0.006439899998440524,0.01489219999712077,0.0286227999968105,155516928
299,1305031112.411442,data\rgbd_dataset_freiburg1_xyz\rgb\1305031112.411442.png,data\rgbd_dataset_freiburg1_xyz\depth\1305031112.407491.png,0.003951072692871094,0.004257917404174805,832,0.014119100000243634,0.0037348999994719634,0.004639900000256603,0.008374799999728566,0.006417599999622325,0.014792399999350891,0.028911499999594525,155516928
300,1305031112.443391,data\rgbd_dataset_freiburg1_xyz\rgb\1305031112.443391.png,data\rgbd_dataset_freiburg1_xyz\depth\1305031112.439064.png,0.004327058792114258,0.0023088455200195312,864,0.013891099999455037,0.003659400001197355,0.004189299999779905,0.00784870000097726,0.006593900001462316,0.014442600002439576,0.028333700001894613,155521024
301,1305031112.479418,data\rgbd_dataset_freiburg1_xyz\rgb\1305031112.479418.png,data\rgbd_dataset_freiburg1_xyz\depth\1305031112.471066.png,0.008352041244506836,0.003718137741088867,884,0.013912700000219047,0.0038061000013840385,0.004782500000146683,0.008588600001530722,0.006494399998700828,0.01508300000023155,0.028995700000450597,155521024
302,1305031112.511504,data\rgbd_dataset_freiburg1_xyz\rgb\1305031112.511504.png,data\rgbd_dataset_freiburg1_xyz\depth\1305031112.506669.png,0.004834890365600586,0.0041961669921875,862,0.014103400000749389,0.0038776000001234934,0.0045220000010886,0.008399600001212093,0.0063515000001643784,0.014751100001376471,0.02885450000212586,155537408
303,1305031112.543212,data\rgbd_dataset_freiburg1_xyz\rgb\1305031112.543212.png,data\rgbd_dataset_freiburg1_xyz\depth\1305031112.538310.png,0.004901885986328125,0.002688169479370117,867,0.01392649999979767,0.003876100001434679,0.004682400000092457,0.008558500001527136,0.0069060000005265465,0.015464500002053683,0.029391000001851353,155541504
304,1305031112.579252,data\rgbd_dataset_freiburg1_xyz\rgb\1305031112.579252.png,data\rgbd_dataset_freiburg1_xyz\depth\1305031112.567470.png,0.011781930923461914,0.003551959991455078,883,0.014130999999906635,0.0035693999998329673,0.0049617000004218426,0.00853110000025481,0.006886900000608875,0.015418000000863685,0.02954900000077032,155549696
305,1305031112.611261,data\rgbd_dataset_freiburg1_xyz\rgb\1305031112.611261.png,data\rgbd_dataset_freiburg1_xyz\depth\1305031112.606742.png,0.004518985748291016,0.004439115524291992,878,0.013842100001056679,0.0036195000011503,0.004420000001118751,0.008039500002269051,0.006484099998488091,0.014523600000757142,0.02836570000181382,155557888
306,1305031112.643246,data\rgbd_dataset_freiburg1_xyz\rgb\1305031112.643246.png,data\rgbd_dataset_freiburg1_xyz\depth\1305031112.639418.png,0.0038280487060546875,0.002554178237915039,911,0.013849400000253809,0.003993900001660222,0.00465039999835426,0.008644300000014482,0.009977599998819642,0.018621899998834124,0.03247129999908793,155574272
307,1305031112.679952,data\rgbd_dataset_freiburg1_xyz\rgb\1305031112.679952.png,data\rgbd_dataset_freiburg1_xyz\depth\1305031112.671325.png,0.008626937866210938,0.004151821136474609,883,0.014014599999427446,0.0036665000006905757,0.005183299999771407,0.008849800000461983,0.006338200000755023,0.015188000001217006,0.029202600000644452,155578368
308,1305031112.711251,data\rgbd_dataset_freiburg1_xyz\rgb\1305031112.711251.png,data\rgbd_dataset_freiburg1_xyz\depth\1305031112.707325.png,0.00392603874206543,0.004448890686035156,855,0.013985400000819936,0.003516799999488285,0.005277899999782676,0.00879469999927096,0.006448299998737639,0.0152429999980086,0.029228399998828536,155578368
309,1305031112.743245,data\rgbd_dataset_freiburg1_xyz\rgb\1305031112.743245.png,data\rgbd_dataset_freiburg1_xyz\depth\1305031112.739546.png,0.0036988258361816406,0.002454996109008789,844,0.013971700000183773,0.003890300000421121,0.004839300001549418,0.008729600001970539,0.006873899999845889,0.015603500001816428,0.0295752000020002,155582464
310,1305031112.77931,data\rgbd_dataset_freiburg1_xyz\rgb\1305031112.779310.png,data\rgbd_dataset_freiburg1_xyz\depth\1305031112.771523.png,0.007786989212036133,0.003609895706176758,807,0.014022699999259203,0.0037936999997327803,0.005092100000183564,0.008885799999916344,0.006562799999301205,0.01544859999921755,0.029471299998476752,155590656
311,1305031112.81131,data\rgbd_dataset_freiburg1_xyz\rgb\1305031112.811310.png,data\rgbd_dataset_freiburg1_xyz\depth\1305031112.807539.png,0.003771066665649414,0.00439000129699707,771,0.013660700000400539,0.003770900000745314,0.004218200001560035,0.00798910000230535,0.006070700001146179,0.014059800003451528,0.027720500003852067,155590656
312,1305031112.843286,data\rgbd_dataset_freiburg1_xyz\rgb\1305031112.843286.png,data\rgbd_dataset_freiburg1_xyz\depth\1305031112.839560.png,0.0037260055541992188,0.0024139881134033203,765,0.013885800000934978,0.0037693000012950506,0.004849299999477807,0.008618600000772858,0.006296400000792346,0.014915000001565204,0.028800800002500182,155598848
313,1305031112.879421,data\rgbd_dataset_freiburg1_xyz\rgb\1305031112.879421.png,data\rgbd_dataset_freiburg1_xyz\depth\1305031112.871083.png,0.008337974548339844,0.003720998764038086,783,0.013631800000439398,0.0038952000013523502,0.0046160000001691515,0.008511200001521502,0.005920199999309261,0.014431400000830763,0.02806320000127016,155611136
314,1305031112.911411,data\rgbd_dataset_freiburg1_xyz\rgb\1305031112.911411.png,data\rgbd_dataset_freiburg1_xyz\depth\1305031112.907246.png,0.004164934158325195,0.004288911819458008,743,0.013671000000613276,0.003744899999219342,0.004959000001690583,0.008703900000909925,0.006495300000096904,0.01519920000100683,0.028870200001620105,155615232
315,1305031112.943321,data\rgbd_dataset_freiburg1_xyz\rgb\1305031112.943321.png,data\rgbd_dataset_freiburg1_xyz\depth\1305031112.939323.png,0.0039980411529541016,0.0023789405822753906,749,0.01343280000037339,0.0038320000003295718,0.005107099999804632,0.008939100000134204,0.006263599998419522,0.015202699998553726,0.028635499998927116,155627520
316,1305031112.979278,data\rgbd_dataset_freiburg1_xyz\rgb\1305031112.979278.png,data\rgbd_dataset_freiburg1_xyz\depth\1305031112.971164.png,0.008114099502563477,0.00357818603515625,717,0.01347890000033658,0.003766800000448711,0.004819399999178131,0.008586199999626842,0.006127399999968475,0.014713599999595317,0.028192499999931897,155631616
317,1305031113.011353,data\rgbd_dataset_freiburg1_xyz\rgb\1305031113.011353.png,data\rgbd_dataset_freiburg1_xyz\depth\1305031113.007166.png,0.004187107086181641,0.004347085952758789,728,0.013678900000741123,0.003691699999762932,0.005078600001070299,0.008770300000833231,0.006247200000871089,0.01501750000170432,0.028696400002445444,155648000
318,1305031113.043231,data\rgbd_dataset_freiburg1_xyz\rgb\1305031113.043231.png,data\rgbd_dataset_freiburg1_xyz\depth\1305031113.039492.png,0.0037391185760498047,0.002568960189819336,727,0.013948699999673408,0.0038348999987647403,0.004705199999079923,0.008540099997844663,0.006623799999943003,0.015163899997787667,0.029112599997461075,155656192
319,1305031113.079251,data\rgbd_dataset_freiburg1_xyz\rgb\1305031113.079251.png,data\rgbd_dataset_freiburg1_xyz\depth\1305031113.071210.png,0.008041143417358398,0.003551006317138672,737,0.013245799998912844,0.003778500000407803,0.004784199998539407,0.00856269999894721,0.00666310000087833,0.01522579999982554,0.028471599998738384,155656192
320,1305031113.111316,data\rgbd_dataset_freiburg1_xyz\rgb\1305031113.111316.png,data\rgbd_dataset_freiburg1_xyz\depth\1305031113.107662.png,0.003654003143310547,0.004384040832519531,756,0.013320299998667906,0.003736100001333398,0.004634499999156105,0.008370600000489503,0.009223399998518289,0.017593999999007792,0.030914299997675698,155656192
321,1305031113.143306,data\rgbd_dataset_freiburg1_xyz\rgb\1305031113.143306.png,data\rgbd_dataset_freiburg1_xyz\depth\1305031113.139664.png,0.0036420822143554688,0.002393960952758789,804,0.013422199999695295,0.003854899998259498,0.004916600000797189,0.008771499999056687,0.007225999999718624,0.01599749999877531,0.029419699998470605,155660288
322,1305031113.179343,data\rgbd_dataset_freiburg1_xyz\rgb\1305031113.179343.png,data\rgbd_dataset_freiburg1_xyz\depth\1305031113.171088.png,0.0082550048828125,0.003643035888671875,793,0.013086599999951432,0.003804399999353336,0.004731099999844446,0.008535499999197782,0.006167699999423348,0.01470319999862113,0.027789799998572562,155668480
323,1305031113.211259,data\rgbd_dataset_freiburg1_xyz\rgb\1305031113.211259.png,data\rgbd_dataset_freiburg1_xyz\depth\1305031113.207181.png,0.004077911376953125,0.004641056060791016,802,0.01364830000056827,0.003728100000444101,0.0042322999997850275,0.007960400000229129,0.008733200000278885,0.016693600000508013,0.030341900001076283,155668480
324,1305031113.243227,data\rgbd_dataset_freiburg1_xyz\rgb\1305031113.243227.png,data\rgbd_dataset_freiburg1_xyz\depth\1305031113.239732.png,0.0034949779510498047,0.0024728775024414062,804,0.013347200001589954,0.0038192000010894844,0.004692000000432017,0.008511200001521502,0.006529800000862451,0.015041000002383953,0.028388200003973907,155676672
325,1305031113.279312,data\rgbd_dataset_freiburg1_xyz\rgb\1305031113.279312.png,data\rgbd_dataset_freiburg1_xyz\depth\1305031113.271470.png,0.007841825485229492,0.0036118030548095703,840,0.013176199998270022,0.003756799998882343,0.004876900000454043,0.008633699999336386,0.0067144000004191184,0.015348099999755505,0.028524299998025526,155684864
326,1305031113.311452,data\rgbd_dataset_freiburg1_xyz\rgb\1305031113.311452.png,data\rgbd_dataset_freiburg1_xyz\depth\1305031113.307323.png,0.004128932952880859,0.004248142242431641,833,0.014509900000120979,0.003964800000176183,0.004957399998602341,0.008922199998778524,0.009066600001460756,0.01798880000023928,0.03249870000036026,155688960
327,1305031113.343252,data\rgbd_dataset_freiburg1_xyz\rgb\1305031113.343252.png,data\rgbd_dataset_freiburg1_xyz\depth\1305031113.339396.png,0.0038559436798095703,0.0024480819702148438,873,0.013517000001229462,0.003912799998943228,0.004926800000248477,0.008839599999191705,0.006481200000052922,0.015320799999244628,0.02883780000047409,155688960
328,1305031113.379312,data\rgbd_dataset_freiburg1_xyz\rgb\1305031113.379312.png,data\rgbd_dataset_freiburg1_xyz\depth\1305031113.371377.png,0.007935047149658203,0.003612041473388672,922,0.013479900000675116,0.003886200000124518,0.005227599998761434,0.009113799998885952,0.00718839999899501,0.016302199997880962,0.029782099998556077,155713536
329,1305031113.411625,data\rgbd_dataset_freiburg1_xyz\rgb\1305031113.411625.png,data\rgbd_dataset_freiburg1_xyz\depth\1305031113.407351.png,0.004273891448974609,0.004075050354003906,931,0.013526899998396402,0.003683100001580897,0.0046665999998367624,0.00834970000141766,0.006863000000521424,0.015212700001939083,0.028739600000335486,155717632
330,1305031113.443266,data\rgbd_dataset_freiburg1_xyz\rgb\1305031113.443266.png,data\rgbd_dataset_freiburg1_xyz\depth\1305031113.439787.png,0.00347900390625,0.0024340152740478516,974,0.013054900000497582,0.0036705000002257293,0.004358500000307686,0.008029000000533415,0.006678099998680409,0.014707099999213824,0.027761999999711406,155725824
331,1305031113.479311,data\rgbd_dataset_freiburg1_xyz\rgb\1305031113.479311.png,data\rgbd_dataset_freiburg1_xyz\depth\1305031113.475657.png,0.003654003143310547,0.0036110877990722656,971,0.013262799999210984,0.0037606999994750367,0.004854599999816855,0.008615299999291892,0.009707699999125907,0.0183229999984178,0.03158579999762878,155738112
332,1305031113.511523,data\rgbd_dataset_freiburg1_xyz\rgb\1305031113.511523.png,data\rgbd_dataset_freiburg1_xyz\depth\1305031113.507987.png,0.0035359859466552734,0.004177093505859375,958,0.013626199999634991,0.0038075000011303928,0.005340200001228368,0.00914770000235876,0.006932599999345257,0.016080300001704018,0.02970650000133901,155742208
333,1305031113.543242,data\rgbd_dataset_freiburg1_xyz\rgb\1305031113.543242.png,data\rgbd_dataset_freiburg1_xyz\depth\1305031113.539417.png,0.003824949264526367,0.0024580955505371094,950,0.013322099999641068,0.003727499999513384,0.004390199999761535,0.008117699999274919,0.006883199999720091,0.01500089999899501,0.028322999998636078,155746304
334,1305031113.579301,data\rgbd_dataset_freiburg1_xyz\rgb\1305031113.579301.png,data\rgbd_dataset_freiburg1_xyz\depth\1305031113.574964.png,0.0043370723724365234,0.00360107421875,960,0.013663900001120055,0.0038088000001152977,0.0049687000009726034,0.008777500001087901,0.0075396000011096476,0.01631710000219755,0.029981000003317604,155746304
335,1305031113.611268,data\rgbd_dataset_freiburg1_xyz\rgb\1305031113.611268.png,data\rgbd_dataset_freiburg1_xyz\depth\1305031113.607216.png,0.004052162170410156,0.0045318603515625,974,0.013738599998760037,0.0037343000003602356,0.004778000000442262,0.008512300000802497,0.006801499999710359,0.015313800000512856,0.029052399999272893,155758592
336,1305031113.643222,data\rgbd_dataset_freiburg1_xyz\rgb\1305031113.643222.png,data\rgbd_dataset_freiburg1_xyz\depth\1305031113.638418.png,0.004804134368896484,0.002477884292602539,954,0.013589700000011362,0.0038076999990153126,0.0046142999999574386,0.008421999998972751,0.006667600000582752,0.015089599999555503,0.028679299999566865,155762688
337,1305031113.679288,data\rgbd_dataset_freiburg1_xyz\rgb\1305031113.679288.png,data\rgbd_dataset_freiburg1_xyz\depth\1305031113.674244.png,0.005043983459472656,0.003587961196899414,932,0.01375240000015765,0.0036629000005632406,0.00474220000069181,0.00840510000125505,0.006145899998955429,0.014551000000210479,0.02830340000036813,155762688
338,1305031113.711931,data\rgbd_dataset_freiburg1_xyz\rgb\1305031113.711931.png,data\rgbd_dataset_freiburg1_xyz\depth\1305031113.704256.png,0.0076749324798583984,0.0037689208984375,952,0.013420299999779672,0.0035369999986869516,0.005255699999906938,0.00879269999859389,0.0065520000007381896,0.015344699999332079,0.02876499999911175,155770880
339,1305031113.74359,data\rgbd_dataset_freiburg1_xyz\rgb\1305031113.743590.png,data\rgbd_dataset_freiburg1_xyz\depth\1305031113.736263.png,0.007327079772949219,0.002209901809692383,946,0.013689199999134871,0.0035105999995721504,0.005006600000342587,0.008517199999914737,0.006224099999599275,0.014741299999514013,0.028430499998648884,155774976
340,1305031113.77932,data\rgbd_dataset_freiburg1_xyz\rgb\1305031113.779320.png,data\rgbd_dataset_freiburg1_xyz\depth\1305031113.774168.png,0.005151987075805664,0.0036199092864990234,949,0.014200999999957276,0.0036242000005586306,0.005107900000439258,0.008732100000997889,0.00700680000045395,0.01573890000145184,0.029939900001409114,155783168
341,1305031113.811237,data\rgbd_dataset_freiburg1_xyz\rgb\1305031113.811237.png,data\rgbd_dataset_freiburg1_xyz\depth\1305031113.805795.png,0.005442142486572266,0.0044629573822021484,963,0.01377410000168311,0.0035253000005468493,0.005057300000771647,0.008582600001318497,0.007428499999150517,0.016011100000469014,0.029785200002152123,155787264
342,1305031113.843295,data\rgbd_dataset_freiburg1_xyz\rgb\1305031113.843295.png,data\rgbd_dataset_freiburg1_xyz\depth\1305031113.838437.png,0.0048580169677734375,0.002404928207397461,986,0.013397200000326848,0.0034046000000671484,0.004769299999679788,0.008173899999746936,0.006775399999241927,0.014949299998988863,0.02834649999931571,155795456
343,1305031113.879281,data\rgbd_dataset_freiburg1_xyz\rgb\1305031113.879281.png,data\rgbd_dataset_freiburg1_xyz\depth\1305031113.874200.png,0.0050809383392333984,0.0035810470581054688,1010,0.01344270000117831,0.003604300000006333,0.005027999999583699,0.008632299999590032,0.006795399998736684,0.015427699998326716,0.028870399999505025,155803648
344,1305031113.91129,data\rgbd_dataset_freiburg1_xyz\rgb\1305031113.911290.png,data\rgbd_dataset_freiburg1_xyz\depth\1305031113.906361.png,0.0049288272857666016,0.0044100284576416016,1037,0.013548200000514043,0.0036452999993343838,0.004989699998986907,0.008634999998321291,0.006296999999904074,0.014931999998225365,0.02848019999873941,155803648
345,1305031113.943291,data\rgbd_dataset_freiburg1_xyz\rgb\1305031113.943291.png,data\rgbd_dataset_freiburg1_xyz\depth\1305031113.938561.png,0.0047299861907958984,0.0024089813232421875,1039,0.013567300000431715,0.0038638000005448703,0.005097600000226521,0.008961400000771391,0.006917799999428098,0.01587920000019949,0.029446500000631204,155811840
346,1305031113.979293,data\rgbd_dataset_freiburg1_xyz\rgb\1305031113.979293.png,data\rgbd_dataset_freiburg1_xyz\depth\1305031113.974245.png,0.005048036575317383,0.0035932064056396484,1043,0.013363500000195927,0.00370660000044154,0.004786099998455029,0.008492699998896569,0.006230400000276859,0.014723099999173428,0.028086599999369355,155815936
347,1305031114.011257,data\rgbd_dataset_freiburg1_xyz\rgb\1305031114.011257.png,data\rgbd_dataset_freiburg1_xyz\depth\1305031114.007082.png,0.004174947738647461,0.004443168640136719,1082,0.013441600000078324,0.003785200000493205,0.004742999999507447,0.008528200000000652,0.00707469999906607,0.015602899999066722,0.029044499999145046,155820032
348,1305031114.043301,data\rgbd_dataset_freiburg1_xyz\rgb\1305031114.043301.png,data\rgbd_dataset_freiburg1_xyz\depth\1305031114.038546.png,0.0047550201416015625,0.002398967742919922,1115,0.013516799999706564,0.0037636999986716546,0.004607900000337395,0.00837159999900905,0.00754389999929117,0.01591549999830022,0.029432299998006783,155832320
349,1305031114.079285,data\rgbd_dataset_freiburg1_xyz\rgb\1305031114.079285.png,data\rgbd_dataset_freiburg1_xyz\depth\1305031114.074298.png,0.004987001419067383,0.0035848617553710938,1156,0.013734199999817065,0.0037123000001884066,0.0045119999995222315,0.008224299999710638,0.006773300001441385,0.014997600001152023,0.028731800000969088,155836416
350,1305031114.111263,data\rgbd_dataset_freiburg1_xyz\rgb\1305031114.111263.png,data\rgbd_dataset_freiburg1_xyz\depth\1305031114.106402.png,0.004861116409301758,0.004436969757080078,1196,0.01352469999983441,0.0038647999990644166,0.0051085000013699755,0.008973300000434392,0.008424200001172721,0.017397500001607114,0.030922200001441524,155836416
351,1305031114.143284,data\rgbd_dataset_freiburg1_xyz\rgb\1305031114.143284.png,data\rgbd_dataset_freiburg1_xyz\depth\1305031114.138562.png,0.004722118377685547,0.002415895462036133,1240,0.013993700000355602,0.003619299999627401,0.005171000000700587,0.008790300000327989,0.008127400000375928,0.016917700000703917,0.03091140000105952,156348416
352,1305031114.179337,data\rgbd_dataset_freiburg1_xyz\rgb\1305031114.179337.png,data\rgbd_dataset_freiburg1_xyz\depth\1305031114.174114.png,0.00522303581237793,0.003637075424194336,1300,0.013966200000140816,0.0036330999992060242,0.005570200000875047,0.009203300000081072,0.008710999998584157,0.01791429999866523,0.031880499998806044,156315648
353,1305031114.211303,data\rgbd_dataset_freiburg1_xyz\rgb\1305031114.211303.png,data\rgbd_dataset_freiburg1_xyz\depth\1305031114.206255.png,0.005048036575317383,0.004396915435791016,1319,0.014200300000084098,0.0037040000006527407,0.004857499998252024,0.008561499998904765,0.008658200000354555,0.01721969999925932,0.03141999999934342,156327936
354,1305031114.243337,data\rgbd_dataset_freiburg1_xyz\rgb\1305031114.243337.png,data\rgbd_dataset_freiburg1_xyz\depth\1305031114.238473.png,0.0048639774322509766,0.0022630691528320312,1338,0.016186900000320747,0.004342000000178814,0.005126699999891571,0.009468700000070385,0.0072534000009909505,0.016722100001061335,0.03290900000138208,156332032
355,1305031114.27939,data\rgbd_dataset_freiburg1_xyz\rgb\1305031114.279390.png,data\rgbd_dataset_freiburg1_xyz\depth\1305031114.271075.png,0.008315086364746094,0.003690004348754883,1396,0.013900400001148228,0.0037289000010787277,0.005264599998554331,0.008993499999633059,0.007400200000120094,0.016393699999753153,0.03029410000090138,155873280
356,1305031114.311429,data\rgbd_dataset_freiburg1_xyz\rgb\1305031114.311429.png,data\rgbd_dataset_freiburg1_xyz\depth\1305031114.306710.png,0.0047190189361572266,0.004271030426025391,1438,0.013832500000717118,0.0037307999991753604,0.005321399999957066,0.009052199999132426,0.00739649999923131,0.016448699998363736,0.030281199999080854,155873280
357,1305031114.343331,data\rgbd_dataset_freiburg1_xyz\rgb\1305031114.343331.png,data\rgbd_dataset_freiburg1_xyz\depth\1305031114.338919.png,0.004412174224853516,0.002368927001953125,1460,0.013565100000050734,0.003706699999384,0.005365799999708543,0.009072499999092543,0.008078400000158581,0.017150899999251124,0.030715999999301857,155873280
358,1305031114.37932,data\rgbd_dataset_freiburg1_xyz\rgb\1305031114.379320.png,data\rgbd_dataset_freiburg1_xyz\depth\1305031114.374307.png,0.005012989044189453,0.0036199092864990234,1485,0.02574549999917508,0.003578600000764709,0.005101900000227033,0.008680500000991742,0.007693299998209113,0.016373799999200855,0.042119299998375936,156585984
359,1305031114.411397,data\rgbd_dataset_freiburg1_xyz\rgb\1305031114.411397.png,data\rgbd_dataset_freiburg1_xyz\depth\1305031114.406591.png,0.004806041717529297,0.004302978515625,1500,0.013874600001145154,0.00375010000061593,0.005338499999197666,0.009088599999813596,0.007634400000824826,0.01672300000063842,0.030597600001783576,156569600
360,1305031114.443345,data\rgbd_dataset_freiburg1_xyz\rgb\1305031114.443345.png,data\rgbd_dataset_freiburg1_xyz\depth\1305031114.438540.png,0.004805088043212891,0.002254962921142578,1548,0.013780299999780254,0.0037411999983305577,0.005254300000160583,0.008995499998491141,0.008317399999214103,0.017312899997705244,0.0310931999974855,156581888
361,1305031114.479332,data\rgbd_dataset_freiburg1_xyz\rgb\1305031114.479332.png,data\rgbd_dataset_freiburg1_xyz\depth\1305031114.474489.png,0.004842996597290039,0.003632068634033203,1580,0.013704300001336378,0.003929199998310651,0.0058571999998093816,0.009786399998120032,0.009205099999235244,0.018991499997355277,0.032695799998691655,156581888
362,1305031114.511266,data\rgbd_dataset_freiburg1_xyz\rgb\1305031114.511266.png,data\rgbd_dataset_freiburg1_xyz\depth\1305031114.506573.png,0.004693031311035156,0.004434108734130859,1638,0.013570499999332242,0.004061499999806983,0.00543419999848993,0.009495699998296914,0.007881099998485297,0.01737679999678221,0.030947299996114452,156585984
363,1305031114.543236,data\rgbd_dataset_freiburg1_xyz\rgb\1305031114.543236.png,data\rgbd_dataset_freiburg1_xyz\depth\1305031114.539953.png,0.0032830238342285156,0.0024640560150146484,1666,0.014062999998714076,0.003984599999967031,0.0054918000005272916,0.009476400000494323,0.008763800000451738,0.01824020000094606,0.03230319999966014,156594176
364,1305031114.579237,data\rgbd_dataset_freiburg1_xyz\rgb\1305031114.579237.png,data\rgbd_dataset_freiburg1_xyz\depth\1305031114.575185.png,0.004051923751831055,0.003637075424194336,1650,0.014319899999463814,0.0037142999990464887,0.006124900000941125,0.009839199999987613,0.009393300000738236,0.01923250000072585,0.033552400000189664,156553216
365,1305031114.611391,data\rgbd_dataset_freiburg1_xyz\rgb\1305031114.611391.png,data\rgbd_dataset_freiburg1_xyz\depth\1305031114.607560.png,0.003831148147583008,0.004308938980102539,1634,0.014164399999572197,0.003698900000017602,0.00583349999942584,0.009532399999443442,0.00839079999968817,0.01792319999913161,0.03208759999870381,156569600
366,1305031114.644136,data\rgbd_dataset_freiburg1_xyz\rgb\1305031114.644136.png,data\rgbd_dataset_freiburg1_xyz\depth\1305031114.644150.png,1.4066696166992188e-05,0.0014641284942626953,1643,0.014200499999788008,0.003908599999704165,0.005709499999284162,0.009618099998988328,0.012853800000812043,0.02247189999980037,0.03667239999958838,156569600
367,1305031114.679251,data\rgbd_dataset_freiburg1_xyz\rgb\1305031114.679251.png,data\rgbd_dataset_freiburg1_xyz\depth\1305031114.675655.png,0.003596067428588867,0.003551006317138672,1674,0.01452179999978398,0.003913000000466127,0.005657200001223828,0.009570200001689955,0.008437099999355269,0.018007300001045223,0.0325291000008292,156581888
368,1305031114.711306,data\rgbd_dataset_freiburg1_xyz\rgb\1305031114.711306.png,data\rgbd_dataset_freiburg1_xyz\depth\1305031114.706141.png,0.00516510009765625,0.004393815994262695,1702,0.014162400000714115,0.003874599999107886,0.005804099999295431,0.009678699998403317,0.008830500000840402,0.01850919999924372,0.032671599999957834,156594176
369,1305031114.7432,data\rgbd_dataset_freiburg1_xyz\rgb\1305031114.743200.png,data\rgbd_dataset_freiburg1_xyz\depth\1305031114.743276.png,7.581710815429688e-05,0.002499818801879883,1672,0.014178599998558639,0.003848399999696994,0.005949700000201119,0.009798099999898113,0.008401299999604817,0.01819939999950293,0.03237799999806157,156598272
370,1305031114.779289,data\rgbd_dataset_freiburg1_xyz\rgb\1305031114.779289.png,data\rgbd_dataset_freiburg1_xyz\depth\1305031114.774847.png,0.004441976547241211,0.0035889148712158203,1671,0.014354099999764003,0.00397530000009283,0.005827899998621433,0.009803199998714263,0.008757400000831694,0.018560599999545957,0.03291469999930996,156602368
371,1305031114.811303,data\rgbd_dataset_freiburg1_xyz\rgb\1305031114.811303.png,data\rgbd_dataset_freiburg1_xyz\depth\1305031114.807310.png,0.003992795944213867,0.004297018051147461,1646,0.014267399999880581,0.00374530000044615,0.005245099999228842,0.008990399999674992,0.008121400000163703,0.017111799999838695,0.031379199999719276,156602368
372,1305031114.843208,data\rgbd_dataset_freiburg1_xyz\rgb\1305031114.843208.png,data\rgbd_dataset_freiburg1_xyz\depth\1305031114.842137.png,0.0010709762573242188,0.0024919509887695312,1656,0.0142651999994996,0.0037795000007463386,0.005691500000466476,0.009471000001212815,0.008114599999316852,0.017585600000529666,0.03185080000002927,156610560
373,1305031114.879281,data\rgbd_dataset_freiburg1_xyz\rgb\1305031114.879281.png,data\rgbd_dataset_freiburg1_xyz\depth\1305031114.875056.png,0.004225015640258789,0.0035810470581054688,1627,0.014223000000129105,0.003523900000800495,0.005930900000748807,0.009454800001549302,0.007612400000652997,0.0170672000022023,0.0312902000023314,156614656
374,1305031114.912879,data\rgbd_dataset_freiburg1_xyz\rgb\1305031114.912879.png,data\rgbd_dataset_freiburg1_xyz\depth\1305031114.907504.png,0.005374908447265625,0.0028209686279296875,1630,0.01411539999935485,0.0037902999993093545,0.0056096999996952945,0.009399999999004649,0.00816830000076152,0.017568299999766168,0.03168369999912102,156626944
375,1305031114.943234,data\rgbd_dataset_freiburg1_xyz\rgb\1305031114.943234.png,data\rgbd_dataset_freiburg1_xyz\depth\1305031114.943264.png,3.0040740966796875e-05,0.0023660659790039062,1643,0.016146399999342975,0.0039013000005070353,0.0053662000009353505,0.009267500001442386,0.008611499999460648,0.017879000000903034,0.03402540000024601,156635136
376,1305031114.97928,data\rgbd_dataset_freiburg1_xyz\rgb\1305031114.979280.png,data\rgbd_dataset_freiburg1_xyz\depth\1305031114.975411.png,0.0038690567016601562,0.0035800933837890625,1660,0.014039599998795893,0.003912600001058308,0.005272399999739719,0.009185000000798027,0.008188599998902646,0.017373599999700673,0.031413199998496566,156635136
377,1305031115.0113,data\rgbd_dataset_freiburg1_xyz\rgb\1305031115.011300.png,data\rgbd_dataset_freiburg1_xyz\depth\1305031115.007179.png,0.004121065139770508,0.004400014877319336,1608,0.013949300000604126,0.0040365999993809965,0.005169500000192784,0.00920609999957378,0.008039000000280794,0.017245099999854574,0.0311944000004587,156643328
378,1305031115.043508,data\rgbd_dataset_freiburg1_xyz\rgb\1305031115.043508.png,data\rgbd_dataset_freiburg1_xyz\depth\1305031115.043530.png,2.193450927734375e-05,0.0021920204162597656,1579,0.013579599999502534,0.004010200000266195,0.005216800000198418,0.009227000000464614,0.007673899999645073,0.016900900000109687,0.03048049999961222,156655616
379,1305031115.079238,data\rgbd_dataset_freiburg1_xyz\rgb\1305031115.079238.png,data\rgbd_dataset_freiburg1_xyz\depth\1305031115.071577.png,0.007660865783691406,0.003638029098510742,1549,0.013771399999313871,0.003895800000464078,0.005179400000997703,0.00907520000146178,0.00831800000014482,0.0173932000016066,0.031164600000920473,156663808
380,1305031115.11123,data\rgbd_dataset_freiburg1_xyz\rgb\1305031115.111230.png,data\rgbd_dataset_freiburg1_xyz\depth\1305031115.107074.png,0.004155874252319336,0.004470109939575195,1518,0.013863199999832432,0.003916300000128103,0.005135999999765772,0.009052299999893876,0.008322600000610691,0.017374900000504567,0.031238100000337,156667904
381,1305031115.143275,data\rgbd_dataset_freiburg1_xyz\rgb\1305031115.143275.png,data\rgbd_dataset_freiburg1_xyz\depth\1305031115.143294.png,1.9073486328125e-05,0.002424955368041992,1453,0.013881200000469107,0.003933500000130152,0.0046714000000065425,0.008604900000136695,0.008388800000830088,0.016993700000966783,0.03087490000143589,156667904
382,1305031115.17944,data\rgbd_dataset_freiburg1_xyz\rgb\1305031115.179440.png,data\rgbd_dataset_freiburg1_xyz\depth\1305031115.172642.png,0.0067980289459228516,0.0038399696350097656,1372,0.013719800001126714,0.003871400000207359,0.005017700001189951,0.00888910000139731,0.008005400000911322,0.016894500002308632,0.030614300003435346,156680192
383,1305031115.211374,data\rgbd_dataset_freiburg1_xyz\rgb\1305031115.211374.png,data\rgbd_dataset_freiburg1_xyz\depth\1305031115.206453.png,0.00492095947265625,0.00432586669921875,1366,0.013862100000551436,0.0037541999990935437,0.004903999999442021,0.008658199998535565,0.007995300000402494,0.01665349999893806,0.030515599999489496,156680192
384,1305031115.243297,data\rgbd_dataset_freiburg1_xyz\rgb\1305031115.243297.png,data\rgbd_dataset_freiburg1_xyz\depth\1305031115.240975.png,0.0023221969604492188,0.002402782440185547,1318,0.013672799999767449,0.003766899999391171,0.005337299999155221,0.009104199998546392,0.00836170000002312,0.017465899998569512,0.03113869999833696,156688384
385,1305031115.279966,data\rgbd_dataset_freiburg1_xyz\rgb\1305031115.279966.png,data\rgbd_dataset_freiburg1_xyz\depth\1305031115.273468.png,0.006498098373413086,0.004266023635864258,1309,0.013880099999369122,0.003890099998898222,0.0051746000008279225,0.009064699999726145,0.007687200000873418,0.016751900000599562,0.030631999999968684,156696576
386,1305031115.311704,data\rgbd_dataset_freiburg1_xyz\rgb\1305031115.311704.png,data\rgbd_dataset_freiburg1_xyz\depth\1305031115.305534.png,0.006170034408569336,0.003895998001098633,1291,0.01354410000021744,0.003886899999997695,0.004822299999432289,0.008709199999429984,0.007651399999303976,0.01636059999873396,0.0299046999989514,156696576
387,1305031115.343235,data\rgbd_dataset_freiburg1_xyz\rgb\1305031115.343235.png,data\rgbd_dataset_freiburg1_xyz\depth\1305031115.343426.png,0.00019097328186035156,0.0023648738861083984,1244,0.013530299998819828,0.00388089999978547,0.005273700000543613,0.009154600000329083,0.010923399999228423,0.020077999999557505,0.03360829999837733,156704768
388,1305031115.379166,data\rgbd_dataset_freiburg1_xyz\rgb\1305031115.379166.png,data\rgbd_dataset_freiburg1_xyz\depth\1305031115.375054.png,0.0041120052337646484,0.003465890884399414,1210,0.013745899999776157,0.003734299998541246,0.005241799999566865,0.008976099998108111,0.008856200000082026,0.017832299998190138,0.031578199997966294,156712960
389,1305031115.411237,data\rgbd_dataset_freiburg1_xyz\rgb\1305031115.411237.png,data\rgbd_dataset_freiburg1_xyz\depth\1305031115.406164.png,0.005073070526123047,0.0044629573822021484,1087,0.013977900000099908,0.003637099998741178,0.0050664999998844,0.008703599998625577,0.007366599998931633,0.01607019999755721,0.03004809999765712,156721152
390,1305031115.443159,data\rgbd_dataset_freiburg1_xyz\rgb\1305031115.443159.png,data\rgbd_dataset_freiburg1_xyz\depth\1305031115.443040.png,0.00011920928955078125,0.0025408267974853516,1083,0.013566600000558537,0.003763200000321376,0.004614600000422797,0.008377800000744173,0.007544100000814069,0.015921900001558242,0.02948850000211678,156729344
391,1305031115.479241,data\rgbd_dataset_freiburg1_xyz\rgb\1305031115.479241.png,data\rgbd_dataset_freiburg1_xyz\depth\1305031115.474863.png,0.004377841949462891,0.003640890121459961,1056,0.013569400000051246,0.0037217999997665174,0.00433569999950123,0.008057499999267748,0.007041400000161957,0.015098899999429705,0.02866829999948095,156741632
392,1305031115.511253,data\rgbd_dataset_freiburg1_xyz\rgb\1305031115.511253.png,data\rgbd_dataset_freiburg1_xyz\depth\1305031115.507440.png,0.003813028335571289,0.0043468475341796875,1034,0.013447700001051999,0.0038194999997358536,0.004692300000897376,0.00851180000063323,0.0073313000011694385,0.015843100001802668,0.029290800002854667,156745728
393,1305031115.543604,data\rgbd_dataset_freiburg1_xyz\rgb\1305031115.543604.png,data\rgbd_dataset_freiburg1_xyz\depth\1305031115.543620.png,1.621246337890625e-05,0.0020961761474609375,951,0.013325799998710863,0.003610199999457109,0.0049373000001651235,0.008547499999622232,0.007384600001387298,0.01593210000100953,0.029257899999720394,156745728
394,1305031115.579315,data\rgbd_dataset_freiburg1_xyz\rgb\1305031115.579315.png,data\rgbd_dataset_freiburg1_xyz\depth\1305031115.575290.png,0.004024982452392578,0.0036149024963378906,912,0.012891899999885936,0.004363000000012107,0.00480989999960002,0.009172899999612127,0.007191699998656986,0.016364599998269114,0.02925649999815505,156745728
395,1305031115.611424,data\rgbd_dataset_freiburg1_xyz\rgb\1305031115.611424.png,data\rgbd_dataset_freiburg1_xyz\depth\1305031115.607428.png,0.0039958953857421875,0.0042760372161865234,871,0.013050100000327802,0.00382529999842518,0.004534699999567238,0.008359999997992418,0.006840899999588146,0.015200899997580564,0.028250999997908366,156749824
396,1305031115.643254,data\rgbd_dataset_freiburg1_xyz\rgb\1305031115.643254.png,data\rgbd_dataset_freiburg1_xyz\depth\1305031115.643254.png,0.0,0.0024459362030029297,848,0.013228199999502976,0.003776300000026822,0.004461799999262439,0.008238099999289261,0.006865800000014133,0.015103899999303394,0.02833209999880637,156762112
397,1305031115.679241,data\rgbd_dataset_freiburg1_xyz\rgb\1305031115.679241.png,data\rgbd_dataset_freiburg1_xyz\depth\1305031115.675106.png,0.0041348934173583984,0.0035409927368164062,790,0.013828999999532243,0.0037034999986644834,0.0051306000004842645,0.008834099999148748,0.0069511000001512,0.015785199999299948,0.02961419999883219,156766208
398,1305031115.71132,data\rgbd_dataset_freiburg1_xyz\rgb\1305031115.711320.png,data\rgbd_dataset_freiburg1_xyz\depth\1305031115.706301.png,0.005018949508666992,0.004379987716674805,802,0.013394499999776599,0.0037609000009979354,0.004462400000193156,0.008223300001191092,0.0060541999991983175,0.01427750000038941,0.027672000000166008,156774400
399,1305031115.74325,data\rgbd_dataset_freiburg1_xyz\rgb\1305031115.743250.png,data\rgbd_dataset_freiburg1_xyz\depth\1305031115.742905.png,0.00034499168395996094,0.0024499893188476562,813,0.013251299998955801,0.003696400000990252,0.004590399999869987,0.00828680000086024,0.006322600000203238,0.014609400001063477,0.02786070000001928,156778496
400,1305031115.779425,data\rgbd_dataset_freiburg1_xyz\rgb\1305031115.779425.png,data\rgbd_dataset_freiburg1_xyz\depth\1305031115.774329.png,0.005095958709716797,0.003724813461303711,778,0.01344040000003588,0.003864399999656598,0.004907499998807907,0.008771899998464505,0.009284800000386895,0.0180566999988514,0.03149709999888728,156782592
401,1305031115.811277,data\rgbd_dataset_freiburg1_xyz\rgb\1305031115.811277.png,data\rgbd_dataset_freiburg1_xyz\depth\1305031115.806425.png,0.004851818084716797,0.004323005676269531,799,0.013359399999899324,0.0037183000004006317,0.004734699999971781,0.008453000000372413,0.007563999999547377,0.01601699999991979,0.029376399999819114,156798976
402,1305031115.843224,data\rgbd_dataset_freiburg1_xyz\rgb\1305031115.843224.png,data\rgbd_dataset_freiburg1_xyz\depth\1305031115.841936.png,0.0012879371643066406,0.0024759769439697266,780,0.013153600000805454,0.003683900000396534,0.004190899999230169,0.007874799999626703,0.009288899998864508,0.01716369999849121,0.030317299999296665,156811264
403,1305031115.879198,data\rgbd_dataset_freiburg1_xyz\rgb\1305031115.879198.png,data\rgbd_dataset_freiburg1_xyz\depth\1305031115.875347.png,0.003851175308227539,0.0035979747772216797,761,0.01389750000089407,0.003809799998634844,0.00550660000044445,0.009316399999079295,0.006939699998838478,0.016256099997917772,0.030153599998811842,156819456
404,1305031115.911118,data\rgbd_dataset_freiburg1_xyz\rgb\1305031115.911118.png,data\rgbd_dataset_freiburg1_xyz\depth\1305031115.910716.png,0.0004019737243652344,0.0044820308685302734,773,0.013628200000312063,0.0038206999997782987,0.00428009999995993,0.008100799999738229,0.0070132999990164535,0.015114099998754682,0.028742299999066745,156819456
405,1305031115.943311,data\rgbd_dataset_freiburg1_xyz\rgb\1305031115.943311.png,data\rgbd_dataset_freiburg1_xyz\depth\1305031115.942015.png,0.0012960433959960938,0.0023889541625976562,756,0.013238500001534703,0.0038432999990618555,0.005122500000652508,0.008965799999714363,0.006946999999854597,0.01591279999956896,0.029151300001103664,156831744
406,1305031115.98074,data\rgbd_dataset_freiburg1_xyz\rgb\1305031115.980740.png,data\rgbd_dataset_freiburg1_xyz\depth\1305031115.973799.png,0.006941080093383789,0.004959821701049805,739,0.013279999999213032,0.0037873000001127366,0.00477830000090762,0.008565600001020357,0.006741300001522177,0.015306900002542534,0.028586900001755566,156831744
407,1305031116.011379,data\rgbd_dataset_freiburg1_xyz\rgb\1305031116.011379.png,data\rgbd_dataset_freiburg1_xyz\depth\1305031116.010843.png,0.0005359649658203125,0.0042209625244140625,709,0.012971799998922506,0.0037965000010444783,0.004935500001010951,0.008732000002055429,0.006473999999798252,0.015206000001853681,0.028177800000776188,156831744
408,1305031116.043164,data\rgbd_dataset_freiburg1_xyz\rgb\1305031116.043164.png,data\rgbd_dataset_freiburg1_xyz\depth\1305031116.042618.png,0.0005459785461425781,0.0025360584259033203,680,0.013289600001371582,0.003891299998940667,0.004891100001259474,0.008782400000200141,0.006903299999976298,0.01568570000017644,0.02897530000154802,156844032
409,1305031116.08003,data\rgbd_dataset_freiburg1_xyz\rgb\1305031116.080030.png,data\rgbd_dataset_freiburg1_xyz\depth\1305031116.071527.png,0.008502960205078125,0.0043299198150634766,636,0.013281999999890104,0.0038765000008424977,0.004857100000663195,0.008733600001505692,0.007003999999142252,0.015737600000647944,0.02901960000053805,156844032
410,1305031116.1113,data\rgbd_dataset_freiburg1_xyz\rgb\1305031116.111300.png,data\rgbd_dataset_freiburg1_xyz\depth\1305031116.108247.png,0.003052949905395508,0.004400014877319336,614,0.014063300000998424,0.004215799999656156,0.0045535000008385396,0.008769300000494695,0.0070482999999512685,0.015817600000445964,0.029880900001444388,156848128
411,1305031116.143441,data\rgbd_dataset_freiburg1_xyz\rgb\1305031116.143441.png,data\rgbd_dataset_freiburg1_xyz\depth\1305031116.143447.png,5.9604644775390625e-06,0.0022590160369873047,602,0.014346599999043974,0.00391239999953541,0.0047672999990027165,0.008679699998538126,0.00637780000033672,0.015057499998874846,0.02940409999791882,156852224
412,1305031116.179572,data\rgbd_dataset_freiburg1_xyz\rgb\1305031116.179572.png,data\rgbd_dataset_freiburg1_xyz\depth\1305031116.174891.png,0.004681110382080078,0.0038721561431884766,587,0.01329980000082287,0.003857700001390185,0.004639799999495153,0.008497500000885339,0.0081609999997454,0.016658500000630738,0.02995830000145361,156864512
413,1305031116.211299,data\rgbd_dataset_freiburg1_xyz\rgb\1305031116.211299.png,data\rgbd_dataset_freiburg1_xyz\depth\1305031116.211320.png,2.09808349609375e-05,0.004400968551635742,562,0.013255399999252404,0.0038064999989728676,0.004960399999617948,0.008766899998590816,0.006222399999387562,0.014989299997978378,0.028244699997230782,156880896
414,1305031116.24332,data\rgbd_dataset_freiburg1_xyz\rgb\1305031116.243320.png,data\rgbd_dataset_freiburg1_xyz\depth\1305031116.242720.png,0.0006000995635986328,0.002379894256591797,568,0.015370099999927334,0.003920499999367166,0.004679700001361198,0.008600200000728364,0.005892200000744197,0.01449240000147256,0.029862500001399894,156884992
415,1305031116.279385,data\rgbd_dataset_freiburg1_xyz\rgb\1305031116.279385.png,data\rgbd_dataset_freiburg1_xyz\depth\1305031116.274421.png,0.004964113235473633,0.00368499755859375,569,0.013092099999994389,0.00388560000101279,0.004910100000415696,0.008795700001428486,0.005849999999554711,0.014645700000983197,0.027737800000977586,156893184
416,1305031116.311336,data\rgbd_dataset_freiburg1_xyz\rgb\1305031116.311336.png,data\rgbd_dataset_freiburg1_xyz\depth\1305031116.310686.png,0.0006499290466308594,0.004263877868652344,573,0.01359260000026552,0.003920700000890065,0.004438799998752074,0.00835949999964214,0.00859630000013567,0.01695579999977781,0.03054840000004333,156893184
417,1305031116.343292,data\rgbd_dataset_freiburg1_xyz\rgb\1305031116.343292.png,data\rgbd_dataset_freiburg1_xyz\depth\1305031116.342459.png,0.0008330345153808594,0.0024080276489257812,576,0.013290799999595038,0.003823900000497815,0.004794399999809684,0.0086183000003075,0.006229200000234414,0.014847500000541913,0.02813830000013695,156893184
418,1305031116.379384,data\rgbd_dataset_freiburg1_xyz\rgb\1305031116.379384.png,data\rgbd_dataset_freiburg1_xyz\depth\1305031116.374490.png,0.0048940181732177734,0.0036840438842773438,558,0.01391709999916202,0.0038437000002886634,0.004526499998974032,0.008370199999262695,0.005623700000796816,0.013993900000059512,0.02791099999922153,156905472
419,1305031116.411333,data\rgbd_dataset_freiburg1_xyz\rgb\1305031116.411333.png,data\rgbd_dataset_freiburg1_xyz\depth\1305031116.409631.png,0.0017020702362060547,0.004366874694824219,562,0.013141899999027373,0.003931999999622349,0.0050123999990319135,0.008944399998654262,0.005747900000642403,0.014692299999296665,0.02783419999832404,156913664
420,1305031116.443369,data\rgbd_dataset_freiburg1_xyz\rgb\1305031116.443369.png,data\rgbd_dataset_freiburg1_xyz\depth\1305031116.442496.png,0.0008728504180908203,0.002231121063232422,567,0.013572100000601495,0.003816700000243145,0.004253999999491498,0.008070699999734643,0.006049400000847527,0.01412010000058217,0.027692200001183664,156913664
421,1305031116.47985,data\rgbd_dataset_freiburg1_xyz\rgb\1305031116.479850.png,data\rgbd_dataset_freiburg1_xyz\depth\1305031116.473394.png,0.006456136703491211,0.0041501522064208984,558,0.01610170000094513,0.004715199998827302,0.004970800000592135,0.009685999999419437,0.006254500000068219,0.015940499999487656,0.032042200000432786,156917760
422,1305031116.511205,data\rgbd_dataset_freiburg1_xyz\rgb\1305031116.511205.png,data\rgbd_dataset_freiburg1_xyz\depth\1305031116.510576.png,0.0006289482116699219,0.004495143890380859,557,0.015874799999437528,0.004721600000266335,0.004584399999657762,0.009305999999924097,0.005818600000566221,0.015124600000490318,0.030999399999927846,156921856
423,1305031116.543262,data\rgbd_dataset_freiburg1_xyz\rgb\1305031116.543262.png,data\rgbd_dataset_freiburg1_xyz\depth\1305031116.542695.png,0.0005669593811035156,0.002337932586669922,551,0.013560599998527323,0.003882199998770375,0.004721499999504886,0.00860369999827526,0.006296100000326987,0.014899799998602248,0.02846039999712957,156930048
424,1305031116.579313,data\rgbd_dataset_freiburg1_xyz\rgb\1305031116.579313.png,data\rgbd_dataset_freiburg1_xyz\depth\1305031116.574389.png,0.00492405891418457,0.003612995147705078,543,0.013516499999241205,0.003791099999943981,0.004651600000215694,0.008442700000159675,0.005673999999999069,0.014116700000158744,0.02763319999939995,156942336
425,1305031116.611261,data\rgbd_dataset_freiburg1_xyz\rgb\1305031116.611261.png,data\rgbd_dataset_freiburg1_xyz\depth\1305031116.610891.png,0.00036978721618652344,0.004439115524291992,552,0.013277500000185682,0.00380580000091868,0.004959699999744771,0.008765500000663451,0.008157599999321974,0.016923099999985425,0.030200600000171107,156946432
426,1305031116.643355,data\rgbd_dataset_freiburg1_xyz\rgb\1305031116.643355.png,data\rgbd_dataset_freiburg1_xyz\depth\1305031116.642664.png,0.0006909370422363281,0.0023450851440429688,574,0.013617299999168608,0.0041049999999813735,0.004638899999918067,0.00874389999989944,0.006172999999762396,0.014916899999661837,0.028534199998830445,156958720
427,1305031116.679281,data\rgbd_dataset_freiburg1_xyz\rgb\1305031116.679281.png,data\rgbd_dataset_freiburg1_xyz\depth\1305031116.674523.png,0.004757881164550781,0.0036809444427490234,563,0.01317410000046948,0.003912500000296859,0.0047411999985342845,0.008653699998831144,0.005466800001158845,0.014120499999989988,0.027294600000459468,156962816
428,1305031116.711634,data\rgbd_dataset_freiburg1_xyz\rgb\1305031116.711634.png,data\rgbd_dataset_freiburg1_xyz\depth\1305031116.710942.png,0.0006918907165527344,0.004065990447998047,591,0.013476000000082422,0.004016099999716971,0.00450999999884516,0.008526099998562131,0.008034500000576372,0.016560599999138503,0.030036599999220925,156962816
429,1305031116.743291,data\rgbd_dataset_freiburg1_xyz\rgb\1305031116.743291.png,data\rgbd_dataset_freiburg1_xyz\depth\1305031116.740575.png,0.0027158260345458984,0.0024089813232421875,584,0.013449300000502262,0.0036903000000165775,0.004947299999912502,0.00863759999992908,0.0058767999998963205,0.0145143999998254,0.027963700000327663,156971008
430,1305031116.779298,data\rgbd_dataset_freiburg1_xyz\rgb\1305031116.779298.png,data\rgbd_dataset_freiburg1_xyz\depth\1305031116.775059.png,0.004239082336425781,0.0035979747772216797,603,0.013214100001277984,0.003835100000287639,0.004726900000605383,0.008562000000893022,0.006416700000045239,0.014978700000938261,0.028192800002216245,156979200
431,1305031116.811318,data\rgbd_dataset_freiburg1_xyz\rgb\1305031116.811318.png,data\rgbd_dataset_freiburg1_xyz\depth\1305031116.811343.png,2.5033950805664062e-05,0.0042819976806640625,615,0.012821800000892836,0.0037843000009161187,0.005057600001237006,0.008841900002153125,0.005861200001163525,0.01470310000331665,0.027524900004209485,156983296
432,1305031116.846089,data\rgbd_dataset_freiburg1_xyz\rgb\1305031116.846089.png,data\rgbd_dataset_freiburg1_xyz\depth\1305031116.840370.png,0.00571894645690918,0.0004889965057373047,638,0.013027099999817437,0.0037960999998176703,0.004645299999538111,0.008441399999355781,0.00619149999874935,0.014632899998105131,0.02765999999792257,156991488
433,1305031116.880165,data\rgbd_dataset_freiburg1_xyz\rgb\1305031116.880165.png,data\rgbd_dataset_freiburg1_xyz\depth\1305031116.871726.png,0.008439064025878906,0.0044651031494140625,639,0.013109399998938898,0.003791000001001521,0.004820800000743475,0.008611800001744996,0.006683499999780906,0.015295300001525902,0.0284047000004648,156999680
434,1305031116.912044,data\rgbd_dataset_freiburg1_xyz\rgb\1305031116.912044.png,data\rgbd_dataset_freiburg1_xyz\depth\1305031116.907955.png,0.0040891170501708984,0.0036559104919433594,661,0.013364599999476923,0.003796900000452297,0.0046368000002985355,0.008433700000750832,0.006394000000000233,0.014827700000751065,0.028192300000227988,156999680
435,1305031116.943296,data\rgbd_dataset_freiburg1_xyz\rgb\1305031116.943296.png,data\rgbd_dataset_freiburg1_xyz\depth\1305031116.940626.png,0.0026700496673583984,0.0023040771484375,665,0.01569750000089698,0.004548099999738042,0.004898499999399064,0.009446599999137106,0.0061838999990868615,0.015630499998223968,0.03132799999912095,157007872
436,1305031116.979351,data\rgbd_dataset_freiburg1_xyz\rgb\1305031116.979351.png,data\rgbd_dataset_freiburg1_xyz\depth\1305031116.974656.png,0.004694938659667969,0.003751039505004883,663,0.013283399999636458,0.0037920999984635273,0.004647099998692283,0.00843919999715581,0.00685209999937797,0.01529129999653378,0.02857469999617024,157020160
437,1305031117.011382,data\rgbd_dataset_freiburg1_xyz\rgb\1305031117.011382.png,data\rgbd_dataset_freiburg1_xyz\depth\1305031117.008812.png,0.0025701522827148438,0.0043179988861083984,677,0.012965100000656093,0.00393150000127207,0.004602899998644716,0.008534399999916786,0.006918600000062725,0.015452999999979511,0.028418100000635604,157024256
438,1305031117.043261,data\rgbd_dataset_freiburg1_xyz\rgb\1305031117.043261.png,data\rgbd_dataset_freiburg1_xyz\depth\1305031117.042065.png,0.001196146011352539,0.0024390220642089844,712,0.013168900000891881,0.0036505999996734317,0.005009999998947023,0.008660599998620455,0.006736499999533407,0.015397099998153863,0.028565999999045744,157040640
439,1305031117.07952,data\rgbd_dataset_freiburg1_xyz\rgb\1305031117.079520.png,data\rgbd_dataset_freiburg1_xyz\depth\1305031117.071181.png,0.00833892822265625,0.0038199424743652344,737,0.013945499998953892,0.0035480000005918555,0.00491380000130448,0.008461800001896336,0.006854699999166769,0.015316500001063105,0.029262000000016997,157044736
440,1305031117.111238,data\rgbd_dataset_freiburg1_xyz\rgb\1305031117.111238.png,data\rgbd_dataset_freiburg1_xyz\depth\1305031117.110454.png,0.0007839202880859375,0.004662036895751953,716,0.013243399998827954,0.00360490000093705,0.0046808000006421935,0.008285700001579244,0.006752199999027653,0.015037900000606896,0.02828129999943485,157052928
441,1305031117.143218,data\rgbd_dataset_freiburg1_xyz\rgb\1305031117.143218.png,data\rgbd_dataset_freiburg1_xyz\depth\1305031117.142383.png,0.0008349418640136719,0.0024819374084472656,706,0.01363119999950868,0.0038507000008394243,0.00453659999948286,0.008387300000322284,0.00668730000143114,0.015074600001753424,0.028705800001262105,157057024
442,1305031117.179264,data\rgbd_dataset_freiburg1_xyz\rgb\1305031117.179264.png,data\rgbd_dataset_freiburg1_xyz\depth\1305031117.175059.png,0.004204988479614258,0.0036640167236328125,710,0.013463499999488704,0.0037374999992607627,0.005140400000527734,0.008877899999788497,0.0059979000016028294,0.014875800001391326,0.02833930000088003,157061120
443,1305031117.211361,data\rgbd_dataset_freiburg1_xyz\rgb\1305031117.211361.png,data\rgbd_dataset_freiburg1_xyz\depth\1305031117.207753.png,0.0036079883575439453,0.004338979721069336,734,0.013475399999151705,0.003804800000580144,0.004445299999133567,0.008250099999713711,0.00721230000090145,0.015462400000615162,0.028937799999766867,157069312
444,1305031117.243277,data\rgbd_dataset_freiburg1_xyz\rgb\1305031117.243277.png,data\rgbd_dataset_freiburg1_xyz\depth\1305031117.241340.png,0.0019371509552001953,0.0023229122161865234,734,0.013920699999289354,0.003915299999789568,0.005188799999814364,0.009104099999603932,0.008986400000139838,0.01809049999974377,0.032011199999033124,157069312
445,1305031117.279299,data\rgbd_dataset_freiburg1_xyz\rgb\1305031117.279299.png,data\rgbd_dataset_freiburg1_xyz\depth\1305031117.276516.png,0.002783060073852539,0.003699064254760742,702,0.014211699999577831,0.0037341999995987862,0.005118600000059814,0.0088527999996586,0.006284099999902537,0.015136899999561138,0.02934859999913897,157073408
446,1305031117.3112,data\rgbd_dataset_freiburg1_xyz\rgb\1305031117.311200.png,data\rgbd_dataset_freiburg1_xyz\depth\1305031117.310121.png,0.0010788440704345703,0.004400014877319336,678,0.013936600000306498,0.0036951999991288176,0.005043400000431575,0.008738599999560392,0.006490099998700316,0.015228699998260709,0.029165299998567207,157085696
447,1305031117.343243,data\rgbd_dataset_freiburg1_xyz\rgb\1305031117.343243.png,data\rgbd_dataset_freiburg1_xyz\depth\1305031117.341044.png,0.002198934555053711,0.002457141876220703,683,0.021120900000823895,0.0036823999998887302,0.0044768999996449566,0.008159299999533687,0.006185299998833216,0.014344599998366903,0.0354654999991908,157089792
448,1305031117.379454,data\rgbd_dataset_freiburg1_xyz\rgb\1305031117.379454.png,data\rgbd_dataset_freiburg1_xyz\depth\1305031117.375067.png,0.00438690185546875,0.0037539005279541016,684,0.013877699999284232,0.0035879999995813705,0.00533010000071954,0.00891810000030091,0.006138700000519748,0.015056800000820658,0.02893450000010489,157097984
449,1305031117.411221,data\rgbd_dataset_freiburg1_xyz\rgb\1305031117.411221.png,data\rgbd_dataset_freiburg1_xyz\depth\1305031117.408538.png,0.002682924270629883,0.0043790340423583984,680,0.013647600000695093,0.0036903000000165775,0.004418200000145589,0.008108500000162167,0.006411999998817919,0.014520499998980085,0.028168099999675178,157102080
450,1305031117.443274,data\rgbd_dataset_freiburg1_xyz\rgb\1305031117.443274.png,data\rgbd_dataset_freiburg1_xyz\depth\1305031117.442208.png,0.001065969467163086,0.0023260116577148438,707,0.013795199998639873,0.0038231999988056486,0.004901300000710762,0.00872449999951641,0.006454099999245955,0.015178599998762365,0.02897379999740224,157110272
451,1305031117.479403,data\rgbd_dataset_freiburg1_xyz\rgb\1305031117.479403.png,data\rgbd_dataset_freiburg1_xyz\depth\1305031117.475651.png,0.003751993179321289,0.0037031173706054688,722,0.016525900000488036,0.0047338999993371544,0.005149399999936577,0.009883299999273731,0.0063991000006353715,0.016282399999909103,0.03280830000039714,157118464
452,1305031117.511325,data\rgbd_dataset_freiburg1_xyz\rgb\1305031117.511325.png,data\rgbd_dataset_freiburg1_xyz\depth\1305031117.508882.png,0.0024428367614746094,0.004275083541870117,741,0.013712899999518413,0.0036641999995481456,0.004850299999816343,0.008514499999364489,0.0064289999991160585,0.014943499998480547,0.02865639999799896,157126656
453,1305031117.544285,data\rgbd_dataset_freiburg1_xyz\rgb\1305031117.544285.png,data\rgbd_dataset_freiburg1_xyz\depth\1305031117.539736.png,0.0045490264892578125,0.0013148784637451172,762,0.013398500001130742,0.003677199998492142,0.004866499999479856,0.008543699997971999,0.006768699999156524,0.015312399997128523,0.028710899998259265,157126656
454,1305031117.579155,data\rgbd_dataset_freiburg1_xyz\rgb\1305031117.579155.png,data\rgbd_dataset_freiburg1_xyz\depth\1305031117.577860.png,0.001294851303100586,0.003454923629760742,819,0.013489799999661045,0.003645499999038293,0.005010099999708473,0.008655599998746766,0.006095400000049267,0.014750999998796033,0.028240799998457078,157130752
455,1305031117.611159,data\rgbd_dataset_freiburg1_xyz\rgb\1305031117.611159.png,data\rgbd_dataset_freiburg1_xyz\depth\1305031117.607777.png,0.003381967544555664,0.004540920257568359,816,0.013723500000196509,0.003717300000062096,0.005131199999595992,0.008848499999658088,0.008951600000727922,0.01780010000038601,0.03152360000058252,157143040
456,1305031117.643252,data\rgbd_dataset_freiburg1_xyz\rgb\1305031117.643252.png,data\rgbd_dataset_freiburg1_xyz\depth\1305031117.643284.png,3.218650817871094e-05,0.0024480819702148438,830,0.013869000000340748,0.0038217000001168344,0.004726400000436115,0.00854810000055295,0.006558200000654324,0.015106300001207273,0.02897530000154802,157143040
457,1305031117.679262,data\rgbd_dataset_freiburg1_xyz\rgb\1305031117.679262.png,data\rgbd_dataset_freiburg1_xyz\depth\1305031117.675483.png,0.0037789344787597656,0.0036618709564208984,872,0.01355150000017602,0.003773899999941932,0.0049087999996118015,0.008682699999553734,0.006492299999081297,0.01517499999863503,0.02872649999881105,157147136
458,1305031117.711184,data\rgbd_dataset_freiburg1_xyz\rgb\1305031117.711184.png,data\rgbd_dataset_freiburg1_xyz\depth\1305031117.711215.png,3.0994415283203125e-05,0.004415988922119141,890,0.013629300001412048,0.003809900001215283,0.004831500000364031,0.008641400001579314,0.007049399999232264,0.015690800000811578,0.029320100002223626,157155328
459,1305031117.743184,data\rgbd_dataset_freiburg1_xyz\rgb\1305031117.743184.png,data\rgbd_dataset_freiburg1_xyz\depth\1305031117.742995.png,0.00018906593322753906,0.0025157928466796875,920,0.013694600000235368,0.0037689000000682427,0.004679100000430481,0.008448000000498723,0.006873899999845889,0.015321900000344613,0.02901650000057998,157167616
460,1305031117.779467,data\rgbd_dataset_freiburg1_xyz\rgb\1305031117.779467.png,data\rgbd_dataset_freiburg1_xyz\depth\1305031117.778969.png,0.0004980564117431641,0.0037670135498046875,926,0.013791299999866169,0.003903599999830476,0.004716100000223378,0.008619700000053854,0.00998040000013134,0.018600100000185193,0.03239140000005136,157167616
461,1305031117.81132,data\rgbd_dataset_freiburg1_xyz\rgb\1305031117.811320.png,data\rgbd_dataset_freiburg1_xyz\depth\1305031117.811060.png,0.0002601146697998047,0.0042798519134521484,925,0.013891800001147203,0.00375010000061593,0.004731199998786906,0.008481299999402836,0.00681339999937336,0.015294699998776196,0.0291864999999234,157179904
462,1305031117.843291,data\rgbd_dataset_freiburg1_xyz\rgb\1305031117.843291.png,data\rgbd_dataset_freiburg1_xyz\depth\1305031117.843307.png,1.5974044799804688e-05,0.0024089813232421875,927,0.013856600000508479,0.003620200001023477,0.005116899999848101,0.008737100000871578,0.007811200001015095,0.016548300001886673,0.030404900002395152,157192192
463,1305031117.879451,data\rgbd_dataset_freiburg1_xyz\rgb\1305031117.879451.png,data\rgbd_dataset_freiburg1_xyz\depth\1305031117.879467.png,1.5974044799804688e-05,0.003751039505004883,964,0.013590999998996267,0.0036034999993717065,0.004626699999789707,0.008230199999161414,0.007143800001358613,0.015374000000520027,0.028964999999516294,157200384
464,1305031117.911407,data\rgbd_dataset_freiburg1_xyz\rgb\1305031117.911407.png,data\rgbd_dataset_freiburg1_xyz\depth\1305031117.908762.png,0.0026450157165527344,0.00419306755065918,963,0.01363879999917117,0.0034617000001162523,0.005084300000817166,0.008546000000933418,0.006542400000398629,0.015088400001332047,0.028727200000503217,157200384
465,1305031117.943253,data\rgbd_dataset_freiburg1_xyz\rgb\1305031117.943253.png,data\rgbd_dataset_freiburg1_xyz\depth\1305031117.943272.png,1.9073486328125e-05,0.0023469924926757812,965,0.013741599999775644,0.003607200000260491,0.00461630000063451,0.008223500000895001,0.010635399999955553,0.018858900000850554,0.0326005000006262,157208576
466,1305031117.979228,data\rgbd_dataset_freiburg1_xyz\rgb\1305031117.979228.png,data\rgbd_dataset_freiburg1_xyz\depth\1305031117.979263.png,3.504753112792969e-05,0.0036280155181884766,947,0.013994599999932689,0.0035225000010541407,0.005165700000361539,0.00868820000141568,0.00674050000088755,0.01542870000230323,0.02942330000223592,157212672
467,1305031118.011228,data\rgbd_dataset_freiburg1_xyz\rgb\1305031118.011228.png,data\rgbd_dataset_freiburg1_xyz\depth\1305031118.011013.png,0.00021505355834960938,0.004472017288208008,952,0.013674300000275252,0.00348169999961101,0.004660399999920628,0.008142099999531638,0.010250599998471444,0.01839269999800308,0.032066999998278334,157212672
468,1305031118.043521,data\rgbd_dataset_freiburg1_xyz\rgb\1305031118.043521.png,data\rgbd_dataset_freiburg1_xyz\depth\1305031118.043549.png,2.8133392333984375e-05,0.0021791458129882812,936,0.013753399998677196,0.003504499998598476,0.004658600000766455,0.008163099999364931,0.006851199999800883,0.015014299999165814,0.02876769999784301,157224960
469,1305031118.079334,data\rgbd_dataset_freiburg1_xyz\rgb\1305031118.079334.png,data\rgbd_dataset_freiburg1_xyz\depth\1305031118.079369.png,3.504753112792969e-05,0.0036339759826660156,967,0.014155200000459445,0.0033724000004440313,0.004798399999344838,0.00817079999978887,0.006963699999687378,0.015134499999476247,0.029289699999935692,157233152
470,1305031118.111217,data\rgbd_dataset_freiburg1_xyz\rgb\1305031118.111217.png,data\rgbd_dataset_freiburg1_xyz\depth\1305031118.110863.png,0.0003540515899658203,0.004383087158203125,956,0.013503399999535759,0.0034582999996928265,0.004926800000248477,0.008385099999941303,0.007467800000085845,0.015852900000027148,0.029356299999562907,157233152
471,1305031118.143256,data\rgbd_dataset_freiburg1_xyz\rgb\1305031118.143256.png,data\rgbd_dataset_freiburg1_xyz\depth\1305031118.142285.png,0.0009708404541015625,0.002444028854370117,933,0.013563100001192652,0.003382999999303138,0.00545839999904274,0.008841399998345878,0.006669700000202283,0.015511099998548161,0.029074199999740813,157241344
472,1305031118.179323,data\rgbd_dataset_freiburg1_xyz\rgb\1305031118.179323.png,data\rgbd_dataset_freiburg1_xyz\depth\1305031118.178170.png,0.0011529922485351562,0.0037229061126708984,922,0.013487299998814706,0.0034512000001996057,0.00539559999924677,0.008846799999446375,0.006692099999781931,0.015538899999228306,0.029026199998043012,157245440
473,1305031118.211202,data\rgbd_dataset_freiburg1_xyz\rgb\1305031118.211202.png,data\rgbd_dataset_freiburg1_xyz\depth\1305031118.210782.png,0.00041985511779785156,0.0043981075286865234,934,0.013562399999500485,0.003573899999537389,0.005138099999385304,0.008711999998922693,0.010070899999846006,0.0187828999987687,0.032345299998269184,157261824
474,1305031118.243173,data\rgbd_dataset_freiburg1_xyz\rgb\1305031118.243173.png,data\rgbd_dataset_freiburg1_xyz\depth\1305031118.242948.png,0.00022482872009277344,0.0024271011352539062,930,0.013868199999706121,0.0034817000014299992,0.004960800000844756,0.008442500002274755,0.006783099999665865,0.01522560000194062,0.02909380000164674,157270016
475,1305031118.279194,data\rgbd_dataset_freiburg1_xyz\rgb\1305031118.279194.png,data\rgbd_dataset_freiburg1_xyz\depth\1305031118.278991.png,0.00020313262939453125,0.0034940242767333984,957,0.013805299999148701,0.0034820999990188284,0.004728600000817096,0.008210699999835924,0.006998599999860744,0.015209299999696668,0.02901459999884537,157286400
476,1305031118.311299,data\rgbd_dataset_freiburg1_xyz\rgb\1305031118.311299.png,data\rgbd_dataset_freiburg1_xyz\depth\1305031118.310731.png,0.0005681514739990234,0.004300832748413086,1000,0.014655300001322757,0.0034461000013834564,0.004850700001043151,0.008296800002426608,0.006993400000283145,0.015290200002709753,0.02994550000403251,157286400
477,1305031118.343324,data\rgbd_dataset_freiburg1_xyz\rgb\1305031118.343324.png,data\rgbd_dataset_freiburg1_xyz\depth\1305031118.342079.png,0.0012450218200683594,0.002376079559326172,1020,0.014112599999862141,0.00351559999944584,0.005128199998580385,0.008643799998026225,0.0069899999998597195,0.015633799997885944,0.029746399997748085,157290496
478,1305031118.379208,data\rgbd_dataset_freiburg1_xyz\rgb\1305031118.379208.png,data\rgbd_dataset_freiburg1_xyz\depth\1305031118.377003.png,0.0022051334381103516,0.0036079883575439453,1029,0.01355650000004971,0.003363800000443007,0.005231600000115577,0.008595400000558584,0.006940200000826735,0.015535600001385319,0.02909210000143503,157294592
479,1305031118.411296,data\rgbd_dataset_freiburg1_xyz\rgb\1305031118.411296.png,data\rgbd_dataset_freiburg1_xyz\depth\1305031118.408818.png,0.002477884292602539,0.004304170608520508,1062,0.013674699999683071,0.0035332000006746966,0.004778100001203711,0.008311300001878408,0.010164799999984098,0.018476100001862505,0.032150800001545576,157294592
480,1305031118.445692,data\rgbd_dataset_freiburg1_xyz\rgb\1305031118.445692.png,data\rgbd_dataset_freiburg1_xyz\depth\1305031118.445703.png,1.0967254638671875e-05,7.867813110351562e-06,1090,0.014115899999524117,0.0033000999992509605,0.005117700000482728,0.008417799999733688,0.006581900001037866,0.014999700000771554,0.02911560000029567,157306880
481,1305031118.479285,data\rgbd_dataset_freiburg1_xyz\rgb\1305031118.479285.png,data\rgbd_dataset_freiburg1_xyz\depth\1305031118.477869.png,0.0014159679412841797,0.0035851001739501953,1078,0.014296100000137812,0.0034241000012116274,0.005018199999540229,0.008442300000751857,0.007135599998946418,0.015577899999698275,0.029873999999836087,157310976
482,1305031118.511255,data\rgbd_dataset_freiburg1_xyz\rgb\1305031118.511255.png,data\rgbd_dataset_freiburg1_xyz\depth\1305031118.510201.png,0.0010540485382080078,0.004344940185546875,1088,0.016537800000151037,0.004013099998701364,0.004800200000318,0.008813299999019364,0.00724640000044019,0.016059699999459554,0.03259749999961059,157319168
483,1305031118.544414,data\rgbd_dataset_freiburg1_xyz\rgb\1305031118.544414.png,data\rgbd_dataset_freiburg1_xyz\depth\1305031118.545199.png,0.0007848739624023438,0.0011858940124511719,1051,0.014053000000785687,0.0033312000014120713,0.004990000001271255,0.008321200002683327,0.00694870000006631,0.015269900002749637,0.029322900003535324,157327360
484,1305031118.579285,data\rgbd_dataset_freiburg1_xyz\rgb\1305031118.579285.png,data\rgbd_dataset_freiburg1_xyz\depth\1305031118.576377.png,0.002907991409301758,0.00368499755859375,1081,0.013884800000596442,0.003361600000062026,0.00529139999889594,0.008652999998957966,0.007465799999408773,0.01611879999836674,0.030003599998963182,157327360
485,1305031118.616142,data\rgbd_dataset_freiburg1_xyz\rgb\1305031118.616142.png,data\rgbd_dataset_freiburg1_xyz\depth\1305031118.610869.png,0.005273103713989258,0.0005419254302978516,1031,0.014915199999450124,0.003647000001365086,0.005032899998695939,0.008679900000061025,0.006626499998674262,0.015306399998735287,0.03022159999818541,157757440
486,1305031118.645325,data\rgbd_dataset_freiburg1_xyz\rgb\1305031118.645325.png,data\rgbd_dataset_freiburg1_xyz\depth\1305031118.645331.png,5.9604644775390625e-06,0.0002751350402832031,1000,0.013794499998766696,0.003379499999937252,0.004708700000264798,0.00808820000020205,0.0064497999992454425,0.014537999999447493,0.02833249999821419,158224384
487,1305031118.679295,data\rgbd_dataset_freiburg1_xyz\rgb\1305031118.679295.png,data\rgbd_dataset_freiburg1_xyz\depth\1305031118.675082.png,0.004213094711303711,0.0036950111389160156,1000,0.013461599999573082,0.0033862000000226544,0.004516799999692012,0.007902999999714666,0.007165699998950004,0.01506869999866467,0.02853029999823775,157949952
488,1305031118.711421,data\rgbd_dataset_freiburg1_xyz\rgb\1305031118.711421.png,data\rgbd_dataset_freiburg1_xyz\depth\1305031118.710140.png,0.0012810230255126953,0.0041790008544921875,976,0.013430200000584591,0.0035981000000901986,0.004935499999191961,0.00853359999928216,0.007121500000721426,0.015655100000003586,0.029085300000588177,157114368
489,1305031118.74677,data\rgbd_dataset_freiburg1_xyz\rgb\1305031118.746770.png,data\rgbd_dataset_freiburg1_xyz\depth\1305031118.746801.png,3.0994415283203125e-05,0.0011699199676513672,977,0.01410550000036892,0.0035707999995793216,0.004652100000384962,0.008222899999964284,0.00696339999922202,0.015186299999186303,0.029291799999555224,155713536
490,1305031118.779277,data\rgbd_dataset_freiburg1_xyz\rgb\1305031118.779277.png,data\rgbd_dataset_freiburg1_xyz\depth\1305031118.778790.png,0.0004870891571044922,0.0036771297454833984,1026,0.014467999999396852,0.0040883999990910525,0.0050396000006003305,0.009127999999691383,0.006940400000530644,0.016068400000222027,0.03053639999961888,157335552
491,1305031118.811221,data\rgbd_dataset_freiburg1_xyz\rgb\1305031118.811221.png,data\rgbd_dataset_freiburg1_xyz\depth\1305031118.810703.png,0.0005178451538085938,0.0043790340423583984,980,0.014520200000333716,0.00344779999977618,0.004647499999919091,0.008095299999695271,0.0069615999982488574,0.015056899997944129,0.029577099998277845,157347840
492,1305031118.846753,data\rgbd_dataset_freiburg1_xyz\rgb\1305031118.846753.png,data\rgbd_dataset_freiburg1_xyz\depth\1305031118.846774.png,2.1219253540039062e-05,0.0011529922485351562,953,0.01908269999876211,0.0034006000005319947,0.004488399999900139,0.007889000000432134,0.005972499999188585,0.013861499999620719,0.03294419999838283,156733440
493,1305031118.879208,data\rgbd_dataset_freiburg1_xyz\rgb\1305031118.879208.png,data\rgbd_dataset_freiburg1_xyz\depth\1305031118.875402.png,0.0038061141967773438,0.0036079883575439453,977,0.014276100000643055,0.0034955000010086223,0.0047476999989157775,0.0082431999999244,0.006792299998778617,0.015035499998703017,0.029311599999346072,157360128
494,1305031118.911177,data\rgbd_dataset_freiburg1_xyz\rgb\1305031118.911177.png,data\rgbd_dataset_freiburg1_xyz\depth\1305031118.909608.png,0.0015690326690673828,0.0044231414794921875,988,0.014230299999326235,0.0033868999998958316,0.004761499998494401,0.008148399998390232,0.0065109000006486895,0.014659299999038922,0.028889599998365156,157376512
495,1305031118.946974,data\rgbd_dataset_freiburg1_xyz\rgb\1305031118.946974.png,data\rgbd_dataset_freiburg1_xyz\depth\1305031118.947009.png,3.504753112792969e-05,0.0013740062713623047,998,0.015800099999978556,0.004219999998895219,0.004527299999608658,0.008747299998503877,0.007419999999910942,0.01616729999841482,0.031967399998393375,157396992
496,1305031118.979374,data\rgbd_dataset_freiburg1_xyz\rgb\1305031118.979374.png,data\rgbd_dataset_freiburg1_xyz\depth\1305031118.979394.png,2.002716064453125e-05,0.003773927688598633,960,0.014551899999787565,0.003861900000629248,0.004582600000503589,0.008444500001132837,0.0065390999989176635,0.014983600000050501,0.029535499999838066,157413376
497,1305031119.011363,data\rgbd_dataset_freiburg1_xyz\rgb\1305031119.011363.png,data\rgbd_dataset_freiburg1_xyz\depth\1305031119.009712.png,0.0016510486602783203,0.0043370723724365234,901,0.013898600000175065,0.003631899999163579,0.004624100000000908,0.008255999999164487,0.008770399999775691,0.017026399998940178,0.030924999999115244,157945856
498,1305031119.047172,data\rgbd_dataset_freiburg1_xyz\rgb\1305031119.047172.png,data\rgbd_dataset_freiburg1_xyz\depth\1305031119.047180.png,7.867813110351562e-06,0.0015721321105957031,966,0.01587149999977555,0.0042155999999522464,0.004983500000889762,0.009199100000842009,0.006819000000177766,0.016018100001019775,0.031889600000795326,156860416
499,1305031119.079223,data\rgbd_dataset_freiburg1_xyz\rgb\1305031119.079223.png,data\rgbd_dataset_freiburg1_xyz\depth\1305031119.078966.png,0.0002570152282714844,0.0035228729248046875,938,0.015000199999121833,0.0036110000000917353,0.0048178999986703275,0.008428899998762063,0.006965300000956631,0.015394199999718694,0.030394399998840527,157503488
500,1305031119.111328,data\rgbd_dataset_freiburg1_xyz\rgb\1305031119.111328.png,data\rgbd_dataset_freiburg1_xyz\depth\1305031119.110884.png,0.0004439353942871094,0.0042722225189208984,934,0.014291499999671942,0.003705499999341555,0.0047717000015836675,0.008477200000925222,0.006807299998399685,0.015284499999324908,0.02957599999899685,157806592
501,1305031119.147616,data\rgbd_dataset_freiburg1_xyz\rgb\1305031119.147616.png,data\rgbd_dataset_freiburg1_xyz\depth\1305031119.147629.png,1.3113021850585938e-05,0.0019159317016601562,928,0.015213099999527913,0.003703000000314205,0.004780400000527152,0.008483400000841357,0.006462500001362059,0.014945900002203416,0.03015900000173133,157532160
502,1305031119.179226,data\rgbd_dataset_freiburg1_xyz\rgb\1305031119.179226.png,data\rgbd_dataset_freiburg1_xyz\depth\1305031119.179262.png,3.600120544433594e-05,0.003525972366333008,925,0.01369680000061635,0.0036416000002645887,0.004691599999205209,0.008333199999469798,0.006434499999159016,0.014767699998628814,0.028464499999245163,157769728
503,1305031119.211364,data\rgbd_dataset_freiburg1_xyz\rgb\1305031119.211364.png,data\rgbd_dataset_freiburg1_xyz\depth\1305031119.210906.png,0.00045800209045410156,0.004235982894897461,941,0.015245499998854939,0.003568099999029073,0.005448300000352901,0.009016399999381974,0.007504300001528463,0.016520700000910438,0.03176619999976538,157474816
504,1305031119.247399,data\rgbd_dataset_freiburg1_xyz\rgb\1305031119.247399.png,data\rgbd_dataset_freiburg1_xyz\depth\1305031119.247660.png,0.0002608299255371094,0.001699209213256836,943,0.01378850000037346,0.0037057999998069135,0.005524199999854318,0.009229999999661231,0.0071416999999200925,0.016371699999581324,0.030160199999954784,157782016
505,1305031119.279212,data\rgbd_dataset_freiburg1_xyz\rgb\1305031119.279212.png,data\rgbd_dataset_freiburg1_xyz\depth\1305031119.279244.png,3.1948089599609375e-05,0.003612041473388672,949,0.01426750000064203,0.0040413999995507766,0.004929400000037276,0.008970799999588053,0.006679900001472561,0.015650700001060613,0.029918200001702644,157589504
506,1305031119.311212,data\rgbd_dataset_freiburg1_xyz\rgb\1305031119.311212.png,data\rgbd_dataset_freiburg1_xyz\depth\1305031119.310755.png,0.0004570484161376953,0.004387855529785156,964,0.0137403999997332,0.0036936000014975434,0.004798400001163827,0.00849200000266137,0.006884600001285435,0.015376600003946805,0.029117000003680005,159256576
507,1305031119.347741,data\rgbd_dataset_freiburg1_xyz\rgb\1305031119.347741.png,data\rgbd_dataset_freiburg1_xyz\depth\1305031119.347750.png,9.059906005859375e-06,0.002040863037109375,968,0.013327900000149384,0.0036746000005223323,0.004506199999013916,0.008180799999536248,0.006582899999557412,0.01476369999909366,0.028091599999243044,157597696
508,1305031119.379239,data\rgbd_dataset_freiburg1_xyz\rgb\1305031119.379239.png,data\rgbd_dataset_freiburg1_xyz\depth\1305031119.378631.png,0.0006079673767089844,0.0036389827728271484,979,0.013727800000197021,0.0036827999992965488,0.004813499999727355,0.008496299999023904,0.006369700000504963,0.014865999999528867,0.02859379999972589,157536256
509,1305031119.411484,data\rgbd_dataset_freiburg1_xyz\rgb\1305031119.411484.png,data\rgbd_dataset_freiburg1_xyz\depth\1305031119.411492.png,8.106231689453125e-06,0.004116058349609375,933,0.014194100000167964,0.003887400000166963,0.0048516999995626975,0.00873909999972966,0.006790999999793712,0.015530099999523372,0.029724199999691336,157982720
510,1305031119.447706,data\rgbd_dataset_freiburg1_xyz\rgb\1305031119.447706.png,data\rgbd_dataset_freiburg1_xyz\depth\1305031119.447726.png,2.002716064453125e-05,0.0021059513092041016,913,0.01416360000075656,0.003898000000845059,0.004667900000640657,0.008565900001485716,0.006353400000080001,0.014919300001565716,0.029082900002322276,157995008
511,1305031119.479267,data\rgbd_dataset_freiburg1_xyz\rgb\1305031119.479267.png,data\rgbd_dataset_freiburg1_xyz\depth\1305031119.477682.png,0.001584768295288086,0.0036668777465820312,891,0.014616599999499158,0.0037353000006987713,0.004779599999892525,0.008514900000591297,0.006212099999174825,0.014726999999766122,0.02934359999926528,157995008
512,1305031119.51124,data\rgbd_dataset_freiburg1_xyz\rgb\1305031119.511240.png,data\rgbd_dataset_freiburg1_xyz\depth\1305031119.511258.png,1.7881393432617188e-05,0.00446009635925293,906,0.014735000000655418,0.003915699999197386,0.004656999999497202,0.008572699998694588,0.006042600000000675,0.014615299998695264,0.029350299999350682,158007296
513,1305031119.547382,data\rgbd_dataset_freiburg1_xyz\rgb\1305031119.547382.png,data\rgbd_dataset_freiburg1_xyz\depth\1305031119.547414.png,3.1948089599609375e-05,0.0017821788787841797,886,0.013834900000802008,0.0036141000000498025,0.004755199999635806,0.008369299999685609,0.0069101000008231495,0.015279400000508758,0.029114300001310767,158011392
514,1305031119.579559,data\rgbd_dataset_freiburg1_xyz\rgb\1305031119.579559.png,data\rgbd_dataset_freiburg1_xyz\depth\1305031119.579569.png,1.0013580322265625e-05,0.003959178924560547,866,0.014138000000457396,0.003710799999680603,0.004751500000566011,0.008462300000246614,0.009702500001367298,0.018164800001613912,0.03230280000207131,158015488
515,1305031119.615017,data\rgbd_dataset_freiburg1_xyz\rgb\1305031119.615017.png,data\rgbd_dataset_freiburg1_xyz\depth\1305031119.615024.png,7.152557373046875e-06,0.0005831718444824219,865,0.014028900000994327,0.0037444999998115236,0.004724099999293685,0.008468599999105209,0.005862600000909879,0.014331200000015087,0.028360100001009414,158019584
516,1305031119.647903,data\rgbd_dataset_freiburg1_xyz\rgb\1305031119.647903.png,data\rgbd_dataset_freiburg1_xyz\depth\1305031119.648889.png,0.0009860992431640625,0.002302885055541992,866,0.014428899999984424,0.003904199998942204,0.004882299999735551,0.008786499998677755,0.006947399999262416,0.01573389999794017,0.030162799997924594,158031872
517,1305031119.679208,data\rgbd_dataset_freiburg1_xyz\rgb\1305031119.679208.png,data\rgbd_dataset_freiburg1_xyz\depth\1305031119.675566.png,0.0036420822143554688,0.0036079883575439453,859,0.014336199999888777,0.0038456000002042856,0.005162499999642023,0.009008099999846308,0.006526799999846844,0.015534899999693152,0.02987109999958193,158035968
518,1305031119.715232,data\rgbd_dataset_freiburg1_xyz\rgb\1305031119.715232.png,data\rgbd_dataset_freiburg1_xyz\depth\1305031119.715249.png,1.71661376953125e-05,0.0004680156707763672,812,0.013352799998756382,0.003737199998795404,0.004761399999551941,0.008498599998347345,0.007283999999344815,0.01578259999769216,0.02913539999644854,158097408
519,1305031119.747193,data\rgbd_dataset_freiburg1_xyz\rgb\1305031119.747193.png,data\rgbd_dataset_freiburg1_xyz\depth\1305031119.744886.png,0.0023071765899658203,0.001493215560913086,800,0.015508499998759362,0.0036593000004359055,0.004951400000209105,0.00861070000064501,0.0074397999997017905,0.0160505000003468,0.03155899999910616,158109696
520,1305031119.779169,data\rgbd_dataset_freiburg1_xyz\rgb\1305031119.779169.png,data\rgbd_dataset_freiburg1_xyz\depth\1305031119.778628.png,0.0005409717559814453,0.0035691261291503906,786,0.01497169999856851,0.004331300000558258,0.00470099999984086,0.009032300000399118,0.006652200001553865,0.015684500001952983,0.030656200000521494,158109696
521,1305031119.814537,data\rgbd_dataset_freiburg1_xyz\rgb\1305031119.814537.png,data\rgbd_dataset_freiburg1_xyz\depth\1305031119.814571.png,3.3855438232421875e-05,0.0010628700256347656,793,0.014289799999460229,0.0037843000009161187,0.00474229999963427,0.008526600000550388,0.006707000000460539,0.015233600001010927,0.029523400000471156,158117888
522,1305031119.847429,data\rgbd_dataset_freiburg1_xyz\rgb\1305031119.847429.png,data\rgbd_dataset_freiburg1_xyz\depth\1305031119.847445.png,1.5974044799804688e-05,0.0018291473388671875,803,0.013266699999803677,0.00366790000043693,0.004420699999172939,0.008088599999609869,0.006617499999265419,0.014706099998875288,0.027972799998678965,156024832
523,1305031119.879214,data\rgbd_dataset_freiburg1_xyz\rgb\1305031119.879214.png,data\rgbd_dataset_freiburg1_xyz\depth\1305031119.879232.png,1.7881393432617188e-05,0.0035140514373779297,764,0.015526299999692128,0.0037164999994274694,0.004740700000184006,0.008457199999611476,0.0061344999994616956,0.014591699999073171,0.0301179999987653,156905472
524,1305031119.911401,data\rgbd_dataset_freiburg1_xyz\rgb\1305031119.911401.png,data\rgbd_dataset_freiburg1_xyz\depth\1305031119.911424.png,2.288818359375e-05,0.0040988922119140625,748,0.016214499999477994,0.0038402000009227777,0.005000099999961094,0.008840300000883872,0.006543800000144984,0.015384100001028855,0.03159860000050685,157593600
525,1305031119.947392,data\rgbd_dataset_freiburg1_xyz\rgb\1305031119.947392.png,data\rgbd_dataset_freiburg1_xyz\depth\1305031119.947462.png,7.009506225585938e-05,0.0017919540405273438,767,0.015311899998778244,0.0036455999997997424,0.005453399999169051,0.009098999998968793,0.007420100000672392,0.016519099999641185,0.03183099999841943,157622272
526,1305031119.979537,data\rgbd_dataset_freiburg1_xyz\rgb\1305031119.979537.png,data\rgbd_dataset_freiburg1_xyz\depth\1305031119.979546.png,9.059906005859375e-06,0.0039370059967041016,755,0.01303840000036871,0.0036361999991640914,0.0050861999989137985,0.00872239999807789,0.007151299998440663,0.015873699996518553,0.028912099996887264,158699520
527,1305031120.015264,data\rgbd_dataset_freiburg1_xyz\rgb\1305031120.015264.png,data\rgbd_dataset_freiburg1_xyz\depth\1305031120.015283.png,1.9073486328125e-05,0.00033593177795410156,753,0.013333299999430892,0.0036562999994202983,0.005427699999927427,0.009083999999347725,0.007029599999441416,0.01611359999878914,0.029446899998220033,158728192
528,1305031120.04729,data\rgbd_dataset_freiburg1_xyz\rgb\1305031120.047290.png,data\rgbd_dataset_freiburg1_xyz\depth\1305031120.047310.png,2.002716064453125e-05,0.0016901493072509766,757,0.012835000001359731,0.0037188999995123595,0.005239899999651243,0.008958799999163602,0.006839300000137882,0.015798099999301485,0.028633100000661216,158744576
529,1305031120.079418,data\rgbd_dataset_freiburg1_xyz\rgb\1305031120.079418.png,data\rgbd_dataset_freiburg1_xyz\depth\1305031120.075690.png,0.0037279129028320312,0.003818035125732422,743,0.014853700000458048,0.0036408000014489517,0.005096200000480167,0.008737000001929118,0.006530500000735628,0.015267500002664747,0.030121200003122794,158744576
530,1305031120.115232,data\rgbd_dataset_freiburg1_xyz\rgb\1305031120.115232.png,data\rgbd_dataset_freiburg1_xyz\depth\1305031120.115249.png,1.6927719116210938e-05,0.0003681182861328125,756,0.013387100001637009,0.003781099998377613,0.004878000001554028,0.008659099999931641,0.006805600000006962,0.015464699999938603,0.02885180000157561,158068736
531,1305031120.148157,data\rgbd_dataset_freiburg1_xyz\rgb\1305031120.148157.png,data\rgbd_dataset_freiburg1_xyz\depth\1305031120.148175.png,1.811981201171875e-05,0.0025568008422851562,746,0.01648179999938293,0.003990299999713898,0.004970299998603878,0.008960599998317775,0.006330000000161817,0.015290599998479593,0.03177239999786252,157188096
532,1305031120.179246,data\rgbd_dataset_freiburg1_xyz\rgb\1305031120.179246.png,data\rgbd_dataset_freiburg1_xyz\depth\1305031120.179261.png,1.5020370483398438e-05,0.0036458969116210938,734,0.013301999999384861,0.0035555000013118843,0.004570799999783048,0.008126300001094933,0.005929400000241003,0.014055700001335936,0.027357700000720797,157237248
533,1305031120.215249,data\rgbd_dataset_freiburg1_xyz\rgb\1305031120.215249.png,data\rgbd_dataset_freiburg1_xyz\depth\1305031120.215260.png,1.0967254638671875e-05,0.0003509521484375,740,0.013610300000436837,0.003727499999513384,0.004938000000038301,0.008665499999551685,0.006448899999668356,0.01511439999922004,0.028724699999656877,157237248
534,1305031120.248003,data\rgbd_dataset_freiburg1_xyz\rgb\1305031120.248003.png,data\rgbd_dataset_freiburg1_xyz\depth\1305031120.248018.png,1.5020370483398438e-05,0.0024030208587646484,755,0.013712399999349145,0.00367039999946428,0.005238300000200979,0.00890869999966526,0.007752200001050369,0.01666090000071563,0.030373300000064773,155815936
535,1305031120.27943,data\rgbd_dataset_freiburg1_xyz\rgb\1305031120.279430.png,data\rgbd_dataset_freiburg1_xyz\depth\1305031120.279441.png,1.1205673217773438e-05,0.0037298202514648438,744,0.01687839999976859,0.004562899999655201,0.004552299998977105,0.009115199998632306,0.006539300000440562,0.01565449999907287,0.03253289999884146,157454336
536,1305031120.315196,data\rgbd_dataset_freiburg1_xyz\rgb\1305031120.315196.png,data\rgbd_dataset_freiburg1_xyz\depth\1305031120.315213.png,1.6927719116210938e-05,0.0004038810729980469,756,0.013574200000221026,0.003703799999129842,0.005058599999756552,0.008762399998886394,0.009032399999341578,0.017794799998227973,0.031368999998449,157913088
537,1305031120.347787,data\rgbd_dataset_freiburg1_xyz\rgb\1305031120.347787.png,data\rgbd_dataset_freiburg1_xyz\depth\1305031120.347797.png,1.0013580322265625e-05,0.002187013626098633,750,0.013635299999805284,0.003783599999223952,0.004739900001368369,0.008523500000592321,0.006593900001462316,0.015117400002054637,0.02875270000185992,157687808
538,1305031120.379437,data\rgbd_dataset_freiburg1_xyz\rgb\1305031120.379437.png,data\rgbd_dataset_freiburg1_xyz\depth\1305031120.379446.png,9.059906005859375e-06,0.0038368701934814453,739,0.013992799998959526,0.0036801999995077495,0.005105600001115818,0.008785800000623567,0.009265600001526764,0.01805140000215033,0.03204420000110986,158117888
539,1305031120.415445,data\rgbd_dataset_freiburg1_xyz\rgb\1305031120.415445.png,data\rgbd_dataset_freiburg1_xyz\depth\1305031120.415490.png,4.482269287109375e-05,0.00015497207641601562,746,0.013593099998615799,0.0036094000006414717,0.005271100000754814,0.008880500001396285,0.0066471000009187264,0.015527600002315012,0.02912070000093081,157835264
540,1305031120.447417,data\rgbd_dataset_freiburg1_xyz\rgb\1305031120.447417.png,data\rgbd_dataset_freiburg1_xyz\depth\1305031120.447433.png,1.5974044799804688e-05,0.0018169879913330078,761,0.013635400000566733,0.0038251000005402602,0.005088399999294779,0.00891349999983504,0.006602999999813619,0.015516499999648659,0.02915190000021539,157945856
541,1305031120.479432,data\rgbd_dataset_freiburg1_xyz\rgb\1305031120.479432.png,data\rgbd_dataset_freiburg1_xyz\depth\1305031120.475582.png,0.003850221633911133,0.003832101821899414,752,0.013743900000918075,0.003740900001503178,0.004919499999232357,0.008660400000735535,0.006587099998796475,0.01524749999953201,0.028991400000450085,157958144
542,1305031120.514819,data\rgbd_dataset_freiburg1_xyz\rgb\1305031120.514819.png,data\rgbd_dataset_freiburg1_xyz\depth\1305031120.514877.png,5.817413330078125e-05,0.0007810592651367188,747,0.013294700000187731,0.003865399999995134,0.004666699998779222,0.008532099998774356,0.009749400000146125,0.01828149999892048,0.03157619999910821,157966336
543,1305031120.547736,data\rgbd_dataset_freiburg1_xyz\rgb\1305031120.547736.png,data\rgbd_dataset_freiburg1_xyz\depth\1305031120.547807.png,7.104873657226562e-05,0.0021359920501708984,786,0.013500499999281601,0.0037829000011697644,0.004470200001378544,0.008253100002548308,0.008650800000395975,0.016903900002944283,0.030404400002225884,157995008
544,1305031120.579551,data\rgbd_dataset_freiburg1_xyz\rgb\1305031120.579551.png,data\rgbd_dataset_freiburg1_xyz\depth\1305031120.579559.png,8.106231689453125e-06,0.003951072692871094,824,0.013615500000014435,0.0036599000013666227,0.004769600000145147,0.00842950000151177,0.01045949999934237,0.01888900000085414,0.032504500000868575,158072832
545,1305031120.615236,data\rgbd_dataset_freiburg1_xyz\rgb\1305031120.615236.png,data\rgbd_dataset_freiburg1_xyz\depth\1305031120.615271.png,3.504753112792969e-05,0.00036406517028808594,840,0.014099399999395246,0.003693500000736094,0.004788700000062818,0.008482200000798912,0.006733000000167522,0.015215200000966433,0.02931460000036168,158081024
546,1305031120.647354,data\rgbd_dataset_freiburg1_xyz\rgb\1305031120.647354.png,data\rgbd_dataset_freiburg1_xyz\depth\1305031120.646607.png,0.0007469654083251953,0.0017538070678710938,878,0.013831199999913224,0.003690499999720487,0.004922299998725066,0.008612799998445553,0.009427900000446243,0.018040699998891796,0.03187189999880502,158113792
547,1305031120.679318,data\rgbd_dataset_freiburg1_xyz\rgb\1305031120.679318.png,data\rgbd_dataset_freiburg1_xyz\depth\1305031120.678467.png,0.0008509159088134766,0.003618001937866211,900,0.013927099998909398,0.0036975000002712477,0.004803300000276067,0.008500800000547315,0.0064615999999659834,0.014962400000513298,0.028889499999422696,158121984
548,1305031120.714522,data\rgbd_dataset_freiburg1_xyz\rgb\1305031120.714522.png,data\rgbd_dataset_freiburg1_xyz\depth\1305031120.714553.png,3.123283386230469e-05,0.0010781288146972656,901,0.013729000000239466,0.0037271999990480253,0.005144599999766797,0.008871799998814822,0.006294699998761644,0.015166499997576466,0.028895499997815932,158121984
549,1305031120.747369,data\rgbd_dataset_freiburg1_xyz\rgb\1305031120.747369.png,data\rgbd_dataset_freiburg1_xyz\depth\1305031120.747396.png,2.6941299438476562e-05,0.001669168472290039,907,0.013678499999514315,0.0037948999997752253,0.004857899999478832,0.008652799999254057,0.007141599999158643,0.0157943999984127,0.029472899997927016,158130176
550,1305031120.779894,data\rgbd_dataset_freiburg1_xyz\rgb\1305031120.779894.png,data\rgbd_dataset_freiburg1_xyz\depth\1305031120.779908.png,1.3828277587890625e-05,0.004294157028198242,965,0.013614800000141258,0.0037348000005295034,0.005163700001503457,0.00889850000203296,0.0062593000002379995,0.01515780000227096,0.02877260000241222,158134272
551,1305031120.814944,data\rgbd_dataset_freiburg1_xyz\rgb\1305031120.814944.png,data\rgbd_dataset_freiburg1_xyz\depth\1305031120.814905.png,3.910064697265625e-05,0.0006558895111083984,992,0.013662400000612251,0.003717999999935273,0.004700899999079411,0.008418899999014684,0.00690030000077968,0.015319199999794364,0.028981600000406615,158138368
552,1305031120.847921,data\rgbd_dataset_freiburg1_xyz\rgb\1305031120.847921.png,data\rgbd_dataset_freiburg1_xyz\depth\1305031120.847942.png,2.1219253540039062e-05,0.002321004867553711,973,0.013468699999066303,0.0035693999998329673,0.004799799999091192,0.00836919999892416,0.0067285000004631,0.01509769999938726,0.028566399998453562,158150656
553,1305031120.883435,data\rgbd_dataset_freiburg1_xyz\rgb\1305031120.883435.png,data\rgbd_dataset_freiburg1_xyz\depth\1305031120.883454.png,1.9073486328125e-05,0.002165079116821289,1018,0.014417200000025332,0.0035896999997930834,0.005191000000195345,0.008780699999988428,0.006551200000103563,0.015331900000091991,0.029749100000117323,158154752
554,1305031120.915444,data\rgbd_dataset_freiburg1_xyz\rgb\1305031120.915444.png,data\rgbd_dataset_freiburg1_xyz\depth\1305031120.915454.png,1.0013580322265625e-05,0.00015616416931152344,1018,0.013721499999519438,0.0038014000001567183,0.00485599999956321,0.008657399999719928,0.0072440000003552996,0.015901400000075228,0.029622899999594665,158154752
555,1305031120.947488,data\rgbd_dataset_freiburg1_xyz\rgb\1305031120.947488.png,data\rgbd_dataset_freiburg1_xyz\depth\1305031120.947509.png,2.09808349609375e-05,0.0017881393432617188,1027,0.0138781999994535,0.0036514000003080582,0.004961000000548665,0.008612400000856724,0.007193700001153047,0.01580610000200977,0.02968430000146327,158162944
556,1305031120.983366,data\rgbd_dataset_freiburg1_xyz\rgb\1305031120.983366.png,data\rgbd_dataset_freiburg1_xyz\depth\1305031120.983390.png,2.4080276489257812e-05,0.0022339820861816406,1042,0.014066399999137502,0.003574799999114475,0.004799399999683374,0.008374199998797849,0.006747699999323231,0.01512189999812108,0.029188299997258582,158171136
557,1305031121.015019,data\rgbd_dataset_freiburg1_xyz\rgb\1305031121.015019.png,data\rgbd_dataset_freiburg1_xyz\depth\1305031121.015029.png,1.0013580322265625e-05,0.0005810260772705078,1043,0.014036900000064634,0.003677800001241849,0.004930400000375812,0.00860820000161766,0.007467499999620486,0.016075700001238147,0.03011260000130278,158179328
558,1305031121.047498,data\rgbd_dataset_freiburg1_xyz\rgb\1305031121.047498.png,data\rgbd_dataset_freiburg1_xyz\depth\1305031121.047755.png,0.0002570152282714844,0.001898050308227539,1055,0.016599599999608472,0.004369100000985782,0.005018699999709497,0.009387800000695279,0.006882300000143005,0.016270100000838283,0.032869700000446755,158195712
559,1305031121.083099,data\rgbd_dataset_freiburg1_xyz\rgb\1305031121.083099.png,data\rgbd_dataset_freiburg1_xyz\depth\1305031121.083117.png,1.811981201171875e-05,0.0025010108947753906,1041,0.013548099999752594,0.003723800000443589,0.005073399999673711,0.0087972000001173,0.0067144000004191184,0.015511600000536419,0.029059700000289013,158203904
560,1305031121.114696,data\rgbd_dataset_freiburg1_xyz\rgb\1305031121.114696.png,data\rgbd_dataset_freiburg1_xyz\depth\1305031121.114878.png,0.0001819133758544922,0.000904083251953125,1097,0.013747999999395688,0.003663800000140327,0.004695999999967171,0.008359800000107498,0.010001500000726082,0.01836130000083358,0.03210930000022927,158203904
561,1305031121.147331,data\rgbd_dataset_freiburg1_xyz\rgb\1305031121.147331.png,data\rgbd_dataset_freiburg1_xyz\depth\1305031121.147355.png,2.4080276489257812e-05,0.0017309188842773438,1123,0.014060400000744266,0.0035724999997910345,0.005247299999609822,0.008819799999400857,0.007300000001123408,0.016119800000524265,0.03018020000126853,158224384
562,1305031121.183271,data\rgbd_dataset_freiburg1_xyz\rgb\1305031121.183271.png,data\rgbd_dataset_freiburg1_xyz\depth\1305031121.183281.png,1.0013580322265625e-05,0.002329111099243164,1166,0.014170100001138053,0.0036339999987831106,0.005166799999642535,0.008800799998425646,0.0074421999997866806,0.016242999998212326,0.03041309999935038,158232576
563,1305031121.21142,data\rgbd_dataset_freiburg1_xyz\rgb\1305031121.211420.png,data\rgbd_dataset_freiburg1_xyz\depth\1305031121.211431.png,1.0967254638671875e-05,0.004179954528808594,1160,0.014056100000743754,0.003582299999834504,0.00532539999949222,0.008907699999326724,0.0070035000007919734,0.015911200000118697,0.02996730000086245,158240768
564,1305031121.247194,data\rgbd_dataset_freiburg1_xyz\rgb\1305031121.247194.png,data\rgbd_dataset_freiburg1_xyz\depth\1305031121.247201.png,6.9141387939453125e-06,0.0015940666198730469,1186,0.013871600000129547,0.0035921999988204334,0.005458600000565639,0.009050799999386072,0.010734999999840511,0.019785799999226583,0.03365739999935613,158244864
565,1305031121.282876,data\rgbd_dataset_freiburg1_xyz\rgb\1305031121.282876.png,data\rgbd_dataset_freiburg1_xyz\depth\1305031121.282822.png,5.412101745605469e-05,0.0027239322662353516,1202,0.013896200000090175,0.003559799999493407,0.00490669999999227,0.008466499999485677,0.007232500000100117,0.015698999999585794,0.02959519999967597,158253056
566,1305031121.313568,data\rgbd_dataset_freiburg1_xyz\rgb\1305031121.313568.png,data\rgbd_dataset_freiburg1_xyz\depth\1305031121.313588.png,1.9788742065429688e-05,0.0020318031311035156,1217,0.01384420000067621,0.0036317000012786593,0.004903799999738112,0.008535500001016771,0.007454200000211131,0.015989700001227902,0.029833900001904112,158261248
567,1305031121.347517,data\rgbd_dataset_freiburg1_xyz\rgb\1305031121.347517.png,data\rgbd_dataset_freiburg1_xyz\depth\1305031121.347540.png,2.288818359375e-05,0.001917123794555664,1235,0.013910399999076617,0.003637600000729435,0.00506630000018049,0.008703900000909925,0.007953700000143726,0.016657600001053652,0.03056800000013027,158265344
568,1305031121.383226,data\rgbd_dataset_freiburg1_xyz\rgb\1305031121.383226.png,data\rgbd_dataset_freiburg1_xyz\depth\1305031121.383248.png,2.2172927856445312e-05,0.0023741722106933594,1249,0.015049899999212357,0.0036273000005166978,0.005089999998745043,0.00871729999926174,0.008604399999967427,0.017321699999229168,0.032371599998441525,158277632
569,1305031121.414318,data\rgbd_dataset_freiburg1_xyz\rgb\1305031121.414318.png,data\rgbd_dataset_freiburg1_xyz\depth\1305031121.414328.png,1.0013580322265625e-05,0.0012819766998291016,1257,0.014065600000321865,0.0035939999997935956,0.004956299999321345,0.008550299999114941,0.007828200001313235,0.016378500000428176,0.03044410000075004,158314496
570,1305031121.447319,data\rgbd_dataset_freiburg1_xyz\rgb\1305031121.447319.png,data\rgbd_dataset_freiburg1_xyz\depth\1305031121.447024.png,0.0002949237823486328,0.0017189979553222656,1296,0.013994500000990229,0.003363899999385467,0.005248999999821535,0.008612899999207002,0.007601299999805633,0.016214199999012635,0.030208700000002864,158355456
571,1305031121.482964,data\rgbd_dataset_freiburg1_xyz\rgb\1305031121.482964.png,data\rgbd_dataset_freiburg1_xyz\depth\1305031121.483015.png,5.1021575927734375e-05,0.002635955810546875,1343,0.013809999998557032,0.0035862000004271977,0.005450300001029973,0.00903650000145717,0.007939799999803654,0.016976300001260825,0.030786299999817857,158355456
572,1305031121.514107,data\rgbd_dataset_freiburg1_xyz\rgb\1305031121.514107.png,data\rgbd_dataset_freiburg1_xyz\depth\1305031121.514164.png,5.698204040527344e-05,0.0014929771423339844,1340,0.014207400001396309,0.0035392999998293817,0.005202099999223719,0.008741399999053101,0.00826230000166106,0.01700370000071416,0.03121110000211047,158359552
573,1305031121.54727,data\rgbd_dataset_freiburg1_xyz\rgb\1305031121.547270.png,data\rgbd_dataset_freiburg1_xyz\depth\1305031121.546810.png,0.0004601478576660156,0.0016701221466064453,1328,0.01650359999985085,0.004387400000268826,0.005293000000165193,0.00968040000043402,0.007576300000437186,0.017256700000871206,0.033760300000722054,158363648
574,1305031121.583204,data\rgbd_dataset_freiburg1_xyz\rgb\1305031121.583204.png,data\rgbd_dataset_freiburg1_xyz\depth\1305031121.583213.png,9.059906005859375e-06,0.0023958683013916016,1316,0.014035999998668558,0.0035516999996616505,0.005140400000527734,0.008692100000189384,0.006805499999245512,0.015497599999434897,0.029533599998103455,158367744
575,1305031121.6147,data\rgbd_dataset_freiburg1_xyz\rgb\1305031121.614700.png,data\rgbd_dataset_freiburg1_xyz\depth\1305031121.614719.png,1.8835067749023438e-05,0.0009000301361083984,1312,0.013831400001436123,0.003562699999747565,0.005265399999188958,0.008828099998936523,0.007265100000950042,0.016093199999886565,0.029924600001322688,158375936
576,1305031121.647183,data\rgbd_dataset_freiburg1_xyz\rgb\1305031121.647183.png,data\rgbd_dataset_freiburg1_xyz\depth\1305031121.646966.png,0.00021696090698242188,0.0015828609466552734,1358,0.013668200001120567,0.0035475000004225876,0.004569900000205962,0.00811740000062855,0.0075034999990748474,0.015620899999703397,0.029289100000823964,158380032
577,1305031121.6832,data\rgbd_dataset_freiburg1_xyz\rgb\1305031121.683200.png,data\rgbd_dataset_freiburg1_xyz\depth\1305031121.683211.png,1.1205673217773438e-05,0.0024001598358154297,1351,0.013948700001492398,0.0035136000005877577,0.005026999999245163,0.00854059999983292,0.007324000000153319,0.01586459999998624,0.029813300001478638,158384128
578,1305031121.71452,data\rgbd_dataset_freiburg1_xyz\rgb\1305031121.714520.png,data\rgbd_dataset_freiburg1_xyz\depth\1305031121.714528.png,8.106231689453125e-06,0.0010800361633300781,1336,0.013904199999160483,0.003508900001179427,0.004984299999705399,0.008493200000884826,0.0071172999996633735,0.0156105000005482,0.029514699999708682,158396416
579,1305031121.747145,data\rgbd_dataset_freiburg1_xyz\rgb\1305031121.747145.png,data\rgbd_dataset_freiburg1_xyz\depth\1305031121.746484.png,0.0006608963012695312,0.0014450550079345703,1317,0.014068399999814574,0.0032538999985263217,0.0048956999999063555,0.008149599998432677,0.007339199999478296,0.015488799997910974,0.029557199997725547,158400512
580,1305031121.782835,data\rgbd_dataset_freiburg1_xyz\rgb\1305031121.782835.png,data\rgbd_dataset_freiburg1_xyz\depth\1305031121.782871.png,3.600120544433594e-05,0.0027649402618408203,1306,0.014162399998895125,0.0033929999990505166,0.005531699998755357,0.008924699997805874,0.010846099999980652,0.019770799997786526,0.03393319999668165,158408704
581,1305031121.81154,data\rgbd_dataset_freiburg1_xyz\rgb\1305031121.811540.png,data\rgbd_dataset_freiburg1_xyz\depth\1305031121.811545.png,5.0067901611328125e-06,0.004060029983520508,1304,0.013931199999206001,0.0034536999992269557,0.004923899999994319,0.008377599999221275,0.0074124999991909135,0.015790099998412188,0.02972129999761819,158412800
582,1305031121.847335,data\rgbd_dataset_freiburg1_xyz\rgb\1305031121.847335.png,data\rgbd_dataset_freiburg1_xyz\depth\1305031121.846870.png,0.00046515464782714844,0.0016350746154785156,1297,0.014343099999678088,0.0033433999997214414,0.005418800001280033,0.008762200001001474,0.0070875000001251465,0.01584970000112662,0.03019280000080471,158433280
583,1305031121.88206,data\rgbd_dataset_freiburg1_xyz\rgb\1305031121.882060.png,data\rgbd_dataset_freiburg1_xyz\depth\1305031121.882123.png,6.29425048828125e-05,0.0035400390625,1297,0.014045300000361749,0.00352529999872786,0.005534800000532414,0.009060099999260274,0.007147799999074778,0.01620789999833505,0.0302531999986968,158441472
584,1305031121.914931,data\rgbd_dataset_freiburg1_xyz\rgb\1305031121.914931.png,data\rgbd_dataset_freiburg1_xyz\depth\1305031121.914943.png,1.1920928955078125e-05,0.0006690025329589844,1271,0.014305400000012014,0.00345010000091861,0.004888999999820953,0.008339100000739563,0.0068448000001808396,0.015183900000920403,0.029489300000932417,158445568
585,1305031121.947288,data\rgbd_dataset_freiburg1_xyz\rgb\1305031121.947288.png,data\rgbd_dataset_freiburg1_xyz\depth\1305031121.947318.png,3.0040740966796875e-05,0.0016880035400390625,1273,0.014138700000330573,0.003345400000398513,0.0048635000002832385,0.008208900000681751,0.007625099999131635,0.015833999999813386,0.02997270000014396,158453760
586,1305031121.982926,data\rgbd_dataset_freiburg1_xyz\rgb\1305031121.982926.png,data\rgbd_dataset_freiburg1_xyz\depth\1305031121.982935.png,9.059906005859375e-06,0.002674102783203125,1272,0.013934900000094785,0.003322900000057416,0.004728300000351737,0.008051200000409153,0.00702869999986433,0.015079900000273483,0.029014800000368268,158457856
587,1305031122.014256,data\rgbd_dataset_freiburg1_xyz\rgb\1305031122.014256.png,data\rgbd_dataset_freiburg1_xyz\depth\1305031122.014424.png,0.00016808509826660156,0.0013439655303955078,1265,0.013504700000339653,0.0034814999999071006,0.005462799999804702,0.008944299999711802,0.006846199999927194,0.015790499999638996,0.02929519999997865,158461952
588,1305031122.047306,data\rgbd_dataset_freiburg1_xyz\rgb\1305031122.047306.png,data\rgbd_dataset_freiburg1_xyz\depth\1305031122.046908.png,0.0003981590270996094,0.0017061233520507812,1280,0.01354890000038722,0.0034106000002793735,0.005393899999035057,0.00880449999931443,0.0068982000011601485,0.01570270000047458,0.0292516000008618,158494720
589,1305031122.082959,data\rgbd_dataset_freiburg1_xyz\rgb\1305031122.082959.png,data\rgbd_dataset_freiburg1_xyz\depth\1305031122.082969.png,1.0013580322265625e-05,0.0028409957885742188,1288,0.013489400000253227,0.0036065999993297737,0.004826099999263533,0.008432699998593307,0.007399699999950826,0.015832399998544133,0.02932179999879736,158572544
590,1305031122.114672,data\rgbd_dataset_freiburg1_xyz\rgb\1305031122.114672.png,data\rgbd_dataset_freiburg1_xyz\depth\1305031122.114688.png,1.5974044799804688e-05,0.0009281635284423828,1301,0.013721799999984796,0.0033832000008260366,0.004873899999438436,0.008257100000264472,0.007709499999691616,0.015966599999956088,0.029688399999940884,158572544
591,1305031122.150725,data\rgbd_dataset_freiburg1_xyz\rgb\1305031122.150725.png,data\rgbd_dataset_freiburg1_xyz\depth\1305031122.150748.png,2.3126602172851562e-05,0.00487518310546875,1256,0.01625919999969483,0.004066900000907481,0.004891700000371202,0.008958600001278683,0.006837599999926169,0.015796200001204852,0.03205540000089968,158605312
592,1305031122.183042,data\rgbd_dataset_freiburg1_xyz\rgb\1305031122.183042.png,data\rgbd_dataset_freiburg1_xyz\depth\1305031122.183052.png,1.0013580322265625e-05,0.002557992935180664,1235,0.013870399998268113,0.003436699998928816,0.004860300001382711,0.008297000000311527,0.007613800000399351,0.01591080000071088,0.02978119999897899,158621696
593,1305031122.214959,data\rgbd_dataset_freiburg1_xyz\rgb\1305031122.214959.png,data\rgbd_dataset_freiburg1_xyz\depth\1305031122.214969.png,1.0013580322265625e-05,0.0006411075592041016,1245,0.013870400000087102,0.0034255000009579817,0.005307000001266715,0.008732500002224697,0.007077899999785586,0.015810400002010283,0.029680800002097385,158621696
594,1305031122.251319,data\rgbd_dataset_freiburg1_xyz\rgb\1305031122.251319.png,data\rgbd_dataset_freiburg1_xyz\depth\1305031122.251355.png,3.600120544433594e-05,0.004281044006347656,1211,0.013861499999620719,0.003581799999665236,0.004806299999472685,0.008388099999137921,0.006532999999762978,0.0149210999989009,0.02878259999852162,158638080
595,1305031122.28356,data\rgbd_dataset_freiburg1_xyz\rgb\1305031122.283560.png,data\rgbd_dataset_freiburg1_xyz\depth\1305031122.283866.png,0.0003058910369873047,0.0020399093627929688,1159,0.013487000000168337,0.0035731999996642116,0.005355899998903624,0.008929099998567835,0.006751200000508106,0.015680299999075942,0.02916729999924428,158654464
596,1305031122.314289,data\rgbd_dataset_freiburg1_xyz\rgb\1305031122.314289.png,data\rgbd_dataset_freiburg1_xyz\depth\1305031122.314309.png,1.9788742065429688e-05,0.0013108253479003906,1111,0.013792600000670063,0.003470999999990454,0.005299700000250596,0.00877070000024105,0.007059800000206451,0.0158305000004475,0.029623100001117564,158654464
597,1305031122.351327,data\rgbd_dataset_freiburg1_xyz\rgb\1305031122.351327.png,data\rgbd_dataset_freiburg1_xyz\depth\1305031122.351351.png,2.4080276489257812e-05,0.004273176193237305,1119,0.01371599999947648,0.00346229999922798,0.005012999999962631,0.00847529999919061,0.0077651999999943655,0.016240499999184976,0.029956499998661457,158658560
598,1305031122.38263,data\rgbd_dataset_freiburg1_xyz\rgb\1305031122.382630.png,data\rgbd_dataset_freiburg1_xyz\depth\1305031122.382678.png,4.792213439941406e-05,0.002869844436645508,1088,0.014203300001099706,0.0036010000003443565,0.00500110000029963,0.008602100000643986,0.007117700000890181,0.015719800001534168,0.029923100002633873,158666752
599,1305031122.414997,data\rgbd_dataset_freiburg1_xyz\rgb\1305031122.414997.png,data\rgbd_dataset_freiburg1_xyz\depth\1305031122.415008.png,1.0967254638671875e-05,0.0006029605865478516,1092,0.013755600000877166,0.003534500001478591,0.00518259999989823,0.00871710000137682,0.007065699999657227,0.015782800001034047,0.029538400001911214,158666752
600,1305031122.451257,data\rgbd_dataset_freiburg1_xyz\rgb\1305031122.451257.png,data\rgbd_dataset_freiburg1_xyz\depth\1305031122.451272.png,1.5020370483398438e-05,0.004242897033691406,1072,0.013827900000251248,0.003652400000646594,0.0054502999992109835,0.009102699999857577,0.006892600000355742,0.01599530000021332,0.029823200000464567,158670848
601,1305031122.48336,data\rgbd_dataset_freiburg1_xyz\rgb\1305031122.483360.png,data\rgbd_dataset_freiburg1_xyz\depth\1305031122.483388.png,2.7894973754882812e-05,0.0022399425506591797,1102,0.013634799999636016,0.0036736000001837965,0.004797199999302393,0.00847079999948619,0.007652300000700052,0.01612310000018624,0.029757899999822257,158679040
602,1305031122.515097,data\rgbd_dataset_freiburg1_xyz\rgb\1305031122.515097.png,data\rgbd_dataset_freiburg1_xyz\depth\1305031122.515135.png,3.814697265625e-05,0.0005030632019042969,1092,0.014188699999067467,0.003887599999870872,0.005297499999869615,0.009185099999740487,0.007314700000279117,0.016499800000019604,0.03068849999908707,158687232
603,1305031122.55149,data\rgbd_dataset_freiburg1_xyz\rgb\1305031122.551490.png,data\rgbd_dataset_freiburg1_xyz\depth\1305031122.551510.png,2.002716064453125e-05,0.00400996208190918,1105,0.01403559999926074,0.003632899999502115,0.004603299999871524,0.008236199999373639,0.007186099999671569,0.015422299999045208,0.029457899998305948,158691328
604,1305031122.583208,data\rgbd_dataset_freiburg1_xyz\rgb\1305031122.583208.png,data\rgbd_dataset_freiburg1_xyz\depth\1305031122.583217.png,8.821487426757812e-06,0.002391815185546875,1080,0.014179699999658624,0.003748999999515945,0.005014200000005076,0.00876319999952102,0.008101299999907496,0.016864499999428517,0.03104419999908714,158703616
605,1305031122.61498,data\rgbd_dataset_freiburg1_xyz\rgb\1305031122.614980.png,data\rgbd_dataset_freiburg1_xyz\depth\1305031122.615017.png,3.695487976074219e-05,0.0007200241088867188,1039,0.014310099999420345,0.003652699999292963,0.004558599999654689,0.008211299998947652,0.007168600001023151,0.015379899999970803,0.029689999999391148,158707712
606,1305031122.648788,data\rgbd_dataset_freiburg1_xyz\rgb\1305031122.648788.png,data\rgbd_dataset_freiburg1_xyz\depth\1305031122.648810.png,2.193450927734375e-05,0.003187894821166992,1054,0.017010399998980574,0.004520399999819347,0.004812600000150269,0.009332999999969616,0.007194899999376503,0.01652789999934612,0.03353829999832669,158724096
607,1305031122.683402,data\rgbd_dataset_freiburg1_xyz\rgb\1305031122.683402.png,data\rgbd_dataset_freiburg1_xyz\depth\1305031122.683420.png,1.7881393432617188e-05,0.0021979808807373047,1023,0.013953599998785648,0.0036510999998426996,0.005087699999421602,0.008738799999264302,0.006783700000596582,0.015522499999860884,0.029476099998646532,158728192
608,1305031122.715208,data\rgbd_dataset_freiburg1_xyz\rgb\1305031122.715208.png,data\rgbd_dataset_freiburg1_xyz\depth\1305031122.715219.png,1.0967254638671875e-05,0.00039196014404296875,1040,0.013997800000652205,0.0036890000010316726,0.0052042999996047,0.008893300000636373,0.006562800001120195,0.015456100001756568,0.029453900002408773,158736384
609,1305031122.751298,data\rgbd_dataset_freiburg1_xyz\rgb\1305031122.751298.png,data\rgbd_dataset_freiburg1_xyz\depth\1305031122.751309.png,1.0967254638671875e-05,0.004302024841308594,1051,0.013564800001404365,0.0038497999994433485,0.0051223999998910585,0.008972199999334407,0.0069704999987152405,0.015942699998049648,0.029507499999454012,158736384
610,1305031122.783423,data\rgbd_dataset_freiburg1_xyz\rgb\1305031122.783423.png,data\rgbd_dataset_freiburg1_xyz\depth\1305031122.783438.png,1.5020370483398438e-05,0.002177000045776367,1027,0.013914999999542488,0.00375010000061593,0.005073000000265893,0.008823100000881823,0.006915199999639299,0.01573830000052112,0.02965330000006361,158736384
611,1305031122.812555,data\rgbd_dataset_freiburg1_xyz\rgb\1305031122.812555.png,data\rgbd_dataset_freiburg1_xyz\depth\1305031122.812565.png,1.0013580322265625e-05,0.0030448436737060547,982,0.014066400000956492,0.0036402000005182344,0.004728400001113187,0.008368600001631421,0.007325700000365032,0.015694300001996453,0.029760700002952944,158744576
612,1305031122.851418,data\rgbd_dataset_freiburg1_xyz\rgb\1305031122.851418.png,data\rgbd_dataset_freiburg1_xyz\depth\1305031122.851486.png,6.794929504394531e-05,0.004182100296020508,960,0.013680399999429937,0.0036627000008593313,0.0050360000004729955,0.008698700001332327,0.007301600000573671,0.016000300001905998,0.029680700001335936,158752768
613,1305031122.883754,data\rgbd_dataset_freiburg1_xyz\rgb\1305031122.883754.png,data\rgbd_dataset_freiburg1_xyz\depth\1305031122.883775.png,2.09808349609375e-05,0.0018460750579833984,932,0.013428399999611429,0.0037050000009912765,0.004657700001189369,0.008362700002180645,0.010416600000098697,0.018779300002279342,0.03220770000189077,158756864
614,1305031122.914571,data\rgbd_dataset_freiburg1_xyz\rgb\1305031122.914571.png,data\rgbd_dataset_freiburg1_xyz\depth\1305031122.914585.png,1.4066696166992188e-05,0.0010290145874023438,893,0.014259400000810274,0.0038115999996080063,0.005320299998857081,0.009131899998465087,0.007593800000904594,0.01672569999936968,0.030985100000179955,158760960
615,1305031122.951341,data\rgbd_dataset_freiburg1_xyz\rgb\1305031122.951341.png,data\rgbd_dataset_freiburg1_xyz\depth\1305031122.951413.png,7.200241088867188e-05,0.0042591094970703125,898,0.014016400000400608,0.0036199000005581183,0.004747200000565499,0.008367100001123617,0.006558899998708512,0.014925999999832129,0.028942400000232738,158769152
616,1305031122.982815,data\rgbd_dataset_freiburg1_xyz\rgb\1305031122.982815.png,data\rgbd_dataset_freiburg1_xyz\depth\1305031122.983000.png,0.0001850128173828125,0.0027849674224853516,883,0.013795499999105232,0.0036808000004384667,0.005065599998488324,0.00874639999892679,0.007037399998807814,0.015783799997734604,0.029579299996839836,158773248
617,1305031123.01545,data\rgbd_dataset_freiburg1_xyz\rgb\1305031123.015450.png,data\rgbd_dataset_freiburg1_xyz\depth\1305031123.015462.png,1.1920928955078125e-05,5.0067901611328125e-05,870,0.01366529999904742,0.0037467000001925044,0.004816799999389332,0.008563499999581836,0.006514899998364854,0.01507839999794669,0.02874369999699411,158781440
618,1305031123.051827,data\rgbd_dataset_freiburg1_xyz\rgb\1305031123.051827.png,data\rgbd_dataset_freiburg1_xyz\depth\1305031123.051838.png,1.0967254638671875e-05,0.003873109817504883,862,0.013870500000848551,0.0036632000010285992,0.004802400000698981,0.00846560000172758,0.006426300000384799,0.01489190000211238,0.02876240000296093,158789632
619,1305031123.082975,data\rgbd_dataset_freiburg1_xyz\rgb\1305031123.082975.png,data\rgbd_dataset_freiburg1_xyz\depth\1305031123.082992.png,1.71661376953125e-05,0.002624988555908203,870,0.013541300000724732,0.003526399999827845,0.004762299999129027,0.008288699998956872,0.006555100000696257,0.014843799999653129,0.02838510000037786,158797824
620,1305031123.113873,data\rgbd_dataset_freiburg1_xyz\rgb\1305031123.113873.png,data\rgbd_dataset_freiburg1_xyz\depth\1305031123.113939.png,6.604194641113281e-05,0.0017271041870117188,887,0.014273900000262074,0.0037367999993875856,0.004932199999529985,0.00866899999891757,0.006274299999859068,0.014943299998776638,0.029217199999038712,158801920
621,1305031123.150822,data\rgbd_dataset_freiburg1_xyz\rgb\1305031123.150822.png,data\rgbd_dataset_freiburg1_xyz\depth\1305031123.150840.png,1.811981201171875e-05,0.004678010940551758,889,0.013618599999972503,0.003770799999983865,0.005050499999924796,0.00882129999990866,0.006528100000650738,0.015349400000559399,0.0289680000005319,158806016
622,1305031123.182155,data\rgbd_dataset_freiburg1_xyz\rgb\1305031123.182155.png,data\rgbd_dataset_freiburg1_xyz\depth\1305031123.182176.png,2.1219253540039062e-05,0.003345012664794922,853,0.013693099999727565,0.0038652000002912246,0.004873400001088157,0.008738600001379382,0.006497300000773976,0.015235900002153357,0.028929000001880922,158814208
623,1305031123.214704,data\rgbd_dataset_freiburg1_xyz\rgb\1305031123.214704.png,data\rgbd_dataset_freiburg1_xyz\depth\1305031123.214724.png,2.002716064453125e-05,0.0007960796356201172,854,0.01387550000072224,0.003631100000347942,0.004635999999663909,0.008267100000011851,0.006714799999826937,0.014981899999838788,0.02885740000056103,158818304
624,1305031123.250618,data\rgbd_dataset_freiburg1_xyz\rgb\1305031123.250618.png,data\rgbd_dataset_freiburg1_xyz\depth\1305031123.250641.png,2.3126602172851562e-05,0.004882097244262695,813,0.013559199998780969,0.0035527000000001863,0.004794700000275043,0.008347400000275229,0.006811100000049919,0.015158500000325148,0.028717699999106117,158822400
625,1305031123.282347,data\rgbd_dataset_freiburg1_xyz\rgb\1305031123.282347.png,data\rgbd_dataset_freiburg1_xyz\depth\1305031123.282363.png,1.5974044799804688e-05,0.0032529830932617188,756,0.01374249999935273,0.0037539999993896345,0.00438179999946442,0.008135799998854054,0.006798599999456201,0.014934399998310255,0.028676899997662986,158834688
626,1305031123.311327,data\rgbd_dataset_freiburg1_xyz\rgb\1305031123.311327.png,data\rgbd_dataset_freiburg1_xyz\depth\1305031123.320992.png,0.00966501235961914,0.004272937774658203,759,0.018589900000733905,0.0038527999986399664,0.004663800000344054,0.00851659999898402,0.009243399999832036,0.017759999998816056,0.03634989999954996,158838784
627,1305031123.350481,data\rgbd_dataset_freiburg1_xyz\rgb\1305031123.350481.png,data\rgbd_dataset_freiburg1_xyz\depth\1305031123.350493.png,1.1920928955078125e-05,0.004881143569946289,734,0.013307899998835637,0.003828500000963686,0.004616100000930601,0.008444600001894287,0.006577800000741263,0.01502240000263555,0.028330300001471187,158842880
628,1305031123.382255,data\rgbd_dataset_freiburg1_xyz\rgb\1305031123.382255.png,data\rgbd_dataset_freiburg1_xyz\depth\1305031123.382263.png,7.867813110351562e-06,0.003345012664794922,731,0.01307960000121966,0.00362910000148986,0.004545600000710692,0.008174700002200552,0.006248100000448176,0.014422800002648728,0.027502400003868388,158851072
629,1305031123.411363,data\rgbd_dataset_freiburg1_xyz\rgb\1305031123.411363.png,data\rgbd_dataset_freiburg1_xyz\depth\1305031123.421343.png,0.009980201721191406,0.004237174987792969,737,0.013422999998510932,0.0036908000001858454,0.004723200001535588,0.008414000001721433,0.006049399999028537,0.01446340000074997,0.027886399999260902,158867456
630,1305031123.451255,data\rgbd_dataset_freiburg1_xyz\rgb\1305031123.451255.png,data\rgbd_dataset_freiburg1_xyz\depth\1305031123.451266.png,1.0967254638671875e-05,0.004244804382324219,713,0.013056499999947846,0.00347680000049877,0.004751399999804562,0.008228200000303332,0.006220900000698748,0.01444910000100208,0.027505600000949926,158912512
631,1305031123.483594,data\rgbd_dataset_freiburg1_xyz\rgb\1305031123.483594.png,data\rgbd_dataset_freiburg1_xyz\depth\1305031123.483605.png,1.0967254638671875e-05,0.002006053924560547,709,0.01361700000052224,0.003751899999770103,0.0047260000010282965,0.0084779000007984,0.0061748999996780185,0.014652800000476418,0.028269800000998657,158916608
632,1305031123.51136,data\rgbd_dataset_freiburg1_xyz\rgb\1305031123.511360.png,data\rgbd_dataset_freiburg1_xyz\depth\1305031123.519725.png,0.008365154266357422,0.004140138626098633,734,0.013213599999289727,0.003532999999151798,0.004559299999527866,0.008092299998679664,0.00624950000019453,0.014341799998874194,0.02755539999816392,158920704
633,1305031123.551513,data\rgbd_dataset_freiburg1_xyz\rgb\1305031123.551513.png,data\rgbd_dataset_freiburg1_xyz\depth\1305031123.551573.png,6.008148193359375e-05,0.004086971282958984,729,0.013495100000000093,0.0036218000004737405,0.004629600000043865,0.008251400000517606,0.0066132000010838965,0.014864600001601502,0.028359700001601595,158920704
634,1305031123.579583,data\rgbd_dataset_freiburg1_xyz\rgb\1305031123.579583.png,data\rgbd_dataset_freiburg1_xyz\depth\1305031123.579616.png,3.314018249511719e-05,0.004082918167114258,717,0.013421800000287476,0.003628200000093784,0.004658400001062546,0.00828660000115633,0.006463199999416247,0.014749800000572577,0.028171600000860053,158928896
635,1305031123.611335,data\rgbd_dataset_freiburg1_xyz\rgb\1305031123.611335.png,data\rgbd_dataset_freiburg1_xyz\depth\1305031123.620387.png,0.009052038192749023,0.004164934158325195,736,0.013839999999618158,0.0036397999992914265,0.0050045999996655155,0.008644399998956942,0.006624800000281539,0.01526919999923848,0.02910919999885664,158932992
636,1305031123.652411,data\rgbd_dataset_freiburg1_xyz\rgb\1305031123.652411.png,data\rgbd_dataset_freiburg1_xyz\depth\1305031123.652430.png,1.9073486328125e-05,0.0031890869140625,733,0.013442100000247592,0.00401400000009744,0.005081100000097649,0.009095100000195089,0.0067555000005086185,0.015850600000703707,0.0292927000009513,158945280
637,1305031123.683753,data\rgbd_dataset_freiburg1_xyz\rgb\1305031123.683753.png,data\rgbd_dataset_freiburg1_xyz\depth\1305031123.683785.png,3.1948089599609375e-05,0.0018470287322998047,735,0.016339300000254298,0.004517499999565189,0.00502520000009099,0.009542699999656179,0.006867000000056578,0.016409699999712757,0.032748999999967054,158949376
638,1305031123.711323,data\rgbd_dataset_freiburg1_xyz\rgb\1305031123.711323.png,data\rgbd_dataset_freiburg1_xyz\depth\1305031123.719975.png,0.008651971817016602,0.004177093505859375,737,0.01591989999906218,0.004449000000022352,0.004902099999526399,0.009351099999548751,0.0064277000001311535,0.015778799999679904,0.031698699998742086,158953472
639,1305031123.751723,data\rgbd_dataset_freiburg1_xyz\rgb\1305031123.751723.png,data\rgbd_dataset_freiburg1_xyz\depth\1305031123.751980.png,0.0002570152282714844,0.003777027130126953,715,0.013617200000226148,0.0037317000005714362,0.00507119999929273,0.008802899999864167,0.006161999999676482,0.014964899999540648,0.028582099999766797,158990336
640,1305031123.783858,data\rgbd_dataset_freiburg1_xyz\rgb\1305031123.783858.png,data\rgbd_dataset_freiburg1_xyz\depth\1305031123.784138.png,0.0002799034118652344,0.0017418861389160156,732,0.013640799999848241,0.0036556000013661105,0.004603499999575433,0.008259100000941544,0.006117300001278636,0.01437640000222018,0.02801720000206842,159006720
641,1305031123.811608,data\rgbd_dataset_freiburg1_xyz\rgb\1305031123.811608.png,data\rgbd_dataset_freiburg1_xyz\depth\1305031123.819696.png,0.008087873458862305,0.0038919448852539062,724,0.013373400001000846,0.0037687999993067933,0.004558599999654689,0.008327399998961482,0.005933100001129787,0.01426050000009127,0.027633900001092115,159006720
642,1305031123.851444,data\rgbd_dataset_freiburg1_xyz\rgb\1305031123.851444.png,data\rgbd_dataset_freiburg1_xyz\depth\1305031123.851551.png,0.00010704994201660156,0.004055976867675781,728,0.013163300000087474,0.0035308000005898066,0.00488720000066678,0.008418000001256587,0.0064431999999214895,0.014861200001178076,0.02802450000126555,159014912
643,1305031123.883786,data\rgbd_dataset_freiburg1_xyz\rgb\1305031123.883786.png,data\rgbd_dataset_freiburg1_xyz\depth\1305031123.883819.png,3.314018249511719e-05,0.0017139911651611328,733,0.01329970000006142,0.0037277999999787426,0.0045743999999103835,0.008302199999889126,0.006142300000647083,0.014444500000536209,0.02774420000059763,159023104
644,1305031123.911243,data\rgbd_dataset_freiburg1_xyz\rgb\1305031123.911243.png,data\rgbd_dataset_freiburg1_xyz\depth\1305031123.915794.png,0.004550933837890625,0.0042569637298583984,731,0.013511899998775334,0.003751100000954466,0.004760199999509496,0.008511300000463962,0.0064171999983955175,0.014928499998859479,0.028440399997634813,159027200
645,1305031123.951442,data\rgbd_dataset_freiburg1_xyz\rgb\1305031123.951442.png,data\rgbd_dataset_freiburg1_xyz\depth\1305031123.951530.png,8.797645568847656e-05,0.00415802001953125,737,0.013155600001482526,0.003601800000978983,0.004558099999485421,0.008159900000464404,0.006246899998586741,0.014406799999051145,0.02756240000053367,159031296
646,1305031123.983415,data\rgbd_dataset_freiburg1_xyz\rgb\1305031123.983415.png,data\rgbd_dataset_freiburg1_xyz\depth\1305031123.983421.png,6.198883056640625e-06,0.0021851062774658203,723,0.013320699999894714,0.0037276000002748333,0.00462599999991653,0.008353600000191364,0.00619379999989178,0.014547400000083144,0.027868099999977858,159035392
647,1305031124.011302,data\rgbd_dataset_freiburg1_xyz\rgb\1305031124.011302.png,data\rgbd_dataset_freiburg1_xyz\depth\1305031124.019737.png,0.00843501091003418,0.0041980743408203125,727,0.013042399999903864,0.0037379999994300306,0.004896399999779533,0.008634399999209563,0.006814100001065526,0.01544850000027509,0.028490900000178954,159039488
648,1305031124.051505,data\rgbd_dataset_freiburg1_xyz\rgb\1305031124.051505.png,data\rgbd_dataset_freiburg1_xyz\depth\1305031124.051531.png,2.5987625122070312e-05,0.003994941711425781,738,0.013494899998477194,0.003883599998516729,0.004653600000892766,0.008537199999409495,0.0062658000006194925,0.014803000000028987,0.028297899998506182,159047680
649,1305031124.083837,data\rgbd_dataset_freiburg1_xyz\rgb\1305031124.083837.png,data\rgbd_dataset_freiburg1_xyz\depth\1305031124.083902.png,6.4849853515625e-05,0.0016629695892333984,729,0.013393000001087785,0.003786200000831741,0.00448320000032254,0.008269400001154281,0.0063343000001623295,0.01460370000131661,0.027996700002404395,159055872
650,1305031124.111331,data\rgbd_dataset_freiburg1_xyz\rgb\1305031124.111331.png,data\rgbd_dataset_freiburg1_xyz\depth\1305031124.119669.png,0.008337974548339844,0.004168987274169922,723,0.013313399998878594,0.0038270999993983423,0.004661999999370892,0.008489099998769234,0.006004700000630692,0.014493799999399926,0.02780719999827852,159055872
651,1305031124.147446,data\rgbd_dataset_freiburg1_xyz\rgb\1305031124.147446.png,data\rgbd_dataset_freiburg1_xyz\depth\1305031124.147458.png,1.2159347534179688e-05,0.0018458366394042969,738,0.013441099999909056,0.0038420000000769505,0.004704799999672105,0.008546799999749055,0.008922600000005332,0.017469399999754387,0.030910499999663443,159064064
652,1305031124.182694,data\rgbd_dataset_freiburg1_xyz\rgb\1305031124.182694.png,data\rgbd_dataset_freiburg1_xyz\depth\1305031124.182707.png,1.3113021850585938e-05,0.002805948257446289,729,0.013572500000009313,0.0037445999987539835,0.004694299999755458,0.008438899998509442,0.0060313000012683915,0.014470199999777833,0.028042699999787146,159076352
653,1305031124.211396,data\rgbd_dataset_freiburg1_xyz\rgb\1305031124.211396.png,data\rgbd_dataset_freiburg1_xyz\depth\1305031124.217179.png,0.0057830810546875,0.004104137420654297,720,0.013157899998986977,0.0037582000004476868,0.005116899999848101,0.008875100000295788,0.006033899999238201,0.01490899999953399,0.028066899998520967,159076352
654,1305031124.249327,data\rgbd_dataset_freiburg1_xyz\rgb\1305031124.249327.png,data\rgbd_dataset_freiburg1_xyz\depth\1305031124.249340.png,1.3113021850585938e-05,0.0038268566131591797,726,0.014265699999668868,0.003881500000716187,0.004912200000035227,0.008793700000751414,0.00641659999928379,0.015210300000035204,0.029475999999704072,159088640
655,1305031124.282545,data\rgbd_dataset_freiburg1_xyz\rgb\1305031124.282545.png,data\rgbd_dataset_freiburg1_xyz\depth\1305031124.282555.png,1.0013580322265625e-05,0.0029549598693847656,755,0.013496800000211806,0.0037241999998514075,0.004792600000655511,0.008516800000506919,0.006938099999388214,0.015454899999895133,0.02895170000010694,159100928
656,1305031124.311361,data\rgbd_dataset_freiburg1_xyz\rgb\1305031124.311361.png,data\rgbd_dataset_freiburg1_xyz\depth\1305031124.316782.png,0.0054209232330322266,0.004138946533203125,718,0.013234000000011292,0.0037677000000257976,0.004651600000215694,0.008419300000241492,0.0066263000007893424,0.015045600001030834,0.028279600001042127,159100928
657,1305031124.350354,data\rgbd_dataset_freiburg1_xyz\rgb\1305031124.350354.png,data\rgbd_dataset_freiburg1_xyz\depth\1305031124.350371.png,1.6927719116210938e-05,0.004853963851928711,730,0.013073699999949895,0.003787599998759106,0.004173100000116392,0.007960699998875498,0.006707599999572267,0.014668299998447765,0.02774199999839766,159105024
658,1305031124.38242,data\rgbd_dataset_freiburg1_xyz\rgb\1305031124.382420.png,data\rgbd_dataset_freiburg1_xyz\depth\1305031124.382432.png,1.1920928955078125e-05,0.0031800270080566406,749,0.013487199999872246,0.0037416999984998256,0.00463589999890246,0.008377599997402285,0.006389699999999721,0.014767299997402006,0.02825449999727425,159113216
659,1305031124.411439,data\rgbd_dataset_freiburg1_xyz\rgb\1305031124.411439.png,data\rgbd_dataset_freiburg1_xyz\depth\1305031124.418555.png,0.007116079330444336,0.004060983657836914,750,0.014294500000687549,0.003683999999338994,0.004663800000344054,0.008347799999683048,0.008880399998815847,0.017228199998498894,0.03152269999918644,159121408
660,1305031124.450245,data\rgbd_dataset_freiburg1_xyz\rgb\1305031124.450245.png,data\rgbd_dataset_freiburg1_xyz\depth\1305031124.450256.png,1.1205673217773438e-05,0.004644870758056641,766,0.01359510000111186,0.003823399998509558,0.004875800001173047,0.008699199999682605,0.009388200000103097,0.018087399999785703,0.03168250000089756,159125504
661,1305031124.480099,data\rgbd_dataset_freiburg1_xyz\rgb\1305031124.480099.png,data\rgbd_dataset_freiburg1_xyz\depth\1305031124.480126.png,2.6941299438476562e-05,0.004498958587646484,797,0.013521800001399242,0.0036600999992515426,0.0043048999996244675,0.00796499999887601,0.006228299998838338,0.014193299997714348,0.02771509999911359,159125504
662,1305031124.511324,data\rgbd_dataset_freiburg1_xyz\rgb\1305031124.511324.png,data\rgbd_dataset_freiburg1_xyz\depth\1305031124.516737.png,0.005413055419921875,0.004176139831542969,810,0.013748499999564956,0.003835700001218356,0.0043667999998433515,0.008202500001061708,0.0068019999998796266,0.015004500000941334,0.02875300000050629,159137792
663,1305031124.550437,data\rgbd_dataset_freiburg1_xyz\rgb\1305031124.550437.png,data\rgbd_dataset_freiburg1_xyz\depth\1305031124.550503.png,6.604194641113281e-05,0.004936933517456055,819,0.01363370000035502,0.0038312000015139347,0.004614100000253529,0.008445300001767464,0.009206599999743048,0.017651900001510512,0.03128560000186553,159145984
664,1305031124.579404,data\rgbd_dataset_freiburg1_xyz\rgb\1305031124.579404.png,data\rgbd_dataset_freiburg1_xyz\depth\1305031124.584606.png,0.005201816558837891,0.003904104232788086,840,0.013565799999923911,0.0037288999992597383,0.004830699999729404,0.008559599998989142,0.008718200000657816,0.01727779999964696,0.03084359999957087,159150080
665,1305031124.611358,data\rgbd_dataset_freiburg1_xyz\rgb\1305031124.611358.png,data\rgbd_dataset_freiburg1_xyz\depth\1305031124.617653.png,0.006294965744018555,0.004142045974731445,845,0.01407649999964633,0.0038271000012173317,0.004733699999633245,0.008560800000850577,0.006544599998960621,0.015105399999811198,0.029181899999457528,159158272
666,1305031124.651271,data\rgbd_dataset_freiburg1_xyz\rgb\1305031124.651271.png,data\rgbd_dataset_freiburg1_xyz\depth\1305031124.651313.png,4.1961669921875e-05,0.00432896614074707,879,0.013380800000959425,0.0036980999993829755,0.004966599999534083,0.008664699998917058,0.005841300000611227,0.014505999999528285,0.02788680000048771,159166464
667,1305031124.679362,data\rgbd_dataset_freiburg1_xyz\rgb\1305031124.679362.png,data\rgbd_dataset_freiburg1_xyz\depth\1305031124.685473.png,0.0061109066009521484,0.0037620067596435547,933,0.013439599999401253,0.004235200000039185,0.004845699999350472,0.009080899999389658,0.007184699999925215,0.016265599999314873,0.029705199998716125,159178752
668,1305031124.711251,data\rgbd_dataset_freiburg1_xyz\rgb\1305031124.711251.png,data\rgbd_dataset_freiburg1_xyz\depth\1305031124.715791.png,0.004539966583251953,0.004249095916748047,956,0.013831099999151775,0.003645900000265101,0.004617900000084774,0.008263800000349875,0.0066609999994398095,0.014924799999789684,0.02875589999894146,159182848
669,1305031124.74989,data\rgbd_dataset_freiburg1_xyz\rgb\1305031124.749890.png,data\rgbd_dataset_freiburg1_xyz\depth\1305031124.749941.png,5.1021575927734375e-05,0.00439000129699707,957,0.013808599998810678,0.0037021999996795785,0.004524699999819859,0.008226899999499437,0.006853499999124324,0.015080399998623761,0.02888899999743444,159186944
670,1305031124.779365,data\rgbd_dataset_freiburg1_xyz\rgb\1305031124.779365.png,data\rgbd_dataset_freiburg1_xyz\depth\1305031124.785178.png,0.005812883377075195,0.0038650035858154297,999,0.013888999999835505,0.0039109999997890554,0.005172399998627952,0.009083399998417008,0.006772799999453127,0.015856199997870135,0.02974519999770564,159186944
671,1305031124.81136,data\rgbd_dataset_freiburg1_xyz\rgb\1305031124.811360.png,data\rgbd_dataset_freiburg1_xyz\depth\1305031124.816641.png,0.005281209945678711,0.004140138626098633,1022,0.013542799999413546,0.0037919000005786074,0.0051717999995162245,0.008963700000094832,0.0068692999993800186,0.01583299999947485,0.029375799998888397,159191040
672,1305031124.850535,data\rgbd_dataset_freiburg1_xyz\rgb\1305031124.850535.png,data\rgbd_dataset_freiburg1_xyz\depth\1305031124.850559.png,2.4080276489257812e-05,0.004965066909790039,1050,0.020915299999614945,0.004351199999291566,0.00509309999870311,0.009444299997994676,0.009784800000488758,0.019229099998483434,0.04014439999809838,159203328
673,1305031124.879355,data\rgbd_dataset_freiburg1_xyz\rgb\1305031124.879355.png,data\rgbd_dataset_freiburg1_xyz\depth\1305031124.883594.png,0.004239082336425781,0.003754854202270508,1105,0.014665000000604778,0.0036397999992914265,0.004959199999575503,0.00859899999886693,0.006827400000474881,0.015426399999341811,0.03009139999994659,159203328
674,1305031124.911448,data\rgbd_dataset_freiburg1_xyz\rgb\1305031124.911448.png,data\rgbd_dataset_freiburg1_xyz\depth\1305031124.918770.png,0.007322072982788086,0.004152059555053711,1099,0.014159699998344877,0.0036460999999690102,0.005142299998624367,0.008788399998593377,0.006711099998938153,0.01549949999753153,0.029659199995876406,159252480
675,1305031124.95073,data\rgbd_dataset_freiburg1_xyz\rgb\1305031124.950730.png,data\rgbd_dataset_freiburg1_xyz\depth\1305031124.950748.png,1.7881393432617188e-05,0.004869937896728516,1075,0.014138599999569124,0.0035957000000053085,0.004787899999428191,0.0083835999994335,0.009932599999956437,0.018316199999389937,0.03245479999895906,159260672
676,1305031124.979438,data\rgbd_dataset_freiburg1_xyz\rgb\1305031124.979438.png,data\rgbd_dataset_freiburg1_xyz\depth\1305031124.986460.png,0.007021903991699219,0.003638029098510742,1084,0.014037699998880271,0.0038546999985555885,0.00447119999989809,0.008325899998453679,0.010076500000650412,0.01840239999910409,0.03244009999798436,159367168
677,1305031125.011454,data\rgbd_dataset_freiburg1_xyz\rgb\1305031125.011454.png,data\rgbd_dataset_freiburg1_xyz\depth\1305031125.019467.png,0.008013010025024414,0.004045963287353516,1121,0.014025000000401633,0.0035814999991998775,0.005024599999160273,0.00860609999836015,0.006773899998734123,0.015379999997094274,0.029404999997495906,159379456
678,1305031125.050763,data\rgbd_dataset_freiburg1_xyz\rgb\1305031125.050763.png,data\rgbd_dataset_freiburg1_xyz\depth\1305031125.050798.png,3.504753112792969e-05,0.004737138748168945,1166,0.013993399999890244,0.004294399999707821,0.005377500001486624,0.009671900001194444,0.006956399998671259,0.016628299999865703,0.030621699999755947,159383552
679,1305031125.079364,data\rgbd_dataset_freiburg1_xyz\rgb\1305031125.079364.png,data\rgbd_dataset_freiburg1_xyz\depth\1305031125.083480.png,0.0041158199310302734,0.0038640499114990234,1176,0.016698400000677793,0.004270100000212551,0.0052575000008801,0.009527600001092651,0.007384099999399041,0.016911700000491692,0.033610100001169485,159395840
680,1305031125.111364,data\rgbd_dataset_freiburg1_xyz\rgb\1305031125.111364.png,data\rgbd_dataset_freiburg1_xyz\depth\1305031125.119029.png,0.007665157318115234,0.004136085510253906,1205,0.013729000000239466,0.0037146000013308367,0.00581640000018524,0.009531000001516077,0.0077521000002889195,0.017283100001804996,0.031012100002044463,159399936
681,1305031125.151013,data\rgbd_dataset_freiburg1_xyz\rgb\1305031125.151013.png,data\rgbd_dataset_freiburg1_xyz\depth\1305031125.151037.png,2.4080276489257812e-05,0.0045871734619140625,1194,0.01476590000129363,0.0038388000011764234,0.005605299998933333,0.009444100000109756,0.011838899999929708,0.021283000000039465,0.036048900001333095,159404032
682,1305031125.179353,data\rgbd_dataset_freiburg1_xyz\rgb\1305031125.179353.png,data\rgbd_dataset_freiburg1_xyz\depth\1305031125.187064.png,0.007710933685302734,0.0037529468536376953,1197,0.014188700000886456,0.003622799998993287,0.005066199999419041,0.008688999998412328,0.006748199999492499,0.015437199997904827,0.029625899998791283,160030720
683,1305031125.21132,data\rgbd_dataset_freiburg1_xyz\rgb\1305031125.211320.png,data\rgbd_dataset_freiburg1_xyz\depth\1305031125.219018.png,0.00769805908203125,0.004180192947387695,1175,0.013866999999663676,0.0034396999999444233,0.005318399998941459,0.008758099998885882,0.007763199999317294,0.016521299998203176,0.030388299997866852,161640448
684,1305031125.250632,data\rgbd_dataset_freiburg1_xyz\rgb\1305031125.250632.png,data\rgbd_dataset_freiburg1_xyz\depth\1305031125.250642.png,1.0013580322265625e-05,0.004868030548095703,1180,0.013491699999576667,0.003611500000261003,0.0048504999995202525,0.008461999999781256,0.006986000000324566,0.015448000000105822,0.02893969999968249,161648640
685,1305031125.279467,data\rgbd_dataset_freiburg1_xyz\rgb\1305031125.279467.png,data\rgbd_dataset_freiburg1_xyz\depth\1305031125.286396.png,0.006928920745849609,0.0038671493530273438,1203,0.013292900001033559,0.0036350999998830957,0.0048413000004075,0.008476400000290596,0.007145100000343518,0.015621500000634114,0.028914400001667673,161656832
686,1305031125.311493,data\rgbd_dataset_freiburg1_xyz\rgb\1305031125.311493.png,data\rgbd_dataset_freiburg1_xyz\depth\1305031125.319140.png,0.007647037506103516,0.004007101058959961,1206,0.015723399999842513,0.0038248000000749016,0.004865099999733502,0.008689899999808404,0.007300799999939045,0.01599069999974745,0.03171409999958996,161660928
687,1305031125.34888,data\rgbd_dataset_freiburg1_xyz\rgb\1305031125.348880.png,data\rgbd_dataset_freiburg1_xyz\depth\1305031125.348899.png,1.8835067749023438e-05,0.002680063247680664,1226,0.014032600000064122,0.003738299999895389,0.005017200001020683,0.008755500000916072,0.007843000001230394,0.016598500002146466,0.030631100002210587,161697792
688,1305031125.379401,data\rgbd_dataset_freiburg1_xyz\rgb\1305031125.379401.png,data\rgbd_dataset_freiburg1_xyz\depth\1305031125.386792.png,0.0073909759521484375,0.0038008689880371094,1196,0.014302800000223215,0.0036205000014888356,0.005545100000745151,0.009165600002233987,0.007111400000212598,0.016277000002446584,0.0305798000026698,161701888
689,1305031125.411335,data\rgbd_dataset_freiburg1_xyz\rgb\1305031125.411335.png,data\rgbd_dataset_freiburg1_xyz\depth\1305031125.419574.png,0.008239030838012695,0.0042650699615478516,1217,0.014922700000170153,0.003659799998786184,0.005785400000604568,0.009445199999390752,0.00810300000011921,0.01754819999950996,0.032470899999680114,161718272
690,1305031125.451195,data\rgbd_dataset_freiburg1_xyz\rgb\1305031125.451195.png,data\rgbd_dataset_freiburg1_xyz\depth\1305031125.451232.png,3.695487976074219e-05,0.004405021667480469,1196,0.013378200001170626,0.0035499000005074777,0.005273999999189982,0.00882389999969746,0.007368000000496977,0.016191900000194437,0.029570100001365063,161718272
691,1305031125.479424,data\rgbd_dataset_freiburg1_xyz\rgb\1305031125.479424.png,data\rgbd_dataset_freiburg1_xyz\depth\1305031125.486999.png,0.007575035095214844,0.003823995590209961,1165,0.013113000000885222,0.0035800000005110633,0.00514629999997851,0.008726300000489573,0.006834400001025642,0.015560700001515215,0.028673700002400437,161734656
692,1305031125.511316,data\rgbd_dataset_freiburg1_xyz\rgb\1305031125.511316.png,data\rgbd_dataset_freiburg1_xyz\depth\1305031125.519354.png,0.008038043975830078,0.004283905029296875,1153,0.014546400001563597,0.003578299998480361,0.004720000000816071,0.008298299999296432,0.006916700000147102,0.015214999999443535,0.029761400001007132,161742848
693,1305031125.55102,data\rgbd_dataset_freiburg1_xyz\rgb\1305031125.551020.png,data\rgbd_dataset_freiburg1_xyz\depth\1305031125.551050.png,3.0040740966796875e-05,0.004480123519897461,1138,0.0132419999990816,0.003481899999314919,0.005229700000199955,0.008711599999514874,0.010468599999512662,0.019180199999027536,0.032422199998109136,161751040
694,1305031125.579308,data\rgbd_dataset_freiburg1_xyz\rgb\1305031125.579308.png,data\rgbd_dataset_freiburg1_xyz\depth\1305031125.585303.png,0.005995035171508789,0.0038080215454101562,1133,0.014772100001209765,0.0035095000002911547,0.005230700000538491,0.008740200000829645,0.010666500000297674,0.01940670000112732,0.034178800002337084,161751040
695,1305031125.611533,data\rgbd_dataset_freiburg1_xyz\rgb\1305031125.611533.png,data\rgbd_dataset_freiburg1_xyz\depth\1305031125.617870.png,0.006337165832519531,0.004067182540893555,1148,0.013585999999122578,0.0036593000004359055,0.00544620000073337,0.009105500001169275,0.007329899999604095,0.01643540000077337,0.030021399999895948,161755136
696,1305031125.650575,data\rgbd_dataset_freiburg1_xyz\rgb\1305031125.650575.png,data\rgbd_dataset_freiburg1_xyz\depth\1305031125.650354.png,0.00022101402282714844,0.005025148391723633,1113,0.013264900000649504,0.0035001999985979637,0.005003899999792338,0.008504099998390302,0.010958900000332505,0.019462999998722808,0.03272789999937231,161763328
697,1305031125.679328,data\rgbd_dataset_freiburg1_xyz\rgb\1305031125.679328.png,data\rgbd_dataset_freiburg1_xyz\depth\1305031125.684602.png,0.005274057388305664,0.0037279129028320312,1176,0.013678799999979674,0.0036562999994202983,0.005222099998718477,0.008878399998138775,0.007171899998866138,0.016050299997004913,0.029729099996984587,161767424
698,1305031125.711443,data\rgbd_dataset_freiburg1_xyz\rgb\1305031125.711443.png,data\rgbd_dataset_freiburg1_xyz\depth\1305031125.715669.png,0.004225969314575195,0.004057168960571289,1203,0.013428800000838237,0.0036951999991288176,0.005390300000726711,0.009085499999855529,0.007420899999488029,0.016506399999343557,0.029935200000181794,161771520
699,1305031125.75126,data\rgbd_dataset_freiburg1_xyz\rgb\1305031125.751260.png,data\rgbd_dataset_freiburg1_xyz\depth\1305031125.751292.png,3.1948089599609375e-05,0.0042400360107421875,1207,0.013365499999054009,0.003440099999352242,0.005178400000659167,0.008618500000011409,0.0072599000013724435,0.015878400001383852,0.02924390000043786,161775616
700,1305031125.779348,data\rgbd_dataset_freiburg1_xyz\rgb\1305031125.779348.png,data\rgbd_dataset_freiburg1_xyz\depth\1305031125.786805.png,0.00745701789855957,0.003847837448120117,1222,0.01346200000079989,0.0034801000001607463,0.004847300000619725,0.008327400000780472,0.007578299999295268,0.01590570000007574,0.02936770000087563,161779712
701,1305031125.811573,data\rgbd_dataset_freiburg1_xyz\rgb\1305031125.811573.png,data\rgbd_dataset_freiburg1_xyz\depth\1305031125.819450.png,0.007876873016357422,0.003926992416381836,1191,0.013615599998956895,0.0038811000013083685,0.005028400000810507,0.008909500002118875,0.006985300000451389,0.015894800002570264,0.02951040000152716,161787904
702,1305031125.847412,data\rgbd_dataset_freiburg1_xyz\rgb\1305031125.847412.png,data\rgbd_dataset_freiburg1_xyz\depth\1305031125.854774.png,0.007361888885498047,0.0019121170043945312,1192,0.01321740000093996,0.0035388000014791032,0.005054600000221399,0.008593400001700502,0.0073101999987557065,0.01590360000045621,0.02912100000139617,161800192
703,1305031125.879318,data\rgbd_dataset_freiburg1_xyz\rgb\1305031125.879318.png,data\rgbd_dataset_freiburg1_xyz\depth\1305031125.886645.png,0.007327079772949219,0.003818035125732422,1164,0.01335069999913685,0.003690400000778027,0.005240899999989779,0.008931300000767806,0.007543199999417993,0.0164745000001858,0.02982519999932265,161804288
704,1305031125.911305,data\rgbd_dataset_freiburg1_xyz\rgb\1305031125.911305.png,data\rgbd_dataset_freiburg1_xyz\depth\1305031125.919334.png,0.008028984069824219,0.004194974899291992,1209,0.015928200000416837,0.003618599999754224,0.005071800000223448,0.008690399999977672,0.006864500001029228,0.0155549000010069,0.031483100001423736,161808384
705,1305031125.947343,data\rgbd_dataset_freiburg1_xyz\rgb\1305031125.947343.png,data\rgbd_dataset_freiburg1_xyz\depth\1305031125.955252.png,0.007908821105957031,0.0016431808471679688,1186,0.013064400000075693,0.0037284999998519197,0.005154099999344908,0.008882599999196827,0.0075772000000142725,0.0164597999992111,0.029524199999286793,161816576
706,1305031125.979324,data\rgbd_dataset_freiburg1_xyz\rgb\1305031125.979324.png,data\rgbd_dataset_freiburg1_xyz\depth\1305031125.987094.png,0.00776982307434082,0.003823995590209961,1195,0.014966200000344543,0.003519800000503892,0.005165799999303999,0.008685599999807891,0.007549199999630218,0.01623479999943811,0.031200999999782653,161816576
707,1305031126.011333,data\rgbd_dataset_freiburg1_xyz\rgb\1305031126.011333.png,data\rgbd_dataset_freiburg1_xyz\depth\1305031126.019572.png,0.008239030838012695,0.004167079925537109,1208,0.013122199999997974,0.0035819000004266854,0.005284799999571987,0.008866699999998673,0.007891600000220933,0.016758300000219606,0.02988050000021758,161824768
708,1305031126.047324,data\rgbd_dataset_freiburg1_xyz\rgb\1305031126.047324.png,data\rgbd_dataset_freiburg1_xyz\depth\1305031126.055038.png,0.007714033126831055,0.0018239021301269531,1227,0.013566400000854628,0.0036909000009472948,0.005110600000989507,0.008801500001936802,0.007378600001175073,0.016180100003111875,0.029746500003966503,161832960
709,1305031126.079356,data\rgbd_dataset_freiburg1_xyz\rgb\1305031126.079356.png,data\rgbd_dataset_freiburg1_xyz\depth\1305031126.087076.png,0.007719993591308594,0.0037560462951660156,1185,0.013314899999386398,0.0035580000003392342,0.005208499998843763,0.008766499999182997,0.007097499999872525,0.015863999999055522,0.02917889999844192,161837056
710,1305031126.11137,data\rgbd_dataset_freiburg1_xyz\rgb\1305031126.111370.png,data\rgbd_dataset_freiburg1_xyz\depth\1305031126.119452.png,0.008081912994384766,0.004129886627197266,1122,0.013403599999946891,0.0035939000008511357,0.005510700000741053,0.009104600001592189,0.007570100000521052,0.01667470000211324,0.030078300002060132,161845248
711,1305031126.147432,data\rgbd_dataset_freiburg1_xyz\rgb\1305031126.147432.png,data\rgbd_dataset_freiburg1_xyz\depth\1305031126.155000.png,0.007567882537841797,0.0019321441650390625,1108,0.013417199999821605,0.0036721000014949823,0.005259399998976733,0.008931500000471715,0.007453399999576504,0.01638490000004822,0.029802099999869824,161853440
712,1305031126.179384,data\rgbd_dataset_freiburg1_xyz\rgb\1305031126.179384.png,data\rgbd_dataset_freiburg1_xyz\depth\1305031126.187174.png,0.007790088653564453,0.0038840770721435547,1080,0.013595899999927497,0.0036758999995072372,0.005099900001368951,0.008775800000876188,0.006981200000154786,0.015757000001030974,0.02935290000095847,161865728
713,1305031126.211319,data\rgbd_dataset_freiburg1_xyz\rgb\1305031126.211319.png,data\rgbd_dataset_freiburg1_xyz\depth\1305031126.219473.png,0.008153915405273438,0.0041811466217041016,1024,0.013270000001284643,0.003671000000394997,0.00496950000160723,0.008640500002002227,0.007067799999276758,0.015708300001278985,0.02897830000256363,161869824
714,1305031126.247298,data\rgbd_dataset_freiburg1_xyz\rgb\1305031126.247298.png,data\rgbd_dataset_freiburg1_xyz\depth\1305031126.255236.png,0.007937908172607422,0.0017979145050048828,947,0.013145999999323976,0.0037740000007033814,0.004891000000498025,0.008665000001201406,0.0068880000017088605,0.015553000002910267,0.028699000002234243,161878016
715,1305031126.279363,data\rgbd_dataset_freiburg1_xyz\rgb\1305031126.279363.png,data\rgbd_dataset_freiburg1_xyz\depth\1305031126.287105.png,0.007742166519165039,0.0038628578186035156,940,0.013233100000434206,0.0037336000004870584,0.004974600000423379,0.008708200000910438,0.006647000000157277,0.015355200001067715,0.02858830000150192,161882112
716,1305031126.311332,data\rgbd_dataset_freiburg1_xyz\rgb\1305031126.311332.png,data\rgbd_dataset_freiburg1_xyz\depth\1305031126.319787.png,0.008455038070678711,0.004168033599853516,903,0.013184999999793945,0.003759100000024773,0.004895800000667805,0.008654900000692578,0.006918900000528083,0.015573800001220661,0.028758800001014606,161882112
717,1305031126.347363,data\rgbd_dataset_freiburg1_xyz\rgb\1305031126.347363.png,data\rgbd_dataset_freiburg1_xyz\depth\1305031126.355415.png,0.00805211067199707,0.0017631053924560547,837,0.013058999998975196,0.0036024999990331708,0.004784999999174033,0.008387499998207204,0.006443500000386848,0.014830999998594052,0.027889999997569248,161882112
718,1305031126.379423,data\rgbd_dataset_freiburg1_xyz\rgb\1305031126.379423.png,data\rgbd_dataset_freiburg1_xyz\depth\1305031126.387483.png,0.008059978485107422,0.0037229061126708984,854,0.013097200000629527,0.003834600000118371,0.004929799999445095,0.008764399999563466,0.006489499999588588,0.015253899999152054,0.02835109999978158,161890304
719,1305031126.411465,data\rgbd_dataset_freiburg1_xyz\rgb\1305031126.411465.png,data\rgbd_dataset_freiburg1_xyz\depth\1305031126.419793.png,0.008327960968017578,0.004034996032714844,773,0.012712800000372226,0.003694199998790282,0.004877899998973589,0.008572099997763871,0.006621200000154204,0.015193299997918075,0.0279060999982903,161898496
720,1305031126.447361,data\rgbd_dataset_freiburg1_xyz\rgb\1305031126.447361.png,data\rgbd_dataset_freiburg1_xyz\depth\1305031126.455380.png,0.008018970489501953,0.0018610954284667969,749,0.013139700000465382,0.0036922999988746597,0.005155599999852711,0.008847899998727371,0.006175399999847286,0.015023299998574657,0.02816299999904004,161902592
721,1305031126.479533,data\rgbd_dataset_freiburg1_xyz\rgb\1305031126.479533.png,data\rgbd_dataset_freiburg1_xyz\depth\1305031126.490386.png,0.010853052139282227,0.003932952880859375,725,0.01298769999993965,0.0037682999991375254,0.004487199999857694,0.00825549999899522,0.006189699999595177,0.014445199998590397,0.027432899998530047,161910784
722,1305031126.51141,data\rgbd_dataset_freiburg1_xyz\rgb\1305031126.511410.png,data\rgbd_dataset_freiburg1_xyz\depth\1305031126.522321.png,0.010910987854003906,0.004090070724487305,718,0.013170399999580695,0.003560200000720215,0.0044495999991340796,0.008009799999854295,0.006503799999336479,0.014513599999190774,0.02768399999877147,161918976
723,1305031126.547374,data\rgbd_dataset_freiburg1_xyz\rgb\1305031126.547374.png,data\rgbd_dataset_freiburg1_xyz\depth\1305031126.558209.png,0.010834932327270508,0.0014739036560058594,727,0.013220399998317589,0.003730499998710002,0.004970600000888226,0.008701099999598227,0.006744399999661255,0.015445499999259482,0.02866589999757707,161923072
724,1305031126.579454,data\rgbd_dataset_freiburg1_xyz\rgb\1305031126.579454.png,data\rgbd_dataset_freiburg1_xyz\depth\1305031126.590176.png,0.010722160339355469,0.003854036331176758,703,0.01260780000120576,0.0035308000005898066,0.0050494000006438,0.008580200001233607,0.006428400000004331,0.015008600001237937,0.027616400002443697,161927168
725,1305031126.611528,data\rgbd_dataset_freiburg1_xyz\rgb\1305031126.611528.png,data\rgbd_dataset_freiburg1_xyz\depth\1305031126.618687.png,0.007158994674682617,0.003972053527832031,695,0.012756400001308066,0.0036005000001750886,0.004584300000715302,0.008184800000890391,0.005971500000669039,0.01415630000155943,0.026912700002867496,161943552
726,1305031126.647376,data\rgbd_dataset_freiburg1_xyz\rgb\1305031126.647376.png,data\rgbd_dataset_freiburg1_xyz\depth\1305031126.654474.png,0.007097959518432617,0.0018761157989501953,694,0.012854900000093039,0.0037611999996443046,0.005057399999714107,0.008818599999358412,0.00647699999899487,0.015295599998353282,0.02815049999844632,161959936
727,1305031126.679479,data\rgbd_dataset_freiburg1_xyz\rgb\1305031126.679479.png,data\rgbd_dataset_freiburg1_xyz\depth\1305031126.690022.png,0.010543107986450195,0.0038788318634033203,677,0.01295159999972384,0.0037039999988337513,0.004859599999690545,0.008563599998524296,0.006596900000658934,0.01516049999918323,0.02811209999890707,161959936
728,1305031126.711583,data\rgbd_dataset_freiburg1_xyz\rgb\1305031126.711583.png,data\rgbd_dataset_freiburg1_xyz\depth\1305031126.715770.png,0.004187107086181641,0.003917217254638672,678,0.013419500000964035,0.003672099999675993,0.004917999998724554,0.008590099998400547,0.006877600000734674,0.01546769999913522,0.028887200000099256,158031872
729,1305031126.747316,data\rgbd_dataset_freiburg1_xyz\rgb\1305031126.747316.png,data\rgbd_dataset_freiburg1_xyz\depth\1305031126.755374.png,0.00805807113647461,0.0017158985137939453,645,0.015477799999644049,0.003811399999904097,0.0050200999994558515,0.008831499999359949,0.006621999998969841,0.01545349999832979,0.030931299997973838,161349632
730,1305031126.779379,data\rgbd_dataset_freiburg1_xyz\rgb\1305031126.779379.png,data\rgbd_dataset_freiburg1_xyz\depth\1305031126.787565.png,0.008186101913452148,0.0038788318634033203,650,0.013144399999873713,0.003721400000358699,0.0047790000007807976,0.008500400001139496,0.008824200000162818,0.017324600001302315,0.030469000001176028,161447936
731,1305031126.811602,data\rgbd_dataset_freiburg1_xyz\rgb\1305031126.811602.png,data\rgbd_dataset_freiburg1_xyz\depth\1305031126.819929.png,0.00832676887512207,0.003997802734375,663,0.01330959999904735,0.0037092000002303394,0.004528800000116462,0.008238000000346801,0.006274699999266886,0.014512699999613687,0.027822299998661038,161677312
732,1305031126.847343,data\rgbd_dataset_freiburg1_xyz\rgb\1305031126.847343.png,data\rgbd_dataset_freiburg1_xyz\depth\1305031126.858378.png,0.011034965515136719,0.0018429756164550781,679,0.012923300000693416,0.0036134000001766253,0.004607599999872036,0.008221000000048662,0.006421000000045751,0.014642000000094413,0.02756530000078783,161718272
733,1305031126.879357,data\rgbd_dataset_freiburg1_xyz\rgb\1305031126.879357.png,data\rgbd_dataset_freiburg1_xyz\depth\1305031126.888154.png,0.008796930313110352,0.0033571720123291016,681,0.013107799999488634,0.003529300000082003,0.004972900000211666,0.00850220000029367,0.00608749999992142,0.014589700000215089,0.027697499999703723,161738752
734,1305031126.911364,data\rgbd_dataset_freiburg1_xyz\rgb\1305031126.911364.png,data\rgbd_dataset_freiburg1_xyz\depth\1305031126.919409.png,0.008044958114624023,0.004135847091674805,677,0.012982600001123501,0.0035862999993696576,0.004536000000371132,0.00812229999974079,0.006505100000140374,0.014627399999881163,0.027610000001004664,161742848
735,1305031126.947437,data\rgbd_dataset_freiburg1_xyz\rgb\1305031126.947437.png,data\rgbd_dataset_freiburg1_xyz\depth\1305031126.955501.png,0.008064031600952148,0.0019371509552001953,686,0.013005799999518786,0.003630400000474765,0.004699600000094506,0.008330000000569271,0.006459300000642543,0.014789300001211814,0.0277951000007306,161755136
736,1305031126.979337,data\rgbd_dataset_freiburg1_xyz\rgb\1305031126.979337.png,data\rgbd_dataset_freiburg1_xyz\depth\1305031126.987316.png,0.00797891616821289,0.0037369728088378906,685,0.01310149999881105,0.003639900000052876,0.004898299999695155,0.00853819999974803,0.00616730000001553,0.01470549999976356,0.02780699999857461,161771520
737,1305031127.011371,data\rgbd_dataset_freiburg1_xyz\rgb\1305031127.011371.png,data\rgbd_dataset_freiburg1_xyz\depth\1305031127.019524.png,0.008153200149536133,0.004229068756103516,693,0.012946400000146241,0.0035148000006302027,0.004440700000486686,0.007955500001116889,0.005704999999579741,0.01366050000069663,0.02660690000084287,161775616
738,1305031127.047297,data\rgbd_dataset_freiburg1_xyz\rgb\1305031127.047297.png,data\rgbd_dataset_freiburg1_xyz\depth\1305031127.053318.png,0.006021022796630859,0.0017969608306884766,684,0.012791400000423891,0.0033875999997690087,0.0046119999988150084,0.007999599998584017,0.0059505999997782055,0.013950199998362223,0.026741599998786114,161812480
739,1305031127.079299,data\rgbd_dataset_freiburg1_xyz\rgb\1305031127.079299.png,data\rgbd_dataset_freiburg1_xyz\depth\1305031127.088649.png,0.009350061416625977,0.003798961639404297,688,0.012785700000677025,0.0034517000003688736,0.004569300001094234,0.008021000001463108,0.005941900000834721,0.013962900002297829,0.026748600002974854,161824768
740,1305031127.111435,data\rgbd_dataset_freiburg1_xyz\rgb\1305031127.111435.png,data\rgbd_dataset_freiburg1_xyz\depth\1305031127.120963.png,0.009528160095214844,0.004065036773681641,702,0.013204199998654076,0.003776200001084362,0.00510020000001532,0.008876400001099682,0.0058886999995593214,0.014765100000659004,0.02796929999931308,161841152
741,1305031127.147307,data\rgbd_dataset_freiburg1_xyz\rgb\1305031127.147307.png,data\rgbd_dataset_freiburg1_xyz\depth\1305031127.157692.png,0.01038503646850586,0.0018069744110107422,689,0.012866499999290681,0.00362670000140497,0.004746700000396231,0.008373400001801201,0.0057988999997178325,0.014172300001519034,0.027038800000809715,161841152
742,1305031127.179349,data\rgbd_dataset_freiburg1_xyz\rgb\1305031127.179349.png,data\rgbd_dataset_freiburg1_xyz\depth\1305031127.187500.png,0.008151054382324219,0.0037488937377929688,701,0.012834999999540742,0.0035492999995767605,0.004684700001234887,0.008234000000811648,0.006312600000455859,0.014546600001267507,0.02738160000080825,161849344
743,1305031127.2117,data\rgbd_dataset_freiburg1_xyz\rgb\1305031127.211700.png,data\rgbd_dataset_freiburg1_xyz\depth\1305031127.221831.png,0.010131120681762695,0.0038001537322998047,686,0.013166199998522643,0.00385669999923266,0.004531399999905261,0.008388099999137921,0.005739700000049197,0.014127799999187118,0.02729399999770976,161853440
744,1305031127.247374,data\rgbd_dataset_freiburg1_xyz\rgb\1305031127.247374.png,data\rgbd_dataset_freiburg1_xyz\depth\1305031127.259761.png,0.01238703727722168,0.0018739700317382812,683,0.013199900000472553,0.003750600000785198,0.00467209999987972,0.008422700000664918,0.006284600000071805,0.014707300000736723,0.027907200001209276,161853440
745,1305031127.279465,data\rgbd_dataset_freiburg1_xyz\rgb\1305031127.279465.png,data\rgbd_dataset_freiburg1_xyz\depth\1305031127.287038.png,0.007573127746582031,0.003964900970458984,689,0.013075799999569426,0.003702099998918129,0.004677200000514858,0.008379299999432988,0.008752399999139016,0.017131699998572003,0.03020749999814143,161865728
746,1305031127.311362,data\rgbd_dataset_freiburg1_xyz\rgb\1305031127.311362.png,data\rgbd_dataset_freiburg1_xyz\depth\1305031127.320468.png,0.009105920791625977,0.004137992858886719,661,0.013390699999945355,0.0034372999998595333,0.005107000000862172,0.008544300000721705,0.006270800000493182,0.014815100001214887,0.02820580000116024,161894400
747,1305031127.347356,data\rgbd_dataset_freiburg1_xyz\rgb\1305031127.347356.png,data\rgbd_dataset_freiburg1_xyz\depth\1305031127.353407.png,0.006050825119018555,0.0017561912536621094,689,0.01321519999873999,0.003653899999335408,0.004510800001298776,0.008164700000634184,0.00608480000119016,0.014249500001824345,0.027464700000564335,161910784
748,1305031127.379262,data\rgbd_dataset_freiburg1_xyz\rgb\1305031127.379262.png,data\rgbd_dataset_freiburg1_xyz\depth\1305031127.383713.png,0.00445103645324707,0.0037620067596435547,720,0.01329280000027211,0.0037235999989206903,0.004852800000662683,0.008576399999583373,0.008530099999916274,0.017106499999499647,0.030399299999771756,161914880
749,1305031127.411371,data\rgbd_dataset_freiburg1_xyz\rgb\1305031127.411371.png,data\rgbd_dataset_freiburg1_xyz\depth\1305031127.419650.png,0.008279085159301758,0.004029035568237305,717,0.013429399999949965,0.003707399999257177,0.00444450000031793,0.008151899999575107,0.00582609999946726,0.013977999999042368,0.027407399998992332,161931264
750,1305031127.447333,data\rgbd_dataset_freiburg1_xyz\rgb\1305031127.447333.png,data\rgbd_dataset_freiburg1_xyz\depth\1305031127.454246.png,0.006912946701049805,0.001833200454711914,700,0.014126699999906123,0.003933100000722334,0.00488489999952435,0.008818000000246684,0.006529199999931734,0.015347200000178418,0.02947390000008454,161959936
751,1305031127.479362,data\rgbd_dataset_freiburg1_xyz\rgb\1305031127.479362.png,data\rgbd_dataset_freiburg1_xyz\depth\1305031127.487200.png,0.007838010787963867,0.0038619041442871094,706,0.013152999999874737,0.003547899999830406,0.0051391999986662995,0.008687099998496706,0.0062796999991405755,0.014966799997637281,0.02811979999751202,161968128
752,1305031127.511356,data\rgbd_dataset_freiburg1_xyz\rgb\1305031127.511356.png,data\rgbd_dataset_freiburg1_xyz\depth\1305031127.521900.png,0.0105438232421875,0.004143953323364258,697,0.01328769999963697,0.0035819000004266854,0.0048736999997345265,0.008455600000161212,0.0083228000003146,0.016778400000475813,0.030066100000112783,161972224
753,1305031127.547348,data\rgbd_dataset_freiburg1_xyz\rgb\1305031127.547348.png,data\rgbd_dataset_freiburg1_xyz\depth\1305031127.553725.png,0.006376981735229492,0.001847982406616211,711,0.013363000000026659,0.003717700001288904,0.0052740999999514315,0.008991800001240335,0.006468300000051386,0.015460100001291721,0.02882310000131838,161976320
754,1305031127.579345,data\rgbd_dataset_freiburg1_xyz\rgb\1305031127.579345.png,data\rgbd_dataset_freiburg1_xyz\depth\1305031127.586632.png,0.007287025451660156,0.0038449764251708984,704,0.01320800000030431,0.0035575999991124263,0.004811200000403915,0.008368799999516341,0.005799700000352459,0.0141684999998688,0.02737650000017311,161976320
755,1305031127.611271,data\rgbd_dataset_freiburg1_xyz\rgb\1305031127.611271.png,data\rgbd_dataset_freiburg1_xyz\depth\1305031127.620657.png,0.009386062622070312,0.004129171371459961,699,0.013119600000209175,0.0035886999994545477,0.004606099999364233,0.00819479999881878,0.006502199999886216,0.014696999998704996,0.02781659999891417,161984512
756,1305031127.647358,data\rgbd_dataset_freiburg1_xyz\rgb\1305031127.647358.png,data\rgbd_dataset_freiburg1_xyz\depth\1305031127.654656.png,0.007297992706298828,0.0016579627990722656,687,0.01332899999943038,0.0037345999990066048,0.004433900001458824,0.008168500000465428,0.006354000001010718,0.014522500001476146,0.027851500000906526,161992704
757,1305031127.679298,data\rgbd_dataset_freiburg1_xyz\rgb\1305031127.679298.png,data\rgbd_dataset_freiburg1_xyz\depth\1305031127.687110.png,0.007812023162841797,0.0037980079650878906,708,0.013229000000137603,0.003840499999569147,0.004782899999554502,0.008623399999123649,0.005956500001047971,0.01457990000017162,0.027808900000309222,162021376
758,1305031127.711375,data\rgbd_dataset_freiburg1_xyz\rgb\1305031127.711375.png,data\rgbd_dataset_freiburg1_xyz\depth\1305031127.723210.png,0.011835098266601562,0.004125118255615234,727,0.013283700000101817,0.0036522999998851446,0.00506870000026538,0.008721000000150525,0.0065781000012066215,0.015299100001357147,0.028582800001458963,162025472
759,1305031127.747304,data\rgbd_dataset_freiburg1_xyz\rgb\1305031127.747304.png,data\rgbd_dataset_freiburg1_xyz\depth\1305031127.754694.png,0.007390022277832031,0.0018038749694824219,703,0.012925199998790049,0.0035724999997910345,0.004457400000319467,0.008029900000110501,0.008211299998947652,0.016241199999058153,0.029166399997848202,162025472
760,1305031127.779346,data\rgbd_dataset_freiburg1_xyz\rgb\1305031127.779346.png,data\rgbd_dataset_freiburg1_xyz\depth\1305031127.787641.png,0.008295059204101562,0.0038459300994873047,719,0.013269400000353926,0.0037014999998064013,0.004694600000220817,0.008396100000027218,0.008812699999907636,0.017208799999934854,0.03047820000028878,162029568
761,1305031127.811829,data\rgbd_dataset_freiburg1_xyz\rgb\1305031127.811829.png,data\rgbd_dataset_freiburg1_xyz\depth\1305031127.820128.png,0.008298873901367188,0.003670930862426758,734,0.013373899999351124,0.003624500001023989,0.0050408000006427756,0.008665300001666765,0.00876570000036736,0.017431000002034125,0.03080490000138525,162037760
762,1305031127.847366,data\rgbd_dataset_freiburg1_xyz\rgb\1305031127.847366.png,data\rgbd_dataset_freiburg1_xyz\depth\1305031127.855132.png,0.007766008377075195,0.001766204833984375,725,0.013413900000159629,0.0038336000015988247,0.004797499999767751,0.008631100001366576,0.005856699999640114,0.01448780000100669,0.02790170000116632,162058240
763,1305031127.87938,data\rgbd_dataset_freiburg1_xyz\rgb\1305031127.879380.png,data\rgbd_dataset_freiburg1_xyz\depth\1305031127.887122.png,0.0077419281005859375,0.003880023956298828,723,0.024428000000625616,0.003954100000555627,0.00423889999910898,0.008192999999664607,0.00657619999947201,0.014769199999136617,0.03919719999976223,162082816
764,1305031127.911476,data\rgbd_dataset_freiburg1_xyz\rgb\1305031127.911476.png,data\rgbd_dataset_freiburg1_xyz\depth\1305031127.922560.png,0.01108407974243164,0.004024028778076172,710,0.013565799999923911,0.003625700001066434,0.004858799999055918,0.008484500000122353,0.005953699999736273,0.014438199999858625,0.028003999999782536,162111488
765,1305031127.947366,data\rgbd_dataset_freiburg1_xyz\rgb\1305031127.947366.png,data\rgbd_dataset_freiburg1_xyz\depth\1305031127.955088.png,0.007721900939941406,0.0018661022186279297,711,0.01329009999972186,0.0037377999997261213,0.004492699999900651,0.008230499999626772,0.005916699999943376,0.014147199999570148,0.02743729999929201,162119680
766,1305031127.979371,data\rgbd_dataset_freiburg1_xyz\rgb\1305031127.979371.png,data\rgbd_dataset_freiburg1_xyz\depth\1305031127.987093.png,0.007721900939941406,0.0038709640502929688,714,0.013119200000801357,0.003619099999923492,0.004821300000912743,0.008440400000836235,0.00854589999835298,0.016986299999189214,0.03010549999999057,162119680
767,1305031128.011427,data\rgbd_dataset_freiburg1_xyz\rgb\1305031128.011427.png,data\rgbd_dataset_freiburg1_xyz\depth\1305031128.021776.png,0.010349035263061523,0.0039730072021484375,683,0.013201000001572538,0.003615600000557606,0.004618200000550132,0.008233800001107738,0.005773499999122578,0.014007300000230316,0.027208300001802854,162127872
768,1305031128.047369,data\rgbd_dataset_freiburg1_xyz\rgb\1305031128.047369.png,data\rgbd_dataset_freiburg1_xyz\depth\1305031128.055718.png,0.008348941802978516,0.0018689632415771484,699,0.013101100001222221,0.003717499999766005,0.0052407000002858695,0.008958200000051875,0.009215500000209431,0.018173700000261306,0.03127480000148353,162131968
769,1305031128.079334,data\rgbd_dataset_freiburg1_xyz\rgb\1305031128.079334.png,data\rgbd_dataset_freiburg1_xyz\depth\1305031128.087206.png,0.007871866226196289,0.003734111785888672,698,0.01321520000055898,0.003942999999708263,0.004526699998677941,0.008469699998386204,0.006519799999296083,0.014989499997682287,0.028204699998241267,162140160
770,1305031128.111391,data\rgbd_dataset_freiburg1_xyz\rgb\1305031128.111391.png,data\rgbd_dataset_freiburg1_xyz\depth\1305031128.124746.png,0.013355016708374023,0.004108905792236328,689,0.01351989999966463,0.003716799999892828,0.005197699998461758,0.008914499998354586,0.006234600001334911,0.015149099999689497,0.028668999999354128,162144256
771,1305031128.147418,data\rgbd_dataset_freiburg1_xyz\rgb\1305031128.147418.png,data\rgbd_dataset_freiburg1_xyz\depth\1305031128.157782.png,0.010364055633544922,0.0019180774688720703,692,0.01301689999854716,0.003594700001485762,0.004629600000043865,0.008224300001529627,0.006050399999367073,0.0142747000008967,0.02729159999944386,162144256
772,1305031128.17935,data\rgbd_dataset_freiburg1_xyz\rgb\1305031128.179350.png,data\rgbd_dataset_freiburg1_xyz\depth\1305031128.187221.png,0.007871150970458984,0.0038499832153320312,699,0.013320399999429355,0.003755599998839898,0.005530000000362634,0.009285599999202532,0.006419100000130129,0.01570469999933266,0.029025099998762016,162152448
773,1305031128.211447,data\rgbd_dataset_freiburg1_xyz\rgb\1305031128.211447.png,data\rgbd_dataset_freiburg1_xyz\depth\1305031128.225442.png,0.013994932174682617,0.0040531158447265625,678,0.014230599999791593,0.003761499998290674,0.004685199999585166,0.00844669999787584,0.006111200000304962,0.014557899998180801,0.028788499997972394,162160640
774,1305031128.24748,data\rgbd_dataset_freiburg1_xyz\rgb\1305031128.247480.png,data\rgbd_dataset_freiburg1_xyz\depth\1305031128.256007.png,0.008527040481567383,0.001979827880859375,682,0.013359200000195415,0.0035468000005494105,0.004852799998843693,0.008399599999393104,0.00663170000007085,0.015031299999463954,0.02839049999965937,162172928
775,1305031128.279336,data\rgbd_dataset_freiburg1_xyz\rgb\1305031128.279336.png,data\rgbd_dataset_freiburg1_xyz\depth\1305031128.291275.png,0.011939048767089844,0.003835916519165039,679,0.013393799999903422,0.003646600000138278,0.004408199998579221,0.008054799998717499,0.006299099999523605,0.014353899998241104,0.027747699998144526,162181120
776,1305031128.311483,data\rgbd_dataset_freiburg1_xyz\rgb\1305031128.311483.png,data\rgbd_dataset_freiburg1_xyz\depth\1305031128.324170.png,0.012687206268310547,0.0040171146392822266,676,0.06116640000072948,0.0035766000000876375,0.0048606000000290805,0.008437200000116718,0.006328100000246195,0.014765300000362913,0.0759317000010924,162181120
777,1305031128.347423,data\rgbd_dataset_freiburg1_xyz\rgb\1305031128.347423.png,data\rgbd_dataset_freiburg1_xyz\depth\1305031128.355206.png,0.007782936096191406,0.0019230842590332031,670,0.015614400001140893,0.0035986999992019264,0.005058599999756552,0.008657299998958479,0.008593200000177603,0.017250499999136082,0.032864900000276975,162181120
778,1305031128.379404,data\rgbd_dataset_freiburg1_xyz\rgb\1305031128.379404.png,data\rgbd_dataset_freiburg1_xyz\depth\1305031128.391397.png,0.011992931365966797,0.003904104232788086,680,0.013405499999862514,0.0036092999998800224,0.0043965999993815785,0.008005899999261601,0.005353199998353375,0.013359099997614976,0.02676459999747749,162189312
779,1305031128.411337,data\rgbd_dataset_freiburg1_xyz\rgb\1305031128.411337.png,data\rgbd_dataset_freiburg1_xyz\depth\1305031128.423609.png,0.012272119522094727,0.004063129425048828,688,0.01304820000041218,0.003681099999084836,0.004568899999867426,0.008249999998952262,0.0064742999984446215,0.014724299997396884,0.027772499997809064,162189312
780,1305031128.447296,data\rgbd_dataset_freiburg1_xyz\rgb\1305031128.447296.png,data\rgbd_dataset_freiburg1_xyz\depth\1305031128.455499.png,0.00820302963256836,0.001895904541015625,655,0.015945199998895987,0.004433199999766657,0.0050641999987419695,0.009497399998508627,0.009147500000835862,0.01864489999934449,0.034590099998240476,162193408
781,1305031128.479296,data\rgbd_dataset_freiburg1_xyz\rgb\1305031128.479296.png,data\rgbd_dataset_freiburg1_xyz\depth\1305031128.489523.png,0.010226964950561523,0.0037958621978759766,672,0.01338680000117165,0.003760300000067218,0.004686099999162252,0.00844639999922947,0.009321999999883701,0.01776839999911317,0.03115520000028482,162197504
782,1305031128.511433,data\rgbd_dataset_freiburg1_xyz\rgb\1305031128.511433.png,data\rgbd_dataset_freiburg1_xyz\depth\1305031128.523604.png,0.012171030044555664,0.004167079925537109,670,0.01587209999888728,0.004314300000260118,0.004761000000144122,0.00907530000040424,0.00589860000036424,0.01497390000076848,0.03084599999965576,162205696
783,1305031128.547399,data\rgbd_dataset_freiburg1_xyz\rgb\1305031128.547399.png,data\rgbd_dataset_freiburg1_xyz\depth\1305031128.555639.png,0.008239984512329102,0.0018990039825439453,679,0.012995600000067498,0.003764499999306281,0.004335100000389502,0.008099599999695783,0.005725700000766665,0.013825300000462448,0.026820900000529946,162217984
784,1305031128.579455,data\rgbd_dataset_freiburg1_xyz\rgb\1305031128.579455.png,data\rgbd_dataset_freiburg1_xyz\depth\1305031128.591460.png,0.012005090713500977,0.003954887390136719,665,0.013206699999500415,0.003698100001201965,0.004762000000482658,0.008460100001684623,0.008854199999404955,0.017314300001089578,0.030521000000589993,162222080
785,1305031128.611395,data\rgbd_dataset_freiburg1_xyz\rgb\1305031128.611395.png,data\rgbd_dataset_freiburg1_xyz\depth\1305031128.623368.png,0.011973142623901367,0.004105091094970703,684,0.013185400001020753,0.003651499999250518,0.004687900000135414,0.008339399999385932,0.005887799999982235,0.014227199999368167,0.02741260000038892,162230272
786,1305031128.647352,data\rgbd_dataset_freiburg1_xyz\rgb\1305031128.647352.png,data\rgbd_dataset_freiburg1_xyz\depth\1305031128.655554.png,0.008202075958251953,0.0018520355224609375,689,0.013090499998725136,0.003799399999479647,0.005075799999758601,0.008875199999238248,0.005830000000059954,0.014705199999298202,0.027795699998023338,162230272
787,1305031128.679282,data\rgbd_dataset_freiburg1_xyz\rgb\1305031128.679282.png,data\rgbd_dataset_freiburg1_xyz\depth\1305031128.690449.png,0.011167049407958984,0.003782033920288086,676,0.013354299999264185,0.0035616000004665693,0.004871799999818904,0.008433400000285474,0.0060819000009360025,0.014515300001221476,0.02786960000048566,162230272
788,1305031128.711457,data\rgbd_dataset_freiburg1_xyz\rgb\1305031128.711457.png,data\rgbd_dataset_freiburg1_xyz\depth\1305031128.722976.png,0.01151895523071289,0.004043102264404297,680,0.013255500000013853,0.0037325000012060627,0.004515800001172465,0.008248300002378528,0.00578499999937776,0.014033300001756288,0.02728880000177014,162230272
789,1305031128.747363,data\rgbd_dataset_freiburg1_xyz\rgb\1305031128.747363.png,data\rgbd_dataset_freiburg1_xyz\depth\1305031128.754646.png,0.00728297233581543,0.0018630027770996094,697,0.013071300001683994,0.003669600000648643,0.004707899999630172,0.008377500000278815,0.006181299999298062,0.014558799999576877,0.02763010000126087,162230272
