frame_index,rgb_timestamp,rgb_path,depth_path,rgb_depth_offset_s,rgb_ground_truth_offset_s,point_count,rgbd_read_runtime_s,base_preprocessing_runtime_s,normal_estimation_runtime_s,preprocessing_runtime_s,registration_runtime_s,compute_runtime_s,input_to_pose_runtime_s,process_rss_bytes_after_frame
0,1305031102.175304,data\rgbd_dataset_freiburg1_xyz\rgb\1305031102.175304.png,data\rgbd_dataset_freiburg1_xyz\depth\1305031102.160407.png,0.014896869659423828,0.0004961490631103516,1286,0.008785699999862118,0.0019162000007781899,0.004852199999731965,0.006768400000510155,0.0,0.006768400000510155,0.015554100000372273,147771392
1,1305031102.211214,data\rgbd_dataset_freiburg1_xyz\rgb\1305031102.211214.png,data\rgbd_dataset_freiburg1_xyz\depth\1305031102.226738.png,0.015523910522460938,0.004685878753662109,1294,0.009697999999843887,0.0030489999990095384,0.007548900000983849,0.010597899999993388,0.010422299999845563,0.02102019999983895,0.030718199999682838,148983808
2,1305031102.275326,data\rgbd_dataset_freiburg1_xyz\rgb\1305031102.275326.png,data\rgbd_dataset_freiburg1_xyz\depth\1305031102.262886.png,0.012439966201782227,0.00047397613525390625,1181,0.013595500000519678,0.003662600000097882,0.006707900000037625,0.010370500000135507,0.008517700000084005,0.018888200000219513,0.03248370000073919,149037056
3,1305031102.311267,data\rgbd_dataset_freiburg1_xyz\rgb\1305031102.311267.png,data\rgbd_dataset_freiburg1_xyz\depth\1305031102.295279.png,0.015987873077392578,0.004533052444458008,1158,0.014249699999709264,0.0036291999986133305,0.006082899999455549,0.00971209999806888,0.007676500001252862,0.01738859999932174,0.031638299999031005,149393408
4,1305031102.343233,data\rgbd_dataset_freiburg1_xyz\rgb\1305031102.343233.png,data\rgbd_dataset_freiburg1_xyz\depth\1305031102.329195.png,0.0140380859375,0.002566814422607422,1047,0.013910600000599516,0.003494299999147188,0.004658500000005006,0.008152799999152194,0.007725199999185861,0.015877999998338055,0.02978859999893757,149413888
5,1305031102.375329,data\rgbd_dataset_freiburg1_xyz\rgb\1305031102.375329.png,data\rgbd_dataset_freiburg1_xyz\depth\1305031102.363013.png,0.012315988540649414,0.00047087669372558594,1067,0.013951099999758299,0.003582800000003772,0.0043191000004298985,0.00790190000043367,0.006407800001397845,0.014309700001831516,0.028260800001589814,150081536
6,1305031102.411258,data\rgbd_dataset_freiburg1_xyz\rgb\1305031102.411258.png,data\rgbd_dataset_freiburg1_xyz\depth\1305031102.394772.png,0.016485929489135742,0.004642009735107422,1031,0.013482400001521455,0.0037854000001971144,0.0043276999986119336,0.008113099998809048,0.006252300001506228,0.014365400000315276,0.02784780000183673,150269952
7,1305031102.443271,data\rgbd_dataset_freiburg1_xyz\rgb\1305031102.443271.png,data\rgbd_dataset_freiburg1_xyz\depth\1305031102.427815.png,0.015455961227416992,0.002529144287109375,1005,0.013426299999991897,0.003514099998938036,0.004700600000433042,0.008214699999371078,0.006569899998794426,0.014784599998165504,0.0282108999981574,150274048
8,1305031102.475318,data\rgbd_dataset_freiburg1_xyz\rgb\1305031102.475318.png,data\rgbd_dataset_freiburg1_xyz\depth\1305031102.462395.png,0.012923002243041992,0.0004820823669433594,1017,0.013421399999060668,0.003853099999105325,0.004463299999770243,0.008316399998875568,0.007623999999850639,0.015940399998726207,0.029361799997786875,150265856
9,1305031102.511219,data\rgbd_dataset_freiburg1_xyz\rgb\1305031102.511219.png,data\rgbd_dataset_freiburg1_xyz\depth\1305031102.526330.png,0.015110969543457031,0.0046808719635009766,930,0.013590500000645989,0.0037092000002303394,0.00427270000000135,0.00798190000023169,0.006336200000077952,0.014318100000309641,0.02790860000095563,150274048
10,1305031102.575286,data\rgbd_dataset_freiburg1_xyz\rgb\1305031102.575286.png,data\rgbd_dataset_freiburg1_xyz\depth\1305031102.562224.png,0.013062000274658203,0.000614166259765625,883,0.013351999999940745,0.0035957000000053085,0.004358799998954055,0.007954499998959363,0.006374300000970834,0.014328799999930197,0.027680799999870942,150282240
11,1305031102.611233,data\rgbd_dataset_freiburg1_xyz\rgb\1305031102.611233.png,data\rgbd_dataset_freiburg1_xyz\depth\1305031102.626818.png,0.015584945678710938,0.004667043685913086,842,0.01353469999958179,0.0037396000006992836,0.004031000000395579,0.007770600001094863,0.008958000000347965,0.016728600001442828,0.030263300001024618,150282240
12,1305031102.675285,data\rgbd_dataset_freiburg1_xyz\rgb\1305031102.675285.png,data\rgbd_dataset_freiburg1_xyz\depth\1305031102.663273.png,0.012012004852294922,0.0006148815155029297,794,0.014702100001159124,0.003553600001396262,0.004414199998791446,0.007967800000187708,0.006262400000196067,0.014230200000383775,0.0289323000015429,152788992
13,1305031102.711263,data\rgbd_dataset_freiburg1_xyz\rgb\1305031102.711263.png,data\rgbd_dataset_freiburg1_xyz\depth\1305031102.695165.png,0.0160980224609375,0.004637002944946289,779,0.01307700000143086,0.003514599999107304,0.00427769999987504,0.007792299998982344,0.006299500000750413,0.014091799999732757,0.027168800001163618,150921216
14,1305031102.743234,data\rgbd_dataset_freiburg1_xyz\rgb\1305031102.743234.png,data\rgbd_dataset_freiburg1_xyz\depth\1305031102.728423.png,0.014810800552368164,0.002566099166870117,747,0.013319499999852269,0.003537500000675209,0.004071100000146544,0.0076086000008217525,0.005856300000232295,0.013464900001054048,0.026784400000906317,150884352
15,1305031102.775472,data\rgbd_dataset_freiburg1_xyz\rgb\1305031102.775472.png,data\rgbd_dataset_freiburg1_xyz\depth\1305031102.763549.png,0.011922836303710938,0.00032806396484375,791,0.013417599999229424,0.003864300000714138,0.0044226999998500105,0.008287000000564149,0.005902799999603303,0.014189800000167452,0.027607399999396876,150884352
16,1305031102.811232,data\rgbd_dataset_freiburg1_xyz\rgb\1305031102.811232.png,data\rgbd_dataset_freiburg1_xyz\depth\1305031102.794978.png,0.016254186630249023,0.004667997360229492,765,0.01354910000009113,0.0037479000002349494,0.004124799999772222,0.007872700000007171,0.006220799999937299,0.01409349999994447,0.0276426000000356,150884352
17,1305031102.84329,data\rgbd_dataset_freiburg1_xyz\rgb\1305031102.843290.png,data\rgbd_dataset_freiburg1_xyz\depth\1305031102.828537.png,0.014753103256225586,0.0025098323822021484,698,0.014102400000410853,0.0036124999987805495,0.004300299999158597,0.007912799997939146,0.006123999999545049,0.014036799997484195,0.028139199997895048,150888448
18,1305031102.875363,data\rgbd_dataset_freiburg1_xyz\rgb\1305031102.875363.png,data\rgbd_dataset_freiburg1_xyz\depth\1305031102.862808.png,0.012555122375488281,0.0004367828369140625,718,0.01366069999858155,0.003696400000990252,0.00410109999938868,0.007797500000378932,0.005824699999720906,0.013622200000099838,0.027282899998681387,150888448
19,1305031102.911185,data\rgbd_dataset_freiburg1_xyz\rgb\1305031102.911185.png,data\rgbd_dataset_freiburg1_xyz\depth\1305031102.926851.png,0.01566600799560547,0.0047149658203125,679,0.013600600001154817,0.003677400000015041,0.004396899999846937,0.008074299999861978,0.00641899999936868,0.014493299999230658,0.028093900000385474,150896640
20,1305031102.975203,data\rgbd_dataset_freiburg1_xyz\rgb\1305031102.975203.png,data\rgbd_dataset_freiburg1_xyz\depth\1305031102.962137.png,0.01306605339050293,0.0006968975067138672,649,0.01563209999949322,0.00432369999907678,0.0041967999986809446,0.008520499997757724,0.0061569999998027924,0.014677499997560517,0.030309599997053738,150896640
21,1305031103.011215,data\rgbd_dataset_freiburg1_xyz\rgb\1305031103.011215.png,data\rgbd_dataset_freiburg1_xyz\depth\1305031102.994164.png,0.017050981521606445,0.004684925079345703,671,0.013533999999708612,0.0036285999995016027,0.004475800000363961,0.008104399999865564,0.005870499999218737,0.0139748999990843,0.027508899998792913,150908928
22,1305031103.043227,data\rgbd_dataset_freiburg1_xyz\rgb\1305031103.043227.png,data\rgbd_dataset_freiburg1_xyz\depth\1305031103.027881.png,0.015346050262451172,0.0025730133056640625,653,0.013608399998702225,0.003725500000655302,0.004111199999897508,0.00783670000055281,0.006043400000635302,0.013880100001188111,0.027488499999890337,150908928
23,1305031103.075319,data\rgbd_dataset_freiburg1_xyz\rgb\1305031103.075319.png,data\rgbd_dataset_freiburg1_xyz\depth\1305031103.062273.png,0.013046026229858398,0.00048089027404785156,632,0.013632199999847217,0.0038159999985509785,0.00444210000023304,0.008258099998784019,0.005821000000651111,0.01407909999943513,0.027711299999282346,150913024
24,1305031103.11124,data\rgbd_dataset_freiburg1_xyz\rgb\1305031103.111240.png,data\rgbd_dataset_freiburg1_xyz\depth\1305031103.094040.png,0.017199993133544922,0.004559993743896484,623,0.013537799999539857,0.0038033000000723405,0.003947299999708775,0.007750599999781116,0.005648299998938455,0.013398899998719571,0.026936699998259428,150913024
25,1305031103.143318,data\rgbd_dataset_freiburg1_xyz\rgb\1305031103.143318.png,data\rgbd_dataset_freiburg1_xyz\depth\1305031103.129109.png,0.01420903205871582,0.002582073211669922,623,0.013613200000690995,0.0035700000007636845,0.004063100001076236,0.007633100001839921,0.005530000000362634,0.013163100002202555,0.02677630000289355,150913024
26,1305031103.175452,data\rgbd_dataset_freiburg1_xyz\rgb\1305031103.175452.png,data\rgbd_dataset_freiburg1_xyz\depth\1305031103.162795.png,0.012656927108764648,0.00034809112548828125,594,0.013480999999956111,0.0034336000007897383,0.004306200000428362,0.0077398000012181,0.006112799999755225,0.013852600000973325,0.027333600000929437,150913024
27,1305031103.243216,data\rgbd_dataset_freiburg1_xyz\rgb\1305031103.243216.png,data\rgbd_dataset_freiburg1_xyz\depth\1305031103.227845.png,0.015371084213256836,0.0025839805603027344,581,0.01586910000150965,0.0036366999993333593,0.00407190000078117,0.007708600000114529,0.005398300001616008,0.013106900001730537,0.028976000003240188,150913024
28,1305031103.27537,data\rgbd_dataset_freiburg1_xyz\rgb\1305031103.275370.png,data\rgbd_dataset_freiburg1_xyz\depth\1305031103.262576.png,0.012793779373168945,0.00043010711669921875,545,0.01312070000130916,0.0035763999985647388,0.004292899999200017,0.007869299997764756,0.005596799999693758,0.013466099997458514,0.026586799998767674,150917120
29,1305031103.31121,data\rgbd_dataset_freiburg1_xyz\rgb\1305031103.311210.png,data\rgbd_dataset_freiburg1_xyz\depth\1305031103.294208.png,0.017001867294311523,0.004590034484863281,532,0.01345019999826036,0.003682900000057998,0.004132699999900069,0.007815599999958067,0.0052157999998598825,0.01303139999981795,0.02648159999807831,150921216
30,1305031103.343223,data\rgbd_dataset_freiburg1_xyz\rgb\1305031103.343223.png,data\rgbd_dataset_freiburg1_xyz\depth\1305031103.327550.png,0.015673160552978516,0.0026769638061523438,531,0.01380799999969895,0.0038967000000411645,0.004046800000651274,0.007943500000692438,0.005915399999139481,0.01385889999983192,0.02766689999953087,150921216
31,1305031103.375327,data\rgbd_dataset_freiburg1_xyz\rgb\1305031103.375327.png,data\rgbd_dataset_freiburg1_xyz\depth\1305031103.362405.png,0.012922048568725586,0.0005729198455810547,511,0.013716800000111107,0.0036044999997102423,0.003920900000593974,0.0075254000003042165,0.005508099999133265,0.013033499999437481,0.026750299999548588,150921216
32,1305031103.41126,data\rgbd_dataset_freiburg1_xyz\rgb\1305031103.411260.png,data\rgbd_dataset_freiburg1_xyz\depth\1305031103.394162.png,0.017097949981689453,0.004540205001831055,503,0.013639799999509705,0.0036591000007319963,0.003936099999918952,0.007595200000650948,0.005484700001034071,0.013079900001685019,0.026719700001194724,150921216
33,1305031103.44328,data\rgbd_dataset_freiburg1_xyz\rgb\1305031103.443280.png,data\rgbd_dataset_freiburg1_xyz\depth\1305031103.428437.png,0.014842987060546875,0.0025200843811035156,502,0.01402790000065579,0.00359530000059749,0.003838700000414974,0.007434000001012464,0.005675899999914691,0.013109900000927155,0.027137800001582946,151359488
34,1305031103.475274,data\rgbd_dataset_freiburg1_xyz\rgb\1305031103.475274.png,data\rgbd_dataset_freiburg1_xyz\depth\1305031103.463886.png,0.011388063430786133,0.0006258487701416016,519,0.01357070000085514,0.0036750999988726107,0.003956999998990796,0.007632099997863406,0.005681599999661557,0.013313699997524964,0.026884399998380104,151363584
35,1305031103.511333,data\rgbd_dataset_freiburg1_xyz\rgb\1305031103.511333.png,data\rgbd_dataset_freiburg1_xyz\depth\1305031103.494472.png,0.0168609619140625,0.004667043685913086,525,0.013644999999087304,0.0035910999995394377,0.003724599999259226,0.007315699998798664,0.005320000000210712,0.012635699999009375,0.02628069999809668,151363584
36,1305031103.543444,data\rgbd_dataset_freiburg1_xyz\rgb\1305031103.543444.png,data\rgbd_dataset_freiburg1_xyz\depth\1305031103.531502.png,0.011941909790039062,0.0023560523986816406,536,0.013480000001436565,0.0037248999997245846,0.0038169999988895142,0.007541899998614099,0.005398500001319917,0.012940399999934016,0.02642040000137058,151367680
37,1305031103.575474,data\rgbd_dataset_freiburg1_xyz\rgb\1305031103.575474.png,data\rgbd_dataset_freiburg1_xyz\depth\1305031103.562651.png,0.012823104858398438,0.0004260540008544922,544,0.013478499999109772,0.003627000000051339,0.004056199999467935,0.007683199999519275,0.006016799999997602,0.013699999999516876,0.02717849999862665,151367680
38,1305031103.611223,data\rgbd_dataset_freiburg1_xyz\rgb\1305031103.611223.png,data\rgbd_dataset_freiburg1_xyz\depth\1305031103.595310.png,0.015913009643554688,0.0046770572662353516,570,0.013455199999953038,0.0036086000000068452,0.003935700000511133,0.007544300000517978,0.005660599999828264,0.013204900000346242,0.02666010000029928,151470080
39,1305031103.643445,data\rgbd_dataset_freiburg1_xyz\rgb\1305031103.643445.png,data\rgbd_dataset_freiburg1_xyz\depth\1305031103.631376.png,0.012068986892700195,0.0023550987243652344,615,0.013614699999379809,0.0037307999991753604,0.004078099998878315,0.0078088999980536755,0.005371300001570489,0.013180199999624165,0.026794899999003974,151539712
40,1305031103.675523,data\rgbd_dataset_freiburg1_xyz\rgb\1305031103.675523.png,data\rgbd_dataset_freiburg1_xyz\depth\1305031103.663594.png,0.011929035186767578,0.0002770423889160156,644,0.01353930000004766,0.0037587000006169546,0.004095000000233995,0.00785370000085095,0.005886299999474431,0.01374000000032538,0.02727930000037304,151539712
41,1305031103.71161,data\rgbd_dataset_freiburg1_xyz\rgb\1305031103.711610.png,data\rgbd_dataset_freiburg1_xyz\depth\1305031103.694695.png,0.016915082931518555,0.004189968109130859,662,0.013960000000224682,0.0036677999996754806,0.004283999998733634,0.007951799998409115,0.005892000001040287,0.013843799999449402,0.027803799999674084,151543808
42,1305031103.743326,data\rgbd_dataset_freiburg1_xyz\rgb\1305031103.743326.png,data\rgbd_dataset_freiburg1_xyz\depth\1305031103.731542.png,0.011783838272094727,0.002474069595336914,679,0.013661000000865897,0.003744199999346165,0.004003699999884702,0.007747899999230867,0.006334599998808699,0.014082499998039566,0.027743499998905463,151543808
43,1305031103.775342,data\rgbd_dataset_freiburg1_xyz\rgb\1305031103.775342.png,data\rgbd_dataset_freiburg1_xyz\depth\1305031103.762865.png,0.012476921081542969,0.00045800209045410156,734,0.013961799999378854,0.003646500001195818,0.004262599999492522,0.00790910000068834,0.005686299999069888,0.013595399999758229,0.027557199999137083,151543808
44,1305031103.811242,data\rgbd_dataset_freiburg1_xyz\rgb\1305031103.811242.png,data\rgbd_dataset_freiburg1_xyz\depth\1305031103.794329.png,0.016913175582885742,0.0046579837799072266,727,0.014755700000023353,0.003913299999112496,0.004656199998862576,0.008569499997975072,0.0063950999992812285,0.0149645999972563,0.029720299997279653,151543808
45,1305031103.843251,data\rgbd_dataset_freiburg1_xyz\rgb\1305031103.843251.png,data\rgbd_dataset_freiburg1_xyz\depth\1305031103.830367.png,0.012883901596069336,0.0025489330291748047,742,0.014893999999912921,0.003521799999361974,0.004204599999866332,0.007726399999228306,0.006267200000365847,0.013993599999594153,0.028887599999507074,151543808
46,1305031103.875361,data\rgbd_dataset_freiburg1_xyz\rgb\1305031103.875361.png,data\rgbd_dataset_freiburg1_xyz\depth\1305031103.862379.png,0.012981891632080078,0.00043892860412597656,760,0.013634999999339925,0.0037382000009529293,0.003994799999418319,0.0077330000003712485,0.006137700000181212,0.01387070000055246,0.027505699999892386,151543808
47,1305031103.911221,data\rgbd_dataset_freiburg1_xyz\rgb\1305031103.911221.png,data\rgbd_dataset_freiburg1_xyz\depth\1305031103.894237.png,0.016983985900878906,0.004579067230224609,774,0.013705699999263743,0.0035681999997905223,0.004109899999093614,0.007678099998884136,0.006602999999813619,0.014281099998697755,0.027986799997961498,151543808
48,1305031103.943211,data\rgbd_dataset_freiburg1_xyz\rgb\1305031103.943211.png,data\rgbd_dataset_freiburg1_xyz\depth\1305031103.930503.png,0.012708187103271484,0.002588987350463867,818,0.016284700001051533,0.004562399999485933,0.00430919999962498,0.008871599999110913,0.006385799999407027,0.01525739999851794,0.03154209999956947,151543808
49,1305031103.975373,data\rgbd_dataset_freiburg1_xyz\rgb\1305031103.975373.png,data\rgbd_dataset_freiburg1_xyz\depth\1305031103.962461.png,0.01291203498840332,0.00042700767517089844,853,0.013835200001267367,0.003511300001264317,0.004533299999820883,0.0080446000010852,0.006107100000008359,0.014151700001093559,0.027986900002360926,151547904
50,1305031104.011232,data\rgbd_dataset_freiburg1_xyz\rgb\1305031104.011232.png,data\rgbd_dataset_freiburg1_xyz\depth\1305031103.994365.png,0.01686692237854004,0.0045680999755859375,921,0.013568099999247352,0.0036080999998375773,0.004278999998859945,0.007887099998697522,0.0063236999994842336,0.014210799998181756,0.027778899997429107,151547904
51,1305031104.043249,data\rgbd_dataset_freiburg1_xyz\rgb\1305031104.043249.png,data\rgbd_dataset_freiburg1_xyz\depth\1305031104.030279.png,0.012969970703125,0.0025510787963867188,913,0.013642300000356045,0.0037224000006972346,0.0041715000006661285,0.007893900001363363,0.007092100000591017,0.01498600000195438,0.028628300002310425,150360064
52,1305031104.075425,data\rgbd_dataset_freiburg1_xyz\rgb\1305031104.075425.png,data\rgbd_dataset_freiburg1_xyz\depth\1305031104.062542.png,0.01288294792175293,0.00047516822814941406,981,0.014342899999974179,0.003641799999968498,0.0044031999987055315,0.00804499999867403,0.010032500000306754,0.018077499998980784,0.03242039999895496,151429120
53,1305031104.111235,data\rgbd_dataset_freiburg1_xyz\rgb\1305031104.111235.png,data\rgbd_dataset_freiburg1_xyz\depth\1305031104.095305.png,0.0159299373626709,0.004565000534057617,990,0.013611399999717833,0.003560299999662675,0.0044797000009566545,0.00804000000061933,0.006480300000475836,0.014520300001095165,0.028131700000812998,151498752
54,1305031104.14323,data\rgbd_dataset_freiburg1_xyz\rgb\1305031104.143230.png,data\rgbd_dataset_freiburg1_xyz\depth\1305031104.131292.png,0.011937856674194336,0.0025701522827148438,1020,0.013664500000231783,0.0036307999998825835,0.0042041000015160535,0.007834900001398637,0.007179099999120808,0.015014000000519445,0.028678500000751228,151511040
55,1305031104.175424,data\rgbd_dataset_freiburg1_xyz\rgb\1305031104.175424.png,data\rgbd_dataset_freiburg1_xyz\depth\1305031104.163440.png,0.011984109878540039,0.00037598609924316406,1053,0.01641860000017914,0.004370300001028227,0.004584700000123121,0.008955000001151348,0.0068688999999722,0.015823900001123548,0.03224250000130269,151523328
56,1305031104.211283,data\rgbd_dataset_freiburg1_xyz\rgb\1305031104.211283.png,data\rgbd_dataset_freiburg1_xyz\depth\1305031104.194053.png,0.01723003387451172,0.004616975784301758,1026,0.014102400000410853,0.0035100000004604226,0.004187500000625732,0.007697500001086155,0.006679499998426763,0.014376999999512918,0.02847939999992377,151523328
57,1305031104.243196,data\rgbd_dataset_freiburg1_xyz\rgb\1305031104.243196.png,data\rgbd_dataset_freiburg1_xyz\depth\1305031104.227247.png,0.015949010848999023,0.0026040077209472656,1104,0.01421180000033928,0.0036443999997572973,0.004618099999788683,0.00826249999954598,0.00706249999893771,0.01532499999848369,0.02953679999882297,151531520
58,1305031104.275546,data\rgbd_dataset_freiburg1_xyz\rgb\1305031104.275546.png,data\rgbd_dataset_freiburg1_xyz\depth\1305031104.263335.png,0.012211084365844727,0.00035381317138671875,1131,0.014211100000466104,0.003671300000860356,0.004470900001251721,0.008142200002112077,0.006889599999340135,0.015031800001452211,0.029242900001918315,151531520
59,1305031104.311219,data\rgbd_dataset_freiburg1_xyz\rgb\1305031104.311219.png,data\rgbd_dataset_freiburg1_xyz\depth\1305031104.294957.png,0.016262054443359375,0.004580974578857422,1159,0.013855399998647044,0.0035784000010607997,0.004419900000357302,0.007998300001418102,0.007682699999350007,0.01568100000076811,0.029536399999415153,152166400
60,1305031104.343342,data\rgbd_dataset_freiburg1_xyz\rgb\1305031104.343342.png,data\rgbd_dataset_freiburg1_xyz\depth\1305031104.331403.png,0.011939048767089844,0.0026578903198242188,1205,0.013826500000504893,0.0036443999997572973,0.00459709999995539,0.008241499999712687,0.007364600000073551,0.015606099999786238,0.02943260000029113,152305664
61,1305031104.375837,data\rgbd_dataset_freiburg1_xyz\rgb\1305031104.375837.png,data\rgbd_dataset_freiburg1_xyz\depth\1305031104.363345.png,0.012492179870605469,3.719329833984375e-05,1215,0.014191700000083074,0.003523299999869778,0.005218099999183323,0.008741399999053101,0.0072326999998040264,0.015974099998857128,0.0301657999989402,150589440
62,1305031104.411509,data\rgbd_dataset_freiburg1_xyz\rgb\1305031104.411509.png,data\rgbd_dataset_freiburg1_xyz\depth\1305031104.395019.png,0.01648998260498047,0.004291057586669922,1216,0.014409999999770662,0.0036008000006404473,0.0043529000013222685,0.007953700001962716,0.007079599999997299,0.015033300001960015,0.029443300001730677,151769088
63,1305031104.443288,data\rgbd_dataset_freiburg1_xyz\rgb\1305031104.443288.png,data\rgbd_dataset_freiburg1_xyz\depth\1305031104.431435.png,0.01185297966003418,0.0025119781494140625,1255,0.013808499999868218,0.003666700000394485,0.004426600000442704,0.00809330000083719,0.0073725000002013985,0.015465800001038588,0.029274300000906806,151797760
64,1305031104.475456,data\rgbd_dataset_freiburg1_xyz\rgb\1305031104.475456.png,data\rgbd_dataset_freiburg1_xyz\depth\1305031104.463413.png,0.012042999267578125,0.0003440380096435547,1233,0.01381770000079996,0.003684199999042903,0.004546399999526329,0.008230599998569232,0.007417000000714324,0.015647599999283557,0.029465300000083516,150331392
65,1305031104.511329,data\rgbd_dataset_freiburg1_xyz\rgb\1305031104.511329.png,data\rgbd_dataset_freiburg1_xyz\depth\1305031104.495673.png,0.015655994415283203,0.0044710636138916016,1245,0.01445610000155284,0.003734500000064145,0.00563739999961399,0.009371899999678135,0.007622000000992557,0.016993900000670692,0.03145000000222353,151994368
66,1305031104.543368,data\rgbd_dataset_freiburg1_xyz\rgb\1305031104.543368.png,data\rgbd_dataset_freiburg1_xyz\depth\1305031104.531450.png,0.011918067932128906,0.0024318695068359375,1315,0.014082599998801015,0.0036540000000968575,0.005283799999233452,0.00893779999933031,0.009030799999891315,0.017968599999221624,0.03205119999802264,152064000
67,1305031104.575343,data\rgbd_dataset_freiburg1_xyz\rgb\1305031104.575343.png,data\rgbd_dataset_freiburg1_xyz\depth\1305031104.563149.png,0.012193918228149414,0.0004570484161376953,1399,0.013966799999252544,0.0038956000007601688,0.005877499999769498,0.009773100000529666,0.008461599998554448,0.018234699999084114,0.03220149999833666,150335488
68,1305031104.611336,data\rgbd_dataset_freiburg1_xyz\rgb\1305031104.611336.png,data\rgbd_dataset_freiburg1_xyz\depth\1305031104.595033.png,0.016303062438964844,0.004564046859741211,1447,0.014712100000906503,0.003695999999763444,0.005331999998816173,0.009027999998579617,0.008365300000150455,0.017393299998730072,0.032105399999636575,151957504
69,1305031104.643243,data\rgbd_dataset_freiburg1_xyz\rgb\1305031104.643243.png,data\rgbd_dataset_freiburg1_xyz\depth\1305031104.631368.png,0.011875152587890625,0.002557039260864258,1565,0.01612810000005993,0.004425799999808078,0.005484799999976531,0.009910599999784608,0.008726300000489573,0.01863690000027418,0.03476500000033411,152039424
70,1305031104.675525,data\rgbd_dataset_freiburg1_xyz\rgb\1305031104.675525.png,data\rgbd_dataset_freiburg1_xyz\depth\1305031104.659863.png,0.015661954879760742,0.0003750324249267578,1622,0.01347879999957513,0.003747099999600323,0.005337000000508851,0.009084100000109174,0.008994600000733044,0.01807870000084222,0.03155750000041735,152092672
71,1305031104.711277,data\rgbd_dataset_freiburg1_xyz\rgb\1305031104.711277.png,data\rgbd_dataset_freiburg1_xyz\depth\1305031104.695185.png,0.01609206199645996,0.004523038864135742,1683,0.01419999999961874,0.003889200001140125,0.005764499999713735,0.00965370000085386,0.008747500000026776,0.018401200000880635,0.032601200000499375,152117248
72,1305031104.74328,data\rgbd_dataset_freiburg1_xyz\rgb\1305031104.743280.png,data\rgbd_dataset_freiburg1_xyz\depth\1305031104.730936.png,0.012343883514404297,0.0025200843811035156,1781,0.014024100000824546,0.0036359000005177222,0.006182200000694138,0.00981810000121186,0.009809199998926488,0.019627300000138348,0.033651400000962894,152121344
73,1305031104.775327,data\rgbd_dataset_freiburg1_xyz\rgb\1305031104.775327.png,data\rgbd_dataset_freiburg1_xyz\depth\1305031104.763178.png,0.012148857116699219,0.0004730224609375,1870,0.013999400000102469,0.003633399999671383,0.0057500000002619345,0.009383399999933317,0.009634799998821109,0.019018199998754426,0.033017599998856895,152121344
74,1305031104.811465,data\rgbd_dataset_freiburg1_xyz\rgb\1305031104.811465.png,data\rgbd_dataset_freiburg1_xyz\depth\1305031104.799499.png,0.01196599006652832,0.004334926605224609,1952,0.014234599999326747,0.0037525000007008202,0.006171399998493143,0.009923899999193964,0.011252300000705873,0.021176199999899836,0.03541079999922658,152219648
75,1305031104.843258,data\rgbd_dataset_freiburg1_xyz\rgb\1305031104.843258.png,data\rgbd_dataset_freiburg1_xyz\depth\1305031104.830961.png,0.012296915054321289,0.0025420188903808594,1990,0.014747100000022328,0.0036387999989528907,0.005793999998786603,0.009432799997739494,0.009658000000854372,0.019090799998593866,0.033837899998616194,152842240
76,1305031104.87535,data\rgbd_dataset_freiburg1_xyz\rgb\1305031104.875350.png,data\rgbd_dataset_freiburg1_xyz\depth\1305031104.863256.png,0.01209402084350586,0.00044989585876464844,2111,0.014176599999700557,0.0036158000002615154,0.006353200000376091,0.009969000000637607,0.00930799999878218,0.019276999999419786,0.03345359999912034,153141248
77,1305031104.911534,data\rgbd_dataset_freiburg1_xyz\rgb\1305031104.911534.png,data\rgbd_dataset_freiburg1_xyz\depth\1305031104.899165.png,0.012369155883789062,0.004266023635864258,2097,0.014051300000573974,0.0035274000001663808,0.005969200001345598,0.009496600001511979,0.012525899999673129,0.022022500001185108,0.03607380000175908,152842240
78,1305031104.943262,data\rgbd_dataset_freiburg1_xyz\rgb\1305031104.943262.png,data\rgbd_dataset_freiburg1_xyz\depth\1305031104.931091.png,0.012171030044555664,0.002537965774536133,2067,0.015602299999954994,0.003526899999997113,0.005767699998614262,0.009294599998611375,0.009398299998792936,0.01869289999740431,0.034295199997359305,153149440
79,1305031104.975202,data\rgbd_dataset_freiburg1_xyz\rgb\1305031104.975202.png,data\rgbd_dataset_freiburg1_xyz\depth\1305031104.959750.png,0.015452146530151367,0.0006978511810302734,2051,0.013870299999325653,0.003569700000298326,0.005449700000099256,0.009019400000397582,0.008825799999613082,0.017845200000010664,0.031715499999336316,152846336
80,1305031105.01129,data\rgbd_dataset_freiburg1_xyz\rgb\1305031105.011290.png,data\rgbd_dataset_freiburg1_xyz\depth\1305031104.998342.png,0.012948036193847656,0.004509925842285156,2077,0.014661699999123812,0.0037682000001950655,0.005777599999419181,0.009545799999614246,0.00860350000039034,0.018149300000004587,0.0328109999991284,153149440
81,1305031105.043373,data\rgbd_dataset_freiburg1_xyz\rgb\1305031105.043373.png,data\rgbd_dataset_freiburg1_xyz\depth\1305031105.030427.png,0.012946128845214844,0.0024268627166748047,2053,0.013908799999626353,0.0038260000001173466,0.005879799999092938,0.009705799999210285,0.009615299999495619,0.019321099998705904,0.03322989999833226,152911872
82,1305031105.07532,data\rgbd_dataset_freiburg1_xyz\rgb\1305031105.075320.png,data\rgbd_dataset_freiburg1_xyz\depth\1305031105.062445.png,0.012875080108642578,0.0004799365997314453,1994,0.01407659999858879,0.0037433999987115385,0.005987900000036461,0.009731299998748,0.01017619999947783,0.01990749999822583,0.03398409999681462,153214976
83,1305031105.111299,data\rgbd_dataset_freiburg1_xyz\rgb\1305031105.111299.png,data\rgbd_dataset_freiburg1_xyz\depth\1305031105.097639.png,0.013659954071044922,0.004500865936279297,1953,0.013820899999700487,0.003940399999919464,0.005806099999972503,0.009746499999891967,0.009596800000508665,0.01934330000040063,0.03316420000010112,152920064
84,1305031105.143106,data\rgbd_dataset_freiburg1_xyz\rgb\1305031105.143106.png,data\rgbd_dataset_freiburg1_xyz\depth\1305031105.130269.png,0.012836933135986328,0.0026941299438476562,1907,0.014050100000531529,0.0037064000007376308,0.00566400000025169,0.00937040000098932,0.009134200001426507,0.018504600002415827,0.03255470000294736,153219072
85,1305031105.175159,data\rgbd_dataset_freiburg1_xyz\rgb\1305031105.175159.png,data\rgbd_dataset_freiburg1_xyz\depth\1305031105.159979.png,0.015179872512817383,0.0006411075592041016,1816,0.01424819999920146,0.0036409999993338715,0.006267699998716125,0.009908699998049997,0.008864200000971323,0.01877289999902132,0.03302109999822278,152924160
86,1305031105.211268,data\rgbd_dataset_freiburg1_xyz\rgb\1305031105.211268.png,data\rgbd_dataset_freiburg1_xyz\depth\1305031105.198212.png,0.013056039810180664,0.004631996154785156,1733,0.013941499999418738,0.003690600000481936,0.005337599999620579,0.009028200000102515,0.009816200001296238,0.018844400001398753,0.03278590000081749,153219072
87,1305031105.24327,data\rgbd_dataset_freiburg1_xyz\rgb\1305031105.243270.png,data\rgbd_dataset_freiburg1_xyz\depth\1305031105.228250.png,0.015019893646240234,0.0025300979614257812,1631,0.013799199999994016,0.0038480999992316356,0.005689699999493314,0.00953779999872495,0.008870399999068468,0.018408199997793417,0.032207399997787434,152924160
88,1305031105.275288,data\rgbd_dataset_freiburg1_xyz\rgb\1305031105.275288.png,data\rgbd_dataset_freiburg1_xyz\depth\1305031105.262389.png,0.012899160385131836,0.0005118846893310547,1578,0.01382960000046296,0.0037247000000206754,0.005220799999733572,0.008945499999754247,0.01258360000065295,0.021529100000407198,0.03535870000087016,153219072
89,1305031105.31129,data\rgbd_dataset_freiburg1_xyz\rgb\1305031105.311290.png,data\rgbd_dataset_freiburg1_xyz\depth\1305031105.298501.png,0.012789011001586914,0.004509925842285156,1484,0.013903200000640936,0.0038581000007980037,0.005161400000361027,0.009019500001159031,0.009204300000419607,0.01822380000157864,0.032127000002219575,152915968
90,1305031105.343302,data\rgbd_dataset_freiburg1_xyz\rgb\1305031105.343302.png,data\rgbd_dataset_freiburg1_xyz\depth\1305031105.328878.png,0.01442408561706543,0.0024979114532470703,1403,0.01629789999969944,0.004446599999937462,0.005460399999719812,0.009906999999657273,0.008544500000425614,0.018451500000082888,0.03474939999978233,153219072
91,1305031105.375338,data\rgbd_dataset_freiburg1_xyz\rgb\1305031105.375338.png,data\rgbd_dataset_freiburg1_xyz\depth\1305031105.362286.png,0.013051986694335938,0.00046181678771972656,1277,0.013585799999418668,0.003545300000041607,0.005543399998714449,0.009088699998756056,0.008702400000402122,0.017791099999158178,0.031376899998576846,152915968
92,1305031105.411286,data\rgbd_dataset_freiburg1_xyz\rgb\1305031105.411286.png,data\rgbd_dataset_freiburg1_xyz\depth\1305031105.398191.png,0.01309514045715332,0.004513978958129883,1246,0.015661700001146528,0.004348200000094948,0.005519099999219179,0.009867299999314127,0.00760679999984859,0.017474099999162718,0.033135800000309246,150528000
93,1305031105.443316,data\rgbd_dataset_freiburg1_xyz\rgb\1305031105.443316.png,data\rgbd_dataset_freiburg1_xyz\depth\1305031105.430336.png,0.012979984283447266,0.0024840831756591797,1202,0.013814399999318994,0.003830999999991036,0.005234300000665826,0.009065300000656862,0.007642299999133684,0.016707599999790546,0.03052199999910954,151982080
94,1305031105.47528,data\rgbd_dataset_freiburg1_xyz\rgb\1305031105.475280.png,data\rgbd_dataset_freiburg1_xyz\depth\1305031105.461421.png,0.013859033584594727,0.0008199214935302734,1143,0.013474600000336068,0.0037312000004021684,0.005353900000045542,0.00908510000044771,0.007450499999322346,0.016535599999770056,0.030010200000106124,152182784
95,1305031105.511332,data\rgbd_dataset_freiburg1_xyz\rgb\1305031105.511332.png,data\rgbd_dataset_freiburg1_xyz\depth\1305031105.497931.png,0.013401031494140625,0.004467964172363281,1111,0.0134208999988914,0.003549099999872851,0.005142599999089725,0.008691699998962577,0.007121000000552158,0.015812699999514734,0.029233599998406135,152240128
96,1305031105.543282,data\rgbd_dataset_freiburg1_xyz\rgb\1305031105.543282.png,data\rgbd_dataset_freiburg1_xyz\depth\1305031105.529583.png,0.013699054718017578,0.002618074417114258,1047,0.013398799999777111,0.003537599999617669,0.005046799999036011,0.00858439999865368,0.007348600000113947,0.015932999998767627,0.02933179999854474,152289280
97,1305031105.575449,data\rgbd_dataset_freiburg1_xyz\rgb\1305031105.575449.png,data\rgbd_dataset_freiburg1_xyz\depth\1305031105.562109.png,0.013339996337890625,0.0003509521484375,1003,0.013850299999830895,0.0036000999989482807,0.0051223999998910585,0.00872249999883934,0.006731400000717258,0.015453899999556597,0.029304199999387492,152297472
98,1305031105.611378,data\rgbd_dataset_freiburg1_xyz\rgb\1305031105.611378.png,data\rgbd_dataset_freiburg1_xyz\depth\1305031105.597193.png,0.014184951782226562,0.00442194938659668,982,0.013806200000544777,0.003603099999963888,0.005026099999668077,0.008629199999631965,0.007050700000036159,0.015679899999668123,0.0294861000002129,152301568
99,1305031105.643273,data\rgbd_dataset_freiburg1_xyz\rgb\1305031105.643273.png,data\rgbd_dataset_freiburg1_xyz\depth\1305031105.659104.png,0.01583099365234375,0.002526998519897461,918,0.01333840000006603,0.0037587999995594146,0.005009000000427477,0.008767799999986892,0.006971000000703498,0.01573880000069039,0.02907720000075642,152301568
100,1305031105.711309,data\rgbd_dataset_freiburg1_xyz\rgb\1305031105.711309.png,data\rgbd_dataset_freiburg1_xyz\depth\1305031105.698235.png,0.013073921203613281,0.004491090774536133,909,0.01386859999911394,0.0036385000003065215,0.004962099999829661,0.008600600000136183,0.00977009999951406,0.018370699999650242,0.03223929999876418,152301568
101,1305031105.743312,data\rgbd_dataset_freiburg1_xyz\rgb\1305031105.743312.png,data\rgbd_dataset_freiburg1_xyz\depth\1305031105.730336.png,0.012975931167602539,0.002588033676147461,908,0.0134451000012632,0.003722100000231876,0.005536999999094405,0.009259099999326281,0.006935599998541875,0.016194699997868156,0.029639799999131355,152301568
102,1305031105.775339,data\rgbd_dataset_freiburg1_xyz\rgb\1305031105.775339.png,data\rgbd_dataset_freiburg1_xyz\depth\1305031105.762384.png,0.012954950332641602,0.0004611015319824219,892,0.013443099998767138,0.003601899999921443,0.004836099999010912,0.008437999998932355,0.006454200000007404,0.014892199998939759,0.028335299997706898,152305664
103,1305031105.811283,data\rgbd_dataset_freiburg1_xyz\rgb\1305031105.811283.png,data\rgbd_dataset_freiburg1_xyz\depth\1305031105.798056.png,0.013227224349975586,0.0045168399810791016,848,0.013319099998625461,0.003805399999691872,0.004678499999499763,0.008483899999191635,0.00681579999945825,0.015299699998649885,0.028618799997275346,152305664
104,1305031105.843271,data\rgbd_dataset_freiburg1_xyz\rgb\1305031105.843271.png,data\rgbd_dataset_freiburg1_xyz\depth\1305031105.830008.png,0.01326298713684082,0.0025289058685302734,797,0.013555100000303355,0.0037147000002732966,0.004998999998861109,0.008713699999134406,0.006589800001165713,0.015303500000300119,0.028858600000603474,152305664
105,1305031105.875337,data\rgbd_dataset_freiburg1_xyz\rgb\1305031105.875337.png,data\rgbd_dataset_freiburg1_xyz\depth\1305031105.862238.png,0.013098955154418945,0.0004630088806152344,809,0.013581699999122065,0.0036313000000518514,0.005261100001007435,0.008892400001059286,0.006073200000173529,0.014965600001232815,0.02854730000035488,152313856
106,1305031105.911262,data\rgbd_dataset_freiburg1_xyz\rgb\1305031105.911262.png,data\rgbd_dataset_freiburg1_xyz\depth\1305031105.898018.png,0.013244152069091797,0.004637956619262695,809,0.013678400000571855,0.00363640000068699,0.004897900000287336,0.008534300000974326,0.006373799998982577,0.014908099999956903,0.02858650000052876,152313856
107,1305031105.943272,data\rgbd_dataset_freiburg1_xyz\rgb\1305031105.943272.png,data\rgbd_dataset_freiburg1_xyz\depth\1305031105.929855.png,0.01341700553894043,0.002527952194213867,760,0.01340160000108881,0.0036315999986982206,0.004743500001495704,0.008375100000193925,0.006923499999174965,0.01529859999936889,0.0287002000004577,152313856
108,1305031105.975329,data\rgbd_dataset_freiburg1_xyz\rgb\1305031105.975329.png,data\rgbd_dataset_freiburg1_xyz\depth\1305031105.966193.png,0.009135961532592773,0.0004711151123046875,760,0.013392299999395618,0.0036194000003888505,0.00461399999949208,0.00823339999988093,0.009595200001058402,0.017828600000939332,0.03122090000033495,152317952
109,1305031106.011285,data\rgbd_dataset_freiburg1_xyz\rgb\1305031106.011285.png,data\rgbd_dataset_freiburg1_xyz\depth\1305031105.998271.png,0.013014078140258789,0.004514932632446289,695,0.015167399998972542,0.0035313999997015344,0.004758799999763141,0.008290199999464676,0.00879739999982121,0.017087599999285885,0.03225499999825843,152322048
110,1305031106.043355,data\rgbd_dataset_freiburg1_xyz\rgb\1305031106.043355.png,data\rgbd_dataset_freiburg1_xyz\depth\1305031106.030147.png,0.01320791244506836,0.0024449825286865234,661,0.013680500000191387,0.0035951999998360407,0.004569400000036694,0.008164599999872735,0.008546700000806595,0.01671130000067933,0.030391800000870717,152322048
111,1305031106.07533,data\rgbd_dataset_freiburg1_xyz\rgb\1305031106.075330.png,data\rgbd_dataset_freiburg1_xyz\depth\1305031106.066060.png,0.009269952774047852,0.0004699230194091797,620,0.013639399998282897,0.0035456999994494254,0.004942800000208081,0.008488499999657506,0.006475700000009965,0.014964199999667471,0.02860359999795037,152330240
112,1305031106.111327,data\rgbd_dataset_freiburg1_xyz\rgb\1305031106.111327.png,data\rgbd_dataset_freiburg1_xyz\depth\1305031106.096295.png,0.015031814575195312,0.004472970962524414,573,0.013588399999207468,0.0036598000006051734,0.004765600000609993,0.008425400001215166,0.006208600001627929,0.014634000002843095,0.028222400002050563,152334336
113,1305031106.143355,data\rgbd_dataset_freiburg1_xyz\rgb\1305031106.143355.png,data\rgbd_dataset_freiburg1_xyz\depth\1305031106.130445.png,0.012909889221191406,0.002445220947265625,569,0.013416800000413787,0.0037406999999802792,0.004632900001524831,0.00837360000150511,0.005913799999689218,0.014287400001194328,0.027704200001608115,152334336
114,1305031106.175534,data\rgbd_dataset_freiburg1_xyz\rgb\1305031106.175534.png,data\rgbd_dataset_freiburg1_xyz\depth\1305031106.166330.png,0.009203910827636719,0.00026607513427734375,557,0.014559199998984695,0.003526300000885385,0.004919999999401625,0.00844630000028701,0.006131999998615356,0.014578299998902366,0.029137499997887062,152334336
115,1305031106.211275,data\rgbd_dataset_freiburg1_xyz\rgb\1305031106.211275.png,data\rgbd_dataset_freiburg1_xyz\depth\1305031106.195074.png,0.016201019287109375,0.004524946212768555,542,0.013622399999803747,0.003623200000220095,0.004752499999085558,0.008375699999305652,0.00616009999976086,0.014535799999066512,0.02815819999887026,152338432
116,1305031106.243267,data\rgbd_dataset_freiburg1_xyz\rgb\1305031106.243267.png,data\rgbd_dataset_freiburg1_xyz\depth\1305031106.230058.png,0.013209104537963867,0.002532958984375,519,0.01398209999933897,0.0033624999996391125,0.0050742999992507976,0.00843679999888991,0.005775500001618639,0.014212300000508549,0.02819439999984752,152408064
117,1305031106.276385,data\rgbd_dataset_freiburg1_xyz\rgb\1305031106.276385.png,data\rgbd_dataset_freiburg1_xyz\depth\1305031106.265976.png,0.010409116744995117,0.0005850791931152344,493,0.013470600000800914,0.003511699998853146,0.004712599999038503,0.008224299997891649,0.005916899999647285,0.014141199997538934,0.027611799998339848,152412160
118,1305031106.311238,data\rgbd_dataset_freiburg1_xyz\rgb\1305031106.311238.png,data\rgbd_dataset_freiburg1_xyz\depth\1305031106.298174.png,0.013064146041870117,0.004561901092529297,498,0.01356100000157312,0.0035604999993665842,0.004302200000893208,0.007862700000259792,0.008126799999445211,0.015989499999705004,0.029550500001278124,152416256
119,1305031106.343258,data\rgbd_dataset_freiburg1_xyz\rgb\1305031106.343258.png,data\rgbd_dataset_freiburg1_xyz\depth\1305031106.330215.png,0.013042926788330078,0.0025420188903808594,495,0.013392700000622426,0.0035874999994121026,0.004296600000088802,0.007884099999500904,0.005564600000070641,0.013448699999571545,0.02684140000019397,152416256
120,1305031106.375388,data\rgbd_dataset_freiburg1_xyz\rgb\1305031106.375388.png,data\rgbd_dataset_freiburg1_xyz\depth\1305031106.366158.png,0.009229898452758789,0.0004119873046875,494,0.013446999999359832,0.00360490000093705,0.004483099999561091,0.008088000000498141,0.0059779000002890825,0.014065900000787224,0.027512900000147056,152432640
121,1305031106.41132,data\rgbd_dataset_freiburg1_xyz\rgb\1305031106.411320.png,data\rgbd_dataset_freiburg1_xyz\depth\1305031106.398281.png,0.013038873672485352,0.004480123519897461,470,0.013155999999071355,0.0035790999991149874,0.004373800000394112,0.0079528999995091,0.006225799999810988,0.014178699999320088,0.027334699998391443,152432640
122,1305031106.443278,data\rgbd_dataset_freiburg1_xyz\rgb\1305031106.443278.png,data\rgbd_dataset_freiburg1_xyz\depth\1305031106.430639.png,0.012639045715332031,0.002521991729736328,434,0.014109100000496255,0.004017999999632593,0.004648899999665446,0.008666899999298039,0.005830599999171682,0.01449749999846972,0.028606599998965976,152440832
123,1305031106.475345,data\rgbd_dataset_freiburg1_xyz\rgb\1305031106.475345.png,data\rgbd_dataset_freiburg1_xyz\depth\1305031106.466046.png,0.00929880142211914,0.0004551410675048828,413,0.013763599999947473,0.0034933000006276416,0.004354500000772532,0.007847800001400174,0.005521500001123059,0.013369300002523232,0.027132900002470706,152444928
124,1305031106.511129,data\rgbd_dataset_freiburg1_xyz\rgb\1305031106.511129.png,data\rgbd_dataset_freiburg1_xyz\depth\1305031106.498096.png,0.013032913208007812,0.004770994186401367,425,0.013588899999376736,0.003467699998509488,0.004429500000696862,0.00789719999920635,0.0055644999993091915,0.013461699998515542,0.027050599997892277,152461312
125,1305031106.543302,data\rgbd_dataset_freiburg1_xyz\rgb\1305031106.543302.png,data\rgbd_dataset_freiburg1_xyz\depth\1305031106.528267.png,0.015035152435302734,0.0024979114532470703,452,0.013228299998445436,0.003415000001041335,0.005149800001163385,0.00856480000220472,0.005972799999653944,0.014537600001858664,0.0277659000003041,150949888
126,1305031106.575282,data\rgbd_dataset_freiburg1_xyz\rgb\1305031106.575282.png,data\rgbd_dataset_freiburg1_xyz\depth\1305031106.564414.png,0.010868072509765625,0.0005178451538085938,471,0.013609100000394392,0.003743600000234437,0.004485199999180622,0.00822879999941506,0.005919499999436084,0.014148299998851144,0.027757399999245536,153755648
127,1305031106.611151,data\rgbd_dataset_freiburg1_xyz\rgb\1305031106.611151.png,data\rgbd_dataset_freiburg1_xyz\depth\1305031106.597879.png,0.01327204704284668,0.004648923873901367,467,0.013955899999928079,0.0036340000006021,0.004276699999536504,0.007910700000138604,0.0056815000007190974,0.013592200000857702,0.02754810000078578,153899008
128,1305031106.643207,data\rgbd_dataset_freiburg1_xyz\rgb\1305031106.643207.png,data\rgbd_dataset_freiburg1_xyz\depth\1305031106.630776.png,0.012431144714355469,0.0025930404663085938,514,0.013170099999115337,0.0036469999995460967,0.00475189999997383,0.008398899999519926,0.006090200000471668,0.014489099999991595,0.02765919999910693,153931776
129,1305031106.675279,data\rgbd_dataset_freiburg1_xyz\rgb\1305031106.675279.png,data\rgbd_dataset_freiburg1_xyz\depth\1305031106.667282.png,0.007996797561645508,0.0005211830139160156,525,0.013121300000420888,0.00359770000068238,0.004613200000676443,0.008210900001358823,0.006349500001306296,0.01456040000266512,0.027681700003086007,151056384
130,1305031106.711508,data\rgbd_dataset_freiburg1_xyz\rgb\1305031106.711508.png,data\rgbd_dataset_freiburg1_xyz\depth\1305031106.699110.png,0.012398004531860352,0.004292011260986328,522,0.014863100001093699,0.0037324999993870733,0.00465999999869382,0.008392499998080893,0.005778300001111347,0.01417079999919224,0.02903390000028594,150884352
131,1305031106.743341,data\rgbd_dataset_freiburg1_xyz\rgb\1305031106.743341.png,data\rgbd_dataset_freiburg1_xyz\depth\1305031106.729550.png,0.013791084289550781,0.0024590492248535156,562,0.016320900000209804,0.004697999998825253,0.0046910999990359414,0.009389099997861194,0.005982999999105232,0.015372099996966426,0.03169299999717623,153833472
132,1305031106.77539,data\rgbd_dataset_freiburg1_xyz\rgb\1305031106.775390.png,data\rgbd_dataset_freiburg1_xyz\depth\1305031106.767126.png,0.008263826370239258,0.0004100799560546875,588,0.012642200001209858,0.00453890000062529,0.0050323000014032004,0.00957120000202849,0.009227000000464614,0.018798200002493104,0.03144040000370296,154054656
133,1305031106.811289,data\rgbd_dataset_freiburg1_xyz\rgb\1305031106.811289.png,data\rgbd_dataset_freiburg1_xyz\depth\1305031106.798309.png,0.012979984283447266,0.0045108795166015625,623,0.014347899999847868,0.0037234999999782303,0.0046142999999574386,0.008337799999935669,0.006416999998691608,0.014754799998627277,0.029102699998475146,151101440
134,1305031106.843416,data\rgbd_dataset_freiburg1_xyz\rgb\1305031106.843416.png,data\rgbd_dataset_freiburg1_xyz\depth\1305031106.830652.png,0.01276397705078125,0.0023839473724365234,640,0.0144298000013805,0.0038378000008378876,0.004515200000241748,0.008353000001079636,0.005928900000071735,0.01428190000115137,0.02871170000253187,154025984
135,1305031106.875905,data\rgbd_dataset_freiburg1_xyz\rgb\1305031106.875905.png,data\rgbd_dataset_freiburg1_xyz\depth\1305031106.866893.png,0.009011983871459961,9.489059448242188e-05,641,0.012937800000145216,0.0035988999989058357,0.004543000000921893,0.008141899999827729,0.006492399999842746,0.014634299999670475,0.02757209999981569,154071040
136,1305031106.911243,data\rgbd_dataset_freiburg1_xyz\rgb\1305031106.911243.png,data\rgbd_dataset_freiburg1_xyz\depth\1305031106.897828.png,0.013414859771728516,0.004557132720947266,700,0.01393850000022212,0.004169300000285148,0.004915999999866472,0.00908530000015162,0.006441699999413686,0.015526999999565305,0.029465499999787426,150818816
137,1305031106.943439,data\rgbd_dataset_freiburg1_xyz\rgb\1305031106.943439.png,data\rgbd_dataset_freiburg1_xyz\depth\1305031106.930797.png,0.01264190673828125,0.0023610591888427734,687,0.01460620000034396,0.0037938999994366895,0.004764700001032907,0.008558600000469596,0.006879699998535216,0.015438299999004812,0.030044499999348773,153702400
138,1305031106.975547,data\rgbd_dataset_freiburg1_xyz\rgb\1305031106.975547.png,data\rgbd_dataset_freiburg1_xyz\depth\1305031106.967232.png,0.008315086364746094,0.0002529621124267578,721,0.014133000000583706,0.0038835000013932586,0.004621899999619927,0.008505400001013186,0.009242800000720308,0.017748200001733494,0.0318812000023172,154046464
139,1305031107.011576,data\rgbd_dataset_freiburg1_xyz\rgb\1305031107.011576.png,data\rgbd_dataset_freiburg1_xyz\depth\1305031106.998876.png,0.01269984245300293,0.004224061965942383,782,0.0136289999991277,0.003650700000434881,0.00468419999924663,0.008334899999681511,0.006509400000140886,0.014844299999822397,0.028473299998950097,154046464
140,1305031107.043281,data\rgbd_dataset_freiburg1_xyz\rgb\1305031107.043281.png,data\rgbd_dataset_freiburg1_xyz\depth\1305031107.030348.png,0.012933015823364258,0.002518892288208008,796,0.013054700000793673,0.003625399998782086,0.005122900000060326,0.008748299998842413,0.006354299999657087,0.0151025999984995,0.028157299999293173,154054656
141,1305031107.075432,data\rgbd_dataset_freiburg1_xyz\rgb\1305031107.075432.png,data\rgbd_dataset_freiburg1_xyz\depth\1305031107.066405.png,0.00902700424194336,0.0004680156707763672,834,0.014920199999323813,0.00382270000045537,0.004506600000240724,0.008329300000696094,0.006821700000728015,0.015151000001424109,0.030071200000747922,154083328
142,1305031107.111229,data\rgbd_dataset_freiburg1_xyz\rgb\1305031107.111229.png,data\rgbd_dataset_freiburg1_xyz\depth\1305031107.098268.png,0.01296091079711914,0.004570960998535156,859,0.013052300000708783,0.0036669000000983942,0.0045523999997385545,0.008219299999836949,0.006385799999407027,0.014605099999243976,0.02765739999995276,154091520
143,1305031107.14326,data\rgbd_dataset_freiburg1_xyz\rgb\1305031107.143260.png,data\rgbd_dataset_freiburg1_xyz\depth\1305031107.130308.png,0.012952089309692383,0.002540111541748047,892,0.013291600000229664,0.0035778000001300825,0.004890899999736575,0.008468699999866658,0.006758100000297418,0.015226800000164076,0.02851840000039374,154091520
144,1305031107.175399,data\rgbd_dataset_freiburg1_xyz\rgb\1305031107.175399.png,data\rgbd_dataset_freiburg1_xyz\depth\1305031107.165964.png,0.009435176849365234,0.0004010200500488281,955,0.013027900000452064,0.003513399999064859,0.004805399999895599,0.008318799998960458,0.006799500000852277,0.015118299999812734,0.0281462000002648,153473024
145,1305031107.211358,data\rgbd_dataset_freiburg1_xyz\rgb\1305031107.211358.png,data\rgbd_dataset_freiburg1_xyz\depth\1305031107.198208.png,0.01314997673034668,0.004441976547241211,912,0.013450300000840798,0.0034458999998605577,0.004694700000982266,0.008140600000842824,0.007194399999207235,0.015335000000050059,0.028785300000890857,152809472
146,1305031107.243378,data\rgbd_dataset_freiburg1_xyz\rgb\1305031107.243378.png,data\rgbd_dataset_freiburg1_xyz\depth\1305031107.235026.png,0.008352041244506836,0.0024220943450927734,1019,0.016100599999845144,0.004355999999461346,0.004956400000082795,0.009312399999544141,0.006377499999871361,0.015689899999415502,0.031790499999260646,152854528
147,1305031107.275398,data\rgbd_dataset_freiburg1_xyz\rgb\1305031107.275398.png,data\rgbd_dataset_freiburg1_xyz\depth\1305031107.267071.png,0.008327007293701172,0.0004019737243652344,1041,0.013501999999789405,0.0036718999999720836,0.004968899998857523,0.008640799998829607,0.006866100000479491,0.015506899999309098,0.029008899999098503,152866816
148,1305031107.311226,data\rgbd_dataset_freiburg1_xyz\rgb\1305031107.311226.png,data\rgbd_dataset_freiburg1_xyz\depth\1305031107.299273.png,0.011952877044677734,0.0045740604400634766,1160,0.013472100001308718,0.003664500000013504,0.0050420999996276805,0.008706599999641185,0.007384500000625849,0.016091100000267033,0.02956320000157575,152866816
149,1305031107.343509,data\rgbd_dataset_freiburg1_xyz\rgb\1305031107.343509.png,data\rgbd_dataset_freiburg1_xyz\depth\1305031107.334800.png,0.008708953857421875,0.002290964126586914,1135,0.013848500000676722,0.0035516000007191906,0.004869899999903282,0.008421500000622473,0.007889500000601402,0.016311000001223874,0.030159500001900597,152895488
150,1305031107.375413,data\rgbd_dataset_freiburg1_xyz\rgb\1305031107.375413.png,data\rgbd_dataset_freiburg1_xyz\depth\1305031107.367183.png,0.008229970932006836,0.00038695335388183594,1229,0.015807699999641045,0.0036770000006072223,0.005038999999669613,0.008716000000276836,0.007144499999412801,0.015860499999689637,0.03166819999933068,152899584
151,1305031107.411271,data\rgbd_dataset_freiburg1_xyz\rgb\1305031107.411271.png,data\rgbd_dataset_freiburg1_xyz\depth\1305031107.399345.png,0.01192617416381836,0.004528999328613281,1302,0.013685500000065076,0.003942200000892626,0.005043400000431575,0.008985600001324201,0.0075218000001768814,0.016507400001501082,0.03019290000156616,152907776
152,1305031107.443419,data\rgbd_dataset_freiburg1_xyz\rgb\1305031107.443419.png,data\rgbd_dataset_freiburg1_xyz\depth\1305031107.434926.png,0.00849294662475586,0.0023810863494873047,1387,0.016116699998747208,0.004348000000391039,0.005333099999916158,0.009681100000307197,0.007803199998306809,0.017484299998614006,0.033600999997361214,152920064
153,1305031107.475377,data\rgbd_dataset_freiburg1_xyz\rgb\1305031107.475377.png,data\rgbd_dataset_freiburg1_xyz\depth\1305031107.467141.png,0.008236169815063477,0.0004229545593261719,1425,0.01644759999908274,0.003931599998395541,0.0055334000007860595,0.0094649999991816,0.008211600001232,0.0176766000004136,0.03412419999949634,152928256
154,1305031107.511352,data\rgbd_dataset_freiburg1_xyz\rgb\1305031107.511352.png,data\rgbd_dataset_freiburg1_xyz\depth\1305031107.498426.png,0.012926101684570312,0.00444793701171875,1433,0.01683979999870644,0.004627599999366794,0.005007800000385032,0.009635399999751826,0.011743399998522364,0.02137879999827419,0.03821859999698063,153145344
155,1305031107.543605,data\rgbd_dataset_freiburg1_xyz\rgb\1305031107.543605.png,data\rgbd_dataset_freiburg1_xyz\depth\1305031107.534830.png,0.008774995803833008,0.0020949840545654297,1422,0.014813600000707083,0.0036591000007319963,0.0055309000017587095,0.009190000002490706,0.00806870000087656,0.017258700003367267,0.03207230000407435,153149440
156,1305031107.575454,data\rgbd_dataset_freiburg1_xyz\rgb\1305031107.575454.png,data\rgbd_dataset_freiburg1_xyz\depth\1305031107.567015.png,0.008439064025878906,0.0003459453582763672,1389,0.014543199999025092,0.0035362999988137744,0.004966599999534083,0.008502899998347857,0.007858299999497831,0.016361199997845688,0.03090439999687078,153149440
157,1305031107.611271,data\rgbd_dataset_freiburg1_xyz\rgb\1305031107.611271.png,data\rgbd_dataset_freiburg1_xyz\depth\1305031107.598904.png,0.012367010116577148,0.004528999328613281,1379,0.015476799999305513,0.0037503000003198395,0.00580910000098811,0.00955940000130795,0.007903400000941474,0.017462800002249423,0.032939600001554936,153149440
158,1305031107.643323,data\rgbd_dataset_freiburg1_xyz\rgb\1305031107.643323.png,data\rgbd_dataset_freiburg1_xyz\depth\1305031107.634944.png,0.008378982543945312,0.0024771690368652344,1379,0.01424109999970824,0.003685300000142888,0.00540030000047409,0.009085600000616978,0.008136399999784771,0.01722200000040175,0.03146310000010999,153153536
159,1305031107.675568,data\rgbd_dataset_freiburg1_xyz\rgb\1305031107.675568.png,data\rgbd_dataset_freiburg1_xyz\depth\1305031107.667179.png,0.008388996124267578,0.0002319812774658203,1356,0.013768099999651895,0.003707199999553268,0.00568819999898551,0.009395399998538778,0.007144499999412801,0.01653989999795158,0.030307999997603474,153116672
160,1305031107.711307,data\rgbd_dataset_freiburg1_xyz\rgb\1305031107.711307.png,data\rgbd_dataset_freiburg1_xyz\depth\1305031107.699390.png,0.0119171142578125,0.004392862319946289,1311,0.013910699999541976,0.0035131999993609497,0.005336299998816685,0.008849499998177635,0.007675299999391427,0.016524799997569062,0.030435499997111037,153120768
161,1305031107.743538,data\rgbd_dataset_freiburg1_xyz\rgb\1305031107.743538.png,data\rgbd_dataset_freiburg1_xyz\depth\1305031107.735041.png,0.008496999740600586,0.002262115478515625,1291,0.014063999999052612,0.0035545000009733485,0.0054596999998466345,0.009014200000819983,0.006687799999781419,0.0157020000006014,0.029765999999654014,153141248
162,1305031107.775802,data\rgbd_dataset_freiburg1_xyz\rgb\1305031107.775802.png,data\rgbd_dataset_freiburg1_xyz\depth\1305031107.767895.png,0.007906913757324219,1.9073486328125e-06,1305,0.013671299999259645,0.0036053000003448687,0.005336700000043493,0.008942000000388362,0.011149899999509216,0.020091899999897578,0.03376319999915722,153149440
163,1305031107.811596,data\rgbd_dataset_freiburg1_xyz\rgb\1305031107.811596.png,data\rgbd_dataset_freiburg1_xyz\depth\1305031107.799544.png,0.012051820755004883,0.0042040348052978516,1281,0.014026700000613346,0.003512100000079954,0.004777599999215454,0.008289699999295408,0.007441900001140311,0.01573160000043572,0.029758300001049065,153149440
164,1305031107.843332,data\rgbd_dataset_freiburg1_xyz\rgb\1305031107.843332.png,data\rgbd_dataset_freiburg1_xyz\depth\1305031107.835751.png,0.007580995559692383,0.0025680065155029297,1238,0.013790099999823724,0.0035301000007166294,0.005145999999513151,0.00867610000022978,0.007371600000624312,0.016047700000854093,0.029837800000677817,153153536
165,1305031107.875358,data\rgbd_dataset_freiburg1_xyz\rgb\1305031107.875358.png,data\rgbd_dataset_freiburg1_xyz\depth\1305031107.863505.png,0.011853218078613281,0.0003418922424316406,1226,0.01384200000029523,0.0037529000001086388,0.0054127999992488185,0.009165699999357457,0.006981399999858695,0.016147099999216152,0.02998909999951138,153174016
166,1305031107.911541,data\rgbd_dataset_freiburg1_xyz\rgb\1305031107.911541.png,data\rgbd_dataset_freiburg1_xyz\depth\1305031107.899222.png,0.012319087982177734,0.0042591094970703125,1191,0.013613699999041273,0.0036122999990766402,0.004809299998669303,0.008421599997745943,0.006765099999029189,0.015186699996775133,0.028800399995816406,153174016
167,1305031107.943122,data\rgbd_dataset_freiburg1_xyz\rgb\1305031107.943122.png,data\rgbd_dataset_freiburg1_xyz\depth\1305031107.933609.png,0.009512901306152344,0.0026781558990478516,1201,0.013533999999708612,0.0036569000003510155,0.005101899998408044,0.00875879999875906,0.006937600001037936,0.015696399999796995,0.029230399999505607,153174016
168,1305031107.975807,data\rgbd_dataset_freiburg1_xyz\rgb\1305031107.975807.png,data\rgbd_dataset_freiburg1_xyz\depth\1305031107.964840.png,0.010967016220092773,6.9141387939453125e-06,1190,0.013419799999610404,0.0037503000003198395,0.004850399998758803,0.008600699999078643,0.008086800000455696,0.01668749999953434,0.030107299999144743,153190400
169,1305031108.01132,data\rgbd_dataset_freiburg1_xyz\rgb\1305031108.011320.png,data\rgbd_dataset_freiburg1_xyz\depth\1305031107.998469.png,0.01285099983215332,0.004579782485961914,1250,0.014459899999565096,0.003757200000109151,0.005366199999116361,0.009123399999225512,0.007368999999016523,0.016492399998242036,0.03095229999780713,153198592
170,1305031108.043418,data\rgbd_dataset_freiburg1_xyz\rgb\1305031108.043418.png,data\rgbd_dataset_freiburg1_xyz\depth\1305031108.034824.png,0.008594036102294922,0.002382040023803711,1263,0.013394999999945867,0.0037677000000257976,0.005084599999463535,0.008852299999489333,0.007612399998834007,0.01646469999832334,0.029859699998269207,153198592
171,1305031108.075352,data\rgbd_dataset_freiburg1_xyz\rgb\1305031108.075352.png,data\rgbd_dataset_freiburg1_xyz\depth\1305031108.067271.png,0.00808095932006836,0.00044798851013183594,1274,0.01337029999922379,0.0039288999996642815,0.0048610000012558885,0.00878990000092017,0.011286299999483163,0.020076200000403333,0.03344649999962712,153202688
172,1305031108.111378,data\rgbd_dataset_freiburg1_xyz\rgb\1305031108.111378.png,data\rgbd_dataset_freiburg1_xyz\depth\1305031108.099365.png,0.012012958526611328,0.00442194938659668,1234,0.014002100000652717,0.0036897999998473097,0.005179800000405521,0.00886960000025283,0.00835709999955725,0.01722669999981008,0.031228800000462797,153206784
173,1305031108.143334,data\rgbd_dataset_freiburg1_xyz\rgb\1305031108.143334.png,data\rgbd_dataset_freiburg1_xyz\depth\1305031108.135281.png,0.008052825927734375,0.002566099166870117,1252,0.014035899999726098,0.00369700000010198,0.00516070000048785,0.00885770000058983,0.007823800000551273,0.016681500001141103,0.0307174000008672,153210880
174,1305031108.176058,data\rgbd_dataset_freiburg1_xyz\rgb\1305031108.176058.png,data\rgbd_dataset_freiburg1_xyz\depth\1305031108.167357.png,0.008701086044311523,0.0002579689025878906,1263,0.013917399999627378,0.0038124999991850927,0.004849799999647075,0.008662299998832168,0.00764800000069954,0.016310299999531708,0.030227699999159086,153210880
175,1305031108.211475,data\rgbd_dataset_freiburg1_xyz\rgb\1305031108.211475.png,data\rgbd_dataset_freiburg1_xyz\depth\1305031108.199225.png,0.012249946594238281,0.004325151443481445,1226,0.013585000000603031,0.003956000000471249,0.005014899999878253,0.008970900000349502,0.007219099999929313,0.016190000000278815,0.029775000000881846,153219072
176,1305031108.243347,data\rgbd_dataset_freiburg1_xyz\rgb\1305031108.243347.png,data\rgbd_dataset_freiburg1_xyz\depth\1305031108.235213.png,0.008133888244628906,0.0024530887603759766,1170,0.015354899998783367,0.003984199998740223,0.0052781000013055746,0.009262300000045798,0.010794800000439864,0.02005710000048566,0.03541199999926903,153227264
177,1305031108.275358,data\rgbd_dataset_freiburg1_xyz\rgb\1305031108.275358.png,data\rgbd_dataset_freiburg1_xyz\depth\1305031108.267660.png,0.00769805908203125,0.0004420280456542969,1172,0.013660099999469821,0.0038492999992740806,0.004958499999702326,0.008807799998976407,0.007844800000384566,0.016652599999360973,0.030312699998830794,153231360
178,1305031108.311332,data\rgbd_dataset_freiburg1_xyz\rgb\1305031108.311332.png,data\rgbd_dataset_freiburg1_xyz\depth\1305031108.299547.png,0.011785030364990234,0.0043680667877197266,1144,0.013746500000706874,0.0037116000003152294,0.0050812000008590985,0.008792800001174328,0.007126000000425847,0.015918800001600175,0.02966530000230705,153239552
179,1305031108.343278,data\rgbd_dataset_freiburg1_xyz\rgb\1305031108.343278.png,data\rgbd_dataset_freiburg1_xyz\depth\1305031108.335019.png,0.008258819580078125,0.002521991729736328,1094,0.013603100000182167,0.0037295999991329154,0.005243300000074669,0.008972899999207584,0.007178399999247631,0.016151299998455215,0.029754399998637382,153235456
180,1305031108.37541,data\rgbd_dataset_freiburg1_xyz\rgb\1305031108.375410.png,data\rgbd_dataset_freiburg1_xyz\depth\1305031108.367285.png,0.008125066757202148,0.0003898143768310547,1061,0.01374980000036885,0.004082000001289998,0.00525019999986398,0.009332200001153979,0.0071898999995028134,0.016522100000656792,0.030271900001025642,153243648
181,1305031108.411361,data\rgbd_dataset_freiburg1_xyz\rgb\1305031108.411361.png,data\rgbd_dataset_freiburg1_xyz\depth\1305031108.399284.png,0.012077093124389648,0.004338979721069336,1003,0.013571899999078596,0.0037985999988450203,0.00467440000102215,0.00847299999986717,0.0075902000007772585,0.01606320000064443,0.029635099999723025,153255936
182,1305031108.44361,data\rgbd_dataset_freiburg1_xyz\rgb\1305031108.443610.png,data\rgbd_dataset_freiburg1_xyz\depth\1305031108.435023.png,0.008586883544921875,0.002290010452270508,985,0.01369890000023588,0.004043499999170308,0.004908099999738624,0.008951599998908932,0.006793200000174693,0.015744799999083625,0.029443699999319506,153264128
183,1305031108.475471,data\rgbd_dataset_freiburg1_xyz\rgb\1305031108.475471.png,data\rgbd_dataset_freiburg1_xyz\depth\1305031108.467680.png,0.007791042327880859,0.00032901763916015625,954,0.013798799998767208,0.003964499999710824,0.0046975000004749745,0.008662000000185799,0.006814899999881163,0.015476900000066962,0.02927569999883417,153268224
184,1305031108.511378,data\rgbd_dataset_freiburg1_xyz\rgb\1305031108.511378.png,data\rgbd_dataset_freiburg1_xyz\depth\1305031108.503548.png,0.007830142974853516,0.00442194938659668,956,0.013970899999549147,0.0038776999990659533,0.005389899999499903,0.009267599998565856,0.007745900000372785,0.01701349999893864,0.030984399998487788,153272320
185,1305031108.543737,data\rgbd_dataset_freiburg1_xyz\rgb\1305031108.543737.png,data\rgbd_dataset_freiburg1_xyz\depth\1305031108.534811.png,0.008925914764404297,0.0020630359649658203,933,0.016020900000512484,0.004754100000354811,0.004699699999036966,0.009453799999391777,0.0075063000003865454,0.016960099999778322,0.032981000000290805,153231360
186,1305031108.575414,data\rgbd_dataset_freiburg1_xyz\rgb\1305031108.575414.png,data\rgbd_dataset_freiburg1_xyz\depth\1305031108.567154.png,0.008260011672973633,0.00048613548278808594,961,0.013959399999293964,0.0037403000005724607,0.005283599999529542,0.009023900000102003,0.006959300000744406,0.01598320000084641,0.029942600000140374,153235456
187,1305031108.611407,data\rgbd_dataset_freiburg1_xyz\rgb\1305031108.611407.png,data\rgbd_dataset_freiburg1_xyz\depth\1305031108.603547.png,0.007859945297241211,0.004292964935302734,919,0.013681799999176292,0.003850099999908707,0.004898400000456604,0.008748500000365311,0.006895999998960178,0.01564449999932549,0.02932629999850178,153235456
188,1305031108.643303,data\rgbd_dataset_freiburg1_xyz\rgb\1305031108.643303.png,data\rgbd_dataset_freiburg1_xyz\depth\1305031108.634212.png,0.009090900421142578,0.0023970603942871094,903,0.013484500001140987,0.003878600000462029,0.004743199999211356,0.008621799999673385,0.00733589999981632,0.015957699999489705,0.02944220000063069,153239552
189,1305031108.675375,data\rgbd_dataset_freiburg1_xyz\rgb\1305031108.675375.png,data\rgbd_dataset_freiburg1_xyz\depth\1305031108.667189.png,0.008186101913452148,0.0003249645233154297,869,0.013549699999202858,0.0039703999991616,0.004922799998894334,0.008893199998055934,0.006974199999604025,0.01586739999765996,0.029417099996862817,153247744
190,1305031108.711411,data\rgbd_dataset_freiburg1_xyz\rgb\1305031108.711411.png,data\rgbd_dataset_freiburg1_xyz\depth\1305031108.703346.png,0.008064985275268555,0.004389047622680664,853,0.013119600000209175,0.0038403999988076976,0.00522600000113016,0.009066399999937858,0.006529599999339553,0.01559599999927741,0.028715599999486585,153255936
191,1305031108.743502,data\rgbd_dataset_freiburg1_xyz\rgb\1305031108.743502.png,data\rgbd_dataset_freiburg1_xyz\depth\1305031108.735052.png,0.008449792861938477,0.002298116683959961,819,0.013073299998723087,0.003751899999770103,0.004948300000251038,0.008700200000021141,0.006412799999452545,0.015112999999473686,0.028186299998196773,153260032
192,1305031108.775493,data\rgbd_dataset_freiburg1_xyz\rgb\1305031108.775493.png,data\rgbd_dataset_freiburg1_xyz\depth\1305031108.767031.png,0.008461952209472656,0.0003070831298828125,815,0.013346599998840247,0.0038045999990572454,0.0045898999997007195,0.008394499998757965,0.0066698999999061925,0.015064399998664157,0.028410999997504405,153268224
193,1305031108.811244,data\rgbd_dataset_freiburg1_xyz\rgb\1305031108.811244.png,data\rgbd_dataset_freiburg1_xyz\depth\1305031108.803370.png,0.007874011993408203,0.004656076431274414,824,0.013758900000539143,0.003981600000770413,0.0046058000007178634,0.008587400001488277,0.00659059999998135,0.015178000001469627,0.02893690000200877,153268224
194,1305031108.843264,data\rgbd_dataset_freiburg1_xyz\rgb\1305031108.843264.png,data\rgbd_dataset_freiburg1_xyz\depth\1305031108.835163.png,0.00810098648071289,0.007564067840576172,800,0.013852000000042608,0.0038229000001592794,0.004531300000962801,0.00835420000112208,0.006417599999622325,0.014771800000744406,0.028623800000787014,153276416
195,1305031108.943243,data\rgbd_dataset_freiburg1_xyz\rgb\1305031108.943243.png,data\rgbd_dataset_freiburg1_xyz\depth\1305031108.935116.png,0.008126974105834961,0.002557039260864258,803,0.01341339999999036,0.003909400000338792,0.004631900001186295,0.008541300001525087,0.006425499999750173,0.01496680000127526,0.02838020000126562,153284608
196,1305031108.975268,data\rgbd_dataset_freiburg1_xyz\rgb\1305031108.975268.png,data\rgbd_dataset_freiburg1_xyz\depth\1305031108.967245.png,0.008022785186767578,0.0005321502685546875,850,0.01381279999986873,0.003770599998460966,0.005127999998876476,0.008898599997337442,0.006318300000202726,0.015216899997540168,0.029029699997408898,153288704
197,1305031109.011269,data\rgbd_dataset_freiburg1_xyz\rgb\1305031109.011269.png,data\rgbd_dataset_freiburg1_xyz\depth\1305031109.003064.png,0.008205175399780273,0.004431009292602539,860,0.013728899999478017,0.0038301000004139496,0.004768999999214429,0.008599099999628379,0.006969000000026426,0.015568099999654805,0.029296999999132822,153915392
198,1305031109.043277,data\rgbd_dataset_freiburg1_xyz\rgb\1305031109.043277.png,data\rgbd_dataset_freiburg1_xyz\depth\1305031109.034955.png,0.008322000503540039,0.0025229454040527344,851,0.013572500000009313,0.0038260000001173466,0.005048500001066714,0.00887450000118406,0.006458300000304007,0.015332800001488067,0.02890530000149738,154234880
199,1305031109.07541,data\rgbd_dataset_freiburg1_xyz\rgb\1305031109.075410.png,data\rgbd_dataset_freiburg1_xyz\depth\1305031109.067091.png,0.008318901062011719,0.00029015541076660156,864,0.013092600000163657,0.0038611999989370815,0.004873500000030617,0.008734699998967699,0.006558400000358233,0.015293099999325932,0.02838569999948959,153313280
200,1305031109.111282,data\rgbd_dataset_freiburg1_xyz\rgb\1305031109.111282.png,data\rgbd_dataset_freiburg1_xyz\depth\1305031109.103294.png,0.007988214492797852,0.004417896270751953,869,0.013753799999904004,0.0039055000015650876,0.004749800000354298,0.008655300001919386,0.0067727000005106675,0.015428000002430053,0.029181800002334057,153317376
201,1305031109.143334,data\rgbd_dataset_freiburg1_xyz\rgb\1305031109.143334.png,data\rgbd_dataset_freiburg1_xyz\depth\1305031109.134968.png,0.008365869522094727,0.0023660659790039062,861,0.01343290000113484,0.003582299999834504,0.004741900000226451,0.008324200000060955,0.00676729999941017,0.015091499999471125,0.028524400000605965,153321472
202,1305031109.175464,data\rgbd_dataset_freiburg1_xyz\rgb\1305031109.175464.png,data\rgbd_dataset_freiburg1_xyz\depth\1305031109.165848.png,0.009615898132324219,0.00023603439331054688,857,0.013733400001001428,0.0037867999999434687,0.00544869999976072,0.009235499999704189,0.006419000001187669,0.015654500000891858,0.029387900001893286,153329664
203,1305031109.211379,data\rgbd_dataset_freiburg1_xyz\rgb\1305031109.211379.png,data\rgbd_dataset_freiburg1_xyz\depth\1305031109.203388.png,0.00799107551574707,0.004320859909057617,895,0.0133241999992606,0.0037539999993896345,0.004746299999169423,0.008500299998559058,0.006483099999968545,0.014983399998527602,0.028307599997788202,153329664
204,1305031109.24329,data\rgbd_dataset_freiburg1_xyz\rgb\1305031109.243290.png,data\rgbd_dataset_freiburg1_xyz\depth\1305031109.234324.png,0.00896596908569336,0.0024099349975585938,888,0.013562299998739036,0.003917699999874458,0.005036800001107622,0.00895450000098208,0.006971099999645958,0.015925600000628037,0.029487899999367073,153333760
205,1305031109.275308,data\rgbd_dataset_freiburg1_xyz\rgb\1305031109.275308.png,data\rgbd_dataset_freiburg1_xyz\depth\1305031109.266325.png,0.00898289680480957,0.0003921985626220703,869,0.013659199999892735,0.0038222999992285622,0.004811999999219552,0.008634299998448114,0.006700300000375137,0.01533459999882325,0.028993799998715986,152162304
206,1305031109.311329,data\rgbd_dataset_freiburg1_xyz\rgb\1305031109.311329.png,data\rgbd_dataset_freiburg1_xyz\depth\1305031109.303457.png,0.007871866226196289,0.004371166229248047,889,0.01368449999972654,0.00456559999838646,0.004903600000034203,0.009469199998420663,0.007446000001436914,0.016915199999857577,0.030599699999584118,154820608
207,1305031109.343248,data\rgbd_dataset_freiburg1_xyz\rgb\1305031109.343248.png,data\rgbd_dataset_freiburg1_xyz\depth\1305031109.334602.png,0.008645772933959961,0.0024521350860595703,918,0.013878800000384217,0.0038558999985980336,0.005106500000692904,0.008962399999290938,0.007053900000755675,0.016016300000046613,0.02989510000043083,154836992
208,1305031109.375397,data\rgbd_dataset_freiburg1_xyz\rgb\1305031109.375397.png,data\rgbd_dataset_freiburg1_xyz\depth\1305031109.364882.png,0.010514974594116211,0.00030303001403808594,919,0.01391700000021956,0.004577900001095259,0.005209999999351567,0.009787900000446825,0.0069304999997257255,0.01671840000017255,0.03063540000039211,154857472
209,1305031109.411329,data\rgbd_dataset_freiburg1_xyz\rgb\1305031109.411329.png,data\rgbd_dataset_freiburg1_xyz\depth\1305031109.403386.png,0.007942914962768555,0.0044710636138916016,905,0.013008699999772944,0.003931000001102802,0.004694000001109089,0.008625000002211891,0.010454900000695488,0.01907990000290738,0.03208860000268032,154886144
210,1305031109.443302,data\rgbd_dataset_freiburg1_xyz\rgb\1305031109.443302.png,data\rgbd_dataset_freiburg1_xyz\depth\1305031109.434469.png,0.008832931518554688,0.0023980140686035156,922,0.015396499999042135,0.004578800000672345,0.0058751999986270675,0.010453999999299413,0.006538600000567385,0.016992599999866798,0.03238909999890893,152137728
211,1305031109.475363,data\rgbd_dataset_freiburg1_xyz\rgb\1305031109.475363.png,data\rgbd_dataset_freiburg1_xyz\depth\1305031109.467362.png,0.008001089096069336,0.00043702125549316406,919,0.015735099999801605,0.004653699999835226,0.004927699999825563,0.009581399999660789,0.007015900000624242,0.01659730000028503,0.032332400000086636,154800128
212,1305031109.511273,data\rgbd_dataset_freiburg1_xyz\rgb\1305031109.511273.png,data\rgbd_dataset_freiburg1_xyz\depth\1305031109.503193.png,0.008080005645751953,0.004527091979980469,914,0.012938300000314484,0.00398239999958605,0.004583900001307484,0.008566300000893534,0.009199399999488378,0.017765700000381912,0.030704000000696396,154865664
213,1305031109.543294,data\rgbd_dataset_freiburg1_xyz\rgb\1305031109.543294.png,data\rgbd_dataset_freiburg1_xyz\depth\1305031109.535715.png,0.007578849792480469,0.0025060176849365234,957,0.01313520000076096,0.003876799999488867,0.004622799999197014,0.00849959999868588,0.00667040000007546,0.015169999998761341,0.0283051999995223,154869760
214,1305031109.575362,data\rgbd_dataset_freiburg1_xyz\rgb\1305031109.575362.png,data\rgbd_dataset_freiburg1_xyz\depth\1305031109.567452.png,0.007910013198852539,0.0003380775451660156,994,0.013193099999625701,0.003964999999880092,0.005275699999401695,0.009240699999281787,0.006629800000155228,0.015870499999437016,0.029063599999062717,154873856
215,1305031109.61131,data\rgbd_dataset_freiburg1_xyz\rgb\1305031109.611310.png,data\rgbd_dataset_freiburg1_xyz\depth\1305031109.603601.png,0.007709026336669922,0.004489898681640625,980,0.013559800001530675,0.003874599999107886,0.0050853000011557015,0.008959900000263588,0.006647700000030454,0.015607600000294042,0.029167400001824717,154902528
216,1305031109.643229,data\rgbd_dataset_freiburg1_xyz\rgb\1305031109.643229.png,data\rgbd_dataset_freiburg1_xyz\depth\1305031109.635323.png,0.007905960083007812,0.0024709701538085938,996,0.013049299999693176,0.003829100000075414,0.005125899999256944,0.008954999999332358,0.006791300000259071,0.01574629999959143,0.028795599999284605,154910720
217,1305031109.675263,data\rgbd_dataset_freiburg1_xyz\rgb\1305031109.675263.png,data\rgbd_dataset_freiburg1_xyz\depth\1305031109.667570.png,0.007692813873291016,0.00043702125549316406,986,0.013291199999002856,0.0037075999989610864,0.005015400000047521,0.008722999999008607,0.0071946999996725935,0.0159176999986812,0.029208899997684057,154923008
218,1305031109.711312,data\rgbd_dataset_freiburg1_xyz\rgb\1305031109.711312.png,data\rgbd_dataset_freiburg1_xyz\depth\1305031109.703265.png,0.008047103881835938,0.004387855529785156,995,0.015674000000217347,0.004583800000546034,0.005023899999287096,0.00960769999983313,0.006652300000496325,0.016260000000329455,0.0319340000005468,154931200
219,1305031109.743274,data\rgbd_dataset_freiburg1_xyz\rgb\1305031109.743274.png,data\rgbd_dataset_freiburg1_xyz\depth\1305031109.735059.png,0.008214950561523438,0.0024259090423583984,975,0.013008999998419313,0.0037604999997711275,0.00520920000053593,0.008969700000307057,0.007685299999138806,0.016654999999445863,0.029663999997865176,154943488
220,1305031109.775277,data\rgbd_dataset_freiburg1_xyz\rgb\1305031109.775277.png,data\rgbd_dataset_freiburg1_xyz\depth\1305031109.767470.png,0.007807016372680664,0.0005230903625488281,967,0.013101099999403232,0.003681600001073093,0.004584799999065581,0.008266400000138674,0.006627599999774247,0.014893999999912921,0.027995099999316153,154951680
221,1305031109.811371,data\rgbd_dataset_freiburg1_xyz\rgb\1305031109.811371.png,data\rgbd_dataset_freiburg1_xyz\depth\1305031109.803396.png,0.007975101470947266,0.00432896614074707,950,0.013494000000719097,0.003798899999310379,0.0046575000014854595,0.008456400000795838,0.007103800000550109,0.015560200001345947,0.029054200002065045,154275840
222,1305031109.843296,data\rgbd_dataset_freiburg1_xyz\rgb\1305031109.843296.png,data\rgbd_dataset_freiburg1_xyz\depth\1305031109.834910.png,0.00838613510131836,0.0024039745330810547,939,0.013497699999788892,0.0037295000001904555,0.005121899999721791,0.008851399999912246,0.007354800000030082,0.016206199999942328,0.02970389999973122,153362432
223,1305031109.875306,data\rgbd_dataset_freiburg1_xyz\rgb\1305031109.875306.png,data\rgbd_dataset_freiburg1_xyz\depth\1305031109.871271.png,0.004034996032714844,0.0004940032958984375,942,0.015253499999744236,0.003757700000278419,0.0052752999999938766,0.009033000000272295,0.006920799998624716,0.01595379999889701,0.031207299998641247,153993216
224,1305031109.911265,data\rgbd_dataset_freiburg1_xyz\rgb\1305031109.911265.png,data\rgbd_dataset_freiburg1_xyz\depth\1305031109.900535.png,0.010729789733886719,0.004535198211669922,911,0.012992100000701612,0.003921400000763242,0.004892999999356107,0.008814400000119349,0.007070200001180638,0.015884600001299987,0.0288767000020016,154300416
225,1305031109.943299,data\rgbd_dataset_freiburg1_xyz\rgb\1305031109.943299.png,data\rgbd_dataset_freiburg1_xyz\depth\1305031109.934960.png,0.008339166641235352,0.0024008750915527344,927,0.013942199999291915,0.0037265999999362975,0.004866299999775947,0.008592899999712245,0.006524999998873682,0.015117899998585926,0.029060099997877842,154009600
226,1305031109.975258,data\rgbd_dataset_freiburg1_xyz\rgb\1305031109.975258.png,data\rgbd_dataset_freiburg1_xyz\depth\1305031109.970213.png,0.005045175552368164,0.0005419254302978516,903,0.013295900000230176,0.0037420000007841736,0.005023699999583187,0.00876570000036736,0.006876800000100047,0.015642500000467408,0.028938400000697584,154316800
227,1305031110.011256,data\rgbd_dataset_freiburg1_xyz\rgb\1305031110.011256.png,data\rgbd_dataset_freiburg1_xyz\depth\1305031109.999657.png,0.011599063873291016,0.004444122314453125,961,0.012924099999509053,0.0038739000010536984,0.005020799999329029,0.008894700000382727,0.007020599998213584,0.01591529999859631,0.028839399998105364,153415680
228,1305031110.043299,data\rgbd_dataset_freiburg1_xyz\rgb\1305031110.043299.png,data\rgbd_dataset_freiburg1_xyz\depth\1305031110.031356.png,0.011942863464355469,0.002401113510131836,938,0.013524399999369052,0.003732700000909972,0.0050783999995474005,0.008811100000457373,0.006529599999339553,0.015340699999796925,0.028865099999165977,153419776
229,1305031110.075319,data\rgbd_dataset_freiburg1_xyz\rgb\1305031110.075319.png,data\rgbd_dataset_freiburg1_xyz\depth\1305031110.068125.png,0.007194042205810547,0.0003809928894042969,930,0.013538600000174483,0.0038507999997818843,0.0049368999989383155,0.0087876999987202,0.006873899999845889,0.01566159999856609,0.029200199998740572,153432064
230,1305031110.111325,data\rgbd_dataset_freiburg1_xyz\rgb\1305031110.111325.png,data\rgbd_dataset_freiburg1_xyz\depth\1305031110.101397.png,0.009927988052368164,0.004374980926513672,954,0.013543400000344263,0.003703400001541013,0.005542200000490993,0.009245600002032006,0.007278000000951579,0.016523600002983585,0.03006700000332785,153452544
231,1305031110.143432,data\rgbd_dataset_freiburg1_xyz\rgb\1305031110.143432.png,data\rgbd_dataset_freiburg1_xyz\depth\1305031110.132317.png,0.011114835739135742,0.0023682117462158203,972,0.013477599999532686,0.003802499999437714,0.00476889999845298,0.008571399997890694,0.0071523000005981885,0.015723699998488883,0.029201299998021568,154075136
232,1305031110.175641,data\rgbd_dataset_freiburg1_xyz\rgb\1305031110.175641.png,data\rgbd_dataset_freiburg1_xyz\depth\1305031110.168323.png,0.007318019866943359,5.888938903808594e-05,976,0.01365530000111903,0.0036469999995460967,0.005610000000160653,0.00925699999970675,0.007868499998949119,0.01712549999865587,0.0307807999997749,154386432
233,1305031110.211637,data\rgbd_dataset_freiburg1_xyz\rgb\1305031110.211637.png,data\rgbd_dataset_freiburg1_xyz\depth\1305031110.203162.png,0.008475065231323242,0.004163026809692383,965,0.015585400000418304,0.004532200000539888,0.005167799999981071,0.009700000000520959,0.006565499999851454,0.016265500000372413,0.031850900000790716,153468928
234,1305031110.243323,data\rgbd_dataset_freiburg1_xyz\rgb\1305031110.243323.png,data\rgbd_dataset_freiburg1_xyz\depth\1305031110.234909.png,0.008414030075073242,0.0023767948150634766,970,0.013474700001097517,0.003761800000575022,0.005201199999646633,0.008963000000221655,0.01035750000119151,0.019320500001413166,0.03279520000251068,154103808
235,1305031110.279321,data\rgbd_dataset_freiburg1_xyz\rgb\1305031110.279321.png,data\rgbd_dataset_freiburg1_xyz\depth\1305031110.271394.png,0.00792694091796875,0.0036208629608154297,1024,0.013943199999630451,0.003724500000316766,0.005062599999291706,0.008787099999608472,0.007440800000040326,0.016227899999648798,0.03017109999927925,155709440
236,1305031110.311404,data\rgbd_dataset_freiburg1_xyz\rgb\1305031110.311404.png,data\rgbd_dataset_freiburg1_xyz\depth\1305031110.303648.png,0.00775599479675293,0.004296064376831055,1051,0.013288399999510148,0.0037314999990485376,0.005444899999929476,0.009176399998978013,0.010512299999390962,0.019688699998368975,0.03297709999787912,155713536
237,1305031110.343355,data\rgbd_dataset_freiburg1_xyz\rgb\1305031110.343355.png,data\rgbd_dataset_freiburg1_xyz\depth\1305031110.331570.png,0.011785030364990234,0.0023450851440429688,1105,0.013446499999190564,0.0036944000003131805,0.0046637999985250644,0.008358199998838245,0.007530400000177906,0.01588859999901615,0.029335099998206715,155717632
238,1305031110.379281,data\rgbd_dataset_freiburg1_xyz\rgb\1305031110.379281.png,data\rgbd_dataset_freiburg1_xyz\depth\1305031110.371607.png,0.007673978805541992,0.0035810470581054688,1152,0.013093900000967551,0.0037747000005765585,0.004954599999109632,0.00872929999968619,0.008021599998755846,0.016750899998442037,0.029844799999409588,155721728
239,1305031110.411469,data\rgbd_dataset_freiburg1_xyz\rgb\1305031110.411469.png,data\rgbd_dataset_freiburg1_xyz\depth\1305031110.403480.png,0.007988929748535156,0.004230976104736328,1162,0.012954800000443356,0.0038516000004165107,0.00558429999910004,0.00943589999951655,0.010746899999503512,0.020182799999020062,0.03313759999946342,155721728
240,1305031110.44326,data\rgbd_dataset_freiburg1_xyz\rgb\1305031110.443260.png,data\rgbd_dataset_freiburg1_xyz\depth\1305031110.435647.png,0.007612943649291992,0.0024399757385253906,1206,0.013451999999233522,0.0036885000008624047,0.0051289000002725516,0.008817400001134956,0.007858900000428548,0.016676300001563504,0.030128300000797026,154710016
241,1305031110.479331,data\rgbd_dataset_freiburg1_xyz\rgb\1305031110.479331.png,data\rgbd_dataset_freiburg1_xyz\depth\1305031110.470588.png,0.008743047714233398,0.003631114959716797,1269,0.013235899999926914,0.0038812999991932884,0.005245700000159559,0.009126999999352847,0.008009500001207925,0.017136500000560773,0.030372400000487687,155430912
242,1305031110.511429,data\rgbd_dataset_freiburg1_xyz\rgb\1305031110.511429.png,data\rgbd_dataset_freiburg1_xyz\depth\1305031110.502539.png,0.008890151977539062,0.004271030426025391,1310,0.012855699998908676,0.003782399999181507,0.005371100000047591,0.009153499999229098,0.008667899999636575,0.017821399998865672,0.03067709999777435,155467776
243,1305031110.543408,data\rgbd_dataset_freiburg1_xyz\rgb\1305031110.543408.png,data\rgbd_dataset_freiburg1_xyz\depth\1305031110.534532.png,0.008875846862792969,0.002292156219482422,1349,0.013049499999397085,0.004031399999803398,0.005978200000754441,0.010009600000557839,0.007764499998302199,0.017774099998860038,0.030823599998257123,153960448
244,1305031110.579426,data\rgbd_dataset_freiburg1_xyz\rgb\1305031110.579426.png,data\rgbd_dataset_freiburg1_xyz\depth\1305031110.571676.png,0.007750034332275391,0.0037260055541992188,1360,0.013631800000439398,0.0038393000013456913,0.005637899999783258,0.00947720000112895,0.008272699998997268,0.017749900000126217,0.031381700000565615,154574848
245,1305031110.611307,data\rgbd_dataset_freiburg1_xyz\rgb\1305031110.611307.png,data\rgbd_dataset_freiburg1_xyz\depth\1305031110.604289.png,0.007017850875854492,0.004393100738525391,1355,0.013816499998938525,0.004048999999213265,0.005829900001117494,0.00987890000033076,0.011810999998488114,0.021689899998818873,0.0355063999977574,156164096
246,1305031110.643418,data\rgbd_dataset_freiburg1_xyz\rgb\1305031110.643418.png,data\rgbd_dataset_freiburg1_xyz\depth\1305031110.635485.png,0.00793313980102539,0.0022819042205810547,1382,0.01315230000000156,0.0039716999999654945,0.005518499998288462,0.009490199998253956,0.008079599998382037,0.017569799996635993,0.030722099996637553,156164096
247,1305031110.679606,data\rgbd_dataset_freiburg1_xyz\rgb\1305031110.679606.png,data\rgbd_dataset_freiburg1_xyz\depth\1305031110.671775.png,0.00783085823059082,0.0039060115814208984,1381,0.01334090000091237,0.004144600001382059,0.005522699999346514,0.009667300000728574,0.008194199999707052,0.017861500000435626,0.031202400001347996,152883200
248,1305031110.711412,data\rgbd_dataset_freiburg1_xyz\rgb\1305031110.711412.png,data\rgbd_dataset_freiburg1_xyz\depth\1305031110.699957.png,0.011455059051513672,0.0042879581451416016,1399,0.014058199998544296,0.004305800001020543,0.005457299999761744,0.009763100000782288,0.008166499999788357,0.017929600000570645,0.03198779999911494,155873280
249,1305031110.743249,data\rgbd_dataset_freiburg1_xyz\rgb\1305031110.743249.png,data\rgbd_dataset_freiburg1_xyz\depth\1305031110.735440.png,0.0078089237213134766,0.0024509429931640625,1370,0.013189900000725174,0.0039830999994592275,0.005530200000066543,0.00951329999952577,0.0075861999994231155,0.017099499998948886,0.03028939999967406,155947008
250,1305031110.779193,data\rgbd_dataset_freiburg1_xyz\rgb\1305031110.779193.png,data\rgbd_dataset_freiburg1_xyz\depth\1305031110.769734.png,0.00945901870727539,0.003392934799194336,1392,0.013468899998770212,0.0038585000002058223,0.005738500000006752,0.009597000000212574,0.0077455999999074265,0.01734260000012,0.030811499998890213,155959296
251,1305031110.811386,data\rgbd_dataset_freiburg1_xyz\rgb\1305031110.811386.png,data\rgbd_dataset_freiburg1_xyz\depth\1305031110.799684.png,0.01170206069946289,0.004313945770263672,1335,0.013257799999337294,0.003908999999111984,0.005597200000920566,0.00950620000003255,0.008336600001712213,0.017842800001744763,0.031100600001082057,156049408
252,1305031110.843218,data\rgbd_dataset_freiburg1_xyz\rgb\1305031110.843218.png,data\rgbd_dataset_freiburg1_xyz\depth\1305031110.835248.png,0.007970094680786133,0.0024819374084472656,1367,0.013468400000419933,0.003935500000807224,0.005160500000783941,0.009096000001591165,0.009089200000744313,0.018185200002335478,0.03165360000275541,156078080
253,1305031110.879313,data\rgbd_dataset_freiburg1_xyz\rgb\1305031110.879313.png,data\rgbd_dataset_freiburg1_xyz\depth\1305031110.871293.png,0.00801992416381836,0.003612995147705078,1365,0.013540400001147646,0.004090599999472033,0.0050657000010687625,0.009156300000540796,0.007392700001219055,0.01654900000175985,0.030089400002907496,156078080
254,1305031110.911333,data\rgbd_dataset_freiburg1_xyz\rgb\1305031110.911333.png,data\rgbd_dataset_freiburg1_xyz\depth\1305031110.901900.png,0.00943303108215332,0.004467010498046875,1353,0.013289399999848683,0.003903000000718748,0.005305299999236013,0.009208299999954761,0.007412400000248454,0.016620700000203215,0.029910100000051898,156098560
255,1305031110.943862,data\rgbd_dataset_freiburg1_xyz\rgb\1305031110.943862.png,data\rgbd_dataset_freiburg1_xyz\depth\1305031110.938668.png,0.005193948745727539,0.0018379688262939453,1351,0.01344280000012077,0.0038193000000319444,0.0054168999995454215,0.009236199999577366,0.007455499999196036,0.0166916999987734,0.03013449999889417,152612864
256,1305031110.979345,data\rgbd_dataset_freiburg1_xyz\rgb\1305031110.979345.png,data\rgbd_dataset_freiburg1_xyz\depth\1305031110.971316.png,0.008028984069824219,0.003645181655883789,1340,0.014153599999190192,0.0038858999996591592,0.005421399999249843,0.009307299998909002,0.007267900000442751,0.016575199999351753,0.030728799998541945,155676672
257,1305031111.011431,data\rgbd_dataset_freiburg1_xyz\rgb\1305031111.011431.png,data\rgbd_dataset_freiburg1_xyz\depth\1305031111.003669.png,0.007761955261230469,0.004269123077392578,1363,0.013003299998672446,0.003965699999753269,0.004998200000045472,0.008963899999798741,0.007209199999124394,0.016173099998923135,0.02917639999759558,155787264
258,1305031111.043327,data\rgbd_dataset_freiburg1_xyz\rgb\1305031111.043327.png,data\rgbd_dataset_freiburg1_xyz\depth\1305031111.039669.png,0.0036580562591552734,0.0024728775024414062,1378,0.013259200000902638,0.0039733000012347475,0.005234600001131184,0.009207900002365932,0.011698599999363068,0.020906500001729,0.03416570000263164,155807744
259,1305031111.079283,data\rgbd_dataset_freiburg1_xyz\rgb\1305031111.079283.png,data\rgbd_dataset_freiburg1_xyz\depth\1305031111.071605.png,0.007678031921386719,0.0035829544067382812,1364,0.013289200000144774,0.003923700000086683,0.004979700001058518,0.0089034000011452,0.007961800001794472,0.016865200002939673,0.030154400003084447,156004352
260,1305031111.111508,data\rgbd_dataset_freiburg1_xyz\rgb\1305031111.111508.png,data\rgbd_dataset_freiburg1_xyz\depth\1305031111.103658.png,0.007849931716918945,0.0041921138763427734,1342,0.013369000000238884,0.004011000000900822,0.005218199999944773,0.009229200000845594,0.008367699998416356,0.01759689999926195,0.030965899999500834,156004352
261,1305031111.143257,data\rgbd_dataset_freiburg1_xyz\rgb\1305031111.143257.png,data\rgbd_dataset_freiburg1_xyz\depth\1305031111.139211.png,0.004045963287353516,0.002443075180053711,1331,0.012813299999834271,0.0038944999996601837,0.005241400000159047,0.00913589999981923,0.00750039999911678,0.01663629999893601,0.02944959999877028,156073984
262,1305031111.179326,data\rgbd_dataset_freiburg1_xyz\rgb\1305031111.179326.png,data\rgbd_dataset_freiburg1_xyz\depth\1305031111.170937.png,0.008388996124267578,0.003626108169555664,1328,0.012987099999008933,0.003921200001059333,0.0047766999996383674,0.0086979000006977,0.00819229999979143,0.01689020000048913,0.029877299999498064,156082176
263,1305031111.211433,data\rgbd_dataset_freiburg1_xyz\rgb\1305031111.211433.png,data\rgbd_dataset_freiburg1_xyz\depth\1305031111.199395.png,0.012037992477416992,0.004266977310180664,1323,0.012880899999800022,0.004190300000118441,0.005197299999053939,0.00938759999917238,0.007121500000721426,0.016509099999893806,0.029389999999693828,156098560
264,1305031111.243236,data\rgbd_dataset_freiburg1_xyz\rgb\1305031111.243236.png,data\rgbd_dataset_freiburg1_xyz\depth\1305031111.236670.png,0.006566047668457031,0.002563953399658203,1268,0.012848300000769086,0.003943400000935071,0.005248900000879075,0.009192300001814147,0.00912649999918358,0.018318800000997726,0.031167100001766812,156102656
265,1305031111.279308,data\rgbd_dataset_freiburg1_xyz\rgb\1305031111.279308.png,data\rgbd_dataset_freiburg1_xyz\depth\1305031111.269939.png,0.009369134902954102,0.0036079883575439453,1224,0.01569259999996575,0.004980700001397054,0.005302100000335486,0.01028280000173254,0.007448499998645275,0.017731300000377814,0.033423900000343565,156196864
266,1305031111.311547,data\rgbd_dataset_freiburg1_xyz\rgb\1305031111.311547.png,data\rgbd_dataset_freiburg1_xyz\depth\1305031111.302311.png,0.00923609733581543,0.004153013229370117,1241,0.013066600000456674,0.003830900001048576,0.005343799999536714,0.00917470000058529,0.008259199999884004,0.017433900000469293,0.030500500000925967,156196864
267,1305031111.343397,data\rgbd_dataset_freiburg1_xyz\rgb\1305031111.343397.png,data\rgbd_dataset_freiburg1_xyz\depth\1305031111.339460.png,0.0039370059967041016,0.0023031234741210938,1200,0.013496699999450357,0.0038287999996100552,0.004997099998945487,0.008825899998555542,0.007496000000173808,0.01632189999872935,0.029818599998179707,156200960
268,1305031111.379134,data\rgbd_dataset_freiburg1_xyz\rgb\1305031111.379134.png,data\rgbd_dataset_freiburg1_xyz\depth\1305031111.370908.png,0.00822591781616211,0.0034339427947998047,1185,0.0128353000000061,0.0037427999995998107,0.004961099999491125,0.008703899999090936,0.007610900000145193,0.01631479999923613,0.02915009999924223,156209152
269,1305031111.411296,data\rgbd_dataset_freiburg1_xyz\rgb\1305031111.411296.png,data\rgbd_dataset_freiburg1_xyz\depth\1305031111.402911.png,0.008384943008422852,0.0044040679931640625,1188,0.012885399999504443,0.003753599999981816,0.004979600000297069,0.008733200000278885,0.007595900000524125,0.01632910000080301,0.029214500000307453,156221440
270,1305031111.443386,data\rgbd_dataset_freiburg1_xyz\rgb\1305031111.443386.png,data\rgbd_dataset_freiburg1_xyz\depth\1305031111.438948.png,0.004438161849975586,0.002313852310180664,1165,0.013101299999107141,0.003648800000519259,0.005300000000715954,0.008948800001235213,0.010897900001509697,0.01984670000274491,0.03294800000185205,156233728
271,1305031111.479259,data\rgbd_dataset_freiburg1_xyz\rgb\1305031111.479259.png,data\rgbd_dataset_freiburg1_xyz\depth\1305031111.470919.png,0.008340120315551758,0.003258943557739258,1197,0.012874300000476069,0.003769799999645329,0.0055138999996415805,0.00928369999928691,0.008079500001258566,0.017363200000545476,0.030237500001021544,156237824
272,1305031111.511264,data\rgbd_dataset_freiburg1_xyz\rgb\1305031111.511264.png,data\rgbd_dataset_freiburg1_xyz\depth\1305031111.503531.png,0.00773310661315918,0.004436016082763672,1121,0.013026200000240351,0.00385180000012042,0.005048799999713083,0.008900599999833503,0.008117800000036368,0.01701839999986987,0.030044600000110222,156266496
273,1305031111.54325,data\rgbd_dataset_freiburg1_xyz\rgb\1305031111.543250.png,data\rgbd_dataset_freiburg1_xyz\depth\1305031111.539482.png,0.0037679672241210938,0.002549886703491211,1073,0.013080000000627479,0.0038699999986420153,0.005042900000262307,0.008912899998904322,0.007537900000897935,0.016450799999802257,0.029530800000429736,156311552
274,1305031111.579237,data\rgbd_dataset_freiburg1_xyz\rgb\1305031111.579237.png,data\rgbd_dataset_freiburg1_xyz\depth\1305031111.571320.png,0.007916927337646484,0.003437042236328125,1059,0.013052300000708783,0.003728100000444101,0.004958699999406235,0.008686799999850336,0.010041899999123416,0.018728699998973752,0.031780999999682535,156332032
275,1305031111.611271,data\rgbd_dataset_freiburg1_xyz\rgb\1305031111.611271.png,data\rgbd_dataset_freiburg1_xyz\depth\1305031111.603391.png,0.007879972457885742,0.0044291019439697266,1018,0.0131111000009696,0.0037123000001884066,0.005250600001090788,0.008962900001279195,0.010023300001194002,0.018986200002473197,0.0320973000034428,156344320
276,1305031111.643395,data\rgbd_dataset_freiburg1_xyz\rgb\1305031111.643395.png,data\rgbd_dataset_freiburg1_xyz\depth\1305031111.639405.png,0.0039899349212646484,0.0023050308227539062,1004,0.013109099998473539,0.0037420999997266335,0.00498419999894395,0.008726299998670584,0.006970000000364962,0.015696299999035546,0.028805399997509085,156344320
277,1305031111.67932,data\rgbd_dataset_freiburg1_xyz\rgb\1305031111.679320.png,data\rgbd_dataset_freiburg1_xyz\depth\1305031111.671252.png,0.008068084716796875,0.003620147705078125,1029,0.0129319999996369,0.003746500000488595,0.005718200000046636,0.009464700000535231,0.0079939999995986,0.01745870000013383,0.03039069999977073,153333760
278,1305031111.71176,data\rgbd_dataset_freiburg1_xyz\rgb\1305031111.711760.png,data\rgbd_dataset_freiburg1_xyz\depth\1305031111.703791.png,0.007969141006469727,0.00393986701965332,970,0.01388760000008915,0.0038251000005402602,0.0052615000004152535,0.009086600000955514,0.008379599999898346,0.01746620000085386,0.03135380000094301,155889664
279,1305031111.743386,data\rgbd_dataset_freiburg1_xyz\rgb\1305031111.743386.png,data\rgbd_dataset_freiburg1_xyz\depth\1305031111.739504.png,0.0038819313049316406,0.002313852310180664,947,0.015016900000773603,0.004515499998888117,0.004622499998731655,0.009137999997619772,0.007326499999180669,0.01646449999680044,0.031481399997574044,155901952
280,1305031111.779423,data\rgbd_dataset_freiburg1_xyz\rgb\1305031111.779423.png,data\rgbd_dataset_freiburg1_xyz\depth\1305031111.771228.png,0.008194923400878906,0.0037229061126708984,925,0.012707900001259986,0.003869199999826378,0.005155500000910251,0.00902470000073663,0.006986500000493834,0.016011200001230463,0.02871910000249045,156303360
281,1305031111.811406,data\rgbd_dataset_freiburg1_xyz\rgb\1305031111.811406.png,data\rgbd_dataset_freiburg1_xyz\depth\1305031111.800077.png,0.011328935623168945,0.004294157028198242,903,0.012749900000926573,0.003708800000822521,0.005271899999570451,0.008980700000392972,0.007342400000197813,0.016323100000590784,0.029073000001517357,156307456
282,1305031111.843299,data\rgbd_dataset_freiburg1_xyz\rgb\1305031111.843299.png,data\rgbd_dataset_freiburg1_xyz\depth\1305031111.839333.png,0.003965854644775391,0.0025010108947753906,838,0.013187200000174926,0.0036249000004318077,0.00507370000013907,0.008698600000570877,0.006942199999684817,0.015640800000255695,0.02882800000043062,156418048
283,1305031111.879442,data\rgbd_dataset_freiburg1_xyz\rgb\1305031111.879442.png,data\rgbd_dataset_freiburg1_xyz\depth\1305031111.870985.png,0.008456945419311523,0.0037419795989990234,868,0.012775799999872106,0.0037551999994320795,0.004875700000411598,0.008630899999843678,0.007657399999516201,0.01628829999935988,0.029064099999231985,156438528
284,1305031111.911354,data\rgbd_dataset_freiburg1_xyz\rgb\1305031111.911354.png,data\rgbd_dataset_freiburg1_xyz\depth\1305031111.903356.png,0.007997989654541016,0.004345893859863281,866,0.013243900000816211,0.0037295000001904555,0.004722300000139512,0.008451800000329968,0.007303799999135663,0.01575559999946563,0.02899950000028184,156454912
285,1305031111.9433,data\rgbd_dataset_freiburg1_xyz\rgb\1305031111.943300.png,data\rgbd_dataset_freiburg1_xyz\depth\1305031111.939680.png,0.0036199092864990234,0.002399921417236328,805,0.014828299999862793,0.0038175999998202315,0.004961399999956484,0.008778999999776715,0.007005200001003686,0.015784200000780402,0.030612500000643195,156479488
286,1305031111.979449,data\rgbd_dataset_freiburg1_xyz\rgb\1305031111.979449.png,data\rgbd_dataset_freiburg1_xyz\depth\1305031111.971494.png,0.007955074310302734,0.003648996353149414,875,0.012806700000510318,0.003644000000349479,0.004849099999773898,0.008493100000123377,0.00663669999994454,0.015129800000067917,0.027936500000578235,156483584
287,1305031112.011433,data\rgbd_dataset_freiburg1_xyz\rgb\1305031112.011433.png,data\rgbd_dataset_freiburg1_xyz\depth\1305031112.003596.png,0.00783681869506836,0.004267215728759766,847,0.013030000000071595,0.0037265999999362975,0.005301999999574036,0.009028599999510334,0.006511599998702877,0.015540199998213211,0.028570199998284806,156487680
288,1305031112.04327,data\rgbd_dataset_freiburg1_xyz\rgb\1305031112.043270.png,data\rgbd_dataset_freiburg1_xyz\depth\1305031112.039412.png,0.0038580894470214844,0.0025298595428466797,868,0.013254999999844586,0.0038311999996949453,0.005182900000363588,0.009014100000058534,0.007868500000768108,0.016882600000826642,0.030137600000671227,156495872
289,1305031112.079339,data\rgbd_dataset_freiburg1_xyz\rgb\1305031112.079339.png,data\rgbd_dataset_freiburg1_xyz\depth\1305031112.070731.png,0.008608102798461914,0.0036389827728271484,888,0.012876200000391691,0.004009800000858377,0.005308600000716979,0.009318400001575355,0.00739149999935762,0.016709900000932976,0.029586100001324667,156516352
290,1305031112.111423,data\rgbd_dataset_freiburg1_xyz\rgb\1305031112.111423.png,data\rgbd_dataset_freiburg1_xyz\depth\1305031112.102495.png,0.008928060531616211,0.00427699089050293,849,0.013142200001311721,0.0038475999990623677,0.004192499998680432,0.0080400999977428,0.00689319999946747,0.01493329999721027,0.02807549999852199,156520448
291,1305031112.144342,data\rgbd_dataset_freiburg1_xyz\rgb\1305031112.144342.png,data\rgbd_dataset_freiburg1_xyz\depth\1305031112.139107.png,0.005234956741333008,0.0013580322265625,835,0.012888900000689318,0.0038103000006231014,0.005237199999100994,0.009047499999724096,0.007094100001268089,0.016141600000992185,0.029030500001681503,156532736
292,1305031112.17939,data\rgbd_dataset_freiburg1_xyz\rgb\1305031112.179390.png,data\rgbd_dataset_freiburg1_xyz\depth\1305031112.169345.png,0.010045051574707031,0.003690004348754883,825,0.012852800000473508,0.00377920000028098,0.004984900000636117,0.008764100000917097,0.007125699999960489,0.015889800000877585,0.028742600001351093,156540928
293,1305031112.211254,data\rgbd_dataset_freiburg1_xyz\rgb\1305031112.211254.png,data\rgbd_dataset_freiburg1_xyz\depth\1305031112.207733.png,0.003520965576171875,0.004546165466308594,842,0.012778399999660905,0.003980999999839696,0.005076400000689318,0.009057400000529015,0.0068692999993800186,0.015926699999909033,0.02870509999956994,156545024
294,1305031112.243369,data\rgbd_dataset_freiburg1_xyz\rgb\1305031112.243369.png,data\rgbd_dataset_freiburg1_xyz\depth\1305031112.235657.png,0.007712125778198242,0.002330780029296875,839,0.012955399999555084,0.003915400000551017,0.005055399999037036,0.008970799999588053,0.007141800000681542,0.016112600000269595,0.02906799999982468,156549120
295,1305031112.279353,data\rgbd_dataset_freiburg1_xyz\rgb\1305031112.279353.png,data\rgbd_dataset_freiburg1_xyz\depth\1305031112.269488.png,0.00986480712890625,0.003652811050415039,858,0.0129612000000634,0.0038739000010536984,0.005008500000258209,0.008882400001311908,0.009169400000246242,0.01805180000155815,0.03101300000162155,156561408
296,1305031112.311312,data\rgbd_dataset_freiburg1_xyz\rgb\1305031112.311312.png,data\rgbd_dataset_freiburg1_xyz\depth\1305031112.303591.png,0.007720947265625,0.004388093948364258,845,0.013355799999771989,0.0036187999994581332,0.005056599999079481,0.008675399998537614,0.007219099999929313,0.015894499998466927,0.029250299998238916,156561408
297,1305031112.343323,data\rgbd_dataset_freiburg1_xyz\rgb\1305031112.343323.png,data\rgbd_dataset_freiburg1_xyz\depth\1305031112.335789.png,0.007534027099609375,0.002476930618286133,848,0.015659600001526996,0.0044822999989264645,0.0044166000006953254,0.00889889999962179,0.007059199999275734,0.015958099998897524,0.03161770000042452,152989696
298,1305031112.37936,data\rgbd_dataset_freiburg1_xyz\rgb\1305031112.379360.png,data\rgbd_dataset_freiburg1_xyz\depth\1305031112.371231.png,0.008128881454467773,0.003659963607788086,850,0.013945200000307523,0.00377209999896877,0.004515900000114925,0.008287999999083695,0.006639499999437248,0.014927499998520943,0.028872699998828466,155766784
299,1305031112.411442,data\rgbd_dataset_freiburg1_xyz\rgb\1305031112.411442.png,data\rgbd_dataset_freiburg1_xyz\depth\1305031112.407491.png,0.003951072692871094,0.004257917404174805,832,0.013657600000442471,0.003807200000665034,0.005372600000555394,0.009179800001220428,0.006623299999773735,0.015803100000994164,0.029460700001436635,155959296
300,1305031112.443391,data\rgbd_dataset_freiburg1_xyz\rgb\1305031112.443391.png,data\rgbd_dataset_freiburg1_xyz\depth\1305031112.439064.png,0.004327058792114258,0.0023088455200195312,864,0.012989599999855272,0.003769000000829692,0.005534500000067055,0.009303500000896747,0.006898699999510427,0.016202200000407174,0.029191800000262447,156307456
301,1305031112.479418,data\rgbd_dataset_freiburg1_xyz\rgb\1305031112.479418.png,data\rgbd_dataset_freiburg1_xyz\depth\1305031112.471066.png,0.008352041244506836,0.003718137741088867,884,0.013402200000200537,0.0038676000003761146,0.005107199998747092,0.008974799999123206,0.006955599999855622,0.015930399998978828,0.029332599999179365,156385280
302,1305031112.511504,data\rgbd_dataset_freiburg1_xyz\rgb\1305031112.511504.png,data\rgbd_dataset_freiburg1_xyz\depth\1305031112.506669.png,0.004834890365600586,0.0041961669921875,862,0.013363300000492018,0.003729100000782637,0.004782399999385234,0.008511500000167871,0.0071845000002213055,0.015696000000389176,0.029059300000881194,156405760
303,1305031112.543212,data\rgbd_dataset_freiburg1_xyz\rgb\1305031112.543212.png,data\rgbd_dataset_freiburg1_xyz\depth\1305031112.538310.png,0.004901885986328125,0.002688169479370117,867,0.013327099999514758,0.0040157999992516125,0.005153300000529271,0.009169099999780883,0.007654799999727402,0.016823899999508285,0.030150999999023043,156540928
304,1305031112.579252,data\rgbd_dataset_freiburg1_xyz\rgb\1305031112.579252.png,data\rgbd_dataset_freiburg1_xyz\depth\1305031112.567470.png,0.011781930923461914,0.003551959991455078,883,0.013413200000286452,0.003655399999843212,0.004380800000944873,0.008036200000788085,0.006761599999663304,0.014797800000451389,0.02821100000073784,156545024
305,1305031112.611261,data\rgbd_dataset_freiburg1_xyz\rgb\1305031112.611261.png,data\rgbd_dataset_freiburg1_xyz\depth\1305031112.606742.png,0.004518985748291016,0.004439115524291992,878,0.013025500000367174,0.003627599999163067,0.004429500000696862,0.008057099999859929,0.006560199999512406,0.014617299999372335,0.02764279999973951,156565504
306,1305031112.643246,data\rgbd_dataset_freiburg1_xyz\rgb\1305031112.643246.png,data\rgbd_dataset_freiburg1_xyz\depth\1305031112.639418.png,0.0038280487060546875,0.002554178237915039,911,0.013269299999592477,0.0037978000000293832,0.005286199999318342,0.009083999999347725,0.0096704999996291,0.018754499998976826,0.0320237999985693,156598272
307,1305031112.679952,data\rgbd_dataset_freiburg1_xyz\rgb\1305031112.679952.png,data\rgbd_dataset_freiburg1_xyz\depth\1305031112.671325.png,0.008626937866210938,0.004151821136474609,883,0.01364350000039849,0.0037986000006640097,0.004503999998632935,0.008302599999296945,0.007070599998769467,0.015373199998066411,0.0290166999984649,156614656
308,1305031112.711251,data\rgbd_dataset_freiburg1_xyz\rgb\1305031112.711251.png,data\rgbd_dataset_freiburg1_xyz\depth\1305031112.707325.png,0.00392603874206543,0.004448890686035156,855,0.013250899999547983,0.003637299998445087,0.004766500000187079,0.008403799998632167,0.00649149999844667,0.014895299997078837,0.02814619999662682,156622848
309,1305031112.743245,data\rgbd_dataset_freiburg1_xyz\rgb\1305031112.743245.png,data\rgbd_dataset_freiburg1_xyz\depth\1305031112.739546.png,0.0036988258361816406,0.002454996109008789,844,0.013067399999272311,0.003864399999656598,0.004991100000552251,0.008855500000208849,0.006949000000531669,0.015804500000740518,0.02887190000001283,156635136
310,1305031112.77931,data\rgbd_dataset_freiburg1_xyz\rgb\1305031112.779310.png,data\rgbd_dataset_freiburg1_xyz\depth\1305031112.771523.png,0.007786989212036133,0.003609895706176758,807,0.013339799999812385,0.003772999998545856,0.004839299999730429,0.008612299998276285,0.007250099999509985,0.01586239999778627,0.029202199997598655,156655616
311,1305031112.81131,data\rgbd_dataset_freiburg1_xyz\rgb\1305031112.811310.png,data\rgbd_dataset_freiburg1_xyz\depth\1305031112.807539.png,0.003771066665649414,0.00439000129699707,771,0.01656390000061947,0.0047517000002699206,0.005116799999086652,0.009868499999356573,0.006833199999164208,0.01670169999852078,0.03326559999914025,156655616
312,1305031112.843286,data\rgbd_dataset_freiburg1_xyz\rgb\1305031112.843286.png,data\rgbd_dataset_freiburg1_xyz\depth\1305031112.839560.png,0.0037260055541992188,0.0024139881134033203,765,0.013716899999053567,0.0039013999994494952,0.005243900001005386,0.009145300000454881,0.0071791999998822575,0.01632450000033714,0.030041399999390705,156667904
313,1305031112.879421,data\rgbd_dataset_freiburg1_xyz\rgb\1305031112.879421.png,data\rgbd_dataset_freiburg1_xyz\depth\1305031112.871083.png,0.008337974548339844,0.003720998764038086,783,0.013330600000699633,0.0039312999997491715,0.004552599999442464,0.008483899999191635,0.007112299999789684,0.01559619999898132,0.028926799999680952,156672000
314,1305031112.911411,data\rgbd_dataset_freiburg1_xyz\rgb\1305031112.911411.png,data\rgbd_dataset_freiburg1_xyz\depth\1305031112.907246.png,0.004164934158325195,0.004288911819458008,743,0.012872799999968265,0.003766100000575534,0.00455810000130441,0.008324200001879944,0.006516299999930197,0.014840500001810142,0.027713300001778407,156676096
315,1305031112.943321,data\rgbd_dataset_freiburg1_xyz\rgb\1305031112.943321.png,data\rgbd_dataset_freiburg1_xyz\depth\1305031112.939323.png,0.0039980411529541016,0.0023789405822753906,749,0.013121899999532616,0.003923499998563784,0.004861200000959798,0.008784699999523582,0.006466599999839673,0.015251299999363255,0.02837319999889587,156688384
316,1305031112.979278,data\rgbd_dataset_freiburg1_xyz\rgb\1305031112.979278.png,data\rgbd_dataset_freiburg1_xyz\depth\1305031112.971164.png,0.008114099502563477,0.00357818603515625,717,0.01298069999938889,0.0038455000012618257,0.0046339000000443775,0.008479400001306203,0.006667100000413484,0.015146500001719687,0.028127200001108577,153055232
317,1305031113.011353,data\rgbd_dataset_freiburg1_xyz\rgb\1305031113.011353.png,data\rgbd_dataset_freiburg1_xyz\depth\1305031113.007166.png,0.004187107086181641,0.004347085952758789,728,0.014229399999749148,0.003767899999729707,0.004931399998895358,0.008699299998625065,0.006349299999783398,0.015048599998408463,0.02927799999815761,155869184
318,1305031113.043231,data\rgbd_dataset_freiburg1_xyz\rgb\1305031113.043231.png,data\rgbd_dataset_freiburg1_xyz\depth\1305031113.039492.png,0.0037391185760498047,0.002568960189819336,727,0.013453800000206684,0.0037989000011293683,0.004764999999679276,0.008563900000808644,0.006631300000663032,0.015195200001471676,0.02864900000167836,156450816
319,1305031113.079251,data\rgbd_dataset_freiburg1_xyz\rgb\1305031113.079251.png,data\rgbd_dataset_freiburg1_xyz\depth\1305031113.071210.png,0.008041143417358398,0.003551006317138672,737,0.013348700000278768,0.0038858999996591592,0.004914299999654759,0.008800199999313918,0.008518699998603552,0.01731889999791747,0.030667599998196238,156495872
320,1305031113.111316,data\rgbd_dataset_freiburg1_xyz\rgb\1305031113.111316.png,data\rgbd_dataset_freiburg1_xyz\depth\1305031113.107662.png,0.003654003143310547,0.004384040832519531,756,0.01321500000085507,0.0036373999992065364,0.005408499999248306,0.009045899998454843,0.009347999999590684,0.018393899998045526,0.0316088999989006,156561408
321,1305031113.143306,data\rgbd_dataset_freiburg1_xyz\rgb\1305031113.143306.png,data\rgbd_dataset_freiburg1_xyz\depth\1305031113.139664.png,0.0036420822143554688,0.002393960952758789,804,0.013288399999510148,0.0038485000004584435,0.005519700000149896,0.00936820000060834,0.00714239999979327,0.01651060000040161,0.029798999999911757,156684288
322,1305031113.179343,data\rgbd_dataset_freiburg1_xyz\rgb\1305031113.179343.png,data\rgbd_dataset_freiburg1_xyz\depth\1305031113.171088.png,0.0082550048828125,0.003643035888671875,793,0.012880899999800022,0.0037818000000697793,0.00513900000078138,0.008920800000851159,0.006349700001010206,0.015270500001861365,0.028151400001661386,156688384
323,1305031113.211259,data\rgbd_dataset_freiburg1_xyz\rgb\1305031113.211259.png,data\rgbd_dataset_freiburg1_xyz\depth\1305031113.207181.png,0.004077911376953125,0.004641056060791016,802,0.012437600000339444,0.0037913000014668796,0.004689199999120319,0.008480500000587199,0.008659099999931641,0.01713960000051884,0.029577200000858284,156708864
324,1305031113.243227,data\rgbd_dataset_freiburg1_xyz\rgb\1305031113.243227.png,data\rgbd_dataset_freiburg1_xyz\depth\1305031113.239732.png,0.0034949779510498047,0.0024728775024414062,804,0.012909999999465072,0.00386399999842979,0.005190500000026077,0.009054499998455867,0.006845800000519375,0.015900299998975242,0.028810299998440314,156717056
325,1305031113.279312,data\rgbd_dataset_freiburg1_xyz\rgb\1305031113.279312.png,data\rgbd_dataset_freiburg1_xyz\depth\1305031113.271470.png,0.007841825485229492,0.0036118030548095703,840,0.01277010000012524,0.0037419000000227243,0.0048606999989715405,0.008602599998994265,0.007465200000297045,0.01606779999929131,0.02883789999941655,156733440
326,1305031113.311452,data\rgbd_dataset_freiburg1_xyz\rgb\1305031113.311452.png,data\rgbd_dataset_freiburg1_xyz\depth\1305031113.307323.png,0.004128932952880859,0.004248142242431641,833,0.015214400000331807,0.004759800000101677,0.004974200001015561,0.009734000001117238,0.009877600001345854,0.019611600002463092,0.0348260000027949,153292800
327,1305031113.343252,data\rgbd_dataset_freiburg1_xyz\rgb\1305031113.343252.png,data\rgbd_dataset_freiburg1_xyz\depth\1305031113.339396.png,0.0038559436798095703,0.0024480819702148438,873,0.013639700000567245,0.003993500000433414,0.00527689999944414,0.009270399999877554,0.007325000000491855,0.01659540000036941,0.030235100000936654,156004352
328,1305031113.379312,data\rgbd_dataset_freiburg1_xyz\rgb\1305031113.379312.png,data\rgbd_dataset_freiburg1_xyz\depth\1305031113.371377.png,0.007935047149658203,0.003612041473388672,922,0.0129756999995152,0.004020100001071114,0.005152699999598553,0.009172800000669667,0.007091700001183199,0.016264500001852866,0.029240200001368066,156102656
329,1305031113.411625,data\rgbd_dataset_freiburg1_xyz\rgb\1305031113.411625.png,data\rgbd_dataset_freiburg1_xyz\depth\1305031113.407351.png,0.004273891448974609,0.004075050354003906,931,0.012861499999416992,0.0037953000010020332,0.004778700000315439,0.008574000001317472,0.006891400000313297,0.015465400001630769,0.02832690000104776,156127232
330,1305031113.443266,data\rgbd_dataset_freiburg1_xyz\rgb\1305031113.443266.png,data\rgbd_dataset_freiburg1_xyz\depth\1305031113.439787.png,0.00347900390625,0.0024340152740478516,974,0.013010599999688566,0.003876200000377139,0.005378099998779362,0.009254299999156501,0.006868300000860472,0.016122600000016973,0.02913319999970554,153411584
331,1305031113.479311,data\rgbd_dataset_freiburg1_xyz\rgb\1305031113.479311.png,data\rgbd_dataset_freiburg1_xyz\depth\1305031113.475657.png,0.003654003143310547,0.0036110877990722656,971,0.013603100000182167,0.0038533999995706836,0.005493599999681464,0.009346999999252148,0.010845000000699656,0.020191999999951804,0.03379510000013397,156033024
332,1305031113.511523,data\rgbd_dataset_freiburg1_xyz\rgb\1305031113.511523.png,data\rgbd_dataset_freiburg1_xyz\depth\1305031113.507987.png,0.0035359859466552734,0.004177093505859375,958,0.013141600000381004,0.0038330999996105675,0.005249499999990803,0.00908259999960137,0.007377199999609729,0.0164597999992111,0.029601399999592104,156139520
333,1305031113.543242,data\rgbd_dataset_freiburg1_xyz\rgb\1305031113.543242.png,data\rgbd_dataset_freiburg1_xyz\depth\1305031113.539417.png,0.003824949264526367,0.0024580955505371094,950,0.013236300001153722,0.00380829999994603,0.0050099000000045635,0.008818199999950593,0.00697779999973136,0.015795999999681953,0.029032300000835676,156278784
334,1305031113.579301,data\rgbd_dataset_freiburg1_xyz\rgb\1305031113.579301.png,data\rgbd_dataset_freiburg1_xyz\depth\1305031113.574964.png,0.0043370723724365234,0.00360107421875,960,0.01311610000084329,0.0037858000014239224,0.005306600000039907,0.00909240000146383,0.007599000000482192,0.016691400001946022,0.02980750000278931,156295168
335,1305031113.611268,data\rgbd_dataset_freiburg1_xyz\rgb\1305031113.611268.png,data\rgbd_dataset_freiburg1_xyz\depth\1305031113.607216.png,0.004052162170410156,0.0045318603515625,974,0.013173600000300212,0.003962400000091293,0.0052252000004955335,0.009187600000586826,0.007188899999164278,0.016376499999751104,0.029550100000051316,156307456
336,1305031113.643222,data\rgbd_dataset_freiburg1_xyz\rgb\1305031113.643222.png,data\rgbd_dataset_freiburg1_xyz\depth\1305031113.638418.png,0.004804134368896484,0.002477884292602539,954,0.014264900000853231,0.004277300000467221,0.004925100000036764,0.009202400000503985,0.006996199999775854,0.01619860000027984,0.03046350000113307,156409856
337,1305031113.679288,data\rgbd_dataset_freiburg1_xyz\rgb\1305031113.679288.png,data\rgbd_dataset_freiburg1_xyz\depth\1305031113.674244.png,0.005043983459472656,0.003587961196899414,932,0.013693699998839293,0.0037451999996847007,0.005057299998952658,0.008802499998637359,0.006604899999729241,0.0154073999983666,0.029101099997205893,156413952
338,1305031113.711931,data\rgbd_dataset_freiburg1_xyz\rgb\1305031113.711931.png,data\rgbd_dataset_freiburg1_xyz\depth\1305031113.704256.png,0.0076749324798583984,0.0037689208984375,952,0.01406180000049062,0.00371149999955378,0.004714900000180933,0.008426399999734713,0.006808600001022569,0.015235000000757282,0.029296800001247902,156483584
339,1305031113.74359,data\rgbd_dataset_freiburg1_xyz\rgb\1305031113.743590.png,data\rgbd_dataset_freiburg1_xyz\depth\1305031113.736263.png,0.007327079772949219,0.002209901809692383,946,0.013453599998683785,0.0035378000011405675,0.005135199999131146,0.008673000000271713,0.006889800000863033,0.015562800001134747,0.029016399999818532,156487680
340,1305031113.77932,data\rgbd_dataset_freiburg1_xyz\rgb\1305031113.779320.png,data\rgbd_dataset_freiburg1_xyz\depth\1305031113.774168.png,0.005151987075805664,0.0036199092864990234,949,0.013571499999670777,0.0035611000002973014,0.004815000000235159,0.00837610000053246,0.0070092999994813,0.01538540000001376,0.028956899999684538,156520448
341,1305031113.811237,data\rgbd_dataset_freiburg1_xyz\rgb\1305031113.811237.png,data\rgbd_dataset_freiburg1_xyz\depth\1305031113.805795.png,0.005442142486572266,0.0044629573822021484,963,0.015502899999773945,0.004375900000013644,0.005978299999696901,0.010354199999710545,0.007900000000518048,0.018254200000228593,0.03375710000000254,153223168
342,1305031113.843295,data\rgbd_dataset_freiburg1_xyz\rgb\1305031113.843295.png,data\rgbd_dataset_freiburg1_xyz\depth\1305031113.838437.png,0.0048580169677734375,0.002404928207397461,986,0.016178400001081172,0.003937999999834574,0.005319199999576085,0.009257199999410659,0.0070047000008344185,0.016261900000245078,0.03244030000132625,156164096
343,1305031113.879281,data\rgbd_dataset_freiburg1_xyz\rgb\1305031113.879281.png,data\rgbd_dataset_freiburg1_xyz\depth\1305031113.874200.png,0.0050809383392333984,0.0035810470581054688,1010,0.014067300000533578,0.004073099999004626,0.0046808000006421935,0.00875389999964682,0.007216899999548332,0.01597079999919515,0.03003809999972873,156192768
344,1305031113.91129,data\rgbd_dataset_freiburg1_xyz\rgb\1305031113.911290.png,data\rgbd_dataset_freiburg1_xyz\depth\1305031113.906361.png,0.0049288272857666016,0.0044100284576416016,1037,0.013320300000486895,0.003883900000801077,0.004973999999492662,0.00885790000029374,0.006566000000020722,0.015423900000314461,0.028744200000801357,156295168
345,1305031113.943291,data\rgbd_dataset_freiburg1_xyz\rgb\1305031113.943291.png,data\rgbd_dataset_freiburg1_xyz\depth\1305031113.938561.png,0.0047299861907958984,0.0024089813232421875,1039,0.013970699999845237,0.004546699999991688,0.005028699999456876,0.009575399999448564,0.007199699999546283,0.016775099998994847,0.030745799998840084,156307456
346,1305031113.979293,data\rgbd_dataset_freiburg1_xyz\rgb\1305031113.979293.png,data\rgbd_dataset_freiburg1_xyz\depth\1305031113.974245.png,0.005048036575317383,0.0035932064056396484,1043,0.01347159999932046,0.0036005999991175486,0.0047790999997232575,0.008379699998840806,0.006491199999800301,0.014870899998641107,0.028342499997961568,156725248
347,1305031114.011257,data\rgbd_dataset_freiburg1_xyz\rgb\1305031114.011257.png,data\rgbd_dataset_freiburg1_xyz\depth\1305031114.007082.png,0.004174947738647461,0.004443168640136719,1082,0.012877999999545864,0.003670800000691088,0.005125399999087676,0.008796199999778764,0.007200500000180909,0.015996699999959674,0.028874699999505538,156729344
348,1305031114.043301,data\rgbd_dataset_freiburg1_xyz\rgb\1305031114.043301.png,data\rgbd_dataset_freiburg1_xyz\depth\1305031114.038546.png,0.0047550201416015625,0.002398967742919922,1115,0.013514799999029492,0.0038793000003352063,0.004931699999360717,0.008810999999695923,0.007704100000410108,0.01651510000010603,0.030029899999135523,156733440
349,1305031114.079285,data\rgbd_dataset_freiburg1_xyz\rgb\1305031114.079285.png,data\rgbd_dataset_freiburg1_xyz\depth\1305031114.074298.png,0.004987001419067383,0.0035848617553710938,1156,0.013197500000387663,0.003729100000782637,0.005130999999892083,0.00886010000067472,0.007131200000003446,0.015991300000678166,0.02918880000106583,156741632
350,1305031114.111263,data\rgbd_dataset_freiburg1_xyz\rgb\1305031114.111263.png,data\rgbd_dataset_freiburg1_xyz\depth\1305031114.106402.png,0.004861116409301758,0.004436969757080078,1196,0.014460599999438273,0.003929599999537459,0.005189399998926092,0.00911899999846355,0.008589700000811717,0.017708699999275268,0.03216929999871354,156741632
351,1305031114.143284,data\rgbd_dataset_freiburg1_xyz\rgb\1305031114.143284.png,data\rgbd_dataset_freiburg1_xyz\depth\1305031114.138562.png,0.004722118377685547,0.002415895462036133,1240,0.013499300001058145,0.003744299998288625,0.005651000001307693,0.009395299999596318,0.007985500000359025,0.017380799999955343,0.03088010000101349,156839936
352,1305031114.179337,data\rgbd_dataset_freiburg1_xyz\rgb\1305031114.179337.png,data\rgbd_dataset_freiburg1_xyz\depth\1305031114.174114.png,0.00522303581237793,0.003637075424194336,1300,0.013273000000481261,0.003624599999966449,0.004818100000193226,0.008442700000159675,0.008456399998976849,0.016899099999136524,0.030172099999617785,156852224
353,1305031114.211303,data\rgbd_dataset_freiburg1_xyz\rgb\1305031114.211303.png,data\rgbd_dataset_freiburg1_xyz\depth\1305031114.206255.png,0.005048036575317383,0.004396915435791016,1319,0.01366529999904742,0.003794199999902048,0.005237199999100994,0.009031399999003042,0.008480699998472119,0.01751209999747516,0.03117739999652258,156860416
354,1305031114.243337,data\rgbd_dataset_freiburg1_xyz\rgb\1305031114.243337.png,data\rgbd_dataset_freiburg1_xyz\depth\1305031114.238473.png,0.0048639774322509766,0.0022630691528320312,1338,0.01337020000028133,0.004396800000904477,0.0052586999991035555,0.009655500000008033,0.007707799999479903,0.017363299999487936,0.030733499999769265,156868608
355,1305031114.27939,data\rgbd_dataset_freiburg1_xyz\rgb\1305031114.279390.png,data\rgbd_dataset_freiburg1_xyz\depth\1305031114.271075.png,0.008315086364746094,0.003690004348754883,1396,0.013410699999440112,0.003851100000247243,0.005376899998736917,0.00922799999898416,0.007973899999342393,0.017201899998326553,0.030612599997766665,156884992
356,1305031114.311429,data\rgbd_dataset_freiburg1_xyz\rgb\1305031114.311429.png,data\rgbd_dataset_freiburg1_xyz\depth\1305031114.306710.png,0.0047190189361572266,0.004271030426025391,1438,0.014215499999409076,0.0038776999990659533,0.005086499999379157,0.00896419999844511,0.008723799999643234,0.017687999998088344,0.03190349999749742,156889088
357,1305031114.343331,data\rgbd_dataset_freiburg1_xyz\rgb\1305031114.343331.png,data\rgbd_dataset_freiburg1_xyz\depth\1305031114.338919.png,0.004412174224853516,0.002368927001953125,1460,0.015292899999622023,0.004611199999999371,0.0054734999994252576,0.010084699999424629,0.008378499998798361,0.01846319999822299,0.03375609999784501,156889088
358,1305031114.37932,data\rgbd_dataset_freiburg1_xyz\rgb\1305031114.379320.png,data\rgbd_dataset_freiburg1_xyz\depth\1305031114.374307.png,0.005012989044189453,0.0036199092864990234,1485,0.01438609999968321,0.0037038000009488314,0.005381900000429596,0.009085700001378427,0.00800139999955718,0.017087100000935607,0.03147320000061882,156897280
359,1305031114.411397,data\rgbd_dataset_freiburg1_xyz\rgb\1305031114.411397.png,data\rgbd_dataset_freiburg1_xyz\depth\1305031114.406591.png,0.004806041717529297,0.004302978515625,1500,0.013375200000155019,0.004154500000367989,0.005077499999970314,0.009232000000338303,0.008058099998379475,0.01729009999871778,0.030665299998872797,157466624
360,1305031114.443345,data\rgbd_dataset_freiburg1_xyz\rgb\1305031114.443345.png,data\rgbd_dataset_freiburg1_xyz\depth\1305031114.438540.png,0.004805088043212891,0.002254962921142578,1548,0.012896399999590358,0.00384459999986575,0.005379599999287166,0.009224199999152916,0.008329000000230735,0.01755319999938365,0.03044959999897401,157540352
361,1305031114.479332,data\rgbd_dataset_freiburg1_xyz\rgb\1305031114.479332.png,data\rgbd_dataset_freiburg1_xyz\depth\1305031114.474489.png,0.004842996597290039,0.003632068634033203,1580,0.014618799999880139,0.004713500000434578,0.005112799999551498,0.009826299999986077,0.009330699998827185,0.019156999998813262,0.0337757999986934,157544448
362,1305031114.511266,data\rgbd_dataset_freiburg1_xyz\rgb\1305031114.511266.png,data\rgbd_dataset_freiburg1_xyz\depth\1305031114.506573.png,0.004693031311035156,0.004434108734130859,1638,0.015606400000251597,0.0047493000001850305,0.005818799998451141,0.010568099998636171,0.00872449999951641,0.019292599998152582,0.03489899999840418,157552640
363,1305031114.543236,data\rgbd_dataset_freiburg1_xyz\rgb\1305031114.543236.png,data\rgbd_dataset_freiburg1_xyz\depth\1305031114.539953.png,0.0032830238342285156,0.0024640560150146484,1666,0.013616300000649062,0.003951900000174646,0.005438600001070881,0.009390500001245528,0.008045700000366196,0.017436200001611724,0.031052500002260786,157573120
364,1305031114.579237,data\rgbd_dataset_freiburg1_xyz\rgb\1305031114.579237.png,data\rgbd_dataset_freiburg1_xyz\depth\1305031114.575185.png,0.004051923751831055,0.003637075424194336,1650,0.01388769999903161,0.0038218999998207437,0.005546399999730056,0.0093682999995508,0.009507700000540353,0.018876000000091153,0.032763699999122764,154107904
365,1305031114.611391,data\rgbd_dataset_freiburg1_xyz\rgb\1305031114.611391.png,data\rgbd_dataset_freiburg1_xyz\depth\1305031114.607560.png,0.003831148147583008,0.004308938980102539,1634,0.01702099999965867,0.0047689000002719695,0.005937600000834209,0.010706500001106178,0.008404500000324333,0.01911100000143051,0.03613200000108918,157048832
366,1305031114.644136,data\rgbd_dataset_freiburg1_xyz\rgb\1305031114.644136.png,data\rgbd_dataset_freiburg1_xyz\depth\1305031114.644150.png,1.4066696166992188e-05,0.0014641284942626953,1643,0.014460300000791904,0.004353999998784275,0.005197599999519298,0.009551599998303573,0.012023400000543916,0.02157499999884749,0.03603529999963939,157192192
367,1305031114.679251,data\rgbd_dataset_freiburg1_xyz\rgb\1305031114.679251.png,data\rgbd_dataset_freiburg1_xyz\depth\1305031114.675655.png,0.003596067428588867,0.003551006317138672,1674,0.013595599999462138,0.003960500000175671,0.00537859999894863,0.0093390999991243,0.008740799999941373,0.018079899999065674,0.03167549999852781,157270016
368,1305031114.711306,data\rgbd_dataset_freiburg1_xyz\rgb\1305031114.711306.png,data\rgbd_dataset_freiburg1_xyz\depth\1305031114.706141.png,0.00516510009765625,0.004393815994262695,1702,0.01394359999903827,0.004009599999335478,0.0055310000007011695,0.009540600000036648,0.008719399998881272,0.01825999999891792,0.03220359999795619,156499968
369,1305031114.7432,data\rgbd_dataset_freiburg1_xyz\rgb\1305031114.743200.png,data\rgbd_dataset_freiburg1_xyz\depth\1305031114.743276.png,7.581710815429688e-05,0.002499818801879883,1672,0.015256399999998393,0.003945800001019961,0.005967800001599244,0.009913600002619205,0.008157500000379514,0.01807110000299872,0.03332750000299711,156516352
370,1305031114.779289,data\rgbd_dataset_freiburg1_xyz\rgb\1305031114.779289.png,data\rgbd_dataset_freiburg1_xyz\depth\1305031114.774847.png,0.004441976547241211,0.0035889148712158203,1671,0.014486199999737437,0.004061699999510893,0.005509700000402518,0.00957139999991341,0.008625799999208539,0.01819719999912195,0.032683399998859386,156520448
371,1305031114.811303,data\rgbd_dataset_freiburg1_xyz\rgb\1305031114.811303.png,data\rgbd_dataset_freiburg1_xyz\depth\1305031114.807310.png,0.003992795944213867,0.004297018051147461,1646,0.015224599999783095,0.0038064000000304077,0.005302200001096935,0.009108600001127343,0.007939499999338295,0.017048100000465638,0.03227270000024873,156573696
372,1305031114.843208,data\rgbd_dataset_freiburg1_xyz\rgb\1305031114.843208.png,data\rgbd_dataset_freiburg1_xyz\depth\1305031114.842137.png,0.0010709762573242188,0.0024919509887695312,1656,0.013749100000495673,0.003911800000423682,0.005633900000248104,0.009545700000671786,0.0077473000001191394,0.017293000000790926,0.0310421000012866,156581888
373,1305031114.879281,data\rgbd_dataset_freiburg1_xyz\rgb\1305031114.879281.png,data\rgbd_dataset_freiburg1_xyz\depth\1305031114.875056.png,0.004225015640258789,0.0035810470581054688,1627,0.014853600001515588,0.0038519999998243293,0.004818699999304954,0.008670699999129283,0.008387300000322284,0.017057999999451567,0.031911600000967155,156585984
374,1305031114.912879,data\rgbd_dataset_freiburg1_xyz\rgb\1305031114.912879.png,data\rgbd_dataset_freiburg1_xyz\depth\1305031114.907504.png,0.005374908447265625,0.0028209686279296875,1630,0.0141829999993206,0.0037248000007821247,0.005853900000147405,0.00957870000092953,0.007653099999515689,0.01723180000044522,0.03141479999976582,156594176
375,1305031114.943234,data\rgbd_dataset_freiburg1_xyz\rgb\1305031114.943234.png,data\rgbd_dataset_freiburg1_xyz\depth\1305031114.943264.png,3.0040740966796875e-05,0.0023660659790039062,1643,0.01392639999903622,0.004469299999982468,0.005668100000548293,0.01013740000053076,0.007682199999180739,0.0178195999997115,0.03174599999874772,156602368
376,1305031114.97928,data\rgbd_dataset_freiburg1_xyz\rgb\1305031114.979280.png,data\rgbd_dataset_freiburg1_xyz\depth\1305031114.975411.png,0.0038690567016601562,0.0035800933837890625,1660,0.014377499999682186,0.003922699999748147,0.005683699999281089,0.009606399999029236,0.008866899999702582,0.018473299998731818,0.032850799998414004,156610560
377,1305031115.0113,data\rgbd_dataset_freiburg1_xyz\rgb\1305031115.011300.png,data\rgbd_dataset_freiburg1_xyz\depth\1305031115.007179.png,0.004121065139770508,0.004400014877319336,1608,0.015348200000516954,0.004504099999394384,0.005688900000677677,0.010193000000072061,0.00857220000034431,0.01876520000041637,0.034113400000933325,156614656
378,1305031115.043508,data\rgbd_dataset_freiburg1_xyz\rgb\1305031115.043508.png,data\rgbd_dataset_freiburg1_xyz\depth\1305031115.043530.png,2.193450927734375e-05,0.0021920204162597656,1579,0.013523499999791966,0.003981500000008964,0.0054710999993403675,0.009452599999349331,0.008036700000957353,0.017489300000306685,0.03101280000009865,156626944
379,1305031115.079238,data\rgbd_dataset_freiburg1_xyz\rgb\1305031115.079238.png,data\rgbd_dataset_freiburg1_xyz\depth\1305031115.071577.png,0.007660865783691406,0.003638029098510742,1549,0.014237499999580905,0.0039061000006768154,0.005381200000556419,0.009287300001233234,0.008232300000599935,0.01751960000183317,0.031757100001414074,156635136
380,1305031115.11123,data\rgbd_dataset_freiburg1_xyz\rgb\1305031115.111230.png,data\rgbd_dataset_freiburg1_xyz\depth\1305031115.107074.png,0.004155874252319336,0.004470109939575195,1518,0.014457100000072387,0.00397530000009283,0.005294599999615457,0.009269899999708286,0.00906329999997979,0.018333199999688077,0.032790299999760464,156639232
381,1305031115.143275,data\rgbd_dataset_freiburg1_xyz\rgb\1305031115.143275.png,data\rgbd_dataset_freiburg1_xyz\depth\1305031115.143294.png,1.9073486328125e-05,0.002424955368041992,1453,0.014355799999975716,0.0039223000003403286,0.005071999999927357,0.008994300000267685,0.008702600000106031,0.017696900000373716,0.03205270000034943,156643328
382,1305031115.17944,data\rgbd_dataset_freiburg1_xyz\rgb\1305031115.179440.png,data\rgbd_dataset_freiburg1_xyz\depth\1305031115.172642.png,0.0067980289459228516,0.0038399696350097656,1372,0.013470300000335556,0.0037585999998555053,0.005346800000552321,0.009105400000407826,0.008139999999912106,0.017245400000319933,0.030715700000655488,156659712
383,1305031115.211374,data\rgbd_dataset_freiburg1_xyz\rgb\1305031115.211374.png,data\rgbd_dataset_freiburg1_xyz\depth\1305031115.206453.png,0.00492095947265625,0.00432586669921875,1366,0.013364700000238372,0.003794100000959588,0.005049600000347709,0.008843700001307297,0.00835180000103719,0.017195500002344488,0.03056020000258286,156667904
384,1305031115.243297,data\rgbd_dataset_freiburg1_xyz\rgb\1305031115.243297.png,data\rgbd_dataset_freiburg1_xyz\depth\1305031115.240975.png,0.0023221969604492188,0.002402782440185547,1318,0.014518800000587362,0.003991499999756343,0.005043999999543303,0.009035499999299645,0.0081728999994084,0.017208399998708046,0.03172719999929541,156667904
385,1305031115.279966,data\rgbd_dataset_freiburg1_xyz\rgb\1305031115.279966.png,data\rgbd_dataset_freiburg1_xyz\depth\1305031115.273468.png,0.006498098373413086,0.004266023635864258,1309,0.013544800000090618,0.003990199998952448,0.005642899999656947,0.009633099998609396,0.007668399999602116,0.01730149999821151,0.03084629999830213,156676096
386,1305031115.311704,data\rgbd_dataset_freiburg1_xyz\rgb\1305031115.311704.png,data\rgbd_dataset_freiburg1_xyz\depth\1305031115.305534.png,0.006170034408569336,0.003895998001098633,1291,0.013162899998860667,0.003818499999397318,0.005073199999969802,0.00889169999936712,0.007578900000225985,0.016470599999593105,0.02963349999845377,156680192
387,1305031115.343235,data\rgbd_dataset_freiburg1_xyz\rgb\1305031115.343235.png,data\rgbd_dataset_freiburg1_xyz\depth\1305031115.343426.png,0.00019097328186035156,0.0023648738861083984,1244,0.013326199999937671,0.003879399999277666,0.005130700001245714,0.00901010000052338,0.010540399998717476,0.019550499999240856,0.03287669999917853,156688384
388,1305031115.379166,data\rgbd_dataset_freiburg1_xyz\rgb\1305031115.379166.png,data\rgbd_dataset_freiburg1_xyz\depth\1305031115.375054.png,0.0041120052337646484,0.003465890884399414,1210,0.013758699999016244,0.0038406000003305962,0.005308199999490171,0.009148799999820767,0.009821699999520206,0.018970499999340973,0.03272919999835722,156692480
389,1305031115.411237,data\rgbd_dataset_freiburg1_xyz\rgb\1305031115.411237.png,data\rgbd_dataset_freiburg1_xyz\depth\1305031115.406164.png,0.005073070526123047,0.0044629573822021484,1087,0.014845200001218473,0.003662099999928614,0.0049816999999166,0.008643799999845214,0.007223500000691274,0.01586730000053649,0.03071250000175496,156749824
390,1305031115.443159,data\rgbd_dataset_freiburg1_xyz\rgb\1305031115.443159.png,data\rgbd_dataset_freiburg1_xyz\depth\1305031115.443040.png,0.00011920928955078125,0.0025408267974853516,1083,0.013537200000428129,0.0037302000000636326,0.005037899998569628,0.00876809999863326,0.006922399999893969,0.01569049999852723,0.02922769999895536,156758016
391,1305031115.479241,data\rgbd_dataset_freiburg1_xyz\rgb\1305031115.479241.png,data\rgbd_dataset_freiburg1_xyz\depth\1305031115.474863.png,0.004377841949462891,0.003640890121459961,1056,0.014447199999267468,0.004246700000294368,0.0053198000005068025,0.00956650000080117,0.007782100001350045,0.017348600002151215,0.031795800001418684,154370048
392,1305031115.511253,data\rgbd_dataset_freiburg1_xyz\rgb\1305031115.511253.png,data\rgbd_dataset_freiburg1_xyz\depth\1305031115.507440.png,0.003813028335571289,0.0043468475341796875,1034,0.013635900000736001,0.0038259000011748867,0.00504949999958626,0.008875400000761147,0.007428299999446608,0.016303700000207755,0.029939600000943756,156073984
393,1305031115.543604,data\rgbd_dataset_freiburg1_xyz\rgb\1305031115.543604.png,data\rgbd_dataset_freiburg1_xyz\depth\1305031115.543620.png,1.621246337890625e-05,0.0020961761474609375,951,0.014393100000233972,0.003862599998683436,0.004784099999596947,0.008646699998280383,0.007221399999252753,0.015868099997533136,0.030261199997767108,156172288
394,1305031115.579315,data\rgbd_dataset_freiburg1_xyz\rgb\1305031115.579315.png,data\rgbd_dataset_freiburg1_xyz\depth\1305031115.575290.png,0.004024982452392578,0.0036149024963378906,912,0.014000499999383464,0.003774599999815109,0.0051170999995520106,0.00889169999936712,0.006740900000295369,0.01563259999966249,0.029633099999045953,156246016
395,1305031115.611424,data\rgbd_dataset_freiburg1_xyz\rgb\1305031115.611424.png,data\rgbd_dataset_freiburg1_xyz\depth\1305031115.607428.png,0.0039958953857421875,0.0042760372161865234,871,0.013637699999890174,0.0039313999986916315,0.004974099998435122,0.008905499997126753,0.007457199999407749,0.016362699996534502,0.030000399996424676,156270592
396,1305031115.643254,data\rgbd_dataset_freiburg1_xyz\rgb\1305031115.643254.png,data\rgbd_dataset_freiburg1_xyz\depth\1305031115.643254.png,0.0,0.0024459362030029297,848,0.014957699999285978,0.004294899999877089,0.004599699999744189,0.008894599999621278,0.007635300000401912,0.01652990000002319,0.03148759999930917,156459008
397,1305031115.679241,data\rgbd_dataset_freiburg1_xyz\rgb\1305031115.679241.png,data\rgbd_dataset_freiburg1_xyz\depth\1305031115.675106.png,0.0041348934173583984,0.0035409927368164062,790,0.014312799999970593,0.004003000000011525,0.004566899999190355,0.00856989999920188,0.006992500000706059,0.015562399999907939,0.029875199999878532,156467200
398,1305031115.71132,data\rgbd_dataset_freiburg1_xyz\rgb\1305031115.711320.png,data\rgbd_dataset_freiburg1_xyz\depth\1305031115.706301.png,0.005018949508666992,0.004379987716674805,802,0.01369429999977001,0.004473400000279071,0.005087499999717693,0.009560899999996764,0.0061789000010321615,0.015739800001028925,0.029434100000798935,156471296
399,1305031115.74325,data\rgbd_dataset_freiburg1_xyz\rgb\1305031115.743250.png,data\rgbd_dataset_freiburg1_xyz\depth\1305031115.742905.png,0.00034499168395996094,0.0024499893188476562,813,0.013220999999248306,0.0037443999990500743,0.005056599999079481,0.008800999998129555,0.0064027999997051666,0.015203799997834722,0.028424799997083028,156475392
400,1305031115.779425,data\rgbd_dataset_freiburg1_xyz\rgb\1305031115.779425.png,data\rgbd_dataset_freiburg1_xyz\depth\1305031115.774329.png,0.005095958709716797,0.003724813461303711,778,0.0131814000014856,0.003743499999472988,0.0050665999988268595,0.008810099998299847,0.009815300001719152,0.018625400000019,0.0318068000015046,156483584
401,1305031115.811277,data\rgbd_dataset_freiburg1_xyz\rgb\1305031115.811277.png,data\rgbd_dataset_freiburg1_xyz\depth\1305031115.806425.png,0.004851818084716797,0.004323005676269531,799,0.015174500000284752,0.0036402000005182344,0.004579599999487982,0.008219800000006217,0.0075355999997555045,0.01575539999976172,0.030929900000046473,156495872
402,1305031115.843224,data\rgbd_dataset_freiburg1_xyz\rgb\1305031115.843224.png,data\rgbd_dataset_freiburg1_xyz\depth\1305031115.841936.png,0.0012879371643066406,0.0024759769439697266,780,0.015266499998688232,0.004003299998657894,0.005073199999969802,0.009076499998627696,0.009640000000217697,0.018716499998845393,0.033982999997533625,156573696
403,1305031115.879198,data\rgbd_dataset_freiburg1_xyz\rgb\1305031115.879198.png,data\rgbd_dataset_freiburg1_xyz\depth\1305031115.875347.png,0.003851175308227539,0.0035979747772216797,761,0.013940500000899192,0.0037793999999848893,0.005229500000496046,0.009008900000480935,0.006887400000778143,0.01589630000125908,0.02983680000215827,156581888
404,1305031115.911118,data\rgbd_dataset_freiburg1_xyz\rgb\1305031115.911118.png,data\rgbd_dataset_freiburg1_xyz\depth\1305031115.910716.png,0.0004019737243652344,0.0044820308685302734,773,0.013170800000807503,0.003903500000888016,0.005327200000465382,0.009230700001353398,0.00830350000069302,0.01753420000204642,0.03070500000285392,154202112
405,1305031115.943311,data\rgbd_dataset_freiburg1_xyz\rgb\1305031115.943311.png,data\rgbd_dataset_freiburg1_xyz\depth\1305031115.942015.png,0.0012960433959960938,0.0023889541625976562,756,0.015565800000331365,0.003934800000934047,0.005212899999605725,0.009147700000539771,0.006613199999264907,0.01576089999980468,0.03132670000013604,156237824
406,1305031115.98074,data\rgbd_dataset_freiburg1_xyz\rgb\1305031115.980740.png,data\rgbd_dataset_freiburg1_xyz\depth\1305031115.973799.png,0.006941080093383789,0.004959821701049805,739,0.01337749999947846,0.0038045000001147855,0.005242799999905401,0.009047300000020186,0.006652500000200234,0.01569980000022042,0.02907729999969888,156618752
407,1305031116.011379,data\rgbd_dataset_freiburg1_xyz\rgb\1305031116.011379.png,data\rgbd_dataset_freiburg1_xyz\depth\1305031116.010843.png,0.0005359649658203125,0.0042209625244140625,709,0.013500099999873783,0.004087200000867597,0.004611700000168639,0.008698900001036236,0.006542000000990811,0.015240900002027047,0.02874100000190083,156684288
408,1305031116.043164,data\rgbd_dataset_freiburg1_xyz\rgb\1305031116.043164.png,data\rgbd_dataset_freiburg1_xyz\depth\1305031116.042618.png,0.0005459785461425781,0.0025360584259033203,680,0.013691599999219761,0.00399939999988419,0.00489460000062536,0.00889400000050955,0.007162600000810926,0.016056600001320476,0.029748200000540237,156721152
409,1305031116.08003,data\rgbd_dataset_freiburg1_xyz\rgb\1305031116.080030.png,data\rgbd_dataset_freiburg1_xyz\depth\1305031116.071527.png,0.008502960205078125,0.0043299198150634766,636,0.015244099999108585,0.004772399999637855,0.00433089999933145,0.009103299998969305,0.006579000000783708,0.015682299999753013,0.030926399998861598,156725248
410,1305031116.1113,data\rgbd_dataset_freiburg1_xyz\rgb\1305031116.111300.png,data\rgbd_dataset_freiburg1_xyz\depth\1305031116.108247.png,0.003052949905395508,0.004400014877319336,614,0.013013699999646633,0.004082900000867085,0.004739400001199101,0.008822300002066186,0.006974899999477202,0.015797200001543388,0.02881090000119002,156758016
411,1305031116.143441,data\rgbd_dataset_freiburg1_xyz\rgb\1305031116.143441.png,data\rgbd_dataset_freiburg1_xyz\depth\1305031116.143447.png,5.9604644775390625e-06,0.0022590160369873047,602,0.012882799999715644,0.0039647999983571935,0.004445700000360375,0.008410499998717569,0.006362900001477101,0.01477340000019467,0.027656199999910314,156762112
412,1305031116.179572,data\rgbd_dataset_freiburg1_xyz\rgb\1305031116.179572.png,data\rgbd_dataset_freiburg1_xyz\depth\1305031116.174891.png,0.004681110382080078,0.0038721561431884766,587,0.013322099999641068,0.0038568999989365693,0.00499390000004496,0.008850799998981529,0.008418900000833673,0.017269699999815202,0.03059179999945627,156766208
413,1305031116.211299,data\rgbd_dataset_freiburg1_xyz\rgb\1305031116.211299.png,data\rgbd_dataset_freiburg1_xyz\depth\1305031116.211320.png,2.09808349609375e-05,0.004400968551635742,562,0.013247099999716738,0.003812099999777274,0.004993300000933232,0.008805400000710506,0.0063604000006307615,0.015165800001341267,0.028412900001058006,156782592
414,1305031116.24332,data\rgbd_dataset_freiburg1_xyz\rgb\1305031116.243320.png,data\rgbd_dataset_freiburg1_xyz\depth\1305031116.242720.png,0.0006000995635986328,0.002379894256591797,568,0.013165299998945557,0.003910899999027606,0.004501100000197766,0.008411999999225372,0.005875400000149966,0.014287399999375339,0.027452699998320895,156798976
415,1305031116.279385,data\rgbd_dataset_freiburg1_xyz\rgb\1305031116.279385.png,data\rgbd_dataset_freiburg1_xyz\depth\1305031116.274421.png,0.004964113235473633,0.00368499755859375,569,0.01294179999968037,0.0038199999999051215,0.004663600000640145,0.008483600000545266,0.006498900000224239,0.014982500000769505,0.027924300000449875,156807168
416,1305031116.311336,data\rgbd_dataset_freiburg1_xyz\rgb\1305031116.311336.png,data\rgbd_dataset_freiburg1_xyz\depth\1305031116.310686.png,0.0006499290466308594,0.004263877868652344,573,0.013214700000389712,0.003902800001014839,0.0046689999999216525,0.008571800000936491,0.008404000000155065,0.016975800001091557,0.03019050000148127,156819456
417,1305031116.343292,data\rgbd_dataset_freiburg1_xyz\rgb\1305031116.343292.png,data\rgbd_dataset_freiburg1_xyz\depth\1305031116.342459.png,0.0008330345153808594,0.0024080276489257812,576,0.013699499999347609,0.003785799999604933,0.004769099999975879,0.008554899999580812,0.006286499999987427,0.014841399999568239,0.028540899998915847,156839936
418,1305031116.379384,data\rgbd_dataset_freiburg1_xyz\rgb\1305031116.379384.png,data\rgbd_dataset_freiburg1_xyz\depth\1305031116.374490.png,0.0048940181732177734,0.0036840438842773438,558,0.013344400000278256,0.00377680000019609,0.004644699998607393,0.008421499998803483,0.006096699999034172,0.014518199997837655,0.02786259999811591,156848128
419,1305031116.411333,data\rgbd_dataset_freiburg1_xyz\rgb\1305031116.411333.png,data\rgbd_dataset_freiburg1_xyz\depth\1305031116.409631.png,0.0017020702362060547,0.004366874694824219,562,0.013346200001251418,0.003952600000047823,0.004472299999179086,0.008424899999226909,0.006180399999720976,0.014605299998947885,0.027951500000199303,156852224
420,1305031116.443369,data\rgbd_dataset_freiburg1_xyz\rgb\1305031116.443369.png,data\rgbd_dataset_freiburg1_xyz\depth\1305031116.442496.png,0.0008728504180908203,0.002231121063232422,567,0.01541700000052515,0.004682599999796366,0.004424999999173451,0.009107599998969818,0.00582609999946726,0.014933699998437078,0.030350699998962227,156856320
421,1305031116.47985,data\rgbd_dataset_freiburg1_xyz\rgb\1305031116.479850.png,data\rgbd_dataset_freiburg1_xyz\depth\1305031116.473394.png,0.006456136703491211,0.0041501522064208984,558,0.013284800001201802,0.0038466999994852813,0.005078700000012759,0.00892539999949804,0.006140299999970011,0.015065699999468052,0.028350500000669854,156856320
422,1305031116.511205,data\rgbd_dataset_freiburg1_xyz\rgb\1305031116.511205.png,data\rgbd_dataset_freiburg1_xyz\depth\1305031116.510576.png,0.0006289482116699219,0.004495143890380859,557,0.01369419999900856,0.003858800000671181,0.005100099999253871,0.008958899999925052,0.005700400000932859,0.014659300000857911,0.02835349999986647,156864512
423,1305031116.543262,data\rgbd_dataset_freiburg1_xyz\rgb\1305031116.543262.png,data\rgbd_dataset_freiburg1_xyz\depth\1305031116.542695.png,0.0005669593811035156,0.002337932586669922,551,0.013405100000454695,0.0038524000010511372,0.004721699999208795,0.008574100000259932,0.005644499999107211,0.014218599999367143,0.027623699999821838,156872704
424,1305031116.579313,data\rgbd_dataset_freiburg1_xyz\rgb\1305031116.579313.png,data\rgbd_dataset_freiburg1_xyz\depth\1305031116.574389.png,0.00492405891418457,0.003612995147705078,543,0.013146100000085426,0.0037217999997665174,0.004578599999149446,0.008300399998915964,0.006039500000042608,0.014339899998958572,0.027485999999043997,156893184
425,1305031116.611261,data\rgbd_dataset_freiburg1_xyz\rgb\1305031116.611261.png,data\rgbd_dataset_freiburg1_xyz\depth\1305031116.610891.png,0.00036978721618652344,0.004439115524291992,552,0.01320550000127696,0.0037948000008327654,0.004331800000727526,0.008126600001560291,0.008038499998292536,0.016165099999852828,0.029370600001129787,156901376
426,1305031116.643355,data\rgbd_dataset_freiburg1_xyz\rgb\1305031116.643355.png,data\rgbd_dataset_freiburg1_xyz\depth\1305031116.642664.png,0.0006909370422363281,0.0023450851440429688,574,0.013846900001226459,0.003839999999399879,0.004566800000247895,0.008406799999647774,0.006426599999031168,0.014833399998678942,0.0286802999999054,156909568
427,1305031116.679281,data\rgbd_dataset_freiburg1_xyz\rgb\1305031116.679281.png,data\rgbd_dataset_freiburg1_xyz\depth\1305031116.674523.png,0.004757881164550781,0.0036809444427490234,563,0.013109600000461796,0.003865399999995134,0.004810700000234647,0.00867610000022978,0.0058743000008689705,0.014550400001098751,0.027660000001560547,156917760
428,1305031116.711634,data\rgbd_dataset_freiburg1_xyz\rgb\1305031116.711634.png,data\rgbd_dataset_freiburg1_xyz\depth\1305031116.710942.png,0.0006918907165527344,0.004065990447998047,591,0.013211200001023826,0.0037957999993523117,0.004335300000093412,0.008131099999445723,0.008834800000840914,0.016965900000286638,0.030177100001310464,156921856
429,1305031116.743291,data\rgbd_dataset_freiburg1_xyz\rgb\1305031116.743291.png,data\rgbd_dataset_freiburg1_xyz\depth\1305031116.740575.png,0.0027158260345458984,0.0024089813232421875,584,0.013329399998838198,0.0037236999996821396,0.004965099999026279,0.008688799998708419,0.0062230000003182795,0.014911799999026698,0.028241199997864896,156925952
430,1305031116.779298,data\rgbd_dataset_freiburg1_xyz\rgb\1305031116.779298.png,data\rgbd_dataset_freiburg1_xyz\depth\1305031116.775059.png,0.004239082336425781,0.0035979747772216797,603,0.013132099998983904,0.003971500000261585,0.005450099999507074,0.00942159999976866,0.006168899999465793,0.015590499999234453,0.028722599998218357,156930048
431,1305031116.811318,data\rgbd_dataset_freiburg1_xyz\rgb\1305031116.811318.png,data\rgbd_dataset_freiburg1_xyz\depth\1305031116.811343.png,2.5033950805664062e-05,0.0042819976806640625,615,0.012813100000130362,0.0039157999999588355,0.004593800000293413,0.008509600000252249,0.0061182000008557225,0.014627800001107971,0.027440900001238333,156934144
432,1305031116.846089,data\rgbd_dataset_freiburg1_xyz\rgb\1305031116.846089.png,data\rgbd_dataset_freiburg1_xyz\depth\1305031116.840370.png,0.00571894645690918,0.0004889965057373047,638,0.013127399999575573,0.0037391000005300157,0.00485590000062075,0.008595000001150765,0.006877600000734674,0.01547260000188544,0.028600000001461012,156954624
433,1305031116.880165,data\rgbd_dataset_freiburg1_xyz\rgb\1305031116.880165.png,data\rgbd_dataset_freiburg1_xyz\depth\1305031116.871726.png,0.008439064025878906,0.0044651031494140625,639,0.015304299999115756,0.004700499999671592,0.004498799999055336,0.009199299998726929,0.006719899998643086,0.015919199997370015,0.03122349999648577,156954624
434,1305031116.912044,data\rgbd_dataset_freiburg1_xyz\rgb\1305031116.912044.png,data\rgbd_dataset_freiburg1_xyz\depth\1305031116.907955.png,0.0040891170501708984,0.0036559104919433594,661,0.01269259999935457,0.0043733999991673045,0.004529400001047179,0.008902800000214484,0.006512099998872145,0.015414899999086629,0.0281074999984412,156954624
435,1305031116.943296,data\rgbd_dataset_freiburg1_xyz\rgb\1305031116.943296.png,data\rgbd_dataset_freiburg1_xyz\depth\1305031116.940626.png,0.0026700496673583984,0.0023040771484375,665,0.012997100000575301,0.0038128999985929113,0.0046641000008094124,0.008476999999402324,0.00608509999983653,0.014562099999238853,0.027559199999814155,156971008
436,1305031116.979351,data\rgbd_dataset_freiburg1_xyz\rgb\1305031116.979351.png,data\rgbd_dataset_freiburg1_xyz\depth\1305031116.974656.png,0.004694938659667969,0.003751039505004883,663,0.01269250000041211,0.0038337999994837446,0.004813399998965906,0.00864719999844965,0.006545800000822055,0.015192999999271706,0.027885499999683816,156975104
437,1305031117.011382,data\rgbd_dataset_freiburg1_xyz\rgb\1305031117.011382.png,data\rgbd_dataset_freiburg1_xyz\depth\1305031117.008812.png,0.0025701522827148438,0.0043179988861083984,677,0.012995200000659679,0.0038761999985581497,0.005138099999385304,0.009014299997943453,0.006671200000710087,0.01568549999865354,0.02868069999931322,156995584
438,1305031117.043261,data\rgbd_dataset_freiburg1_xyz\rgb\1305031117.043261.png,data\rgbd_dataset_freiburg1_xyz\depth\1305031117.042065.png,0.001196146011352539,0.0024390220642089844,712,0.013056499999947846,0.00374789999841596,0.004981400001270231,0.00872929999968619,0.006438600001274608,0.015167900000960799,0.028224400000908645,157003776
439,1305031117.07952,data\rgbd_dataset_freiburg1_xyz\rgb\1305031117.079520.png,data\rgbd_dataset_freiburg1_xyz\depth\1305031117.071181.png,0.00833892822265625,0.0038199424743652344,737,0.01303139999981795,0.0037121999994269572,0.00430190000042785,0.008014099999854807,0.006762200000594021,0.014776300000448828,0.027807700000266777,157016064
440,1305031117.111238,data\rgbd_dataset_freiburg1_xyz\rgb\1305031117.111238.png,data\rgbd_dataset_freiburg1_xyz\depth\1305031117.110454.png,0.0007839202880859375,0.004662036895751953,716,0.013339200000700657,0.004180399999313522,0.004541599999356549,0.008721999998670071,0.006780399999115616,0.015502399997785687,0.028841599998486345,157020160
441,1305031117.143218,data\rgbd_dataset_freiburg1_xyz\rgb\1305031117.143218.png,data\rgbd_dataset_freiburg1_xyz\depth\1305031117.142383.png,0.0008349418640136719,0.0024819374084472656,706,0.015468100000362028,0.0045446999993146164,0.0046791999993729405,0.009223899998687557,0.006580299999768613,0.01580419999845617,0.0312722999988182,157024256
442,1305031117.179264,data\rgbd_dataset_freiburg1_xyz\rgb\1305031117.179264.png,data\rgbd_dataset_freiburg1_xyz\depth\1305031117.175059.png,0.004204988479614258,0.0036640167236328125,710,0.013473199998770724,0.0038985000010143267,0.004834699999264558,0.008733200000278885,0.006805400000303052,0.015538600000581937,0.02901179999935266,157032448
443,1305031117.211361,data\rgbd_dataset_freiburg1_xyz\rgb\1305031117.211361.png,data\rgbd_dataset_freiburg1_xyz\depth\1305031117.207753.png,0.0036079883575439453,0.004338979721069336,734,0.013709800001379335,0.0037308999999368098,0.004448900001079892,0.008179800001016702,0.007240599999931874,0.015420400000948575,0.02913020000232791,157036544
444,1305031117.243277,data\rgbd_dataset_freiburg1_xyz\rgb\1305031117.243277.png,data\rgbd_dataset_freiburg1_xyz\depth\1305031117.241340.png,0.0019371509552001953,0.0023229122161865234,734,0.013702600001124665,0.004065400000399677,0.004685500000050524,0.008750900000450201,0.009495100001004175,0.018246000001454377,0.03194860000257904,157040640
445,1305031117.279299,data\rgbd_dataset_freiburg1_xyz\rgb\1305031117.279299.png,data\rgbd_dataset_freiburg1_xyz\depth\1305031117.276516.png,0.002783060073852539,0.003699064254760742,702,0.015460600001460989,0.003757899999982328,0.004702700000052573,0.008460600000034901,0.006163600000945735,0.014624200000980636,0.030084800002441625,157048832
446,1305031117.3112,data\rgbd_dataset_freiburg1_xyz\rgb\1305031117.311200.png,data\rgbd_dataset_freiburg1_xyz\depth\1305031117.310121.png,0.0010788440704345703,0.004400014877319336,678,0.013713000000279862,0.0035587000002124114,0.004225099999530357,0.007783799999742769,0.006451100000049337,0.014234899999792106,0.027947900000071968,157057024
447,1305031117.343243,data\rgbd_dataset_freiburg1_xyz\rgb\1305031117.343243.png,data\rgbd_dataset_freiburg1_xyz\depth\1305031117.341044.png,0.002198934555053711,0.002457141876220703,683,0.014097499999479624,0.0036980999993829755,0.004663800000344054,0.00836189999972703,0.006686799999442883,0.015048699999169912,0.029146199998649536,157057024
448,1305031117.379454,data\rgbd_dataset_freiburg1_xyz\rgb\1305031117.379454.png,data\rgbd_dataset_freiburg1_xyz\depth\1305031117.375067.png,0.00438690185546875,0.0037539005279541016,684,0.01570499999979802,0.0044422000009944895,0.004581499999403604,0.009023700000398094,0.006042699998943135,0.015066399999341229,0.03077139999913925,157069312
449,1305031117.411221,data\rgbd_dataset_freiburg1_xyz\rgb\1305031117.411221.png,data\rgbd_dataset_freiburg1_xyz\depth\1305031117.408538.png,0.002682924270629883,0.0043790340423583984,680,0.013249700001324527,0.0037771999996039085,0.004665200000090408,0.008442399999694317,0.005991399999402347,0.014433799999096664,0.02768350000042119,157069312
450,1305031117.443274,data\rgbd_dataset_freiburg1_xyz\rgb\1305031117.443274.png,data\rgbd_dataset_freiburg1_xyz\depth\1305031117.442208.png,0.001065969467163086,0.0023260116577148438,707,0.013812400000460912,0.003785000000789296,0.004985399998986395,0.008770399999775691,0.006039200001396239,0.01480960000117193,0.02862200000163284,157081600
451,1305031117.479403,data\rgbd_dataset_freiburg1_xyz\rgb\1305031117.479403.png,data\rgbd_dataset_freiburg1_xyz\depth\1305031117.475651.png,0.003751993179321289,0.0037031173706054688,722,0.013496700001269346,0.0038306000005832175,0.004072499999892898,0.007903100000476115,0.0065002999999705935,0.014403400000446709,0.027900100001716055,157089792
452,1305031117.511325,data\rgbd_dataset_freiburg1_xyz\rgb\1305031117.511325.png,data\rgbd_dataset_freiburg1_xyz\depth\1305031117.508882.png,0.0024428367614746094,0.004275083541870117,741,0.013613400000394904,0.0037781000009999843,0.004815199999939068,0.008593300000939053,0.006263299999773153,0.014856600000712206,0.02847000000110711,157093888
453,1305031117.544285,data\rgbd_dataset_freiburg1_xyz\rgb\1305031117.544285.png,data\rgbd_dataset_freiburg1_xyz\depth\1305031117.539736.png,0.0045490264892578125,0.0013148784637451172,762,0.013177599999835365,0.0037823000002390472,0.0047130999992077705,0.008495399999446818,0.0065634999991743825,0.0150588999986212,0.028236499998456566,157097984
454,1305031117.579155,data\rgbd_dataset_freiburg1_xyz\rgb\1305031117.579155.png,data\rgbd_dataset_freiburg1_xyz\depth\1305031117.577860.png,0.001294851303100586,0.003454923629760742,819,0.013108999999531079,0.0037034999986644834,0.004883800000243355,0.008587299998907838,0.006564899998920737,0.015152199997828575,0.028261199997359654,157102080
455,1305031117.611159,data\rgbd_dataset_freiburg1_xyz\rgb\1305031117.611159.png,data\rgbd_dataset_freiburg1_xyz\depth\1305031117.607777.png,0.003381967544555664,0.004540920257568359,816,0.01313540000046487,0.003726499999174848,0.005016000000978238,0.008742500000153086,0.009296199999880628,0.018038700000033714,0.031174100000498584,157110272
456,1305031117.643252,data\rgbd_dataset_freiburg1_xyz\rgb\1305031117.643252.png,data\rgbd_dataset_freiburg1_xyz\depth\1305031117.643284.png,3.218650817871094e-05,0.0024480819702148438,830,0.013271100000565639,0.0037259999990055803,0.004845400000704103,0.008571399999709683,0.00676000000021304,0.015331399999922724,0.028602500000488362,157114368
457,1305031117.679262,data\rgbd_dataset_freiburg1_xyz\rgb\1305031117.679262.png,data\rgbd_dataset_freiburg1_xyz\depth\1305031117.675483.png,0.0037789344787597656,0.0036618709564208984,872,0.013317900000402005,0.003757899999982328,0.004681100001107552,0.00843900000108988,0.00656159999925876,0.01500060000034864,0.028318500000750646,157118464
458,1305031117.711184,data\rgbd_dataset_freiburg1_xyz\rgb\1305031117.711184.png,data\rgbd_dataset_freiburg1_xyz\depth\1305031117.711215.png,3.0994415283203125e-05,0.004415988922119141,890,0.013802100000248174,0.0038557000007131137,0.0050515000002633315,0.008907200000976445,0.006693499999528285,0.01560070000050473,0.029402800000752904,157126656
459,1305031117.743184,data\rgbd_dataset_freiburg1_xyz\rgb\1305031117.743184.png,data\rgbd_dataset_freiburg1_xyz\depth\1305031117.742995.png,0.00018906593322753906,0.0025157928466796875,920,0.013128500000675558,0.003754200000912533,0.004745500000353786,0.00849970000126632,0.007091699999364209,0.015591400000630529,0.028719900001306087,157134848
460,1305031117.779467,data\rgbd_dataset_freiburg1_xyz\rgb\1305031117.779467.png,data\rgbd_dataset_freiburg1_xyz\depth\1305031117.778969.png,0.0004980564117431641,0.0037670135498046875,926,0.01372310000078869,0.0038093000002845656,0.005104800000481191,0.008914100000765757,0.009460499999477179,0.018374600000242935,0.032097700001031626,157143040
461,1305031117.81132,data\rgbd_dataset_freiburg1_xyz\rgb\1305031117.811320.png,data\rgbd_dataset_freiburg1_xyz\depth\1305031117.811060.png,0.0002601146697998047,0.0042798519134521484,925,0.014120600000751438,0.003714300000865478,0.004894199999398552,0.00860850000026403,0.006662900001174421,0.015271400001438451,0.02939200000218989,157151232
462,1305031117.843291,data\rgbd_dataset_freiburg1_xyz\rgb\1305031117.843291.png,data\rgbd_dataset_freiburg1_xyz\depth\1305031117.843307.png,1.5974044799804688e-05,0.0024089813232421875,927,0.01360709999971732,0.0036242999995010905,0.005420699999376666,0.009044999998877756,0.0066878999987238785,0.015732899997601635,0.029339999997318955,157167616
463,1305031117.879451,data\rgbd_dataset_freiburg1_xyz\rgb\1305031117.879451.png,data\rgbd_dataset_freiburg1_xyz\depth\1305031117.879467.png,1.5974044799804688e-05,0.003751039505004883,964,0.013836099999025464,0.0036951000001863576,0.004955499998686719,0.008650599998873076,0.007242699999551405,0.01589329999842448,0.029729399997449946,157179904
464,1305031117.911407,data\rgbd_dataset_freiburg1_xyz\rgb\1305031117.911407.png,data\rgbd_dataset_freiburg1_xyz\depth\1305031117.908762.png,0.0026450157165527344,0.00419306755065918,963,0.01375949999965087,0.003453299999819137,0.005653399999573594,0.009106699999392731,0.007268700001077377,0.01637540000047011,0.03013490000012098,157179904
465,1305031117.943253,data\rgbd_dataset_freiburg1_xyz\rgb\1305031117.943253.png,data\rgbd_dataset_freiburg1_xyz\depth\1305031117.943272.png,1.9073486328125e-05,0.0023469924926757812,965,0.016042499999457505,0.0043709000001399545,0.005272700000205077,0.009643600000345032,0.010044900000139023,0.019688500000484055,0.03573099999994156,157184000
466,1305031117.979228,data\rgbd_dataset_freiburg1_xyz\rgb\1305031117.979228.png,data\rgbd_dataset_freiburg1_xyz\depth\1305031117.979263.png,3.504753112792969e-05,0.0036280155181884766,947,0.013656499999342486,0.0034499000012147008,0.0057214000007661525,0.009171300001980853,0.007311299999855692,0.016482600001836545,0.03013910000117903,157184000
467,1305031118.011228,data\rgbd_dataset_freiburg1_xyz\rgb\1305031118.011228.png,data\rgbd_dataset_freiburg1_xyz\depth\1305031118.011013.png,0.00021505355834960938,0.004472017288208008,952,0.013443100000586128,0.00355669999953534,0.005481399999553105,0.009038099999088445,0.009587500000634464,0.018625599999722908,0.032068700000309036,157192192
468,1305031118.043521,data\rgbd_dataset_freiburg1_xyz\rgb\1305031118.043521.png,data\rgbd_dataset_freiburg1_xyz\depth\1305031118.043549.png,2.8133392333984375e-05,0.0021791458129882812,936,0.013612400000056368,0.00340420000065933,0.005396200000177487,0.008800400000836817,0.006595900000320398,0.015396300001157215,0.029008700001213583,157196288
469,1305031118.079334,data\rgbd_dataset_freiburg1_xyz\rgb\1305031118.079334.png,data\rgbd_dataset_freiburg1_xyz\depth\1305031118.079369.png,3.504753112792969e-05,0.0036339759826660156,967,0.01353209999979299,0.00339219999841589,0.00468179999916174,0.00807399999757763,0.007974300000569201,0.01604829999814683,0.02958039999793982,157208576
470,1305031118.111217,data\rgbd_dataset_freiburg1_xyz\rgb\1305031118.111217.png,data\rgbd_dataset_freiburg1_xyz\depth\1305031118.110863.png,0.0003540515899658203,0.004383087158203125,956,0.014865600000121049,0.0034063000002788613,0.005039300000134972,0.008445600000413833,0.007301499999812222,0.015747100000226055,0.030612700000347104,157212672
471,1305031118.143256,data\rgbd_dataset_freiburg1_xyz\rgb\1305031118.143256.png,data\rgbd_dataset_freiburg1_xyz\depth\1305031118.142285.png,0.0009708404541015625,0.002444028854370117,933,0.013567599999078084,0.0034744000004138798,0.004937899999276851,0.008412299999690731,0.0068322000006446615,0.015244500000335393,0.028812099999413476,157212672
472,1305031118.179323,data\rgbd_dataset_freiburg1_xyz\rgb\1305031118.179323.png,data\rgbd_dataset_freiburg1_xyz\depth\1305031118.178170.png,0.0011529922485351562,0.0037229061126708984,922,0.013368699999773526,0.00350099999923259,0.0050604000007297145,0.008561399999962305,0.0072041000003082445,0.01576550000027055,0.029134200000044075,157220864
473,1305031118.211202,data\rgbd_dataset_freiburg1_xyz\rgb\1305031118.211202.png,data\rgbd_dataset_freiburg1_xyz\depth\1305031118.210782.png,0.00041985511779785156,0.0043981075286865234,934,0.01344240000071295,0.003471600000921171,0.0056643000007170485,0.00913590000163822,0.010439100000439794,0.019575000002078013,0.033017400002790964,157237248
474,1305031118.243173,data\rgbd_dataset_freiburg1_xyz\rgb\1305031118.243173.png,data\rgbd_dataset_freiburg1_xyz\depth\1305031118.242948.png,0.00022482872009277344,0.0024271011352539062,930,0.013389700001425808,0.003466800000751391,0.004839900000661146,0.008306700001412537,0.006703999999444932,0.015010700000857469,0.028400400002283277,157249536
475,1305031118.279194,data\rgbd_dataset_freiburg1_xyz\rgb\1305031118.279194.png,data\rgbd_dataset_freiburg1_xyz\depth\1305031118.278991.png,0.00020313262939453125,0.0034940242767333984,957,0.013330400000995724,0.003488100001050043,0.005259199999272823,0.008747300000322866,0.0069500000008702045,0.01569730000119307,0.029027700002188794,157257728
476,1305031118.311299,data\rgbd_dataset_freiburg1_xyz\rgb\1305031118.311299.png,data\rgbd_dataset_freiburg1_xyz\depth\1305031118.310731.png,0.0005681514739990234,0.004300832748413086,1000,0.01434759999938251,0.0035433000011835247,0.0049980000003415626,0.008541300001525087,0.006604899999729241,0.015146200001254329,0.02949380000063684,157257728
477,1305031118.343324,data\rgbd_dataset_freiburg1_xyz\rgb\1305031118.343324.png,data\rgbd_dataset_freiburg1_xyz\depth\1305031118.342079.png,0.0012450218200683594,0.002376079559326172,1020,0.013602099999843631,0.003584199999750126,0.005404600000474602,0.008988800000224728,0.007540799999333103,0.01652959999955783,0.030131699999401462,157261824
478,1305031118.379208,data\rgbd_dataset_freiburg1_xyz\rgb\1305031118.379208.png,data\rgbd_dataset_freiburg1_xyz\depth\1305031118.377003.png,0.0022051334381103516,0.0036079883575439453,1029,0.013918000000558095,0.0034641000002011424,0.004880500000581378,0.00834460000078252,0.007175900000220281,0.015520500001002802,0.029438500001560897,157265920
479,1305031118.411296,data\rgbd_dataset_freiburg1_xyz\rgb\1305031118.411296.png,data\rgbd_dataset_freiburg1_xyz\depth\1305031118.408818.png,0.002477884292602539,0.004304170608520508,1062,0.013866299999790499,0.0036729999992530793,0.0053401999994093785,0.009013199998662458,0.010655999998562038,0.019669199997224496,0.033535499997014995,157274112
480,1305031118.445692,data\rgbd_dataset_freiburg1_xyz\rgb\1305031118.445692.png,data\rgbd_dataset_freiburg1_xyz\depth\1305031118.445703.png,1.0967254638671875e-05,7.867813110351562e-06,1090,0.013995499999509775,0.003399100000024191,0.0050123000000894535,0.008411400000113645,0.0070202000006247545,0.015431600000738399,0.029427100000248174,157274112
481,1305031118.479285,data\rgbd_dataset_freiburg1_xyz\rgb\1305031118.479285.png,data\rgbd_dataset_freiburg1_xyz\depth\1305031118.477869.png,0.0014159679412841797,0.0035851001739501953,1078,0.013763400000243564,0.003385300000445568,0.005120800000440795,0.008506100000886363,0.006881700001031277,0.01538780000191764,0.029151200002161204,157282304
482,1305031118.511255,data\rgbd_dataset_freiburg1_xyz\rgb\1305031118.511255.png,data\rgbd_dataset_freiburg1_xyz\depth\1305031118.510201.png,0.0010540485382080078,0.004344940185546875,1088,0.014205600000423146,0.00330020000001241,0.005243300000074669,0.008543500000087079,0.0073141000011673896,0.015857600001254468,0.030063200001677615,157294592
483,1305031118.544414,data\rgbd_dataset_freiburg1_xyz\rgb\1305031118.544414.png,data\rgbd_dataset_freiburg1_xyz\depth\1305031118.545199.png,0.0007848739624023438,0.0011858940124511719,1051,0.01369890000023588,0.0034771999999065883,0.005533800000193878,0.009011000000100466,0.006875499999296153,0.01588649999939662,0.0295853999996325,157298688
484,1305031118.579285,data\rgbd_dataset_freiburg1_xyz\rgb\1305031118.579285.png,data\rgbd_dataset_freiburg1_xyz\depth\1305031118.576377.png,0.002907991409301758,0.00368499755859375,1081,0.013365900000280817,0.0033929000001080567,0.005076899999039597,0.008469799999147654,0.007087699999829056,0.01555749999897671,0.028923399999257526,157302784
485,1305031118.616142,data\rgbd_dataset_freiburg1_xyz\rgb\1305031118.616142.png,data\rgbd_dataset_freiburg1_xyz\depth\1305031118.610869.png,0.005273103713989258,0.0005419254302978516,1031,0.013545499999963795,0.0033244000005652197,0.005551599999307655,0.008875999999872874,0.007378199999948265,0.01625419999982114,0.029799699999784934,157315072
486,1305031118.645325,data\rgbd_dataset_freiburg1_xyz\rgb\1305031118.645325.png,data\rgbd_dataset_freiburg1_xyz\depth\1305031118.645331.png,5.9604644775390625e-06,0.0002751350402832031,1000,0.014743899999302812,0.0032917000007728348,0.004966500000591623,0.008258200001364457,0.006932300000698888,0.015190500002063345,0.029934400001366157,157315072
487,1305031118.679295,data\rgbd_dataset_freiburg1_xyz\rgb\1305031118.679295.png,data\rgbd_dataset_freiburg1_xyz\depth\1305031118.675082.png,0.004213094711303711,0.0036950111389160156,1000,0.01366529999904742,0.0033683000001474284,0.005582899999353685,0.008951199999501114,0.0073463999997329665,0.01629759999923408,0.0299628999982815,155430912
488,1305031118.711421,data\rgbd_dataset_freiburg1_xyz\rgb\1305031118.711421.png,data\rgbd_dataset_freiburg1_xyz\depth\1305031118.710140.png,0.0012810230255126953,0.0041790008544921875,976,0.014627399999881163,0.003539599998475751,0.005133700000442332,0.008673299998918083,0.007969300000695512,0.016642599999613594,0.03126999999949476,157134848
489,1305031118.74677,data\rgbd_dataset_freiburg1_xyz\rgb\1305031118.746770.png,data\rgbd_dataset_freiburg1_xyz\depth\1305031118.746801.png,3.0994415283203125e-05,0.0011699199676513672,977,0.014363000000230386,0.0034338000004936475,0.005115499998282758,0.008549299998776405,0.00621070000124746,0.014760000000023865,0.02912300000025425,157155328
490,1305031118.779277,data\rgbd_dataset_freiburg1_xyz\rgb\1305031118.779277.png,data\rgbd_dataset_freiburg1_xyz\depth\1305031118.778790.png,0.0004870891571044922,0.0036771297454833984,1026,0.013420100000075763,0.003411900001083268,0.0059314999998605344,0.009343400000943802,0.0070744000004197005,0.016417800001363503,0.029837900001439266,155291648
491,1305031118.811221,data\rgbd_dataset_freiburg1_xyz\rgb\1305031118.811221.png,data\rgbd_dataset_freiburg1_xyz\depth\1305031118.810703.png,0.0005178451538085938,0.0043790340423583984,980,0.01380330000029062,0.0035473999996611383,0.0050135000001318986,0.008560899999793037,0.00693180000052962,0.015492700000322657,0.029296000000613276,157114368
492,1305031118.846753,data\rgbd_dataset_freiburg1_xyz\rgb\1305031118.846753.png,data\rgbd_dataset_freiburg1_xyz\depth\1305031118.846774.png,2.1219253540039062e-05,0.0011529922485351562,953,0.01397729999916919,0.0035877999998774612,0.005599199999778648,0.00918699999965611,0.006832299999587121,0.01601929999924323,0.02999659999841242,157171712
493,1305031118.879208,data\rgbd_dataset_freiburg1_xyz\rgb\1305031118.879208.png,data\rgbd_dataset_freiburg1_xyz\depth\1305031118.875402.png,0.0038061141967773438,0.0036079883575439453,977,0.013593800000307965,0.003415099999983795,0.004972999999154126,0.008388099999137921,0.0066996999994444195,0.01508779999858234,0.028681599998890306,157192192
494,1305031118.911177,data\rgbd_dataset_freiburg1_xyz\rgb\1305031118.911177.png,data\rgbd_dataset_freiburg1_xyz\depth\1305031118.909608.png,0.0015690326690673828,0.0044231414794921875,988,0.01319100000000617,0.003414199998587719,0.004492199999731383,0.007906399998319102,0.006770400001187227,0.01467679999950633,0.0278677999995125,157208576
495,1305031118.946974,data\rgbd_dataset_freiburg1_xyz\rgb\1305031118.946974.png,data\rgbd_dataset_freiburg1_xyz\depth\1305031118.947009.png,3.504753112792969e-05,0.0013740062713623047,998,0.014244699999835575,0.0035422000000835396,0.0050384999995003454,0.008580699999583885,0.007484400000976166,0.01606510000056005,0.030309800000395626,157220864
496,1305031118.979374,data\rgbd_dataset_freiburg1_xyz\rgb\1305031118.979374.png,data\rgbd_dataset_freiburg1_xyz\depth\1305031118.979394.png,2.002716064453125e-05,0.003773927688598633,960,0.01324410000052012,0.0035618000001704786,0.005156199998964439,0.008717999999134918,0.006874300001072697,0.015592300000207615,0.028836400000727735,157224960
497,1305031119.011363,data\rgbd_dataset_freiburg1_xyz\rgb\1305031119.011363.png,data\rgbd_dataset_freiburg1_xyz\depth\1305031119.009712.png,0.0016510486602783203,0.0043370723724365234,901,0.013570600000093691,0.0036917999987053918,0.005009300000892836,0.008701099999598227,0.010173599999689031,0.01887469999928726,0.03244529999938095,157245440
498,1305031119.047172,data\rgbd_dataset_freiburg1_xyz\rgb\1305031119.047172.png,data\rgbd_dataset_freiburg1_xyz\depth\1305031119.047180.png,7.867813110351562e-06,0.0015721321105957031,966,0.016002899999875808,0.004017100000055507,0.004847799998970004,0.00886489999902551,0.007040500000584871,0.01590539999961038,0.03190829999948619,157261824
499,1305031119.079223,data\rgbd_dataset_freiburg1_xyz\rgb\1305031119.079223.png,data\rgbd_dataset_freiburg1_xyz\depth\1305031119.078966.png,0.0002570152282714844,0.0035228729248046875,938,0.016279299999951036,0.004504700000325101,0.005260300000372808,0.00976500000069791,0.007832499999494758,0.017597500000192667,0.0338768000001437,155131904
500,1305031119.111328,data\rgbd_dataset_freiburg1_xyz\rgb\1305031119.111328.png,data\rgbd_dataset_freiburg1_xyz\depth\1305031119.110884.png,0.0004439353942871094,0.0042722225189208984,934,0.013924899998528417,0.003671300000860356,0.004809500000192202,0.008480800001052557,0.006573800001206109,0.015054600002258667,0.028979500000787084,157003776
501,1305031119.147616,data\rgbd_dataset_freiburg1_xyz\rgb\1305031119.147616.png,data\rgbd_dataset_freiburg1_xyz\depth\1305031119.147629.png,1.3113021850585938e-05,0.0019159317016601562,928,0.01321260000077018,0.0038211999999475665,0.004765899999256362,0.008587099999203929,0.006487599999672966,0.015074699998876895,0.028287299999647075,157102080
502,1305031119.179226,data\rgbd_dataset_freiburg1_xyz\rgb\1305031119.179226.png,data\rgbd_dataset_freiburg1_xyz\depth\1305031119.179262.png,3.600120544433594e-05,0.003525972366333008,925,0.01317390000076557,0.0035938999990321463,0.005062199999883887,0.008656099998916034,0.0071230999983527,0.015779199997268734,0.028953099998034304,157241344
503,1305031119.211364,data\rgbd_dataset_freiburg1_xyz\rgb\1305031119.211364.png,data\rgbd_dataset_freiburg1_xyz\depth\1305031119.210906.png,0.00045800209045410156,0.004235982894897461,941,0.013688600000023143,0.0035574000012275064,0.0050140000003011664,0.008571400001528673,0.006815300001107971,0.015386700002636644,0.029075300002659787,157249536
504,1305031119.247399,data\rgbd_dataset_freiburg1_xyz\rgb\1305031119.247399.png,data\rgbd_dataset_freiburg1_xyz\depth\1305031119.247660.png,0.0002608299255371094,0.001699209213256836,943,0.013857599999028025,0.003603199998906348,0.005231099999946309,0.008834299998852657,0.007272499999089632,0.01610679999794229,0.029964399996970315,157253632
505,1305031119.279212,data\rgbd_dataset_freiburg1_xyz\rgb\1305031119.279212.png,data\rgbd_dataset_freiburg1_xyz\depth\1305031119.279244.png,3.1948089599609375e-05,0.003612041473388672,949,0.013502399999197223,0.003694799999720999,0.004963499999576015,0.008658299999297014,0.006953399999474641,0.015611699998771655,0.02911409999796888,157257728
506,1305031119.311212,data\rgbd_dataset_freiburg1_xyz\rgb\1305031119.311212.png,data\rgbd_dataset_freiburg1_xyz\depth\1305031119.310755.png,0.0004570484161376953,0.004387855529785156,964,0.01358780000009574,0.0038132999998197192,0.0048414000011689495,0.008654700000988669,0.007095400000252994,0.015750100001241663,0.029337900001337403,157257728
507,1305031119.347741,data\rgbd_dataset_freiburg1_xyz\rgb\1305031119.347741.png,data\rgbd_dataset_freiburg1_xyz\depth\1305031119.347750.png,9.059906005859375e-06,0.002040863037109375,968,0.013855200000762125,0.0037848000010853866,0.005131500000061351,0.008916300001146737,0.0063771000004635425,0.01529340000161028,0.029148600002372405,157487104
508,1305031119.379239,data\rgbd_dataset_freiburg1_xyz\rgb\1305031119.379239.png,data\rgbd_dataset_freiburg1_xyz\depth\1305031119.378631.png,0.0006079673767089844,0.0036389827728271484,979,0.014062399999602349,0.0037443999990500743,0.004853200000070501,0.008597599999120575,0.006574400000317837,0.015171999999438412,0.02923439999904076,157503488
509,1305031119.411484,data\rgbd_dataset_freiburg1_xyz\rgb\1305031119.411484.png,data\rgbd_dataset_freiburg1_xyz\depth\1305031119.411492.png,8.106231689453125e-06,0.004116058349609375,933,0.013581000001067878,0.0037759999995614635,0.00536169999941194,0.009137699998973403,0.006693100000120467,0.01583079999909387,0.029411800000161747,157532160
510,1305031119.447706,data\rgbd_dataset_freiburg1_xyz\rgb\1305031119.447706.png,data\rgbd_dataset_freiburg1_xyz\depth\1305031119.447726.png,2.002716064453125e-05,0.0021059513092041016,913,0.01351789999898756,0.003772199999730219,0.004864900000029593,0.008637099999759812,0.006908999999723164,0.015546099999482976,0.029063999998470536,157536256
511,1305031119.479267,data\rgbd_dataset_freiburg1_xyz\rgb\1305031119.479267.png,data\rgbd_dataset_freiburg1_xyz\depth\1305031119.477682.png,0.001584768295288086,0.0036668777465820312,891,0.01330699999925855,0.0035592000003816793,0.0046053000005485956,0.008164500000930275,0.006323500001599314,0.014488000002529589,0.02779500000178814,157544448
512,1305031119.51124,data\rgbd_dataset_freiburg1_xyz\rgb\1305031119.511240.png,data\rgbd_dataset_freiburg1_xyz\depth\1305031119.511258.png,1.7881393432617188e-05,0.00446009635925293,906,0.013535099998989608,0.0036189000002195826,0.004912200000035227,0.00853110000025481,0.00633669999842823,0.01486779999868304,0.028402899997672648,157552640
513,1305031119.547382,data\rgbd_dataset_freiburg1_xyz\rgb\1305031119.547382.png,data\rgbd_dataset_freiburg1_xyz\depth\1305031119.547414.png,3.1948089599609375e-05,0.0017821788787841797,886,0.013433999998596846,0.0037496999993891222,0.005277300000670948,0.00902700000006007,0.006561299998793402,0.015588299998853472,0.029022299997450318,157564928
514,1305031119.579559,data\rgbd_dataset_freiburg1_xyz\rgb\1305031119.579559.png,data\rgbd_dataset_freiburg1_xyz\depth\1305031119.579569.png,1.0013580322265625e-05,0.003959178924560547,866,0.01365789999908884,0.0036729000003106194,0.00515830000040296,0.00883120000071358,0.009348199999294593,0.018179400000008172,0.03183729999909701,157581312
515,1305031119.615017,data\rgbd_dataset_freiburg1_xyz\rgb\1305031119.615017.png,data\rgbd_dataset_freiburg1_xyz\depth\1305031119.615024.png,7.152557373046875e-06,0.0005831718444824219,865,0.014035099999091472,0.0038710000007995404,0.005050100000516977,0.008921100001316518,0.006344600000375067,0.015265700001691584,0.029300800000783056,157585408
516,1305031119.647903,data\rgbd_dataset_freiburg1_xyz\rgb\1305031119.647903.png,data\rgbd_dataset_freiburg1_xyz\depth\1305031119.648889.png,0.0009860992431640625,0.002302885055541992,866,0.013571899999078596,0.003616199999669334,0.004791000001205248,0.008407200000874582,0.006904199999553384,0.015311400000427966,0.028883299999506562,157593600
517,1305031119.679208,data\rgbd_dataset_freiburg1_xyz\rgb\1305031119.679208.png,data\rgbd_dataset_freiburg1_xyz\depth\1305031119.675566.png,0.0036420822143554688,0.0036079883575439453,859,0.013629900000523776,0.003644799999165116,0.004979600000297069,0.008624399999462184,0.006604399999559973,0.015228799999022158,0.028858699999545934,157597696
518,1305031119.715232,data\rgbd_dataset_freiburg1_xyz\rgb\1305031119.715232.png,data\rgbd_dataset_freiburg1_xyz\depth\1305031119.715249.png,1.71661376953125e-05,0.0004680156707763672,812,0.013514899999790941,0.00375019999955839,0.004964499999914551,0.008714699999472941,0.007143500000893255,0.015858200000366196,0.029373100000157137,157646848
519,1305031119.747193,data\rgbd_dataset_freiburg1_xyz\rgb\1305031119.747193.png,data\rgbd_dataset_freiburg1_xyz\depth\1305031119.744886.png,0.0023071765899658203,0.001493215560913086,800,0.013414000000921078,0.003775799999857554,0.004977399999916088,0.008753199999773642,0.006977299999562092,0.015730499999335734,0.029144500000256812,157650944
520,1305031119.779169,data\rgbd_dataset_freiburg1_xyz\rgb\1305031119.779169.png,data\rgbd_dataset_freiburg1_xyz\depth\1305031119.778628.png,0.0005409717559814453,0.0035691261291503906,786,0.013441600000078324,0.003833400000075926,0.004677400000218768,0.008510800000294694,0.006715299999996205,0.015226100000290899,0.028667700000369223,157650944
521,1305031119.814537,data\rgbd_dataset_freiburg1_xyz\rgb\1305031119.814537.png,data\rgbd_dataset_freiburg1_xyz\depth\1305031119.814571.png,3.3855438232421875e-05,0.0010628700256347656,793,0.013301599999977043,0.003710299999511335,0.004800600001544808,0.008510900001056143,0.006893200001286459,0.015404100002342602,0.028705700002319645,157663232
522,1305031119.847429,data\rgbd_dataset_freiburg1_xyz\rgb\1305031119.847429.png,data\rgbd_dataset_freiburg1_xyz\depth\1305031119.847445.png,1.5974044799804688e-05,0.0018291473388671875,803,0.015590099999826634,0.00441300000056799,0.004910999999992782,0.009324000000560773,0.006497700000181794,0.015821700000742567,0.0314118000005692,157675520
523,1305031119.879214,data\rgbd_dataset_freiburg1_xyz\rgb\1305031119.879214.png,data\rgbd_dataset_freiburg1_xyz\depth\1305031119.879232.png,1.7881393432617188e-05,0.0035140514373779297,764,0.013297999999849708,0.0036514000003080582,0.0049063000005844515,0.00855770000089251,0.006424700000934536,0.014982400001827045,0.028280400001676753,157691904
524,1305031119.911401,data\rgbd_dataset_freiburg1_xyz\rgb\1305031119.911401.png,data\rgbd_dataset_freiburg1_xyz\depth\1305031119.911424.png,2.288818359375e-05,0.0040988922119140625,748,0.013351900000998285,0.0037171000003581867,0.004647699999623001,0.008364799999981187,0.005923599999732687,0.014288399999713874,0.02764030000071216,157696000
525,1305031119.947392,data\rgbd_dataset_freiburg1_xyz\rgb\1305031119.947392.png,data\rgbd_dataset_freiburg1_xyz\depth\1305031119.947462.png,7.009506225585938e-05,0.0017919540405273438,767,0.013557700000092154,0.0036216000007698312,0.0048583999996481,0.008480000000417931,0.006478599998445134,0.014958599998863065,0.02851629999895522,157700096
526,1305031119.979537,data\rgbd_dataset_freiburg1_xyz\rgb\1305031119.979537.png,data\rgbd_dataset_freiburg1_xyz\depth\1305031119.979546.png,9.059906005859375e-06,0.0039370059967041016,755,0.013199699998949654,0.0037039999988337513,0.004951799999616924,0.008655799998450675,0.00666819999969448,0.015323999998145155,0.02852369999709481,157704192
527,1305031120.015264,data\rgbd_dataset_freiburg1_xyz\rgb\1305031120.015264.png,data\rgbd_dataset_freiburg1_xyz\depth\1305031120.015283.png,1.9073486328125e-05,0.00033593177795410156,753,0.013530000000173459,0.003693599999678554,0.004695800000263262,0.008389399999941816,0.0066943999991053715,0.015083799999047187,0.028613799999220646,155701248
528,1305031120.04729,data\rgbd_dataset_freiburg1_xyz\rgb\1305031120.047290.png,data\rgbd_dataset_freiburg1_xyz\depth\1305031120.047310.png,2.002716064453125e-05,0.0016901493072509766,757,0.013925999999628402,0.0038045000001147855,0.004663200001232326,0.008467700001347112,0.007085299999744166,0.015553000001091277,0.02947900000071968,157536256
529,1305031120.079418,data\rgbd_dataset_freiburg1_xyz\rgb\1305031120.079418.png,data\rgbd_dataset_freiburg1_xyz\depth\1305031120.075690.png,0.0037279129028320312,0.003818035125732422,743,0.013398799999777111,0.003610199999457109,0.00486079999973299,0.008470999999190099,0.006444299999202485,0.014915299998392584,0.028314099998169695,157548544
530,1305031120.115232,data\rgbd_dataset_freiburg1_xyz\rgb\1305031120.115232.png,data\rgbd_dataset_freiburg1_xyz\depth\1305031120.115249.png,1.6927719116210938e-05,0.0003681182861328125,756,0.013240000000223517,0.0038064000000304077,0.004920000001220615,0.008726400001251022,0.00602210000033665,0.014748500001587672,0.02798850000181119,157552640
531,1305031120.148157,data\rgbd_dataset_freiburg1_xyz\rgb\1305031120.148157.png,data\rgbd_dataset_freiburg1_xyz\depth\1305031120.148175.png,1.811981201171875e-05,0.0025568008422851562,746,0.013596799999504583,0.0037747999995190185,0.005032900000514928,0.008807700000033947,0.005941299999904004,0.01474899999993795,0.028345799999442534,157581312
532,1305031120.179246,data\rgbd_dataset_freiburg1_xyz\rgb\1305031120.179246.png,data\rgbd_dataset_freiburg1_xyz\depth\1305031120.179261.png,1.5020370483398438e-05,0.0036458969116210938,734,0.013446500001009554,0.0037181000006967224,0.004946400000335416,0.008664500001032138,0.006041700000423589,0.014706200001455727,0.02815270000246528,157589504
533,1305031120.215249,data\rgbd_dataset_freiburg1_xyz\rgb\1305031120.215249.png,data\rgbd_dataset_freiburg1_xyz\depth\1305031120.215260.png,1.0967254638671875e-05,0.0003509521484375,740,0.013583399999333778,0.0038424000013037585,0.004954899999574991,0.00879730000087875,0.006616300001041964,0.015413600001920713,0.02899700000125449,157593600
534,1305031120.248003,data\rgbd_dataset_freiburg1_xyz\rgb\1305031120.248003.png,data\rgbd_dataset_freiburg1_xyz\depth\1305031120.248018.png,1.5020370483398438e-05,0.0024030208587646484,755,0.013968499999464257,0.003950199999962933,0.005330899999535177,0.00928109999949811,0.006822400000601192,0.016103500000099302,0.03007199999956356,157667328
535,1305031120.27943,data\rgbd_dataset_freiburg1_xyz\rgb\1305031120.279430.png,data\rgbd_dataset_freiburg1_xyz\depth\1305031120.279441.png,1.1205673217773438e-05,0.0037298202514648438,744,0.014094600001044455,0.004001299999799812,0.005828999999721418,0.00983029999952123,0.007874999999330612,0.017705299998851842,0.0317998999998963,157696000
536,1305031120.315196,data\rgbd_dataset_freiburg1_xyz\rgb\1305031120.315196.png,data\rgbd_dataset_freiburg1_xyz\depth\1305031120.315213.png,1.6927719116210938e-05,0.0004038810729980469,756,0.01360720000047877,0.0036920999991707504,0.004810399999769288,0.008502499998940038,0.00923270000021148,0.01773519999915152,0.03134239999963029,157712384
537,1305031120.347787,data\rgbd_dataset_freiburg1_xyz\rgb\1305031120.347787.png,data\rgbd_dataset_freiburg1_xyz\depth\1305031120.347797.png,1.0013580322265625e-05,0.002187013626098633,750,0.013598900000943104,0.003756000000066706,0.005054199998994591,0.008810199999061297,0.006740200000422192,0.015550399999483489,0.029149300000426592,157724672
538,1305031120.379437,data\rgbd_dataset_freiburg1_xyz\rgb\1305031120.379437.png,data\rgbd_dataset_freiburg1_xyz\depth\1305031120.379446.png,9.059906005859375e-06,0.0038368701934814453,739,0.013039199999184348,0.003513300000122399,0.004815500000404427,0.008328800000526826,0.009470400000282098,0.017799200000808924,0.03083839999999327,157732864
539,1305031120.415445,data\rgbd_dataset_freiburg1_xyz\rgb\1305031120.415445.png,data\rgbd_dataset_freiburg1_xyz\depth\1305031120.415490.png,4.482269287109375e-05,0.00015497207641601562,746,0.013313299999936135,0.0036407000006875023,0.004743100000268896,0.008383800000956398,0.00671650000003865,0.015100300000995048,0.028413600000931183,157732864
540,1305031120.447417,data\rgbd_dataset_freiburg1_xyz\rgb\1305031120.447417.png,data\rgbd_dataset_freiburg1_xyz\depth\1305031120.447433.png,1.5974044799804688e-05,0.0018169879913330078,761,0.012933800000610063,0.0038045999990572454,0.004784499999004765,0.00858909999806201,0.0063861999988148455,0.014975299996876856,0.02790909999748692,157741056
541,1305031120.479432,data\rgbd_dataset_freiburg1_xyz\rgb\1305031120.479432.png,data\rgbd_dataset_freiburg1_xyz\depth\1305031120.475582.png,0.003850221633911133,0.003832101821899414,752,0.013109100000292528,0.0036890999999741325,0.004804500000318512,0.008493600000292645,0.006188499999552732,0.014682099999845377,0.027791200000137906,157749248
542,1305031120.514819,data\rgbd_dataset_freiburg1_xyz\rgb\1305031120.514819.png,data\rgbd_dataset_freiburg1_xyz\depth\1305031120.514877.png,5.817413330078125e-05,0.0007810592651367188,747,0.01340610000079323,0.0037949999987176852,0.004684399998950539,0.008479399997668224,0.009946800000761868,0.018426199998430093,0.031832299999223324,157757440
543,1305031120.547736,data\rgbd_dataset_freiburg1_xyz\rgb\1305031120.547736.png,data\rgbd_dataset_freiburg1_xyz\depth\1305031120.547807.png,7.104873657226562e-05,0.0021359920501708984,786,0.015285100000255625,0.00377680000019609,0.0049165000000357395,0.00869330000023183,0.009326699999292032,0.01801999999952386,0.033305099999779486,157765632
544,1305031120.579551,data\rgbd_dataset_freiburg1_xyz\rgb\1305031120.579551.png,data\rgbd_dataset_freiburg1_xyz\depth\1305031120.579559.png,8.106231689453125e-06,0.003951072692871094,824,0.013988699998662923,0.003664800000478863,0.0048606000000290805,0.008525400000507943,0.00880689999939932,0.017332299999907264,0.03132099999857019,157765632
545,1305031120.615236,data\rgbd_dataset_freiburg1_xyz\rgb\1305031120.615236.png,data\rgbd_dataset_freiburg1_xyz\depth\1305031120.615271.png,3.504753112792969e-05,0.00036406517028808594,840,0.013564800001404365,0.0036243999984435504,0.004661999999370892,0.008286399997814442,0.006567300000824616,0.014853699998639058,0.028418500000043423,157782016
546,1305031120.647354,data\rgbd_dataset_freiburg1_xyz\rgb\1305031120.647354.png,data\rgbd_dataset_freiburg1_xyz\depth\1305031120.646607.png,0.0007469654083251953,0.0017538070678710938,878,0.013514000000213855,0.0037272000008670148,0.004795699998794589,0.008522899999661604,0.009204899999531335,0.01772779999919294,0.031241799999406794,157794304
547,1305031120.679318,data\rgbd_dataset_freiburg1_xyz\rgb\1305031120.679318.png,data\rgbd_dataset_freiburg1_xyz\depth\1305031120.678467.png,0.0008509159088134766,0.003618001937866211,900,0.013833799999702023,0.0035957000000053085,0.0050205000006826594,0.008616200000687968,0.006889000000228407,0.015505200000916375,0.029339000000618398,157802496
548,1305031120.714522,data\rgbd_dataset_freiburg1_xyz\rgb\1305031120.714522.png,data\rgbd_dataset_freiburg1_xyz\depth\1305031120.714553.png,3.123283386230469e-05,0.0010781288146972656,901,0.013751000000411295,0.0036861000007775147,0.005669399999533198,0.009355500000310712,0.006669700000202283,0.016025200000512996,0.02977620000092429,155779072
549,1305031120.747369,data\rgbd_dataset_freiburg1_xyz\rgb\1305031120.747369.png,data\rgbd_dataset_freiburg1_xyz\depth\1305031120.747396.png,2.6941299438476562e-05,0.001669168472290039,907,0.013976099999126745,0.0038776000001234934,0.004937499999869033,0.008815099999992526,0.006904699999722652,0.01571979999971518,0.029695899998841924,157511680
550,1305031120.779894,data\rgbd_dataset_freiburg1_xyz\rgb\1305031120.779894.png,data\rgbd_dataset_freiburg1_xyz\depth\1305031120.779908.png,1.3828277587890625e-05,0.004294157028198242,965,0.013472900000124355,0.00364379999882658,0.00450269999964803,0.00814649999847461,0.007182999999713502,0.015329499998188112,0.028802399998312467,157528064
551,1305031120.814944,data\rgbd_dataset_freiburg1_xyz\rgb\1305031120.814944.png,data\rgbd_dataset_freiburg1_xyz\depth\1305031120.814905.png,3.910064697265625e-05,0.0006558895111083984,992,0.013934099999460159,0.0037977000010869233,0.004943199999615899,0.008740900000702823,0.007198999999673106,0.01593990000037593,0.029873999999836087,157667328
552,1305031120.847921,data\rgbd_dataset_freiburg1_xyz\rgb\1305031120.847921.png,data\rgbd_dataset_freiburg1_xyz\depth\1305031120.847942.png,2.1219253540039062e-05,0.002321004867553711,973,0.014131500000075903,0.003700799999933224,0.004931499999656808,0.008632299999590032,0.006881499999508378,0.01551379999909841,0.029645299999174313,157741056
553,1305031120.883435,data\rgbd_dataset_freiburg1_xyz\rgb\1305031120.883435.png,data\rgbd_dataset_freiburg1_xyz\depth\1305031120.883454.png,1.9073486328125e-05,0.002165079116821289,1018,0.01375960000041232,0.003712600000653765,0.0048552999996900326,0.008567900000343798,0.00715680000030261,0.015724700000646408,0.029484300001058728,157757440
554,1305031120.915444,data\rgbd_dataset_freiburg1_xyz\rgb\1305031120.915444.png,data\rgbd_dataset_freiburg1_xyz\depth\1305031120.915454.png,1.0013580322265625e-05,0.00015616416931152344,1018,0.013992899999720976,0.004181599999355967,0.004895399999440997,0.009076999998796964,0.007042100000035134,0.016119099998832098,0.030111999998553074,157757440
555,1305031120.947488,data\rgbd_dataset_freiburg1_xyz\rgb\1305031120.947488.png,data\rgbd_dataset_freiburg1_xyz\depth\1305031120.947509.png,2.09808349609375e-05,0.0017881393432617188,1027,0.013912599999457598,0.00370189999921422,0.005004900000130874,0.008706799999345094,0.006593400001293048,0.015300200000638142,0.02921280000009574,157765632
556,1305031120.983366,data\rgbd_dataset_freiburg1_xyz\rgb\1305031120.983366.png,data\rgbd_dataset_freiburg1_xyz\depth\1305031120.983390.png,2.4080276489257812e-05,0.0022339820861816406,1042,0.013563099999373662,0.0036402000005182344,0.005182700000659679,0.008822900001177914,0.006885400000101072,0.015708300001278985,0.029271400000652648,157806592
557,1305031121.015019,data\rgbd_dataset_freiburg1_xyz\rgb\1305031121.015019.png,data\rgbd_dataset_freiburg1_xyz\depth\1305031121.015029.png,1.0013580322265625e-05,0.0005810260772705078,1043,0.014115799998762668,0.0037781999999424443,0.005398600000262377,0.009176800000204821,0.00706239999999525,0.01623920000020007,0.03035499999896274,157831168
558,1305031121.047498,data\rgbd_dataset_freiburg1_xyz\rgb\1305031121.047498.png,data\rgbd_dataset_freiburg1_xyz\depth\1305031121.047755.png,0.0002570152282714844,0.001898050308227539,1055,0.013612599999760278,0.0037171999993006466,0.005605600001217681,0.009322800000518328,0.007276899999851594,0.01659970000036992,0.0302123000001302,157863936
559,1305031121.083099,data\rgbd_dataset_freiburg1_xyz\rgb\1305031121.083099.png,data\rgbd_dataset_freiburg1_xyz\depth\1305031121.083117.png,1.811981201171875e-05,0.0025010108947753906,1041,0.014239699999961886,0.003681099999084836,0.005220900000495021,0.008901999999579857,0.00688590000027034,0.015787899999850197,0.030027599999812082,157892608
560,1305031121.114696,data\rgbd_dataset_freiburg1_xyz\rgb\1305031121.114696.png,data\rgbd_dataset_freiburg1_xyz\depth\1305031121.114878.png,0.0001819133758544922,0.000904083251953125,1097,0.013847599999280646,0.0036615000008168863,0.005052599999544327,0.008714100000361213,0.009989299998778733,0.018703399999139947,0.03255099999842059,157892608
561,1305031121.147331,data\rgbd_dataset_freiburg1_xyz\rgb\1305031121.147331.png,data\rgbd_dataset_freiburg1_xyz\depth\1305031121.147355.png,2.4080276489257812e-05,0.0017309188842773438,1123,0.014487399999779882,0.0035930000012740493,0.004767000000356347,0.008360000001630397,0.00826020000022254,0.016620200001852936,0.031107600001632818,157888512
562,1305031121.183271,data\rgbd_dataset_freiburg1_xyz\rgb\1305031121.183271.png,data\rgbd_dataset_freiburg1_xyz\depth\1305031121.183281.png,1.0013580322265625e-05,0.002329111099243164,1166,0.015995899999325047,0.003758400000151596,0.0056839000008039875,0.009442300000955584,0.007594400000016321,0.017036700000971905,0.03303260000029695,157900800
563,1305031121.21142,data\rgbd_dataset_freiburg1_xyz\rgb\1305031121.211420.png,data\rgbd_dataset_freiburg1_xyz\depth\1305031121.211431.png,1.0967254638671875e-05,0.004179954528808594,1160,0.013772899999821675,0.0035901999999623513,0.005229499998677056,0.008819699998639408,0.007743299998764996,0.016562999997404404,0.03033589999722608,157921280
564,1305031121.247194,data\rgbd_dataset_freiburg1_xyz\rgb\1305031121.247194.png,data\rgbd_dataset_freiburg1_xyz\depth\1305031121.247201.png,6.9141387939453125e-06,0.0015940666198730469,1186,0.013917800000854186,0.0037033999997220235,0.0054049999998824205,0.009108399999604444,0.011359600001014769,0.020468000000619213,0.0343858000014734,157929472
565,1305031121.282876,data\rgbd_dataset_freiburg1_xyz\rgb\1305031121.282876.png,data\rgbd_dataset_freiburg1_xyz\depth\1305031121.282822.png,5.412101745605469e-05,0.0027239322662353516,1202,0.013922699999966426,0.0035141999996994855,0.00524050000058196,0.008754700000281446,0.007724600000074133,0.01647930000035558,0.030402000000322005,157945856
566,1305031121.313568,data\rgbd_dataset_freiburg1_xyz\rgb\1305031121.313568.png,data\rgbd_dataset_freiburg1_xyz\depth\1305031121.313588.png,1.9788742065429688e-05,0.0020318031311035156,1217,0.016340500000296743,0.0037064999996800907,0.00560100000075181,0.0093075000004319,0.007167899999330984,0.016475399999762885,0.03281590000005963,157949952
567,1305031121.347517,data\rgbd_dataset_freiburg1_xyz\rgb\1305031121.347517.png,data\rgbd_dataset_freiburg1_xyz\depth\1305031121.347540.png,2.288818359375e-05,0.001917123794555664,1235,0.013826899999912712,0.0036861000007775147,0.005168599998796708,0.008854699999574223,0.007645100000445382,0.016499800000019604,0.030326699999932316,157958144
568,1305031121.383226,data\rgbd_dataset_freiburg1_xyz\rgb\1305031121.383226.png,data\rgbd_dataset_freiburg1_xyz\depth\1305031121.383248.png,2.2172927856445312e-05,0.0023741722106933594,1249,0.01396059999933641,0.0035879000006389106,0.0051611999988381285,0.008749099999477039,0.007919499999843538,0.016668599999320577,0.030629199998656986,157970432
569,1305031121.414318,data\rgbd_dataset_freiburg1_xyz\rgb\1305031121.414318.png,data\rgbd_dataset_freiburg1_xyz\depth\1305031121.414328.png,1.0013580322265625e-05,0.0012819766998291016,1257,0.013947999999800231,0.0037847000003239373,0.005216099998506252,0.009000799998830189,0.008084999999482534,0.017085799998312723,0.031033799998112954,157982720
570,1305031121.447319,data\rgbd_dataset_freiburg1_xyz\rgb\1305031121.447319.png,data\rgbd_dataset_freiburg1_xyz\depth\1305031121.447024.png,0.0002949237823486328,0.0017189979553222656,1296,0.014002699999764445,0.0036116000010224525,0.005038000001150067,0.00864960000217252,0.007412300001305994,0.016061900003478513,0.03006460000324296,157986816
571,1305031121.482964,data\rgbd_dataset_freiburg1_xyz\rgb\1305031121.482964.png,data\rgbd_dataset_freiburg1_xyz\depth\1305031121.483015.png,5.1021575927734375e-05,0.002635955810546875,1343,0.013459100000545732,0.003661900000224705,0.005365499999243184,0.009027399999467889,0.007399699999950826,0.016427099999418715,0.029886199999964447,157986816
572,1305031121.514107,data\rgbd_dataset_freiburg1_xyz\rgb\1305031121.514107.png,data\rgbd_dataset_freiburg1_xyz\depth\1305031121.514164.png,5.698204040527344e-05,0.0014929771423339844,1340,0.013905300000260468,0.003531199999997625,0.005063500000687782,0.008594700000685407,0.007909900001322967,0.016504600002008374,0.03040990000226884,157990912
573,1305031121.54727,data\rgbd_dataset_freiburg1_xyz\rgb\1305031121.547270.png,data\rgbd_dataset_freiburg1_xyz\depth\1305031121.546810.png,0.0004601478576660156,0.0016701221466064453,1328,0.014527199999065488,0.003490099999908125,0.005260800000542076,0.008750900000450201,0.007717599999523372,0.016468499999973574,0.03099569999903906,157995008
574,1305031121.583204,data\rgbd_dataset_freiburg1_xyz\rgb\1305031121.583204.png,data\rgbd_dataset_freiburg1_xyz\depth\1305031121.583213.png,9.059906005859375e-06,0.0023958683013916016,1316,0.013963699999294477,0.003554499999154359,0.004983700000593672,0.00853819999974803,0.00725619999866467,0.0157943999984127,0.029758099997707177,157999104
575,1305031121.6147,data\rgbd_dataset_freiburg1_xyz\rgb\1305031121.614700.png,data\rgbd_dataset_freiburg1_xyz\depth\1305031121.614719.png,1.8835067749023438e-05,0.0009000301361083984,1312,0.014307399998870096,0.0034331999995629303,0.0046755000003031455,0.008108699999866076,0.00796009999976377,0.016068799999629846,0.030376199998499942,158007296
576,1305031121.647183,data\rgbd_dataset_freiburg1_xyz\rgb\1305031121.647183.png,data\rgbd_dataset_freiburg1_xyz\depth\1305031121.646966.png,0.00021696090698242188,0.0015828609466552734,1358,0.014386900000317837,0.003501299999697949,0.0053834000009373995,0.008884700000635348,0.007862700000259792,0.01674740000089514,0.031134300001212978,158015488
577,1305031121.6832,data\rgbd_dataset_freiburg1_xyz\rgb\1305031121.683200.png,data\rgbd_dataset_freiburg1_xyz\depth\1305031121.683211.png,1.1205673217773438e-05,0.0024001598358154297,1351,0.013857199999620207,0.0035349999998288695,0.005055400000856025,0.008590400000684895,0.0077937999994901475,0.016384200000175042,0.03024139999979525,158019584
578,1305031121.71452,data\rgbd_dataset_freiburg1_xyz\rgb\1305031121.714520.png,data\rgbd_dataset_freiburg1_xyz\depth\1305031121.714528.png,8.106231689453125e-06,0.0010800361633300781,1336,0.013637300000482355,0.003396000000066124,0.0050563999993755715,0.008452399999441695,0.0074712000005092705,0.015923599999950966,0.02956090000043332,158031872
579,1305031121.747145,data\rgbd_dataset_freiburg1_xyz\rgb\1305031121.747145.png,data\rgbd_dataset_freiburg1_xyz\depth\1305031121.746484.png,0.0006608963012695312,0.0014450550079345703,1317,0.013982599999508238,0.003396000000066124,0.005061000001660432,0.008457000001726556,0.008435800000370364,0.01689280000209692,0.030875400001605158,158035968
580,1305031121.782835,data\rgbd_dataset_freiburg1_xyz\rgb\1305031121.782835.png,data\rgbd_dataset_freiburg1_xyz\depth\1305031121.782871.png,3.600120544433594e-05,0.0027649402618408203,1306,0.016432200000053854,0.0041193999986717245,0.005276300000332412,0.009395699999004137,0.011537399999724585,0.02093309999872872,0.037365299998782575,158044160
581,1305031121.81154,data\rgbd_dataset_freiburg1_xyz\rgb\1305031121.811540.png,data\rgbd_dataset_freiburg1_xyz\depth\1305031121.811545.png,5.0067901611328125e-06,0.004060029983520508,1304,0.013816900000165333,0.0034331999995629303,0.004945600001519779,0.008378800001082709,0.007332299999688985,0.015711100000771694,0.029528000000937027,158048256
582,1305031121.847335,data\rgbd_dataset_freiburg1_xyz\rgb\1305031121.847335.png,data\rgbd_dataset_freiburg1_xyz\depth\1305031121.846870.png,0.00046515464782714844,0.0016350746154785156,1297,0.013964200001282734,0.003353899999638088,0.005119299999932991,0.00847319999957108,0.0072958000000653556,0.015768999999636435,0.02973320000091917,158064640
583,1305031121.88206,data\rgbd_dataset_freiburg1_xyz\rgb\1305031121.882060.png,data\rgbd_dataset_freiburg1_xyz\depth\1305031121.882123.png,6.29425048828125e-05,0.0035400390625,1297,0.013913800001319032,0.0034105000013369136,0.005285799999910523,0.008696300001247437,0.0073896000012609875,0.016085900002508424,0.029999700003827456,158068736
584,1305031121.914931,data\rgbd_dataset_freiburg1_xyz\rgb\1305031121.914931.png,data\rgbd_dataset_freiburg1_xyz\depth\1305031121.914943.png,1.1920928955078125e-05,0.0006690025329589844,1271,0.013742300001467811,0.003324100000099861,0.0050665999988268595,0.00839069999892672,0.007395399999950314,0.015786099998877035,0.029528400000344845,158076928
585,1305031121.947288,data\rgbd_dataset_freiburg1_xyz\rgb\1305031121.947288.png,data\rgbd_dataset_freiburg1_xyz\depth\1305031121.947318.png,3.0040740966796875e-05,0.0016880035400390625,1273,0.013565899998866371,0.0032238000003417255,0.0052753999989363365,0.008499199999278062,0.007060600000841077,0.01555980000011914,0.02912569999898551,158085120
586,1305031121.982926,data\rgbd_dataset_freiburg1_xyz\rgb\1305031121.982926.png,data\rgbd_dataset_freiburg1_xyz\depth\1305031121.982935.png,9.059906005859375e-06,0.002674102783203125,1272,0.013673799998286995,0.0033559000003151596,0.004718900001535076,0.008074800001850235,0.007143999999243533,0.015218800001093769,0.028892599999380764,158089216
587,1305031122.014256,data\rgbd_dataset_freiburg1_xyz\rgb\1305031122.014256.png,data\rgbd_dataset_freiburg1_xyz\depth\1305031122.014424.png,0.00016808509826660156,0.0013439655303955078,1265,0.013436300001558266,0.00353240000004007,0.0054662000002281275,0.008998600000268198,0.006869800001368276,0.015868400001636473,0.02930470000319474,158093312
588,1305031122.047306,data\rgbd_dataset_freiburg1_xyz\rgb\1305031122.047306.png,data\rgbd_dataset_freiburg1_xyz\depth\1305031122.046908.png,0.0003981590270996094,0.0017061233520507812,1280,0.013617999999041785,0.0036404000002221437,0.0051044000010733726,0.008744800001295516,0.007922200000393786,0.016667000001689303,0.030285000000731088,158093312
589,1305031122.082959,data\rgbd_dataset_freiburg1_xyz\rgb\1305031122.082959.png,data\rgbd_dataset_freiburg1_xyz\depth\1305031122.082969.png,1.0013580322265625e-05,0.0028409957885742188,1288,0.015602999999828171,0.0035523999995348277,0.005203599999731523,0.00875599999926635,0.006968200001210789,0.01572420000047714,0.03132720000030531,158101504
590,1305031122.114672,data\rgbd_dataset_freiburg1_xyz\rgb\1305031122.114672.png,data\rgbd_dataset_freiburg1_xyz\depth\1305031122.114688.png,1.5974044799804688e-05,0.0009281635284423828,1301,0.013654700000188313,0.0033475999989605043,0.005353099999410915,0.00870069999837142,0.007472699999198085,0.016173399997569504,0.029828099997757818,158105600
591,1305031122.150725,data\rgbd_dataset_freiburg1_xyz\rgb\1305031122.150725.png,data\rgbd_dataset_freiburg1_xyz\depth\1305031122.150748.png,2.3126602172851562e-05,0.00487518310546875,1256,0.01340159999926982,0.003374199999598204,0.004899999999906868,0.008274199999505072,0.006965200000195182,0.015239399999700254,0.028640999998970074,158109696
592,1305031122.183042,data\rgbd_dataset_freiburg1_xyz\rgb\1305031122.183042.png,data\rgbd_dataset_freiburg1_xyz\depth\1305031122.183052.png,1.0013580322265625e-05,0.002557992935180664,1235,0.01358040000013716,0.003451900000072783,0.004616900001565227,0.00806880000163801,0.007462599998689257,0.015531400000327267,0.029111800000464427,158126080
593,1305031122.214959,data\rgbd_dataset_freiburg1_xyz\rgb\1305031122.214959.png,data\rgbd_dataset_freiburg1_xyz\depth\1305031122.214969.png,1.0013580322265625e-05,0.0006411075592041016,1245,0.013708200000110082,0.0035344999996596016,0.005388699999457458,0.00892319999911706,0.007758900001135771,0.01668210000025283,0.030390300000362913,158126080
594,1305031122.251319,data\rgbd_dataset_freiburg1_xyz\rgb\1305031122.251319.png,data\rgbd_dataset_freiburg1_xyz\depth\1305031122.251355.png,3.600120544433594e-05,0.004281044006347656,1211,0.013843799999449402,0.0033438999998907093,0.004787599998962833,0.008131499998853542,0.006954300000870717,0.015085799999724259,0.02892959999917366,158138368
595,1305031122.28356,data\rgbd_dataset_freiburg1_xyz\rgb\1305031122.283560.png,data\rgbd_dataset_freiburg1_xyz\depth\1305031122.283866.png,0.0003058910369873047,0.0020399093627929688,1159,0.013702500000363216,0.0035778000001300825,0.004855099999986123,0.008432900000116206,0.007182800000009593,0.015615700000125798,0.029318200000489014,158154752
596,1305031122.314289,data\rgbd_dataset_freiburg1_xyz\rgb\1305031122.314289.png,data\rgbd_dataset_freiburg1_xyz\depth\1305031122.314309.png,1.9788742065429688e-05,0.0013108253479003906,1111,0.013746599999649334,0.0036223999995854683,0.0047701999992568744,0.008392599998842343,0.007181599999967148,0.01557419999880949,0.029320799998458824,158167040
597,1305031122.351327,data\rgbd_dataset_freiburg1_xyz\rgb\1305031122.351327.png,data\rgbd_dataset_freiburg1_xyz\depth\1305031122.351351.png,2.4080276489257812e-05,0.004273176193237305,1119,0.01382969999940542,0.0037004000005254056,0.005056299998614122,0.008756699999139528,0.008909700000003795,0.017666399999143323,0.03149609999854874,158187520
598,1305031122.38263,data\rgbd_dataset_freiburg1_xyz\rgb\1305031122.382630.png,data\rgbd_dataset_freiburg1_xyz\depth\1305031122.382678.png,4.792213439941406e-05,0.002869844436645508,1088,0.013624700000946177,0.0035225999999966007,0.0050604000007297145,0.008583000000726315,0.007595299999593408,0.016178300000319723,0.0298030000012659,158195712
599,1305031122.414997,data\rgbd_dataset_freiburg1_xyz\rgb\1305031122.414997.png,data\rgbd_dataset_freiburg1_xyz\depth\1305031122.415008.png,1.0967254638671875e-05,0.0006029605865478516,1092,0.013753400000496185,0.00355420000050799,0.005500100000062957,0.009054300000570947,0.006892199999128934,0.01594649999969988,0.029699900000196067,158199808
600,1305031122.451257,data\rgbd_dataset_freiburg1_xyz\rgb\1305031122.451257.png,data\rgbd_dataset_freiburg1_xyz\depth\1305031122.451272.png,1.5020370483398438e-05,0.004242897033691406,1072,0.013964300000225194,0.0035033000003750203,0.005359499999030959,0.00886279999940598,0.007825499998943997,0.016688299998349976,0.03065259999857517,158203904
601,1305031122.48336,data\rgbd_dataset_freiburg1_xyz\rgb\1305031122.483360.png,data\rgbd_dataset_freiburg1_xyz\depth\1305031122.483388.png,2.7894973754882812e-05,0.0022399425506591797,1102,0.013826399999743444,0.003671300000860356,0.0047495999988314,0.008420899999691756,0.007431399999404675,0.01585229999909643,0.029678699998839875,158212096
602,1305031122.515097,data\rgbd_dataset_freiburg1_xyz\rgb\1305031122.515097.png,data\rgbd_dataset_freiburg1_xyz\depth\1305031122.515135.png,3.814697265625e-05,0.0005030632019042969,1092,0.013792199999443255,0.003776000001380453,0.005011400000512367,0.00878740000189282,0.00727770000048622,0.01606510000237904,0.029857300001822296,158220288
603,1305031122.55149,data\rgbd_dataset_freiburg1_xyz\rgb\1305031122.551490.png,data\rgbd_dataset_freiburg1_xyz\depth\1305031122.551510.png,2.002716064453125e-05,0.00400996208190918,1105,0.013656799999807845,0.0035755000008066418,0.004947999999785679,0.008523500000592321,0.007322299999941606,0.015845800000533927,0.029502600000341772,158224384
604,1305031122.583208,data\rgbd_dataset_freiburg1_xyz\rgb\1305031122.583208.png,data\rgbd_dataset_freiburg1_xyz\depth\1305031122.583217.png,8.821487426757812e-06,0.002391815185546875,1080,0.013709900000321795,0.003658999999970547,0.004613799999788171,0.008272799999758718,0.0075759999999718275,0.015848799999730545,0.02955870000005234,158236672
605,1305031122.61498,data\rgbd_dataset_freiburg1_xyz\rgb\1305031122.614980.png,data\rgbd_dataset_freiburg1_xyz\depth\1305031122.615017.png,3.695487976074219e-05,0.0007200241088867188,1039,0.013805099999444792,0.003546799998730421,0.004813999999896623,0.008360799998627044,0.007171999999627587,0.015532799998254632,0.029337899997699424,158240768
606,1305031122.648788,data\rgbd_dataset_freiburg1_xyz\rgb\1305031122.648788.png,data\rgbd_dataset_freiburg1_xyz\depth\1305031122.648810.png,2.193450927734375e-05,0.003187894821166992,1054,0.016321099999913713,0.00435020000077202,0.004577499999868451,0.00892770000064047,0.007099599999492057,0.016027300000132527,0.03234840000004624,158253056
607,1305031122.683402,data\rgbd_dataset_freiburg1_xyz\rgb\1305031122.683402.png,data\rgbd_dataset_freiburg1_xyz\depth\1305031122.683420.png,1.7881393432617188e-05,0.0021979808807373047,1023,0.013794999998935964,0.0036283999997976935,0.004848900000069989,0.008477299999867682,0.006714699999065488,0.01519199999893317,0.028986999997869134,158261248
608,1305031122.715208,data\rgbd_dataset_freiburg1_xyz\rgb\1305031122.715208.png,data\rgbd_dataset_freiburg1_xyz\depth\1305031122.715219.png,1.0967254638671875e-05,0.00039196014404296875,1040,0.01383960000021034,0.0035630000002129236,0.004972200000338489,0.008535200000551413,0.006983299999774317,0.01551850000032573,0.02935810000053607,158269440
609,1305031122.751298,data\rgbd_dataset_freiburg1_xyz\rgb\1305031122.751298.png,data\rgbd_dataset_freiburg1_xyz\depth\1305031122.751309.png,1.0967254638671875e-05,0.004302024841308594,1051,0.013535899999624235,0.0036540000000968575,0.00471569999899657,0.008369699999093427,0.0066108000009990064,0.014980500000092434,0.02851639999971667,158269440
610,1305031122.783423,data\rgbd_dataset_freiburg1_xyz\rgb\1305031122.783423.png,data\rgbd_dataset_freiburg1_xyz\depth\1305031122.783438.png,1.5020370483398438e-05,0.002177000045776367,1027,0.013376900000366732,0.0037871000004088273,0.005038000001150067,0.008825100001558894,0.007071099998938735,0.01589620000049763,0.02927310000086436,158269440
611,1305031122.812555,data\rgbd_dataset_freiburg1_xyz\rgb\1305031122.812555.png,data\rgbd_dataset_freiburg1_xyz\depth\1305031122.812565.png,1.0013580322265625e-05,0.0030448436737060547,982,0.013209500000812113,0.0035809000000881497,0.0047224000009009615,0.008303300000989111,0.006528299998535658,0.01483159999952477,0.028041100000336883,158273536
612,1305031122.851418,data\rgbd_dataset_freiburg1_xyz\rgb\1305031122.851418.png,data\rgbd_dataset_freiburg1_xyz\depth\1305031122.851486.png,6.794929504394531e-05,0.004182100296020508,960,0.013403099999777623,0.0036819999986619223,0.005048999999416992,0.008730999998078914,0.006683800000246265,0.01541479999832518,0.028817899998102803,158285824
613,1305031122.883754,data\rgbd_dataset_freiburg1_xyz\rgb\1305031122.883754.png,data\rgbd_dataset_freiburg1_xyz\depth\1305031122.883775.png,2.09808349609375e-05,0.0018460750579833984,932,0.013746799999353243,0.0037329000006138813,0.00508560000162106,0.008818500002234941,0.009626799999750801,0.018445300001985743,0.032192100001338986,158285824
614,1305031122.914571,data\rgbd_dataset_freiburg1_xyz\rgb\1305031122.914571.png,data\rgbd_dataset_freiburg1_xyz\depth\1305031122.914585.png,1.4066696166992188e-05,0.0010290145874023438,893,0.013806799999656505,0.0036985000006097835,0.0047403999997186475,0.008438900000328431,0.007141100000808365,0.015580000001136796,0.0293868000007933,158294016
615,1305031122.951341,data\rgbd_dataset_freiburg1_xyz\rgb\1305031122.951341.png,data\rgbd_dataset_freiburg1_xyz\depth\1305031122.951413.png,7.200241088867188e-05,0.0042591094970703125,898,0.01362179999887303,0.0036129000000073574,0.004724700000224402,0.00833760000023176,0.006181500000820961,0.01451910000105272,0.02814089999992575,158302208
616,1305031122.982815,data\rgbd_dataset_freiburg1_xyz\rgb\1305031122.982815.png,data\rgbd_dataset_freiburg1_xyz\depth\1305031122.983000.png,0.0001850128173828125,0.0027849674224853516,883,0.013553500000853091,0.0035957999989477685,0.004733499999929336,0.008329299998877104,0.006221999999979744,0.014551299998856848,0.02810479999970994,158306304
617,1305031123.01545,data\rgbd_dataset_freiburg1_xyz\rgb\1305031123.015450.png,data\rgbd_dataset_freiburg1_xyz\depth\1305031123.015462.png,1.1920928955078125e-05,5.0067901611328125e-05,870,0.013428700000076788,0.003838200000245706,0.005003999998734798,0.008842199998980504,0.006490300000223215,0.01533249999920372,0.028761199999280507,158314496
618,1305031123.051827,data\rgbd_dataset_freiburg1_xyz\rgb\1305031123.051827.png,data\rgbd_dataset_freiburg1_xyz\depth\1305031123.051838.png,1.0967254638671875e-05,0.003873109817504883,862,0.013598900000943104,0.003735299998879782,0.004281800000171643,0.008017099999051425,0.006378599999152357,0.014395699998203781,0.027994599999146885,158322688
619,1305031123.082975,data\rgbd_dataset_freiburg1_xyz\rgb\1305031123.082975.png,data\rgbd_dataset_freiburg1_xyz\depth\1305031123.082992.png,1.71661376953125e-05,0.002624988555908203,870,0.013171999999030959,0.003630400000474765,0.004514099999141763,0.008144499999616528,0.006454300000768853,0.014598800000385381,0.02777079999941634,158330880
620,1305031123.113873,data\rgbd_dataset_freiburg1_xyz\rgb\1305031123.113873.png,data\rgbd_dataset_freiburg1_xyz\depth\1305031123.113939.png,6.604194641113281e-05,0.0017271041870117188,887,0.013949700000011944,0.0037783999996463535,0.0046469000008073635,0.008425300000453717,0.006397600000127568,0.014822900000581285,0.02877260000059323,158334976
621,1305031123.150822,data\rgbd_dataset_freiburg1_xyz\rgb\1305031123.150822.png,data\rgbd_dataset_freiburg1_xyz\depth\1305031123.150840.png,1.811981201171875e-05,0.004678010940551758,889,0.013716600000407198,0.0037076999997225357,0.00520920000053593,0.008916900000258465,0.006759800000509131,0.015676700000767596,0.029393300001174794,158339072
622,1305031123.182155,data\rgbd_dataset_freiburg1_xyz\rgb\1305031123.182155.png,data\rgbd_dataset_freiburg1_xyz\depth\1305031123.182176.png,2.1219253540039062e-05,0.003345012664794922,853,0.013581700000941055,0.003795100001298124,0.005225099999734084,0.009020200001032208,0.006911200000104145,0.015931400001136353,0.029513100002077408,158347264
623,1305031123.214704,data\rgbd_dataset_freiburg1_xyz\rgb\1305031123.214704.png,data\rgbd_dataset_freiburg1_xyz\depth\1305031123.214724.png,2.002716064453125e-05,0.0007960796356201172,854,0.013604200001282152,0.003742499999134452,0.0058434000002307585,0.00958589999936521,0.00696570000036445,0.01655159999972966,0.030155800001011812,158351360
624,1305031123.250618,data\rgbd_dataset_freiburg1_xyz\rgb\1305031123.250618.png,data\rgbd_dataset_freiburg1_xyz\depth\1305031123.250641.png,2.3126602172851562e-05,0.004882097244262695,813,0.014044800000192481,0.0037140999993425794,0.005133300001034513,0.008847400000377093,0.007002199999988079,0.01584960000036517,0.029894400000557653,158375936
625,1305031123.282347,data\rgbd_dataset_freiburg1_xyz\rgb\1305031123.282347.png,data\rgbd_dataset_freiburg1_xyz\depth\1305031123.282363.png,1.5974044799804688e-05,0.0032529830932617188,756,0.015765600001032,0.0045225000012578676,0.005113699999128585,0.009636200000386452,0.006445299999541021,0.016081499999927473,0.03184710000095947,158384128
626,1305031123.311327,data\rgbd_dataset_freiburg1_xyz\rgb\1305031123.311327.png,data\rgbd_dataset_freiburg1_xyz\depth\1305031123.320992.png,0.00966501235961914,0.004272937774658203,759,0.013135799999872688,0.003647899999123183,0.0048581000010017306,0.008506000000124914,0.009766499999386724,0.018272499999511638,0.031408299999384326,158388224
627,1305031123.350481,data\rgbd_dataset_freiburg1_xyz\rgb\1305031123.350481.png,data\rgbd_dataset_freiburg1_xyz\depth\1305031123.350493.png,1.1920928955078125e-05,0.004881143569946289,734,0.013562399999500485,0.0037912999996478902,0.005025400001613889,0.008816700001261779,0.0067140000010113,0.015530700002273079,0.029093100001773564,158392320
628,1305031123.382255,data\rgbd_dataset_freiburg1_xyz\rgb\1305031123.382255.png,data\rgbd_dataset_freiburg1_xyz\depth\1305031123.382263.png,7.867813110351562e-06,0.003345012664794922,731,0.013873799998691538,0.003849699998681899,0.00491630000033183,0.00876599999901373,0.00665830000070855,0.01542429999972228,0.029298099998413818,158400512
629,1305031123.411363,data\rgbd_dataset_freiburg1_xyz\rgb\1305031123.411363.png,data\rgbd_dataset_freiburg1_xyz\depth\1305031123.421343.png,0.009980201721191406,0.004237174987792969,737,0.013606099999378785,0.003684100000100443,0.00477599999976519,0.008460099999865633,0.0069614999993063975,0.015421599999172031,0.029027699998550816,158420992
630,1305031123.451255,data\rgbd_dataset_freiburg1_xyz\rgb\1305031123.451255.png,data\rgbd_dataset_freiburg1_xyz\depth\1305031123.451266.png,1.0967254638671875e-05,0.004244804382324219,713,0.013516200000594836,0.003667300001325202,0.00510269999904267,0.008770000000367872,0.00737709999884828,0.016147099999216152,0.029663299999810988,158425088
631,1305031123.483594,data\rgbd_dataset_freiburg1_xyz\rgb\1305031123.483594.png,data\rgbd_dataset_freiburg1_xyz\depth\1305031123.483605.png,1.0967254638671875e-05,0.002006053924560547,709,0.013084000000162632,0.0035320000006322516,0.004751399999804562,0.008283400000436814,0.00680820000161475,0.015091600002051564,0.028175600002214196,158433280
632,1305031123.51136,data\rgbd_dataset_freiburg1_xyz\rgb\1305031123.511360.png,data\rgbd_dataset_freiburg1_xyz\depth\1305031123.519725.png,0.008365154266357422,0.004140138626098633,734,0.01337729999977455,0.003681000000142376,0.004643199999918579,0.008324200000060955,0.006460799999331357,0.014784999999392312,0.028162299999166862,156471296
633,1305031123.551513,data\rgbd_dataset_freiburg1_xyz\rgb\1305031123.551513.png,data\rgbd_dataset_freiburg1_xyz\depth\1305031123.551573.png,6.008148193359375e-05,0.004086971282958984,729,0.014083399999435642,0.003788899999563,0.004858899999817368,0.008647799999380368,0.007185200000094483,0.01583299999947485,0.029916399998910492,158162944
634,1305031123.579583,data\rgbd_dataset_freiburg1_xyz\rgb\1305031123.579583.png,data\rgbd_dataset_freiburg1_xyz\depth\1305031123.579616.png,3.314018249511719e-05,0.004082918167114258,717,0.013448100000459817,0.003719000000273809,0.0046196000002964865,0.008338600000570295,0.006758800000170595,0.01509740000074089,0.028545500001200708,158232576
635,1305031123.611335,data\rgbd_dataset_freiburg1_xyz\rgb\1305031123.611335.png,data\rgbd_dataset_freiburg1_xyz\depth\1305031123.620387.png,0.009052038192749023,0.004164934158325195,736,0.013328099999853293,0.0036681000001408393,0.005270200001177727,0.008938300001318567,0.006487900000138325,0.015426200001456891,0.028754300001310185,158253056
636,1305031123.652411,data\rgbd_dataset_freiburg1_xyz\rgb\1305031123.652411.png,data\rgbd_dataset_freiburg1_xyz\depth\1305031123.652430.png,1.9073486328125e-05,0.0031890869140625,733,0.013588800000434276,0.003932300000087707,0.004872100000284263,0.00880440000037197,0.00678419999894686,0.01558859999931883,0.029177399999753106,158265344
637,1305031123.683753,data\rgbd_dataset_freiburg1_xyz\rgb\1305031123.683753.png,data\rgbd_dataset_freiburg1_xyz\depth\1305031123.683785.png,3.1948089599609375e-05,0.0018470287322998047,735,0.013683699999091914,0.0038638000005448703,0.005222100000537466,0.009085900001082337,0.0062164000009943265,0.015302300002076663,0.028986000001168577,158339072
638,1305031123.711323,data\rgbd_dataset_freiburg1_xyz\rgb\1305031123.711323.png,data\rgbd_dataset_freiburg1_xyz\depth\1305031123.719975.png,0.008651971817016602,0.004177093505859375,737,0.013678600000275765,0.0037677000000257976,0.005059299999629729,0.008826999999655527,0.00687120000111463,0.015698200000770157,0.029376800001045922,158363648
639,1305031123.751723,data\rgbd_dataset_freiburg1_xyz\rgb\1305031123.751723.png,data\rgbd_dataset_freiburg1_xyz\depth\1305031123.751980.png,0.0002570152282714844,0.003777027130126953,715,0.013589999998657731,0.0037317000005714362,0.0044940000007045455,0.008225700001275982,0.006201599999258178,0.01442730000053416,0.02801729999919189,158412800
640,1305031123.783858,data\rgbd_dataset_freiburg1_xyz\rgb\1305031123.783858.png,data\rgbd_dataset_freiburg1_xyz\depth\1305031123.784138.png,0.0002799034118652344,0.0017418861389160156,732,0.013624600000184728,0.0036860000000160653,0.004763699998875381,0.008449699998891447,0.00607529999979306,0.014524999998684507,0.028149599998869235,158425088
641,1305031123.811608,data\rgbd_dataset_freiburg1_xyz\rgb\1305031123.811608.png,data\rgbd_dataset_freiburg1_xyz\depth\1305031123.819696.png,0.008087873458862305,0.0038919448852539062,724,0.014022700001078192,0.0037336999994295184,0.005351399999199202,0.00908509999862872,0.006717299998854287,0.015802399997483008,0.0298250999985612,158429184
642,1305031123.851444,data\rgbd_dataset_freiburg1_xyz\rgb\1305031123.851444.png,data\rgbd_dataset_freiburg1_xyz\depth\1305031123.851551.png,0.00010704994201660156,0.004055976867675781,728,0.013443399999232497,0.0036629999995057005,0.004515000000537839,0.00817800000004354,0.006389699999999721,0.01456770000004326,0.028011099999275757,158437376
643,1305031123.883786,data\rgbd_dataset_freiburg1_xyz\rgb\1305031123.883786.png,data\rgbd_dataset_freiburg1_xyz\depth\1305031123.883819.png,3.314018249511719e-05,0.0017139911651611328,733,0.013249600000563078,0.0036324000011518365,0.005135200000950135,0.008767600002101972,0.006291600000622566,0.015059200002724538,0.028308800003287615,158449664
644,1305031123.911243,data\rgbd_dataset_freiburg1_xyz\rgb\1305031123.911243.png,data\rgbd_dataset_freiburg1_xyz\depth\1305031123.915794.png,0.004550933837890625,0.0042569637298583984,731,0.013862100000551436,0.0036975000002712477,0.005311499999152147,0.009008999999423395,0.005969900001218775,0.01497890000064217,0.028841000001193606,158449664
645,1305031123.951442,data\rgbd_dataset_freiburg1_xyz\rgb\1305031123.951442.png,data\rgbd_dataset_freiburg1_xyz\depth\1305031123.951530.png,8.797645568847656e-05,0.00415802001953125,737,0.013308700001289253,0.00363160000051721,0.005117999999129097,0.008749599999646307,0.006511999999929685,0.015261599999575992,0.028570300000865245,158453760
646,1305031123.983415,data\rgbd_dataset_freiburg1_xyz\rgb\1305031123.983415.png,data\rgbd_dataset_freiburg1_xyz\depth\1305031123.983421.png,6.198883056640625e-06,0.0021851062774658203,723,0.01342579999982263,0.003708500000357162,0.005282599999191007,0.008991099999548169,0.006460700000388897,0.015451799999937066,0.028877599999759695,158453760
647,1305031124.011302,data\rgbd_dataset_freiburg1_xyz\rgb\1305031124.011302.png,data\rgbd_dataset_freiburg1_xyz\depth\1305031124.019737.png,0.00843501091003418,0.0041980743408203125,727,0.013721400000576978,0.0037965000010444783,0.004305700000259094,0.008102200001303572,0.006805400000303052,0.014907600001606625,0.028629000002183602,158457856
648,1305031124.051505,data\rgbd_dataset_freiburg1_xyz\rgb\1305031124.051505.png,data\rgbd_dataset_freiburg1_xyz\depth\1305031124.051531.png,2.5987625122070312e-05,0.003994941711425781,738,0.013673899999048444,0.0037725000001955777,0.004837899999984074,0.008610400000179652,0.00695600000108243,0.015566400001262082,0.029240300000310526,158474240
649,1305031124.083837,data\rgbd_dataset_freiburg1_xyz\rgb\1305031124.083837.png,data\rgbd_dataset_freiburg1_xyz\depth\1305031124.083902.png,6.4849853515625e-05,0.0016629695892333984,729,0.013265000001410954,0.003716600000188919,0.00416159999986121,0.007878200000050128,0.006620100000873208,0.014498300000923336,0.02776330000233429,158474240
650,1305031124.111331,data\rgbd_dataset_freiburg1_xyz\rgb\1305031124.111331.png,data\rgbd_dataset_freiburg1_xyz\depth\1305031124.119669.png,0.008337974548339844,0.004168987274169922,723,0.013967199998660362,0.003824400000667083,0.005386799999541836,0.009211200000208919,0.006707599999572267,0.015918799999781186,0.029885999998441548,158482432
651,1305031124.147446,data\rgbd_dataset_freiburg1_xyz\rgb\1305031124.147446.png,data\rgbd_dataset_freiburg1_xyz\depth\1305031124.147458.png,1.2159347534179688e-05,0.0018458366394042969,738,0.01321020000068529,0.003691699999762932,0.004811599999811733,0.008503299999574665,0.00910939999994298,0.017612699999517645,0.030822900000202935,158486528
652,1305031124.182694,data\rgbd_dataset_freiburg1_xyz\rgb\1305031124.182694.png,data\rgbd_dataset_freiburg1_xyz\depth\1305031124.182707.png,1.3113021850585938e-05,0.002805948257446289,729,0.01347160000113945,0.003777400001126807,0.004759800000101677,0.008537200001228484,0.006249600000955979,0.014786800002184464,0.028258400003323914,158494720
653,1305031124.211396,data\rgbd_dataset_freiburg1_xyz\rgb\1305031124.211396.png,data\rgbd_dataset_freiburg1_xyz\depth\1305031124.217179.png,0.0057830810546875,0.004104137420654297,720,0.013519299998733914,0.0037716000006184913,0.004767500000525615,0.008539100001144106,0.006652500000200234,0.01519160000134434,0.028710900000078254,158498816
654,1305031124.249327,data\rgbd_dataset_freiburg1_xyz\rgb\1305031124.249327.png,data\rgbd_dataset_freiburg1_xyz\depth\1305031124.249340.png,1.3113021850585938e-05,0.0038268566131591797,726,0.013451799999529612,0.0036675999999715714,0.0046950000014476245,0.008362600001419196,0.00611159999971278,0.014474200001131976,0.02792600000066159,158507008
655,1305031124.282545,data\rgbd_dataset_freiburg1_xyz\rgb\1305031124.282545.png,data\rgbd_dataset_freiburg1_xyz\depth\1305031124.282555.png,1.0013580322265625e-05,0.0029549598693847656,755,0.013253199998871423,0.00380820000100357,0.0047244999987015035,0.008532699999705073,0.006562399999893387,0.01509509999959846,0.028348299998469884,158523392
656,1305031124.311361,data\rgbd_dataset_freiburg1_xyz\rgb\1305031124.311361.png,data\rgbd_dataset_freiburg1_xyz\depth\1305031124.316782.png,0.0054209232330322266,0.004138946533203125,718,0.013101000000460772,0.003710799999680603,0.00504460000047402,0.008755400000154623,0.006866100000479491,0.015621500000634114,0.028722500001094886,158523392
657,1305031124.350354,data\rgbd_dataset_freiburg1_xyz\rgb\1305031124.350354.png,data\rgbd_dataset_freiburg1_xyz\depth\1305031124.350371.png,1.6927719116210938e-05,0.004853963851928711,730,0.013322100001460058,0.003866600000037579,0.005173199999262579,0.009039799999300158,0.0062527999998565065,0.015292599999156664,0.028614700000616722,158531584
658,1305031124.38242,data\rgbd_dataset_freiburg1_xyz\rgb\1305031124.382420.png,data\rgbd_dataset_freiburg1_xyz\depth\1305031124.382432.png,1.1920928955078125e-05,0.0031800270080566406,749,0.013250500000140164,0.003662600000097882,0.005146700001205318,0.0088093000013032,0.006490600000688573,0.015299900001991773,0.028550400002131937,158535680
659,1305031124.411439,data\rgbd_dataset_freiburg1_xyz\rgb\1305031124.411439.png,data\rgbd_dataset_freiburg1_xyz\depth\1305031124.418555.png,0.007116079330444336,0.004060983657836914,750,0.013284200000271085,0.0036717000002681743,0.004782699999850593,0.008454400000118767,0.008936799998991773,0.01739119999911054,0.030675399999381625,158543872
660,1305031124.450245,data\rgbd_dataset_freiburg1_xyz\rgb\1305031124.450245.png,data\rgbd_dataset_freiburg1_xyz\depth\1305031124.450256.png,1.1205673217773438e-05,0.004644870758056641,766,0.013410800000201561,0.003757600001335959,0.004838299999391893,0.008595900000727852,0.00962710000021616,0.018223000000944012,0.03163380000114557,158552064
661,1305031124.480099,data\rgbd_dataset_freiburg1_xyz\rgb\1305031124.480099.png,data\rgbd_dataset_freiburg1_xyz\depth\1305031124.480126.png,2.6941299438476562e-05,0.004498958587646484,797,0.013499999999112333,0.003739900001164642,0.004764400000567548,0.00850430000173219,0.006338699999105302,0.014843000000837492,0.028342999999949825,158552064
662,1305031124.511324,data\rgbd_dataset_freiburg1_xyz\rgb\1305031124.511324.png,data\rgbd_dataset_freiburg1_xyz\depth\1305031124.516737.png,0.005413055419921875,0.004176139831542969,810,0.013384100000621402,0.0038257000014709774,0.004523099998550606,0.008348800000021583,0.006844999999884749,0.015193799999906332,0.028577900000527734,158568448
663,1305031124.550437,data\rgbd_dataset_freiburg1_xyz\rgb\1305031124.550437.png,data\rgbd_dataset_freiburg1_xyz\depth\1305031124.550503.png,6.604194641113281e-05,0.004936933517456055,819,0.013601099999505095,0.0038586999999097316,0.004518800000369083,0.008377500000278815,0.009228299999449519,0.017605799999728333,0.03120689999923343,158572544
664,1305031124.579404,data\rgbd_dataset_freiburg1_xyz\rgb\1305031124.579404.png,data\rgbd_dataset_freiburg1_xyz\depth\1305031124.584606.png,0.005201816558837891,0.003904104232788086,840,0.013669600000866922,0.0038581999997404637,0.004684800000177347,0.00854299999991781,0.009206599999743048,0.01774959999966086,0.03141920000052778,158576640
665,1305031124.611358,data\rgbd_dataset_freiburg1_xyz\rgb\1305031124.611358.png,data\rgbd_dataset_freiburg1_xyz\depth\1305031124.617653.png,0.006294965744018555,0.004142045974731445,845,0.014208700000381214,0.003772400001253118,0.004914999999527936,0.008687400000781054,0.006705499999952735,0.015392900000733789,0.029601600001115003,158584832
666,1305031124.651271,data\rgbd_dataset_freiburg1_xyz\rgb\1305031124.651271.png,data\rgbd_dataset_freiburg1_xyz\depth\1305031124.651313.png,4.1961669921875e-05,0.00432896614074707,879,0.013636800000313087,0.0037140000004001195,0.004789399999935995,0.008503400000336114,0.006990800000494346,0.01549420000083046,0.029131000001143548,158593024
667,1305031124.679362,data\rgbd_dataset_freiburg1_xyz\rgb\1305031124.679362.png,data\rgbd_dataset_freiburg1_xyz\depth\1305031124.685473.png,0.0061109066009521484,0.0037620067596435547,933,0.01356830000077025,0.0036639999998442363,0.005205999999816413,0.00886999999966065,0.006816799999796785,0.015686799999457435,0.029255100000227685,158601216
668,1305031124.711251,data\rgbd_dataset_freiburg1_xyz\rgb\1305031124.711251.png,data\rgbd_dataset_freiburg1_xyz\depth\1305031124.715791.png,0.004539966583251953,0.004249095916748047,956,0.013777399999526097,0.003702500000144937,0.004365800001323805,0.008068300001468742,0.0070071999998617684,0.01507550000133051,0.028852900000856607,158642176
669,1305031124.74989,data\rgbd_dataset_freiburg1_xyz\rgb\1305031124.749890.png,data\rgbd_dataset_freiburg1_xyz\depth\1305031124.749941.png,5.1021575927734375e-05,0.00439000129699707,957,0.01356349999878148,0.003686500000185333,0.004724099999293685,0.008410599999479018,0.00662939999892842,0.015039999998407438,0.02860349999718892,158789632
670,1305031124.779365,data\rgbd_dataset_freiburg1_xyz\rgb\1305031124.779365.png,data\rgbd_dataset_freiburg1_xyz\depth\1305031124.785178.png,0.005812883377075195,0.0038650035858154297,999,0.013374000000112574,0.003668499999548658,0.004783599999427679,0.008452099998976337,0.006756300001143245,0.015208400000119582,0.028582400000232155,158859264
671,1305031124.81136,data\rgbd_dataset_freiburg1_xyz\rgb\1305031124.811360.png,data\rgbd_dataset_freiburg1_xyz\depth\1305031124.816641.png,0.005281209945678711,0.004140138626098633,1022,0.013668900000993744,0.003736800001206575,0.00489460000062536,0.008631400001831935,0.006964999998672283,0.015596400000504218,0.029265300001497963,158867456
672,1305031124.850535,data\rgbd_dataset_freiburg1_xyz\rgb\1305031124.850535.png,data\rgbd_dataset_freiburg1_xyz\depth\1305031124.850559.png,2.4080276489257812e-05,0.004965066909790039,1050,0.01352239999869198,0.0035748000009334646,0.004702899999756482,0.008277700000689947,0.010115199998836033,0.01839289999952598,0.03191529999821796,159096832
673,1305031124.879355,data\rgbd_dataset_freiburg1_xyz\rgb\1305031124.879355.png,data\rgbd_dataset_freiburg1_xyz\depth\1305031124.883594.png,0.004239082336425781,0.003754854202270508,1105,0.013610999998491025,0.0036724999990838114,0.0044655999990936834,0.008138099998177495,0.006813799998781178,0.014951899996958673,0.028562899995449698,159096832
674,1305031124.911448,data\rgbd_dataset_freiburg1_xyz\rgb\1305031124.911448.png,data\rgbd_dataset_freiburg1_xyz\depth\1305031124.918770.png,0.007322072982788086,0.004152059555053711,1099,0.013771099998848513,0.0037680000004911562,0.005090999999083579,0.008858999999574735,0.0068133000004309,0.015672300000005635,0.029443399998854147,159105024
675,1305031124.95073,data\rgbd_dataset_freiburg1_xyz\rgb\1305031124.950730.png,data\rgbd_dataset_freiburg1_xyz\depth\1305031124.950748.png,1.7881393432617188e-05,0.004869937896728516,1075,0.014030000000275322,0.003596599999582395,0.005260400001134258,0.008857000000716653,0.010886799998843344,0.019743799999559997,0.03377379999983532,159117312
676,1305031124.979438,data\rgbd_dataset_freiburg1_xyz\rgb\1305031124.979438.png,data\rgbd_dataset_freiburg1_xyz\depth\1305031124.986460.png,0.007021903991699219,0.003638029098510742,1084,0.016190599999390543,0.0047921999994287034,0.005195699999603676,0.009987899999032379,0.01025389999995241,0.02024179999898479,0.03643239999837533,159121408
677,1305031125.011454,data\rgbd_dataset_freiburg1_xyz\rgb\1305031125.011454.png,data\rgbd_dataset_freiburg1_xyz\depth\1305031125.019467.png,0.008013010025024414,0.004045963287353516,1121,0.013877200000933954,0.003620700001192745,0.005017100000259234,0.008637800001451978,0.0073998999996547354,0.016037700001106714,0.029914900002040667,159137792
678,1305031125.050763,data\rgbd_dataset_freiburg1_xyz\rgb\1305031125.050763.png,data\rgbd_dataset_freiburg1_xyz\depth\1305031125.050798.png,3.504753112792969e-05,0.004737138748168945,1166,0.01630699999986973,0.004303300000174204,0.0049915999989025295,0.009294899999076733,0.0075575999999273336,0.016852499999004067,0.0331594999988738,159145984
679,1305031125.079364,data\rgbd_dataset_freiburg1_xyz\rgb\1305031125.079364.png,data\rgbd_dataset_freiburg1_xyz\depth\1305031125.083480.png,0.0041158199310302734,0.0038640499114990234,1176,0.013903299999583396,0.003555499999492895,0.00488989999939804,0.008445399998890935,0.006850399999166257,0.015295799998057191,0.029199099997640587,159199232
680,1305031125.111364,data\rgbd_dataset_freiburg1_xyz\rgb\1305031125.111364.png,data\rgbd_dataset_freiburg1_xyz\depth\1305031125.119029.png,0.007665157318115234,0.004136085510253906,1205,0.013941299999714829,0.0038977000003797,0.005572200001552119,0.00946990000193182,0.00784899999962363,0.01731890000155545,0.03126020000127028,159203328
681,1305031125.151013,data\rgbd_dataset_freiburg1_xyz\rgb\1305031125.151013.png,data\rgbd_dataset_freiburg1_xyz\depth\1305031125.151037.png,2.4080276489257812e-05,0.0045871734619140625,1194,0.01599060000080499,0.0045821999992767815,0.005450000000564614,0.010032199999841396,0.010054000000309316,0.02008620000015071,0.0360768000009557,159203328
682,1305031125.179353,data\rgbd_dataset_freiburg1_xyz\rgb\1305031125.179353.png,data\rgbd_dataset_freiburg1_xyz\depth\1305031125.187064.png,0.007710933685302734,0.0037529468536376953,1197,0.01403799999934563,0.0036134999991190853,0.005039300000134972,0.008652799999254057,0.007491000000300119,0.016143799999554176,0.030181799998899805,159211520
683,1305031125.21132,data\rgbd_dataset_freiburg1_xyz\rgb\1305031125.211320.png,data\rgbd_dataset_freiburg1_xyz\depth\1305031125.219018.png,0.00769805908203125,0.004180192947387695,1175,0.013597000001027482,0.0033994999994320096,0.0047130000002653105,0.00811249999969732,0.007689500000196858,0.01580199999989418,0.02939900000092166,159211520
684,1305031125.250632,data\rgbd_dataset_freiburg1_xyz\rgb\1305031125.250632.png,data\rgbd_dataset_freiburg1_xyz\depth\1305031125.250642.png,1.0013580322265625e-05,0.004868030548095703,1180,0.013772399999652407,0.003528100000039558,0.005065200000899495,0.008593300000939053,0.007016300000032061,0.015609600000971113,0.02938200000062352,159215616
685,1305031125.279467,data\rgbd_dataset_freiburg1_xyz\rgb\1305031125.279467.png,data\rgbd_dataset_freiburg1_xyz\depth\1305031125.286396.png,0.006928920745849609,0.0038671493530273438,1203,0.01361180000094464,0.0035729000010178424,0.005590099999608356,0.009163000000626198,0.007344600000578794,0.01650760000120499,0.030119400002149632,159232000
686,1305031125.311493,data\rgbd_dataset_freiburg1_xyz\rgb\1305031125.311493.png,data\rgbd_dataset_freiburg1_xyz\depth\1305031125.319140.png,0.007647037506103516,0.004007101058959961,1206,0.013782500000161235,0.0038045000001147855,0.0051991000000271015,0.009003600000141887,0.007885999999416526,0.016889599999558413,0.03067209999971965,159227904
687,1305031125.34888,data\rgbd_dataset_freiburg1_xyz\rgb\1305031125.348880.png,data\rgbd_dataset_freiburg1_xyz\depth\1305031125.348899.png,1.8835067749023438e-05,0.002680063247680664,1226,0.013651100000060978,0.00366310000026715,0.004990499999621534,0.008653599999888684,0.007126700000299024,0.015780300000187708,0.029431400000248686,159232000
688,1305031125.379401,data\rgbd_dataset_freiburg1_xyz\rgb\1305031125.379401.png,data\rgbd_dataset_freiburg1_xyz\depth\1305031125.386792.png,0.0073909759521484375,0.0038008689880371094,1196,0.01346440000088478,0.003561099998478312,0.004939899999953923,0.008500999998432235,0.00678180000068096,0.015282799999113195,0.028747199999997974,159240192
689,1305031125.411335,data\rgbd_dataset_freiburg1_xyz\rgb\1305031125.411335.png,data\rgbd_dataset_freiburg1_xyz\depth\1305031125.419574.png,0.008239030838012695,0.0042650699615478516,1217,0.013558099999499973,0.0036605000004783506,0.005104800000481191,0.008765300000959542,0.00778340000033495,0.016548700001294492,0.030106800000794465,159248384
690,1305031125.451195,data\rgbd_dataset_freiburg1_xyz\rgb\1305031125.451195.png,data\rgbd_dataset_freiburg1_xyz\depth\1305031125.451232.png,3.695487976074219e-05,0.004405021667480469,1196,0.01339179999922635,0.0036457999995036516,0.004821000000447384,0.008466799999951036,0.00718100000085542,0.015647800000806456,0.029039600000032806,159256576
691,1305031125.479424,data\rgbd_dataset_freiburg1_xyz\rgb\1305031125.479424.png,data\rgbd_dataset_freiburg1_xyz\depth\1305031125.486999.png,0.007575035095214844,0.003823995590209961,1165,0.013750500000242027,0.003625800000008894,0.004903900000499561,0.008529700000508456,0.007440800000040326,0.015970500000548782,0.02972100000079081,159264768
692,1305031125.511316,data\rgbd_dataset_freiburg1_xyz\rgb\1305031125.511316.png,data\rgbd_dataset_freiburg1_xyz\depth\1305031125.519354.png,0.008038043975830078,0.004283905029296875,1153,0.013995299999805866,0.003575200000341283,0.00513890000001993,0.008714100000361213,0.006894800000736723,0.015608900001097936,0.029604200000903802,159277056
693,1305031125.55102,data\rgbd_dataset_freiburg1_xyz\rgb\1305031125.551020.png,data\rgbd_dataset_freiburg1_xyz\depth\1305031125.551050.png,3.0040740966796875e-05,0.004480123519897461,1138,0.013845600000422564,0.0035330000009707874,0.005002900001272792,0.00853590000224358,0.010490000000572763,0.019025900002816343,0.03287150000323891,159281152
694,1305031125.579308,data\rgbd_dataset_freiburg1_xyz\rgb\1305031125.579308.png,data\rgbd_dataset_freiburg1_xyz\depth\1305031125.585303.png,0.005995035171508789,0.0038080215454101562,1133,0.014024299998709466,0.0036021000014443416,0.0049501000012242,0.008552200002668542,0.010254799999529496,0.018807000002198038,0.032831300000907504,159281152
695,1305031125.611533,data\rgbd_dataset_freiburg1_xyz\rgb\1305031125.611533.png,data\rgbd_dataset_freiburg1_xyz\depth\1305031125.617870.png,0.006337165832519531,0.004067182540893555,1148,0.013899400000809692,0.003589900001315982,0.005296799999996438,0.00888670000131242,0.007674000000406522,0.016560700001718942,0.030460100002528634,159293440
696,1305031125.650575,data\rgbd_dataset_freiburg1_xyz\rgb\1305031125.650575.png,data\rgbd_dataset_freiburg1_xyz\depth\1305031125.650354.png,0.00022101402282714844,0.005025148391723633,1113,0.013627500000438886,0.003471799998806091,0.005091200000606477,0.008562999999412568,0.010124399999767775,0.018687399999180343,0.03231489999961923,159301632
697,1305031125.679328,data\rgbd_dataset_freiburg1_xyz\rgb\1305031125.679328.png,data\rgbd_dataset_freiburg1_xyz\depth\1305031125.684602.png,0.005274057388305664,0.0037279129028320312,1176,0.013835599998856196,0.003413300000829622,0.005679500000042026,0.009092800000871648,0.0075462000004336005,0.01663900000130525,0.030474600000161445,159305728
698,1305031125.711443,data\rgbd_dataset_freiburg1_xyz\rgb\1305031125.711443.png,data\rgbd_dataset_freiburg1_xyz\depth\1305031125.715669.png,0.004225969314575195,0.004057168960571289,1203,0.013705000001209555,0.0034326999993936624,0.005225500000960892,0.008658200000354555,0.0075401000012789154,0.01619830000163347,0.029903300002843025,159379456
699,1305031125.75126,data\rgbd_dataset_freiburg1_xyz\rgb\1305031125.751260.png,data\rgbd_dataset_freiburg1_xyz\depth\1305031125.751292.png,3.1948089599609375e-05,0.0042400360107421875,1207,0.013638899999932619,0.0034884000015154015,0.0050991999996767845,0.008587600001192186,0.007095599999956903,0.01568320000114909,0.029322100001081708,159379456
700,1305031125.779348,data\rgbd_dataset_freiburg1_xyz\rgb\1305031125.779348.png,data\rgbd_dataset_freiburg1_xyz\depth\1305031125.786805.png,0.00745701789855957,0.003847837448120117,1222,0.01397720000022673,0.0034212000009574695,0.004909400000542519,0.008330600001499988,0.007330300000830903,0.01566090000233089,0.02963810000255762,160010240
701,1305031125.811573,data\rgbd_dataset_freiburg1_xyz\rgb\1305031125.811573.png,data\rgbd_dataset_freiburg1_xyz\depth\1305031125.819450.png,0.007876873016357422,0.003926992416381836,1191,0.0160823000005621,0.004136199999265955,0.005070799999884912,0.009206999999150867,0.006917199998497381,0.016124199997648248,0.03220649999821035,160968704
702,1305031125.847412,data\rgbd_dataset_freiburg1_xyz\rgb\1305031125.847412.png,data\rgbd_dataset_freiburg1_xyz\depth\1305031125.854774.png,0.007361888885498047,0.0019121170043945312,1192,0.012938399999256944,0.003512600000249222,0.0050551000003906665,0.008567700000639888,0.0071276000016951,0.01569530000233499,0.028633700001591933,160362496
703,1305031125.879318,data\rgbd_dataset_freiburg1_xyz\rgb\1305031125.879318.png,data\rgbd_dataset_freiburg1_xyz\depth\1305031125.886645.png,0.007327079772949219,0.003818035125732422,1164,0.013263399998322711,0.0034766000007948605,0.004955799999152077,0.008432399999946938,0.007856999998693937,0.016289399998640874,0.029552799996963586,159440896
704,1305031125.911305,data\rgbd_dataset_freiburg1_xyz\rgb\1305031125.911305.png,data\rgbd_dataset_freiburg1_xyz\depth\1305031125.919334.png,0.008028984069824219,0.004194974899291992,1209,0.016308899999785353,0.004394900000988855,0.0052068000004510395,0.009601700001439895,0.006993400000283145,0.01659510000172304,0.03290400000150839,159440896
705,1305031125.947343,data\rgbd_dataset_freiburg1_xyz\rgb\1305031125.947343.png,data\rgbd_dataset_freiburg1_xyz\depth\1305031125.955252.png,0.007908821105957031,0.0016431808471679688,1186,0.0131400999998732,0.0036070000005565817,0.0053609000005963026,0.008967900001152884,0.008200000000215368,0.017167900001368253,0.030308000001241453,159449088
706,1305031125.979324,data\rgbd_dataset_freiburg1_xyz\rgb\1305031125.979324.png,data\rgbd_dataset_freiburg1_xyz\depth\1305031125.987094.png,0.00776982307434082,0.003823995590209961,1195,0.013923800001066411,0.0036134000001766253,0.005407100001320941,0.009020500001497567,0.007981299999300973,0.01700180000079854,0.03092560000186495,159449088
707,1305031126.011333,data\rgbd_dataset_freiburg1_xyz\rgb\1305031126.011333.png,data\rgbd_dataset_freiburg1_xyz\depth\1305031126.019572.png,0.008239030838012695,0.004167079925537109,1208,0.016231700001299032,0.004369900001620408,0.0050033999996230705,0.009373300001243479,0.008369500001208507,0.017742800002451986,0.03397450000375102,159461376
708,1305031126.047324,data\rgbd_dataset_freiburg1_xyz\rgb\1305031126.047324.png,data\rgbd_dataset_freiburg1_xyz\depth\1305031126.055038.png,0.007714033126831055,0.0018239021301269531,1227,0.015271199999915552,0.0037212000006547896,0.004868699999860837,0.008589900000515627,0.00790190000043367,0.016491800000949297,0.03176300000086485,159465472
709,1305031126.079356,data\rgbd_dataset_freiburg1_xyz\rgb\1305031126.079356.png,data\rgbd_dataset_freiburg1_xyz\depth\1305031126.087076.png,0.007719993591308594,0.0037560462951660156,1185,0.01385130000016943,0.0036737999998877058,0.005581900000834139,0.009255700000721845,0.007163899999795831,0.016419600000517676,0.030270900000687107,159477760
710,1305031126.11137,data\rgbd_dataset_freiburg1_xyz\rgb\1305031126.111370.png,data\rgbd_dataset_freiburg1_xyz\depth\1305031126.119452.png,0.008081912994384766,0.004129886627197266,1122,0.013638299999001902,0.0036092999998800224,0.0051378999996813945,0.008747199999561417,0.00729470000078436,0.016041900000345777,0.02968019999934768,159481856
711,1305031126.147432,data\rgbd_dataset_freiburg1_xyz\rgb\1305031126.147432.png,data\rgbd_dataset_freiburg1_xyz\depth\1305031126.155000.png,0.007567882537841797,0.0019321441650390625,1108,0.01376929999969434,0.003809499999988475,0.004888900000878493,0.008698400000866968,0.00703839999914635,0.015736800000013318,0.029506099999707658,159490048
712,1305031126.179384,data\rgbd_dataset_freiburg1_xyz\rgb\1305031126.179384.png,data\rgbd_dataset_freiburg1_xyz\depth\1305031126.187174.png,0.007790088653564453,0.0038840770721435547,1080,0.01430620000064664,0.0038561000001209322,0.005028699999456876,0.008884799999577808,0.007333099998504622,0.01621789999808243,0.03052409999872907,159502336
713,1305031126.211319,data\rgbd_dataset_freiburg1_xyz\rgb\1305031126.211319.png,data\rgbd_dataset_freiburg1_xyz\depth\1305031126.219473.png,0.008153915405273438,0.0041811466217041016,1024,0.014290600000094855,0.003717300000062096,0.005019700000048033,0.008737000000110129,0.007110599999577971,0.0158475999996881,0.030138199999782955,159498240
714,1305031126.247298,data\rgbd_dataset_freiburg1_xyz\rgb\1305031126.247298.png,data\rgbd_dataset_freiburg1_xyz\depth\1305031126.255236.png,0.007937908172607422,0.0017979145050048828,947,0.014147500000035507,0.003783399999520043,0.005168200001207879,0.008951600000727922,0.00695119999909366,0.015902799999821582,0.03005029999985709,159088640
715,1305031126.279363,data\rgbd_dataset_freiburg1_xyz\rgb\1305031126.279363.png,data\rgbd_dataset_freiburg1_xyz\depth\1305031126.287105.png,0.007742166519165039,0.0038628578186035156,940,0.013461700000334531,0.003580500000680331,0.00563979999969888,0.009220300000379211,0.006577300000571995,0.015797600000951206,0.029259300001285737,158142464
716,1305031126.311332,data\rgbd_dataset_freiburg1_xyz\rgb\1305031126.311332.png,data\rgbd_dataset_freiburg1_xyz\depth\1305031126.319787.png,0.008455038070678711,0.004168033599853516,903,0.013899699999456061,0.0038753000008000527,0.004777000000103726,0.008652300000903779,0.007053299999824958,0.015705600000728737,0.029605300000184798,161042432
717,1305031126.347363,data\rgbd_dataset_freiburg1_xyz\rgb\1305031126.347363.png,data\rgbd_dataset_freiburg1_xyz\depth\1305031126.355415.png,0.00805211067199707,0.0017631053924560547,837,0.013043799999650219,0.00378169999930833,0.004968400000507245,0.008750099999815575,0.006736699999237317,0.015486799999052892,0.02853059999870311,161140736
718,1305031126.379423,data\rgbd_dataset_freiburg1_xyz\rgb\1305031126.379423.png,data\rgbd_dataset_freiburg1_xyz\depth\1305031126.387483.png,0.008059978485107422,0.0037229061126708984,854,0.013621000000057393,0.0038408000000345055,0.005629199999020784,0.00946999999905529,0.006531900000481983,0.016001899999537272,0.029622899999594665,161267712
719,1305031126.411465,data\rgbd_dataset_freiburg1_xyz\rgb\1305031126.411465.png,data\rgbd_dataset_freiburg1_xyz\depth\1305031126.419793.png,0.008327960968017578,0.004034996032714844,773,0.0139844000004814,0.0041555999996489845,0.005363299998862203,0.009518899998511188,0.006886200000735698,0.016405099999246886,0.030389499999728287,161284096
720,1305031126.447361,data\rgbd_dataset_freiburg1_xyz\rgb\1305031126.447361.png,data\rgbd_dataset_freiburg1_xyz\depth\1305031126.455380.png,0.008018970489501953,0.0018610954284667969,749,0.013249999999970896,0.0037079000012454344,0.005496400000993162,0.009204300002238597,0.006523399999423418,0.015727700001662015,0.02897770000163291,161329152
721,1305031126.479533,data\rgbd_dataset_freiburg1_xyz\rgb\1305031126.479533.png,data\rgbd_dataset_freiburg1_xyz\depth\1305031126.490386.png,0.010853052139282227,0.003932952880859375,725,0.012889900001027854,0.003715099999681115,0.0049914999999600695,0.008706599999641185,0.0061455000013665995,0.014852100001007784,0.02774200000203564,161353728
722,1305031126.51141,data\rgbd_dataset_freiburg1_xyz\rgb\1305031126.511410.png,data\rgbd_dataset_freiburg1_xyz\depth\1305031126.522321.png,0.010910987854003906,0.004090070724487305,718,0.013096399999994901,0.003707600000780076,0.005154899999979534,0.00886250000075961,0.00621320000027481,0.01507570000103442,0.02817210000102932,161361920
723,1305031126.547374,data\rgbd_dataset_freiburg1_xyz\rgb\1305031126.547374.png,data\rgbd_dataset_freiburg1_xyz\depth\1305031126.558209.png,0.010834932327270508,0.0014739036560058594,727,0.0131160999990243,0.003693500000736094,0.004817699998966418,0.008511199999702512,0.006508100001155981,0.015019300000858493,0.028135399999882793,161366016
724,1305031126.579454,data\rgbd_dataset_freiburg1_xyz\rgb\1305031126.579454.png,data\rgbd_dataset_freiburg1_xyz\depth\1305031126.590176.png,0.010722160339355469,0.003854036331176758,703,0.01285719999941648,0.00375269999858574,0.004963999999745283,0.008716699998331023,0.00654940000094939,0.015266099999280414,0.028123299998696893,161382400
725,1305031126.611528,data\rgbd_dataset_freiburg1_xyz\rgb\1305031126.611528.png,data\rgbd_dataset_freiburg1_xyz\depth\1305031126.618687.png,0.007158994674682617,0.003972053527832031,695,0.012819800000215764,0.003594800000428222,0.004566199999317178,0.0081609999997454,0.006312600000455859,0.014473600000201259,0.027293400000417023,161402880
726,1305031126.647376,data\rgbd_dataset_freiburg1_xyz\rgb\1305031126.647376.png,data\rgbd_dataset_freiburg1_xyz\depth\1305031126.654474.png,0.007097959518432617,0.0018761157989501953,694,0.013608100000055856,0.003757899999982328,0.0045458999993570615,0.00830379999933939,0.006601099999897997,0.014904899999237387,0.028512999999293243,161415168
727,1305031126.679479,data\rgbd_dataset_freiburg1_xyz\rgb\1305031126.679479.png,data\rgbd_dataset_freiburg1_xyz\depth\1305031126.690022.png,0.010543107986450195,0.0038788318634033203,677,0.013536700000258861,0.003767899999729707,0.004636200001186808,0.008404100000916515,0.006512399999337504,0.014916500000254018,0.02845320000051288,157761536
728,1305031126.711583,data\rgbd_dataset_freiburg1_xyz\rgb\1305031126.711583.png,data\rgbd_dataset_freiburg1_xyz\depth\1305031126.715770.png,0.004187107086181641,0.003917217254638672,678,0.017578099999809638,0.004553099999611732,0.004349700000602752,0.008902800000214484,0.0067347000003792346,0.015637500000593718,0.033215600000403356,161034240
729,1305031126.747316,data\rgbd_dataset_freiburg1_xyz\rgb\1305031126.747316.png,data\rgbd_dataset_freiburg1_xyz\depth\1305031126.755374.png,0.00805807113647461,0.0017158985137939453,645,0.013064500000837143,0.003889899999194313,0.004722600000604871,0.008612499999799184,0.006275199999436154,0.014887699999235338,0.02795220000007248,161148928
730,1305031126.779379,data\rgbd_dataset_freiburg1_xyz\rgb\1305031126.779379.png,data\rgbd_dataset_freiburg1_xyz\depth\1305031126.787565.png,0.008186101913452148,0.0038788318634033203,650,0.013269700000819284,0.003701999999975669,0.005234800000835094,0.008936800000810763,0.008921799999370705,0.017858600000181468,0.031128300001000753,161263616
731,1305031126.811602,data\rgbd_dataset_freiburg1_xyz\rgb\1305031126.811602.png,data\rgbd_dataset_freiburg1_xyz\depth\1305031126.819929.png,0.00832676887512207,0.003997802734375,663,0.012918200000058278,0.003754800000024261,0.00476399999934074,0.008518799999365001,0.0065043000013247365,0.015023100000689737,0.027941300000748015,161370112
732,1305031126.847343,data\rgbd_dataset_freiburg1_xyz\rgb\1305031126.847343.png,data\rgbd_dataset_freiburg1_xyz\depth\1305031126.858378.png,0.011034965515136719,0.0018429756164550781,679,0.012830199999370961,0.003705699999045464,0.004777500000272994,0.008483199999318458,0.006199100000230828,0.014682299999549286,0.027512499998920248,161402880
733,1305031126.879357,data\rgbd_dataset_freiburg1_xyz\rgb\1305031126.879357.png,data\rgbd_dataset_freiburg1_xyz\depth\1305031126.888154.png,0.008796930313110352,0.0033571720123291016,681,0.013117700000293553,0.003733499999725609,0.004844999999477295,0.008578499999202904,0.0062426000004052185,0.014821099999608123,0.027938799999901676,161419264
734,1305031126.911364,data\rgbd_dataset_freiburg1_xyz\rgb\1305031126.911364.png,data\rgbd_dataset_freiburg1_xyz\depth\1305031126.919409.png,0.008044958114624023,0.004135847091674805,677,0.012903699998787488,0.0036823000009462703,0.005011600000216276,0.008693900001162547,0.006776500000341912,0.015470400001504458,0.028374100000291946,161427456
735,1305031126.947437,data\rgbd_dataset_freiburg1_xyz\rgb\1305031126.947437.png,data\rgbd_dataset_freiburg1_xyz\depth\1305031126.955501.png,0.008064031600952148,0.0019371509552001953,686,0.01463809999950172,0.00359539999953995,0.004630100000213133,0.008225499999753083,0.005827799999678973,0.014053299999432056,0.028691399998933775,161542144
736,1305031126.979337,data\rgbd_dataset_freiburg1_xyz\rgb\1305031126.979337.png,data\rgbd_dataset_freiburg1_xyz\depth\1305031126.987316.png,0.00797891616821289,0.0037369728088378906,685,0.013055899999017129,0.0035819000004266854,0.004778000000442262,0.008359900000868947,0.006184699999721488,0.014544600000590435,0.027600499999607564,161542144
737,1305031127.011371,data\rgbd_dataset_freiburg1_xyz\rgb\1305031127.011371.png,data\rgbd_dataset_freiburg1_xyz\depth\1305031127.019524.png,0.008153200149536133,0.004229068756103516,693,0.01306760000079521,0.00363880000077188,0.004614900000888156,0.008253700001660036,0.0059053999993921025,0.014159100001052138,0.027226700001847348,161558528
738,1305031127.047297,data\rgbd_dataset_freiburg1_xyz\rgb\1305031127.047297.png,data\rgbd_dataset_freiburg1_xyz\depth\1305031127.053318.png,0.006021022796630859,0.0017969608306884766,684,0.012831400001232396,0.003588300000046729,0.004737699999168399,0.008325999999215128,0.005766399999629357,0.014092399998844485,0.02692380000007688,161611776
739,1305031127.079299,data\rgbd_dataset_freiburg1_xyz\rgb\1305031127.079299.png,data\rgbd_dataset_freiburg1_xyz\depth\1305031127.088649.png,0.009350061416625977,0.003798961639404297,688,0.013436100000035367,0.003592400000343332,0.004928999998810468,0.0085213999991538,0.0059963000003335765,0.014517699999487377,0.027953799999522744,161619968
740,1305031127.111435,data\rgbd_dataset_freiburg1_xyz\rgb\1305031127.111435.png,data\rgbd_dataset_freiburg1_xyz\depth\1305031127.120963.png,0.009528160095214844,0.004065036773681641,702,0.012878400000772672,0.0036663000009866664,0.004847399999562185,0.008513700000548852,0.005802499999845168,0.01431620000039402,0.02719460000116669,161624064
741,1305031127.147307,data\rgbd_dataset_freiburg1_xyz\rgb\1305031127.147307.png,data\rgbd_dataset_freiburg1_xyz\depth\1305031127.157692.png,0.01038503646850586,0.0018069744110107422,689,0.013465999998516054,0.0036216000007698312,0.004616700000042329,0.00823830000081216,0.006141600000773906,0.014379900001586066,0.02784590000010212,161628160
742,1305031127.179349,data\rgbd_dataset_freiburg1_xyz\rgb\1305031127.179349.png,data\rgbd_dataset_freiburg1_xyz\depth\1305031127.187500.png,0.008151054382324219,0.0037488937377929688,701,0.013051200001427787,0.0036648999994213227,0.004433100000824197,0.00809800000024552,0.0064574000007269206,0.01455540000097244,0.027606600002400228,161636352
743,1305031127.2117,data\rgbd_dataset_freiburg1_xyz\rgb\1305031127.211700.png,data\rgbd_dataset_freiburg1_xyz\depth\1305031127.221831.png,0.010131120681762695,0.0038001537322998047,686,0.013175399999454385,0.003661400000055437,0.005070199998954195,0.008731599999009632,0.0062731999987590825,0.015004799997768714,0.0281801999972231,161640448
744,1305031127.247374,data\rgbd_dataset_freiburg1_xyz\rgb\1305031127.247374.png,data\rgbd_dataset_freiburg1_xyz\depth\1305031127.259761.png,0.01238703727722168,0.0018739700317382812,683,0.013005200000407058,0.003748499999346677,0.004573000000164029,0.008321499999510706,0.00618179999946733,0.014503299998978036,0.027508499999385094,161644544
745,1305031127.279465,data\rgbd_dataset_freiburg1_xyz\rgb\1305031127.279465.png,data\rgbd_dataset_freiburg1_xyz\depth\1305031127.287038.png,0.007573127746582031,0.003964900970458984,689,0.012981199999558157,0.0038146999995660735,0.0047994999986258335,0.008614199998191907,0.008623300000181189,0.017237499998373096,0.030218699997931253,161652736
746,1305031127.311362,data\rgbd_dataset_freiburg1_xyz\rgb\1305031127.311362.png,data\rgbd_dataset_freiburg1_xyz\depth\1305031127.320468.png,0.009105920791625977,0.004137992858886719,661,0.013406000000031781,0.003590000000258442,0.00490180000088003,0.008491800001138472,0.006518599999253638,0.01501040000039211,0.02841640000042389,161656832
747,1305031127.347356,data\rgbd_dataset_freiburg1_xyz\rgb\1305031127.347356.png,data\rgbd_dataset_freiburg1_xyz\depth\1305031127.353407.png,0.006050825119018555,0.0017561912536621094,689,0.013246999998955289,0.003626000001531793,0.004665099999328959,0.008291100000860752,0.006385999999110936,0.014677099999971688,0.027924099998926977,161673216
748,1305031127.379262,data\rgbd_dataset_freiburg1_xyz\rgb\1305031127.379262.png,data\rgbd_dataset_freiburg1_xyz\depth\1305031127.383713.png,0.00445103645324707,0.0037620067596435547,720,0.013034800000241376,0.003839400000288151,0.004502899999351939,0.00834229999964009,0.008657400001538917,0.016999700001179008,0.030034500001420383,161673216
749,1305031127.411371,data\rgbd_dataset_freiburg1_xyz\rgb\1305031127.411371.png,data\rgbd_dataset_freiburg1_xyz\depth\1305031127.419650.png,0.008279085159301758,0.004029035568237305,717,0.013161199998648954,0.0036389999986568,0.005162000001291744,0.008800999999948544,0.006533499999932246,0.01533449999988079,0.028495699998529744,161710080
750,1305031127.447333,data\rgbd_dataset_freiburg1_xyz\rgb\1305031127.447333.png,data\rgbd_dataset_freiburg1_xyz\depth\1305031127.454246.png,0.006912946701049805,0.001833200454711914,700,0.012872199999037548,0.0035998000003019115,0.004971700000169221,0.008571500000471133,0.006545899999764515,0.015117400000235648,0.027989599999273196,161718272
751,1305031127.479362,data\rgbd_dataset_freiburg1_xyz\rgb\1305031127.479362.png,data\rgbd_dataset_freiburg1_xyz\depth\1305031127.487200.png,0.007838010787963867,0.0038619041442871094,706,0.012926700001116842,0.0035921999988204334,0.004693099999713013,0.008285299998533446,0.006117099999755737,0.014402399998289184,0.027329099999406026,161726464
752,1305031127.511356,data\rgbd_dataset_freiburg1_xyz\rgb\1305031127.511356.png,data\rgbd_dataset_freiburg1_xyz\depth\1305031127.521900.png,0.0105438232421875,0.004143953323364258,697,0.013373599998885766,0.003656700000647106,0.005055999999967753,0.00871270000061486,0.008457999998427113,0.017170699999041972,0.030544299997927737,161738752
753,1305031127.547348,data\rgbd_dataset_freiburg1_xyz\rgb\1305031127.547348.png,data\rgbd_dataset_freiburg1_xyz\depth\1305031127.553725.png,0.006376981735229492,0.001847982406616211,711,0.013185499999963213,0.0036254999995435355,0.004734699999971781,0.008360199999515316,0.006559400000696769,0.014919600000212085,0.028105100000175298,161738752
754,1305031127.579345,data\rgbd_dataset_freiburg1_xyz\rgb\1305031127.579345.png,data\rgbd_dataset_freiburg1_xyz\depth\1305031127.586632.png,0.007287025451660156,0.0038449764251708984,704,0.015792899999723886,0.004414099999848986,0.004532400000243797,0.008946500000092783,0.005721600000470062,0.014668100000562845,0.03046100000028673,161742848
755,1305031127.611271,data\rgbd_dataset_freiburg1_xyz\rgb\1305031127.611271.png,data\rgbd_dataset_freiburg1_xyz\depth\1305031127.620657.png,0.009386062622070312,0.004129171371459961,699,0.013133799999195617,0.003638199999841163,0.004838400000153342,0.008476599999994505,0.006152500000098371,0.014629100000092876,0.027762899999288493,161746944
756,1305031127.647358,data\rgbd_dataset_freiburg1_xyz\rgb\1305031127.647358.png,data\rgbd_dataset_freiburg1_xyz\depth\1305031127.654656.png,0.007297992706298828,0.0016579627990722656,687,0.013354599999729544,0.0035681000008480623,0.004591800001435331,0.008159900002283393,0.006957300000067335,0.015117200002350728,0.028471800002080272,161759232
757,1305031127.679298,data\rgbd_dataset_freiburg1_xyz\rgb\1305031127.679298.png,data\rgbd_dataset_freiburg1_xyz\depth\1305031127.687110.png,0.007812023162841797,0.0037980079650878906,708,0.015466099999684957,0.0044418999987101415,0.005078199999843491,0.009520099998553633,0.006151999999929103,0.015672099998482736,0.031138199998167693,161763328
758,1305031127.711375,data\rgbd_dataset_freiburg1_xyz\rgb\1305031127.711375.png,data\rgbd_dataset_freiburg1_xyz\depth\1305031127.723210.png,0.011835098266601562,0.004125118255615234,727,0.012925699998959317,0.003579800000807154,0.004972900000211666,0.00855270000101882,0.006045000000085565,0.014597700001104386,0.027523400000063702,161771520
759,1305031127.747304,data\rgbd_dataset_freiburg1_xyz\rgb\1305031127.747304.png,data\rgbd_dataset_freiburg1_xyz\depth\1305031127.754694.png,0.007390022277832031,0.0018038749694824219,703,0.013571900000897585,0.0036497999990388053,0.0046844999997119885,0.008334299998750794,0.008735800000067684,0.017070099998818478,0.030641999999716063,161796096
760,1305031127.779346,data\rgbd_dataset_freiburg1_xyz\rgb\1305031127.779346.png,data\rgbd_dataset_freiburg1_xyz\depth\1305031127.787641.png,0.008295059204101562,0.0038459300994873047,719,0.013738600000579027,0.003778099999180995,0.004629500001101405,0.0084076000002824,0.011041599998861784,0.019449199999144184,0.03318779999972321,161796096
761,1305031127.811829,data\rgbd_dataset_freiburg1_xyz\rgb\1305031127.811829.png,data\rgbd_dataset_freiburg1_xyz\depth\1305031127.820128.png,0.008298873901367188,0.003670930862426758,734,0.015401700000438723,0.00375259999964328,0.006091700000979472,0.009844300000622752,0.010448699998960365,0.020292999999583117,0.03569470000002184,161808384
762,1305031127.847366,data\rgbd_dataset_freiburg1_xyz\rgb\1305031127.847366.png,data\rgbd_dataset_freiburg1_xyz\depth\1305031127.855132.png,0.007766008377075195,0.001766204833984375,725,0.01398689999950875,0.0038961000009294366,0.005376999999498366,0.009273100000427803,0.006230800001503667,0.01550390000193147,0.02949080000144022,161820672
763,1305031127.87938,data\rgbd_dataset_freiburg1_xyz\rgb\1305031127.879380.png,data\rgbd_dataset_freiburg1_xyz\depth\1305031127.887122.png,0.0077419281005859375,0.003880023956298828,723,0.013591299999461626,0.003566000001228531,0.004741800001283991,0.008307800002512522,0.006415500000002794,0.014723300002515316,0.02831460000197694,161824768
764,1305031127.911476,data\rgbd_dataset_freiburg1_xyz\rgb\1305031127.911476.png,data\rgbd_dataset_freiburg1_xyz\depth\1305031127.922560.png,0.01108407974243164,0.004024028778076172,710,0.013582199999291333,0.003653000001577311,0.005597700001089834,0.009250700002667145,0.006174199999804841,0.015424900002471986,0.02900710000176332,161828864
765,1305031127.947366,data\rgbd_dataset_freiburg1_xyz\rgb\1305031127.947366.png,data\rgbd_dataset_freiburg1_xyz\depth\1305031127.955088.png,0.007721900939941406,0.0018661022186279297,711,0.013030599999183323,0.0037165999983699294,0.005326599999534665,0.009043199997904594,0.006621200000154204,0.015664399998058798,0.02869499999724212,161837056
766,1305031127.979371,data\rgbd_dataset_freiburg1_xyz\rgb\1305031127.979371.png,data\rgbd_dataset_freiburg1_xyz\depth\1305031127.987093.png,0.007721900939941406,0.0038709640502929688,714,0.015585299999656854,0.00444210000023304,0.004550100000415114,0.008992200000648154,0.008412999999563908,0.017405200000212062,0.032990499999868916,158117888
767,1305031128.011427,data\rgbd_dataset_freiburg1_xyz\rgb\1305031128.011427.png,data\rgbd_dataset_freiburg1_xyz\depth\1305031128.021776.png,0.010349035263061523,0.0039730072021484375,683,0.014399300000150106,0.003862999999910244,0.004618200000550132,0.008481200000460376,0.00658579999981157,0.015067000000271946,0.029466300000422052,161243136
768,1305031128.047369,data\rgbd_dataset_freiburg1_xyz\rgb\1305031128.047369.png,data\rgbd_dataset_freiburg1_xyz\depth\1305031128.055718.png,0.008348941802978516,0.0018689632415771484,699,0.013389099998676102,0.003897500000675791,0.004905799998596194,0.008803299999271985,0.009134100000665057,0.017937399999937043,0.031326499998613144,161460224
769,1305031128.079334,data\rgbd_dataset_freiburg1_xyz\rgb\1305031128.079334.png,data\rgbd_dataset_freiburg1_xyz\depth\1305031128.087206.png,0.007871866226196289,0.003734111785888672,698,0.015655900000638212,0.00438170000052196,0.004997800000637653,0.009379500001159613,0.006357799999022973,0.015737300000182586,0.0313932000008208,161472512
770,1305031128.111391,data\rgbd_dataset_freiburg1_xyz\rgb\1305031128.111391.png,data\rgbd_dataset_freiburg1_xyz\depth\1305031128.124746.png,0.013355016708374023,0.004108905792236328,689,0.013576999999713735,0.003880200001731282,0.004899999999906868,0.00878020000163815,0.006210699999428471,0.01499090000106662,0.028567900000780355,161583104
771,1305031128.147418,data\rgbd_dataset_freiburg1_xyz\rgb\1305031128.147418.png,data\rgbd_dataset_freiburg1_xyz\depth\1305031128.157782.png,0.010364055633544922,0.0019180774688720703,692,0.013199499999245745,0.003660499998659361,0.00520910000159347,0.00886960000025283,0.006101599999965401,0.014971200000218232,0.028170699999463977,161587200
772,1305031128.17935,data\rgbd_dataset_freiburg1_xyz\rgb\1305031128.179350.png,data\rgbd_dataset_freiburg1_xyz\depth\1305031128.187221.png,0.007871150970458984,0.0038499832153320312,699,0.013112799999362323,0.0035555000013118843,0.005079700000351295,0.00863520000166318,0.006016399998770794,0.014651600000433973,0.027764399999796296,161628160
773,1305031128.211447,data\rgbd_dataset_freiburg1_xyz\rgb\1305031128.211447.png,data\rgbd_dataset_freiburg1_xyz\depth\1305031128.225442.png,0.013994932174682617,0.0040531158447265625,678,0.01335560000006808,0.0037764000007882714,0.005017399998905603,0.008793799999693874,0.006246699998882832,0.015040499998576706,0.028396099998644786,161689600
774,1305031128.24748,data\rgbd_dataset_freiburg1_xyz\rgb\1305031128.247480.png,data\rgbd_dataset_freiburg1_xyz\depth\1305031128.256007.png,0.008527040481567383,0.001979827880859375,682,0.01302399999985937,0.003792800000155694,0.004754800000227988,0.008547600000383682,0.006144200000562705,0.014691800000946387,0.027715800000805757,161714176
775,1305031128.279336,data\rgbd_dataset_freiburg1_xyz\rgb\1305031128.279336.png,data\rgbd_dataset_freiburg1_xyz\depth\1305031128.291275.png,0.011939048767089844,0.003835916519165039,679,0.013343900000108988,0.0037861999990127515,0.005305300001055002,0.009091500000067754,0.006263000001126784,0.015354500001194538,0.028698400001303526,161722368
776,1305031128.311483,data\rgbd_dataset_freiburg1_xyz\rgb\1305031128.311483.png,data\rgbd_dataset_freiburg1_xyz\depth\1305031128.324170.png,0.012687206268310547,0.0040171146392822266,676,0.06099229999927047,0.0036110000000917353,0.0050723000003927154,0.00868330000048445,0.006392499999492429,0.01507579999997688,0.07606809999924735,161722368
777,1305031128.347423,data\rgbd_dataset_freiburg1_xyz\rgb\1305031128.347423.png,data\rgbd_dataset_freiburg1_xyz\depth\1305031128.355206.png,0.007782936096191406,0.0019230842590332031,670,0.013099599998895428,0.0036022999993292615,0.0045976999990671175,0.008199999998396379,0.00851170000169077,0.01671170000008715,0.029811299998982577,161746944
778,1305031128.379404,data\rgbd_dataset_freiburg1_xyz\rgb\1305031128.379404.png,data\rgbd_dataset_freiburg1_xyz\depth\1305031128.391397.png,0.011992931365966797,0.003904104232788086,680,0.013349799999559764,0.0035451000003376976,0.0048397999998996966,0.008384900000237394,0.005960999998933403,0.014345899999170797,0.02769569999873056,161755136
779,1305031128.411337,data\rgbd_dataset_freiburg1_xyz\rgb\1305031128.411337.png,data\rgbd_dataset_freiburg1_xyz\depth\1305031128.423609.png,0.012272119522094727,0.004063129425048828,688,0.013225299999248818,0.003593100000216509,0.0048606999989715405,0.00845379999918805,0.006650899998930981,0.015104699998119031,0.02832999999736785,161755136
780,1305031128.447296,data\rgbd_dataset_freiburg1_xyz\rgb\1305031128.447296.png,data\rgbd_dataset_freiburg1_xyz\depth\1305031128.455499.png,0.00820302963256836,0.001895904541015625,655,0.013085999999020714,0.003563499998563202,0.004590400001688977,0.008153900000252179,0.00880210000104853,0.01695600000130071,0.030042000000321423,161759232
781,1305031128.479296,data\rgbd_dataset_freiburg1_xyz\rgb\1305031128.479296.png,data\rgbd_dataset_freiburg1_xyz\depth\1305031128.489523.png,0.010226964950561523,0.0037958621978759766,672,0.013170300000638235,0.0038504999993165256,0.004991699999663979,0.008842199998980504,0.00880700000016077,0.017649199999141274,0.03081949999977951,161763328
782,1305031128.511433,data\rgbd_dataset_freiburg1_xyz\rgb\1305031128.511433.png,data\rgbd_dataset_freiburg1_xyz\depth\1305031128.523604.png,0.012171030044555664,0.004167079925537109,670,0.013112799999362323,0.0036254999995435355,0.0051709000017581275,0.008796400001301663,0.006209099999978207,0.01500550000127987,0.028118300000642193,161792000
783,1305031128.547399,data\rgbd_dataset_freiburg1_xyz\rgb\1305031128.547399.png,data\rgbd_dataset_freiburg1_xyz\depth\1305031128.555639.png,0.008239984512329102,0.0018990039825439453,679,0.012870399999883375,0.0036866000009467825,0.004944700000123703,0.008631300001070485,0.00648900000123831,0.015120300002308795,0.02799070000219217,161800192
784,1305031128.579455,data\rgbd_dataset_freiburg1_xyz\rgb\1305031128.579455.png,data\rgbd_dataset_freiburg1_xyz\depth\1305031128.591460.png,0.012005090713500977,0.003954887390136719,665,0.01306509999994887,0.0037730000003648456,0.004914399998597219,0.008687399998962064,0.008979499998531537,0.0176668999974936,0.030731999997442472,161804288
785,1305031128.611395,data\rgbd_dataset_freiburg1_xyz\rgb\1305031128.611395.png,data\rgbd_dataset_freiburg1_xyz\depth\1305031128.623368.png,0.011973142623901367,0.004105091094970703,684,0.014336000000184868,0.003674799998407252,0.004956999999194522,0.008631799997601775,0.005965599999399274,0.014597399997001048,0.028933399997185916,161812480
786,1305031128.647352,data\rgbd_dataset_freiburg1_xyz\rgb\1305031128.647352.png,data\rgbd_dataset_freiburg1_xyz\depth\1305031128.655554.png,0.008202075958251953,0.0018520355224609375,689,0.01343540000016219,0.003745100000742241,0.004853899999943678,0.008599000000685919,0.006071199999496457,0.014670200000182376,0.028105600000344566,161812480
787,1305031128.679282,data\rgbd_dataset_freiburg1_xyz\rgb\1305031128.679282.png,data\rgbd_dataset_freiburg1_xyz\depth\1305031128.690449.png,0.011167049407958984,0.003782033920288086,676,0.015502999998716405,0.0044875000003230525,0.005494999999427819,0.009982499999750871,0.005992599999444792,0.015975099999195663,0.03147809999791207,161812480
788,1305031128.711457,data\rgbd_dataset_freiburg1_xyz\rgb\1305031128.711457.png,data\rgbd_dataset_freiburg1_xyz\depth\1305031128.722976.png,0.01151895523071289,0.004043102264404297,680,0.013522799999918789,0.00390019999940705,0.004878399999142857,0.008778599998549907,0.0062984000014694175,0.015077000000019325,0.028599799999938114,161812480
789,1305031128.747363,data\rgbd_dataset_freiburg1_xyz\rgb\1305031128.747363.png,data\rgbd_dataset_freiburg1_xyz\depth\1305031128.754646.png,0.00728297233581543,0.0018630027770996094,697,0.012820099998862133,0.0036397000003489666,0.004844799999773386,0.008484500000122353,0.00605609999911394,0.014540599999236292,0.027360699998098426,161812480
