frame_index,rgb_timestamp,rgb_path,depth_path,rgb_depth_offset_s,rgb_ground_truth_offset_s,point_count,rgbd_read_runtime_s,base_preprocessing_runtime_s,normal_estimation_runtime_s,preprocessing_runtime_s,registration_runtime_s,compute_runtime_s,input_to_pose_runtime_s,process_rss_bytes_after_frame
0,1305031102.175304,data\rgbd_dataset_freiburg1_xyz\rgb\1305031102.175304.png,data\rgbd_dataset_freiburg1_xyz\depth\1305031102.160407.png,0.014896869659423828,,1286,0.009894200000417186,0.0022364999986166367,0.009221500000421656,0.011457999999038293,0.0,0.011457999999038293,0.02135219999945548,147009536
1,1305031102.211214,data\rgbd_dataset_freiburg1_xyz\rgb\1305031102.211214.png,data\rgbd_dataset_freiburg1_xyz\depth\1305031102.226738.png,0.015523910522460938,,1294,0.016488200000821962,0.0033300000013696263,0.010363600000346196,0.013693600001715822,0.010947599999781232,0.024641200001497054,0.041129400002319016,147771392
2,1305031102.275326,data\rgbd_dataset_freiburg1_xyz\rgb\1305031102.275326.png,data\rgbd_dataset_freiburg1_xyz\depth\1305031102.262886.png,0.012439966201782227,,1181,0.010308900000381982,0.003199700000550365,0.004761499998494401,0.007961199999044766,0.007162400001107017,0.015123600000151782,0.025432500000533764,147996672
3,1305031102.311267,data\rgbd_dataset_freiburg1_xyz\rgb\1305031102.311267.png,data\rgbd_dataset_freiburg1_xyz\depth\1305031102.295279.png,0.015987873077392578,,1158,0.01352729999962321,0.0037000999982410576,0.005780499999673339,0.009480599997914396,0.008438099999693804,0.0179186999976082,0.03144599999723141,148717568
4,1305031102.343233,data\rgbd_dataset_freiburg1_xyz\rgb\1305031102.343233.png,data\rgbd_dataset_freiburg1_xyz\depth\1305031102.329195.png,0.0140380859375,,1047,0.014300200000434415,0.0036344000000099186,0.004889300000286312,0.00852370000029623,0.0074194000007992145,0.015943100001095445,0.03024330000152986,149319680
5,1305031102.375329,data\rgbd_dataset_freiburg1_xyz\rgb\1305031102.375329.png,data\rgbd_dataset_freiburg1_xyz\depth\1305031102.363013.png,0.012315988540649414,,1067,0.014198499999110936,0.003679299999930663,0.004651299999750336,0.008330599999680999,0.00699949999943783,0.01533009999911883,0.029528599998229765,149393408
6,1305031102.411258,data\rgbd_dataset_freiburg1_xyz\rgb\1305031102.411258.png,data\rgbd_dataset_freiburg1_xyz\depth\1305031102.394772.png,0.016485929489135742,,1031,0.014351600000736653,0.003833300001133466,0.004540100000667735,0.008373400001801201,0.007082799998897826,0.015456200000699027,0.02980780000143568,149413888
7,1305031102.443271,data\rgbd_dataset_freiburg1_xyz\rgb\1305031102.443271.png,data\rgbd_dataset_freiburg1_xyz\depth\1305031102.427815.png,0.015455961227416992,,1005,0.014399499999854015,0.003678099999888218,0.004415299999891431,0.008093399999779649,0.006911000000400236,0.015004400000179885,0.0294039000000339,149495808
8,1305031102.475318,data\rgbd_dataset_freiburg1_xyz\rgb\1305031102.475318.png,data\rgbd_dataset_freiburg1_xyz\depth\1305031102.462395.png,0.012923002243041992,,1017,0.014348799999424955,0.0037711999993916834,0.0044952999996894505,0.008266499999081134,0.007409199999528937,0.01567569999861007,0.030024499998035026,149504000
9,1305031102.511219,data\rgbd_dataset_freiburg1_xyz\rgb\1305031102.511219.png,data\rgbd_dataset_freiburg1_xyz\depth\1305031102.526330.png,0.015110969543457031,,930,0.014066300000195042,0.003869299998768838,0.004317700000683544,0.008186999999452382,0.0068644000002677785,0.01505139999972016,0.029117699999915203,149508096
10,1305031102.575286,data\rgbd_dataset_freiburg1_xyz\rgb\1305031102.575286.png,data\rgbd_dataset_freiburg1_xyz\depth\1305031102.562224.png,0.013062000274658203,,883,0.01557419999880949,0.003719700000146986,0.0041543999996065395,0.007874099999753525,0.006747100000211503,0.014621199999965029,0.03019539999877452,149520384
11,1305031102.611233,data\rgbd_dataset_freiburg1_xyz\rgb\1305031102.611233.png,data\rgbd_dataset_freiburg1_xyz\depth\1305031102.626818.png,0.015584945678710938,,842,0.014184699999532313,0.0037897000001976267,0.004252599999745144,0.00804229999994277,0.010796300000947667,0.018838600000890438,0.03302330000042275,149520384
12,1305031102.675285,data\rgbd_dataset_freiburg1_xyz\rgb\1305031102.675285.png,data\rgbd_dataset_freiburg1_xyz\depth\1305031102.663273.png,0.012012004852294922,,794,0.014060999999855994,0.0037319000002753455,0.004667900000640657,0.008399800000916002,0.006789299999581999,0.015189100000498001,0.029250100000353996,149528576
13,1305031102.711263,data\rgbd_dataset_freiburg1_xyz\rgb\1305031102.711263.png,data\rgbd_dataset_freiburg1_xyz\depth\1305031102.695165.png,0.0160980224609375,,779,0.014077699999688775,0.003585200000088662,0.004453100000318955,0.008038300000407617,0.006427000000257976,0.014465300000665593,0.028543000000354368,149536768
14,1305031102.743234,data\rgbd_dataset_freiburg1_xyz\rgb\1305031102.743234.png,data\rgbd_dataset_freiburg1_xyz\depth\1305031102.728423.png,0.014810800552368164,,747,0.014198099999703118,0.0036380000001372537,0.004139200000281562,0.007777200000418816,0.006205600000612321,0.013982800001031137,0.028180900000734255,149688320
15,1305031102.775472,data\rgbd_dataset_freiburg1_xyz\rgb\1305031102.775472.png,data\rgbd_dataset_freiburg1_xyz\depth\1305031102.763549.png,0.011922836303710938,,791,0.014021899998624576,0.00381559999914316,0.004228099998726975,0.008043699997870135,0.005950300001131836,0.013993999999001971,0.028015899997626548,149700608
16,1305031102.811232,data\rgbd_dataset_freiburg1_xyz\rgb\1305031102.811232.png,data\rgbd_dataset_freiburg1_xyz\depth\1305031102.794978.png,0.016254186630249023,,765,0.013864799999282695,0.0036731999989569886,0.0044565999996848404,0.008129799998641829,0.006160900000395486,0.014290699999037315,0.02815549999832001,149700608
17,1305031102.84329,data\rgbd_dataset_freiburg1_xyz\rgb\1305031102.843290.png,data\rgbd_dataset_freiburg1_xyz\depth\1305031102.828537.png,0.014753103256225586,,698,0.013845700001184014,0.003790500000832253,0.004405300000144052,0.008195800000976305,0.0066960999993170844,0.01489190000029339,0.028737600001477404,149786624
18,1305031102.875363,data\rgbd_dataset_freiburg1_xyz\rgb\1305031102.875363.png,data\rgbd_dataset_freiburg1_xyz\depth\1305031102.862808.png,0.012555122375488281,,718,0.016664000000673695,0.0047113999989960575,0.00452190000032715,0.009233299999323208,0.006168599999000435,0.015401899998323643,0.03206589999899734,149790720
19,1305031102.911185,data\rgbd_dataset_freiburg1_xyz\rgb\1305031102.911185.png,data\rgbd_dataset_freiburg1_xyz\depth\1305031102.926851.png,0.01566600799560547,,679,0.014102099999945494,0.0037205000007816125,0.003963300001487369,0.007683800002268981,0.00642139999945357,0.014105200001722551,0.028207300001668045,149807104
20,1305031102.975203,data\rgbd_dataset_freiburg1_xyz\rgb\1305031102.975203.png,data\rgbd_dataset_freiburg1_xyz\depth\1305031102.962137.png,0.01306605339050293,,649,0.013845199999195756,0.00349850000020524,0.004264999999577412,0.007763499999782653,0.005962200000794837,0.01372570000057749,0.027570899999773246,149819392
21,1305031103.011215,data\rgbd_dataset_freiburg1_xyz\rgb\1305031103.011215.png,data\rgbd_dataset_freiburg1_xyz\depth\1305031102.994164.png,0.017050981521606445,,671,0.014204299999619252,0.003730399999767542,0.004329200000938727,0.008059600000706268,0.00640180000118562,0.014461400001891889,0.02866570000151114,149835776
22,1305031103.043227,data\rgbd_dataset_freiburg1_xyz\rgb\1305031103.043227.png,data\rgbd_dataset_freiburg1_xyz\depth\1305031103.027881.png,0.015346050262451172,,653,0.01358769999933429,0.0036223999995854683,0.004139099999520113,0.007761499999105581,0.005839699999341974,0.013601199998447555,0.027188899997781846,149839872
23,1305031103.075319,data\rgbd_dataset_freiburg1_xyz\rgb\1305031103.075319.png,data\rgbd_dataset_freiburg1_xyz\depth\1305031103.062273.png,0.013046026229858398,,632,0.013668300000063027,0.003476300000329502,0.003997300000264659,0.0074736000005941605,0.005704999999579741,0.013178600000173901,0.02684690000023693,149843968
24,1305031103.11124,data\rgbd_dataset_freiburg1_xyz\rgb\1305031103.111240.png,data\rgbd_dataset_freiburg1_xyz\depth\1305031103.094040.png,0.017199993133544922,,623,0.013670400001501548,0.0035654000002978137,0.004204099999697064,0.007769499999994878,0.005569099999775062,0.01333859999976994,0.027009000001271488,149848064
25,1305031103.143318,data\rgbd_dataset_freiburg1_xyz\rgb\1305031103.143318.png,data\rgbd_dataset_freiburg1_xyz\depth\1305031103.129109.png,0.01420903205871582,,623,0.013585699998657219,0.003559500000847038,0.004651299999750336,0.008210800000597374,0.005531500000870437,0.013742300001467811,0.02732800000012503,149860352
26,1305031103.175452,data\rgbd_dataset_freiburg1_xyz\rgb\1305031103.175452.png,data\rgbd_dataset_freiburg1_xyz\depth\1305031103.162795.png,0.012656927108764648,,594,0.013467100001435028,0.0035872999997081934,0.003792999999859603,0.0073802999995677965,0.005686200000127428,0.013066499999695225,0.026533600001130253,149868544
27,1305031103.243216,data\rgbd_dataset_freiburg1_xyz\rgb\1305031103.243216.png,data\rgbd_dataset_freiburg1_xyz\depth\1305031103.227845.png,0.015371084213256836,,581,0.013349299999390496,0.003620999999839114,0.003999500000645639,0.007620500000484753,0.005999099999826285,0.013619600000311038,0.026968899999701534,149868544
28,1305031103.27537,data\rgbd_dataset_freiburg1_xyz\rgb\1305031103.275370.png,data\rgbd_dataset_freiburg1_xyz\depth\1305031103.262576.png,0.012793779373168945,,545,0.01397230000111449,0.003603899998779525,0.003795100001298124,0.007399000000077649,0.0059179999989282805,0.01331699999900593,0.02728930000012042,149880832
29,1305031103.31121,data\rgbd_dataset_freiburg1_xyz\rgb\1305031103.311210.png,data\rgbd_dataset_freiburg1_xyz\depth\1305031103.294208.png,0.017001867294311523,,532,0.01578990000052727,0.00453410000045551,0.004269099999874015,0.008803200000329525,0.005454599999211496,0.014257799999541021,0.03004770000006829,149962752
30,1305031103.343223,data\rgbd_dataset_freiburg1_xyz\rgb\1305031103.343223.png,data\rgbd_dataset_freiburg1_xyz\depth\1305031103.327550.png,0.015673160552978516,,531,0.013492500000211294,0.0036552999990817625,0.003959699999541044,0.007614999998622807,0.00640670000029786,0.014021699998920667,0.02751419999913196,149979136
31,1305031103.375327,data\rgbd_dataset_freiburg1_xyz\rgb\1305031103.375327.png,data\rgbd_dataset_freiburg1_xyz\depth\1305031103.362405.png,0.012922048568725586,,511,0.014568900000085705,0.0036390999994182494,0.0038226999986363808,0.00746179999805463,0.0055591000000276836,0.013020899998082314,0.02758979999816802,149983232
32,1305031103.41126,data\rgbd_dataset_freiburg1_xyz\rgb\1305031103.411260.png,data\rgbd_dataset_freiburg1_xyz\depth\1305031103.394162.png,0.017097949981689453,,503,0.013317599999936647,0.0036350999998830957,0.003999500000645639,0.007634600000528735,0.005342999998902087,0.012977599999430822,0.02629519999936747,149995520
33,1305031103.44328,data\rgbd_dataset_freiburg1_xyz\rgb\1305031103.443280.png,data\rgbd_dataset_freiburg1_xyz\depth\1305031103.428437.png,0.014842987060546875,,502,0.013796299999739858,0.0035819000004266854,0.004054200000609853,0.007636100001036539,0.005468899998959387,0.013104999999995925,0.026901299999735784,149999616
34,1305031103.475274,data\rgbd_dataset_freiburg1_xyz\rgb\1305031103.475274.png,data\rgbd_dataset_freiburg1_xyz\depth\1305031103.463886.png,0.011388063430786133,,519,0.013478299999405863,0.0035172000007150928,0.003910400000677328,0.00742760000139242,0.005459199999677367,0.012886800001069787,0.02636510000047565,150011904
35,1305031103.511333,data\rgbd_dataset_freiburg1_xyz\rgb\1305031103.511333.png,data\rgbd_dataset_freiburg1_xyz\depth\1305031103.494472.png,0.0168609619140625,,525,0.014171699998769327,0.0036046000004716916,0.004051100000651786,0.007655700001123478,0.005456299999423209,0.013112000000546686,0.027283699999316013,150020096
36,1305031103.543444,data\rgbd_dataset_freiburg1_xyz\rgb\1305031103.543444.png,data\rgbd_dataset_freiburg1_xyz\depth\1305031103.531502.png,0.011941909790039062,,536,0.013683099999980186,0.003598200000851648,0.004159399999480229,0.007757600000331877,0.0055738000010023825,0.01333140000133426,0.027014500001314445,150024192
37,1305031103.575474,data\rgbd_dataset_freiburg1_xyz\rgb\1305031103.575474.png,data\rgbd_dataset_freiburg1_xyz\depth\1305031103.562651.png,0.012823104858398438,,544,0.013582600000518141,0.0036169000013615005,0.003968199998780619,0.00758510000014212,0.0054364000006899005,0.01302150000083202,0.02660410000135016,150028288
38,1305031103.611223,data\rgbd_dataset_freiburg1_xyz\rgb\1305031103.611223.png,data\rgbd_dataset_freiburg1_xyz\depth\1305031103.595310.png,0.015913009643554688,,570,0.013102599999911035,0.0037199000016698847,0.003959199999371776,0.007679100001041661,0.005513000000064494,0.013192100001106155,0.02629470000101719,150032384
39,1305031103.643445,data\rgbd_dataset_freiburg1_xyz\rgb\1305031103.643445.png,data\rgbd_dataset_freiburg1_xyz\depth\1305031103.631376.png,0.012068986892700195,,615,0.013300200000230689,0.003723300000274321,0.004188000000795,0.007911300001069321,0.005802600000606617,0.013713900001675938,0.027014100001906627,150032384
40,1305031103.675523,data\rgbd_dataset_freiburg1_xyz\rgb\1305031103.675523.png,data\rgbd_dataset_freiburg1_xyz\depth\1305031103.663594.png,0.011929035186767578,,644,0.013258400000268011,0.0036467000008997275,0.0040365999993809965,0.007683300000280724,0.006254199999602861,0.013937499999883585,0.027195900000151596,150036480
41,1305031103.71161,data\rgbd_dataset_freiburg1_xyz\rgb\1305031103.711610.png,data\rgbd_dataset_freiburg1_xyz\depth\1305031103.694695.png,0.016915082931518555,,662,0.013840800000252784,0.0036277999988669762,0.004006200000731042,0.007633999999598018,0.006166200000734534,0.013800200000332552,0.027641000000585336,150044672
42,1305031103.743326,data\rgbd_dataset_freiburg1_xyz\rgb\1305031103.743326.png,data\rgbd_dataset_freiburg1_xyz\depth\1305031103.731542.png,0.011783838272094727,,679,0.013354599999729544,0.003665099999125232,0.003944000000046799,0.007609099999172031,0.006013300000631716,0.013622399999803747,0.02697699999953329,150048768
43,1305031103.775342,data\rgbd_dataset_freiburg1_xyz\rgb\1305031103.775342.png,data\rgbd_dataset_freiburg1_xyz\depth\1305031103.762865.png,0.012476921081542969,,734,0.013438600000881706,0.003667300001325202,0.004065200000695768,0.00773250000202097,0.0057976999996753875,0.013530200001696358,0.026968800002578064,150061056
44,1305031103.811242,data\rgbd_dataset_freiburg1_xyz\rgb\1305031103.811242.png,data\rgbd_dataset_freiburg1_xyz\depth\1305031103.794329.png,0.016913175582885742,,727,0.013709700000617886,0.0036693000001832843,0.0040300000000570435,0.007699300000240328,0.005600599999525002,0.01329989999976533,0.027009600000383216,150061056
45,1305031103.843251,data\rgbd_dataset_freiburg1_xyz\rgb\1305031103.843251.png,data\rgbd_dataset_freiburg1_xyz\depth\1305031103.830367.png,0.012883901596069336,,742,0.013403400000242982,0.0035969000000477536,0.003954300000259536,0.00755120000030729,0.0058030000000144355,0.013354200000321725,0.026757600000564707,150065152
46,1305031103.875361,data\rgbd_dataset_freiburg1_xyz\rgb\1305031103.875361.png,data\rgbd_dataset_freiburg1_xyz\depth\1305031103.862379.png,0.012981891632080078,,760,0.013879099999030586,0.0036576999991666526,0.004014899999674526,0.007672599998841179,0.005680799999026931,0.01335339999786811,0.027232499996898696,150077440
47,1305031103.911221,data\rgbd_dataset_freiburg1_xyz\rgb\1305031103.911221.png,data\rgbd_dataset_freiburg1_xyz\depth\1305031103.894237.png,0.016983985900878906,,774,0.013368599999012076,0.0035705999998754123,0.0042424000002938556,0.007813000000169268,0.005929099999775644,0.013742099999944912,0.02711069999895699,150085632
48,1305031103.943211,data\rgbd_dataset_freiburg1_xyz\rgb\1305031103.943211.png,data\rgbd_dataset_freiburg1_xyz\depth\1305031103.930503.png,0.012708187103271484,,818,0.013746100001299055,0.0036290999996708706,0.004093400000783731,0.007722500000454602,0.006072000000131084,0.013794500000585685,0.02754060000188474,150089728
49,1305031103.975373,data\rgbd_dataset_freiburg1_xyz\rgb\1305031103.975373.png,data\rgbd_dataset_freiburg1_xyz\depth\1305031103.962461.png,0.01291203498840332,,853,0.013414899998679175,0.00356399999873247,0.004324300000007497,0.007888299998739967,0.006722199999785516,0.014610499998525484,0.02802539999720466,150102016
50,1305031104.011232,data\rgbd_dataset_freiburg1_xyz\rgb\1305031104.011232.png,data\rgbd_dataset_freiburg1_xyz\depth\1305031103.994365.png,0.01686692237854004,,921,0.013354600001548533,0.003627500000220607,0.00440820000039821,0.008035700000618817,0.005863800000952324,0.013899500001571141,0.027254100003119675,150102016
51,1305031104.043249,data\rgbd_dataset_freiburg1_xyz\rgb\1305031104.043249.png,data\rgbd_dataset_freiburg1_xyz\depth\1305031104.030279.png,0.012969970703125,,913,0.013515900000129477,0.0036513000013655983,0.004390199999761535,0.008041500001127133,0.006769999999960419,0.014811500001087552,0.02832740000121703,150102016
52,1305031104.075425,data\rgbd_dataset_freiburg1_xyz\rgb\1305031104.075425.png,data\rgbd_dataset_freiburg1_xyz\depth\1305031104.062542.png,0.01288294792175293,,981,0.014365099999849917,0.0036366000003908994,0.004328299999542651,0.00796489999993355,0.009635899999921094,0.017600799999854644,0.03196589999970456,150728704
53,1305031104.111235,data\rgbd_dataset_freiburg1_xyz\rgb\1305031104.111235.png,data\rgbd_dataset_freiburg1_xyz\depth\1305031104.095305.png,0.0159299373626709,,990,0.013380599999436527,0.003597099999751663,0.004355700000814977,0.00795280000056664,0.006412799999452545,0.014365600000019185,0.027746199999455712,150736896
54,1305031104.14323,data\rgbd_dataset_freiburg1_xyz\rgb\1305031104.143230.png,data\rgbd_dataset_freiburg1_xyz\depth\1305031104.131292.png,0.011937856674194336,,1020,0.013521700000637793,0.003592499999285792,0.004537800001344294,0.008130300000630086,0.006796800000302028,0.014927100000932114,0.028448800001569907,150736896
55,1305031104.175424,data\rgbd_dataset_freiburg1_xyz\rgb\1305031104.175424.png,data\rgbd_dataset_freiburg1_xyz\depth\1305031104.163440.png,0.011984109878540039,,1053,0.013625800000227173,0.0036380999990797136,0.00421239999923273,0.007850499998312443,0.007252400000652415,0.015102899998964858,0.02872869999919203,150745088
56,1305031104.211283,data\rgbd_dataset_freiburg1_xyz\rgb\1305031104.211283.png,data\rgbd_dataset_freiburg1_xyz\depth\1305031104.194053.png,0.01723003387451172,,1026,0.013638899999932619,0.003581700000722776,0.004587800000081188,0.008169500000803964,0.00659069999892381,0.014760199999727774,0.028399099999660393,150757376
57,1305031104.243196,data\rgbd_dataset_freiburg1_xyz\rgb\1305031104.243196.png,data\rgbd_dataset_freiburg1_xyz\depth\1305031104.227247.png,0.015949010848999023,,1104,0.013384100000621402,0.0036431000007723924,0.0042453000005480135,0.007888400001320406,0.0071559999996679835,0.01504440000098839,0.02842850000160979,150765568
58,1305031104.275546,data\rgbd_dataset_freiburg1_xyz\rgb\1305031104.275546.png,data\rgbd_dataset_freiburg1_xyz\depth\1305031104.263335.png,0.012211084365844727,,1131,0.013830100000632228,0.0036712999990413664,0.0045470999993995065,0.008218399998440873,0.007076300000335323,0.015294699998776196,0.029124799999408424,150777856
59,1305031104.311219,data\rgbd_dataset_freiburg1_xyz\rgb\1305031104.311219.png,data\rgbd_dataset_freiburg1_xyz\depth\1305031104.294957.png,0.016262054443359375,,1159,0.013501199999154778,0.0036359000005177222,0.004409099999975297,0.008045000000493019,0.00769159999981639,0.01573660000030941,0.029237799999464187,150786048
60,1305031104.343342,data\rgbd_dataset_freiburg1_xyz\rgb\1305031104.343342.png,data\rgbd_dataset_freiburg1_xyz\depth\1305031104.331403.png,0.011939048767089844,,1205,0.013521499999114894,0.0034626999986357987,0.004471399999601999,0.007934099998237798,0.007471599999917089,0.015405699998154887,0.02892719999726978,150790144
61,1305031104.375837,data\rgbd_dataset_freiburg1_xyz\rgb\1305031104.375837.png,data\rgbd_dataset_freiburg1_xyz\depth\1305031104.363345.png,0.012492179870605469,,1215,0.013596599999800674,0.0036438999995880295,0.004520399999819347,0.008164299999407376,0.007112899998901412,0.015277199998308788,0.028873799998109462,150798336
62,1305031104.411509,data\rgbd_dataset_freiburg1_xyz\rgb\1305031104.411509.png,data\rgbd_dataset_freiburg1_xyz\depth\1305031104.395019.png,0.01648998260498047,,1216,0.013552399999753106,0.003485900000669062,0.004447299999810639,0.007933200000479701,0.007175299999289564,0.015108499999769265,0.02866089999952237,150802432
63,1305031104.443288,data\rgbd_dataset_freiburg1_xyz\rgb\1305031104.443288.png,data\rgbd_dataset_freiburg1_xyz\depth\1305031104.431435.png,0.01185297966003418,,1255,0.013448599998810096,0.0035877999998774612,0.0056459999996150145,0.009233799999492476,0.0075077000001329,0.016741499999625375,0.03019009999843547,150818816
64,1305031104.475456,data\rgbd_dataset_freiburg1_xyz\rgb\1305031104.475456.png,data\rgbd_dataset_freiburg1_xyz\depth\1305031104.463413.png,0.012042999267578125,,1233,0.01662209999994957,0.0036933999999746447,0.005321900000126334,0.009015300000100979,0.007725199999185861,0.01674049999928684,0.03336259999923641,150822912
65,1305031104.511329,data\rgbd_dataset_freiburg1_xyz\rgb\1305031104.511329.png,data\rgbd_dataset_freiburg1_xyz\depth\1305031104.495673.png,0.015655994415283203,,1245,0.01617449999866949,0.004334899998866604,0.005273400000078254,0.009608299998944858,0.006992700000409968,0.016600999999354826,0.032775499998024316,151449600
66,1305031104.543368,data\rgbd_dataset_freiburg1_xyz\rgb\1305031104.543368.png,data\rgbd_dataset_freiburg1_xyz\depth\1305031104.531450.png,0.011918067932128906,,1315,0.013397900000200025,0.003696400000990252,0.005242899998847861,0.008939299999838113,0.007931600001029437,0.01687090000086755,0.030268800001067575,153051136
67,1305031104.575343,data\rgbd_dataset_freiburg1_xyz\rgb\1305031104.575343.png,data\rgbd_dataset_freiburg1_xyz\depth\1305031104.563149.png,0.012193918228149414,,1399,0.013289700000314042,0.0036660999994637677,0.005049999999755528,0.008716099999219296,0.00785589999941294,0.016571999998632236,0.02986169999894628,153051136
68,1305031104.611336,data\rgbd_dataset_freiburg1_xyz\rgb\1305031104.611336.png,data\rgbd_dataset_freiburg1_xyz\depth\1305031104.595033.png,0.016303062438964844,,1447,0.013102200000503217,0.003645300001153373,0.006222699999852921,0.009868000001006294,0.008227300000726245,0.01809530000173254,0.031197500002235756,153055232
69,1305031104.643243,data\rgbd_dataset_freiburg1_xyz\rgb\1305031104.643243.png,data\rgbd_dataset_freiburg1_xyz\depth\1305031104.631368.png,0.011875152587890625,,1565,0.015301100000215229,0.0038785999986430397,0.005559200000789133,0.009437799999432173,0.010818799999469775,0.020256599998901947,0.035557699999117176,153075712
70,1305031104.675525,data\rgbd_dataset_freiburg1_xyz\rgb\1305031104.675525.png,data\rgbd_dataset_freiburg1_xyz\depth\1305031104.659863.png,0.015661954879760742,,1622,0.0157772999991721,0.0037843000009161187,0.005369599999539787,0.009153900000455906,0.008823599999232101,0.017977499999688007,0.03375479999886011,153088000
71,1305031104.711277,data\rgbd_dataset_freiburg1_xyz\rgb\1305031104.711277.png,data\rgbd_dataset_freiburg1_xyz\depth\1305031104.695185.png,0.01609206199645996,,1683,0.013490200000887853,0.0037391000005300157,0.006202000000484986,0.009941100001015002,0.008580699999583885,0.018521800000598887,0.03201200000148674,153088000
72,1305031104.74328,data\rgbd_dataset_freiburg1_xyz\rgb\1305031104.743280.png,data\rgbd_dataset_freiburg1_xyz\depth\1305031104.730936.png,0.012343883514404297,,1781,0.013292000001456472,0.0037217000008240575,0.005931100000452716,0.009652800001276773,0.00966560000051686,0.019318400001793634,0.032610400003250106,153092096
73,1305031104.775327,data\rgbd_dataset_freiburg1_xyz\rgb\1305031104.775327.png,data\rgbd_dataset_freiburg1_xyz\depth\1305031104.763178.png,0.012148857116699219,,1870,0.013794900001812493,0.0036225000003469177,0.005643399999826215,0.009265900000173133,0.009822099998928024,0.019087999999101157,0.03288290000091365,153104384
74,1305031104.811465,data\rgbd_dataset_freiburg1_xyz\rgb\1305031104.811465.png,data\rgbd_dataset_freiburg1_xyz\depth\1305031104.799499.png,0.01196599006652832,,1952,0.014432699999815668,0.003695800000059535,0.005593200001385412,0.009289000001444947,0.01067239999974845,0.019961400001193397,0.034394100001009065,153108480
75,1305031104.843258,data\rgbd_dataset_freiburg1_xyz\rgb\1305031104.843258.png,data\rgbd_dataset_freiburg1_xyz\depth\1305031104.830961.png,0.012296915054321289,,1990,0.013344400000278256,0.0036075999996683095,0.00571239999953832,0.00931999999920663,0.009591599999112077,0.018911599998318707,0.03225599999859696,152236032
76,1305031104.87535,data\rgbd_dataset_freiburg1_xyz\rgb\1305031104.875350.png,data\rgbd_dataset_freiburg1_xyz\depth\1305031104.863256.png,0.01209402084350586,,2111,0.013653500000145868,0.0037984999999025604,0.0059979999987263,0.00979649999862886,0.00954720000117959,0.01934369999980845,0.03299719999995432,152244224
77,1305031104.911534,data\rgbd_dataset_freiburg1_xyz\rgb\1305031104.911534.png,data\rgbd_dataset_freiburg1_xyz\depth\1305031104.899165.png,0.012369155883789062,,2097,0.01549180000074557,0.0035397999999986496,0.006224100001418265,0.009763900001416914,0.011714100000972394,0.021478000002389308,0.03696980000313488,150355968
78,1305031104.943262,data\rgbd_dataset_freiburg1_xyz\rgb\1305031104.943262.png,data\rgbd_dataset_freiburg1_xyz\depth\1305031104.931091.png,0.012171030044555664,,2067,0.014094000000113738,0.0036129000000073574,0.005954500000370899,0.009567400000378257,0.008806100000583683,0.01837350000096194,0.03246750000107568,152907776
79,1305031104.975202,data\rgbd_dataset_freiburg1_xyz\rgb\1305031104.975202.png,data\rgbd_dataset_freiburg1_xyz\depth\1305031104.959750.png,0.015452146530151367,,2051,0.013680099998964579,0.00360490000093705,0.006374099999447935,0.009979000000384985,0.009126999999352847,0.019105999999737833,0.03278609999870241,152948736
80,1305031105.01129,data\rgbd_dataset_freiburg1_xyz\rgb\1305031105.011290.png,data\rgbd_dataset_freiburg1_xyz\depth\1305031104.998342.png,0.012948036193847656,,2077,0.015073099999426631,0.003754100000151084,0.00567859999864595,0.009432699998797034,0.00856480000038573,0.017997499999182764,0.033070599998609396,152948736
81,1305031105.043373,data\rgbd_dataset_freiburg1_xyz\rgb\1305031105.043373.png,data\rgbd_dataset_freiburg1_xyz\depth\1305031105.030427.png,0.012946128845214844,,2053,0.013029100000494509,0.003701300000102492,0.005635299999994459,0.00933660000009695,0.009483400001045084,0.018820000001142034,0.03184910000163654,152948736
82,1305031105.07532,data\rgbd_dataset_freiburg1_xyz\rgb\1305031105.075320.png,data\rgbd_dataset_freiburg1_xyz\depth\1305031105.062445.png,0.012875080108642578,,1994,0.013406000000031781,0.0036932000002707355,0.005600399999821093,0.009293600000091828,0.009542800000417628,0.018836400000509457,0.03224240000054124,152961024
83,1305031105.111299,data\rgbd_dataset_freiburg1_xyz\rgb\1305031105.111299.png,data\rgbd_dataset_freiburg1_xyz\depth\1305031105.097639.png,0.013659954071044922,,1953,0.01509289999921748,0.0038985999999567866,0.0055881000007502735,0.00948670000070706,0.008473799998682807,0.017960499999389867,0.03305339999860735,152350720
84,1305031105.143106,data\rgbd_dataset_freiburg1_xyz\rgb\1305031105.143106.png,data\rgbd_dataset_freiburg1_xyz\depth\1305031105.130269.png,0.012836933135986328,,1907,0.013461000000461354,0.0037002999997639563,0.005305399999997462,0.009005699999761418,0.00815849999889906,0.01716419999866048,0.030625199999121833,153042944
85,1305031105.175159,data\rgbd_dataset_freiburg1_xyz\rgb\1305031105.175159.png,data\rgbd_dataset_freiburg1_xyz\depth\1305031105.159979.png,0.015179872512817383,,1816,0.013156000000890344,0.003772299998672679,0.005239399999481975,0.009011699998154654,0.009137799999734852,0.018149499997889507,0.03130549999877985,150388736
86,1305031105.211268,data\rgbd_dataset_freiburg1_xyz\rgb\1305031105.211268.png,data\rgbd_dataset_freiburg1_xyz\depth\1305031105.198212.png,0.013056039810180664,,1733,0.015647999998691375,0.0038536000010935823,0.005782300000646501,0.009635900001740083,0.009074600000531063,0.018710500002271147,0.03435850000096252,152940544
87,1305031105.24327,data\rgbd_dataset_freiburg1_xyz\rgb\1305031105.243270.png,data\rgbd_dataset_freiburg1_xyz\depth\1305031105.228250.png,0.015019893646240234,,1631,0.014140299999780837,0.003946599999835598,0.005479299999933573,0.009425899999769172,0.008633400000690017,0.01805930000045919,0.032199600000240025,153034752
88,1305031105.275288,data\rgbd_dataset_freiburg1_xyz\rgb\1305031105.275288.png,data\rgbd_dataset_freiburg1_xyz\depth\1305031105.262389.png,0.012899160385131836,,1578,0.01423889999932726,0.003715099999681115,0.005322599999999511,0.009037699999680626,0.01284730000043055,0.021885000000111177,0.036123899999438436,153059328
89,1305031105.31129,data\rgbd_dataset_freiburg1_xyz\rgb\1305031105.311290.png,data\rgbd_dataset_freiburg1_xyz\depth\1305031105.298501.png,0.012789011001586914,,1484,0.01333379999960016,0.003845799999908195,0.005565599998590187,0.009411399998498382,0.008443499998975312,0.017854899997473694,0.031188699997073854,153063424
90,1305031105.343302,data\rgbd_dataset_freiburg1_xyz\rgb\1305031105.343302.png,data\rgbd_dataset_freiburg1_xyz\depth\1305031105.328878.png,0.01442408561706543,,1403,0.013165700000172365,0.00367759999971895,0.005208800001128111,0.008886400000847061,0.009143999999650987,0.018030400000498048,0.031196100000670413,150155264
91,1305031105.375338,data\rgbd_dataset_freiburg1_xyz\rgb\1305031105.375338.png,data\rgbd_dataset_freiburg1_xyz\depth\1305031105.362286.png,0.013051986694335938,,1277,0.014031999999133404,0.0037004999994678656,0.005038699999204255,0.00873919999867212,0.007405799999105511,0.01614499999777763,0.030176999996911036,153022464
92,1305031105.411286,data\rgbd_dataset_freiburg1_xyz\rgb\1305031105.411286.png,data\rgbd_dataset_freiburg1_xyz\depth\1305031105.398191.png,0.01309514045715332,,1246,0.012751600001138286,0.003676199999972596,0.005123599999933504,0.0087997999999061,0.007111700000677956,0.015911500000584056,0.02866310000172234,150233088
93,1305031105.443316,data\rgbd_dataset_freiburg1_xyz\rgb\1305031105.443316.png,data\rgbd_dataset_freiburg1_xyz\depth\1305031105.430336.png,0.012979984283447266,,1202,0.01400629999989178,0.004123999999137595,0.005471399999805726,0.009595399998943321,0.0076844999985041795,0.0172798999974475,0.03128619999733928,150188032
94,1305031105.47528,data\rgbd_dataset_freiburg1_xyz\rgb\1305031105.475280.png,data\rgbd_dataset_freiburg1_xyz\depth\1305031105.461421.png,0.013859033584594727,,1143,0.013502800000424031,0.004417199999807053,0.004714699998658034,0.009131899998465087,0.006880299999465933,0.01601219999793102,0.02951499999835505,153047040
95,1305031105.511332,data\rgbd_dataset_freiburg1_xyz\rgb\1305031105.511332.png,data\rgbd_dataset_freiburg1_xyz\depth\1305031105.497931.png,0.013401031494140625,,1111,0.013998899999933201,0.0037052999996376457,0.0052015000001119915,0.008906799999749637,0.007039899999654153,0.01594669999940379,0.02994559999933699,153047040
96,1305031105.543282,data\rgbd_dataset_freiburg1_xyz\rgb\1305031105.543282.png,data\rgbd_dataset_freiburg1_xyz\depth\1305031105.529583.png,0.013699054718017578,,1047,0.01541210000141291,0.003478799999356852,0.005785999999716296,0.009264799999073148,0.006965200000195182,0.01622999999926833,0.03164210000068124,150261760
97,1305031105.575449,data\rgbd_dataset_freiburg1_xyz\rgb\1305031105.575449.png,data\rgbd_dataset_freiburg1_xyz\depth\1305031105.562109.png,0.013339996337890625,,1003,0.013947100000223145,0.0035528000007616356,0.004464500001631677,0.008017300002393313,0.006683999999950174,0.014701300002343487,0.028648400002566632,152993792
98,1305031105.611378,data\rgbd_dataset_freiburg1_xyz\rgb\1305031105.611378.png,data\rgbd_dataset_freiburg1_xyz\depth\1305031105.597193.png,0.014184951782226562,,982,0.012848300000769086,0.003703700000187382,0.004844600000069477,0.008548300000256859,0.006638000000748434,0.015186300001005293,0.02803460000177438,153018368
99,1305031105.643273,data\rgbd_dataset_freiburg1_xyz\rgb\1305031105.643273.png,data\rgbd_dataset_freiburg1_xyz\depth\1305031105.659104.png,0.01583099365234375,,918,0.01333390000036161,0.004069299999173381,0.005309800000759424,0.009379099999932805,0.006635199999436736,0.01601429999936954,0.02934819999973115,153022464
100,1305031105.711309,data\rgbd_dataset_freiburg1_xyz\rgb\1305031105.711309.png,data\rgbd_dataset_freiburg1_xyz\depth\1305031105.698235.png,0.013073921203613281,,909,0.012926899999001762,0.0036201999992044875,0.005620199999611941,0.009240399998816429,0.00926660000004631,0.01850699999886274,0.0314338999978645,150032384
101,1305031105.743312,data\rgbd_dataset_freiburg1_xyz\rgb\1305031105.743312.png,data\rgbd_dataset_freiburg1_xyz\depth\1305031105.730336.png,0.012975931167602539,,908,0.014940799999749288,0.0036968999993405305,0.004823499999474734,0.008520399998815265,0.006803199999922072,0.015323599998737336,0.030264399998486624,153010176
102,1305031105.775339,data\rgbd_dataset_freiburg1_xyz\rgb\1305031105.775339.png,data\rgbd_dataset_freiburg1_xyz\depth\1305031105.762384.png,0.012954950332641602,,892,0.015349500001320848,0.004335999999966589,0.005122799999298877,0.009458799999265466,0.00646499999857042,0.015923799997835886,0.031273299999156734,153030656
103,1305031105.811283,data\rgbd_dataset_freiburg1_xyz\rgb\1305031105.811283.png,data\rgbd_dataset_freiburg1_xyz\depth\1305031105.798056.png,0.013227224349975586,,848,0.012874600000941427,0.003718099998877733,0.0050645000010263175,0.00878259999990405,0.006902199998876313,0.015684799998780363,0.02855939999972179,153051136
104,1305031105.843271,data\rgbd_dataset_freiburg1_xyz\rgb\1305031105.843271.png,data\rgbd_dataset_freiburg1_xyz\depth\1305031105.830008.png,0.01326298713684082,,797,0.012815099998988444,0.003716199998962111,0.004814900001292699,0.00853110000025481,0.006020099999659578,0.014551199999914388,0.027366299998902832,153063424
105,1305031105.875337,data\rgbd_dataset_freiburg1_xyz\rgb\1305031105.875337.png,data\rgbd_dataset_freiburg1_xyz\depth\1305031105.862238.png,0.013098955154418945,,809,0.012533400000393158,0.003509199999825796,0.005171900000277674,0.00868110000010347,0.006695500000205357,0.015376600000308827,0.027910000000701984,150073344
106,1305031105.911262,data\rgbd_dataset_freiburg1_xyz\rgb\1305031105.911262.png,data\rgbd_dataset_freiburg1_xyz\depth\1305031105.898018.png,0.013244152069091797,,809,0.015412500000820728,0.0040251000009448035,0.005258299999695737,0.00928340000064054,0.0062968999991426244,0.015580299999783165,0.030992800000603893,150130688
107,1305031105.943272,data\rgbd_dataset_freiburg1_xyz\rgb\1305031105.943272.png,data\rgbd_dataset_freiburg1_xyz\depth\1305031105.929855.png,0.01341700553894043,,760,0.013346000001547509,0.0036706999999296386,0.005145099999936065,0.008815799999865703,0.006570699999429053,0.015386499999294756,0.028732500000842265,149921792
108,1305031105.975329,data\rgbd_dataset_freiburg1_xyz\rgb\1305031105.975329.png,data\rgbd_dataset_freiburg1_xyz\depth\1305031105.966193.png,0.009135961532592773,,760,0.013463399998727255,0.0036658000008173985,0.0048296999993908685,0.008495500000208267,0.009461100000407896,0.017956600000616163,0.03141999999934342,153096192
109,1305031106.011285,data\rgbd_dataset_freiburg1_xyz\rgb\1305031106.011285.png,data\rgbd_dataset_freiburg1_xyz\depth\1305031105.998271.png,0.013014078140258789,,695,0.015270199999577017,0.004377900000690715,0.005578800000876072,0.009956700001566787,0.008402400000704802,0.01835910000227159,0.033629300001848605,150278144
110,1305031106.043355,data\rgbd_dataset_freiburg1_xyz\rgb\1305031106.043355.png,data\rgbd_dataset_freiburg1_xyz\depth\1305031106.030147.png,0.01320791244506836,,661,0.015473999999812804,0.0036956999992980855,0.00471089999882679,0.008406599998124875,0.008786500000496744,0.01719309999862162,0.03266709999843442,153026560
111,1305031106.07533,data\rgbd_dataset_freiburg1_xyz\rgb\1305031106.075330.png,data\rgbd_dataset_freiburg1_xyz\depth\1305031106.066060.png,0.009269952774047852,,620,0.01299749999998312,0.0035998999992443714,0.004354099999545724,0.007953999998790096,0.007018300000709132,0.014972299999499228,0.027969799999482348,150196224
112,1305031106.111327,data\rgbd_dataset_freiburg1_xyz\rgb\1305031106.111327.png,data\rgbd_dataset_freiburg1_xyz\depth\1305031106.096295.png,0.015031814575195312,,573,0.016310299999531708,0.004513500000030035,0.0050253999997948995,0.009538899999824935,0.006467799999882118,0.016006699999707052,0.03231699999923876,152961024
113,1305031106.143355,data\rgbd_dataset_freiburg1_xyz\rgb\1305031106.143355.png,data\rgbd_dataset_freiburg1_xyz\depth\1305031106.130445.png,0.012909889221191406,,569,0.013682500000868458,0.004010600001493003,0.004339099999924656,0.00834970000141766,0.006143100001281709,0.014492800002699369,0.028175300003567827,149905408
114,1305031106.175534,data\rgbd_dataset_freiburg1_xyz\rgb\1305031106.175534.png,data\rgbd_dataset_freiburg1_xyz\depth\1305031106.166330.png,0.009203910827636719,,557,0.01397480000014184,0.003594199999497505,0.004446199998710654,0.008040399998208159,0.005346599999029422,0.01338699999723758,0.02736179999737942,152670208
115,1305031106.211275,data\rgbd_dataset_freiburg1_xyz\rgb\1305031106.211275.png,data\rgbd_dataset_freiburg1_xyz\depth\1305031106.195074.png,0.016201019287109375,,542,0.01309650000075635,0.0036467999998421874,0.0052575000008801,0.008904300000722287,0.005837799999426352,0.014742100000148639,0.02783860000090499,153178112
116,1305031106.243267,data\rgbd_dataset_freiburg1_xyz\rgb\1305031106.243267.png,data\rgbd_dataset_freiburg1_xyz\depth\1305031106.230058.png,0.013209104537963867,,519,0.012908500000776257,0.003488199999992503,0.004923499998767511,0.008411699998760014,0.006791199999497621,0.015202899998257635,0.028111399999033893,150036480
117,1305031106.276385,data\rgbd_dataset_freiburg1_xyz\rgb\1305031106.276385.png,data\rgbd_dataset_freiburg1_xyz\depth\1305031106.265976.png,0.010409116744995117,,493,0.013488199998391792,0.003475299999990966,0.0045519999985117465,0.008027299998502713,0.006019899999955669,0.014047199998458382,0.027535399996850174,149966848
118,1305031106.311238,data\rgbd_dataset_freiburg1_xyz\rgb\1305031106.311238.png,data\rgbd_dataset_freiburg1_xyz\depth\1305031106.298174.png,0.013064146041870117,,498,0.014154300000882358,0.0036872000000585103,0.004597999999532476,0.008285199999590986,0.008456499999738298,0.016741699999329285,0.030896000000211643,150130688
119,1305031106.343258,data\rgbd_dataset_freiburg1_xyz\rgb\1305031106.343258.png,data\rgbd_dataset_freiburg1_xyz\depth\1305031106.330215.png,0.013042926788330078,,495,0.013765300000159186,0.003651200000604149,0.00455839999995078,0.008209600000554929,0.0052610999991884455,0.013470699999743374,0.02723599999990256,149770240
120,1305031106.375388,data\rgbd_dataset_freiburg1_xyz\rgb\1305031106.375388.png,data\rgbd_dataset_freiburg1_xyz\depth\1305031106.366158.png,0.009229898452758789,,494,0.013427199999568984,0.0037723999994341284,0.004562300000543473,0.008334699999977602,0.0062189000000216765,0.014553599999999278,0.027980799999568262,152694784
121,1305031106.41132,data\rgbd_dataset_freiburg1_xyz\rgb\1305031106.411320.png,data\rgbd_dataset_freiburg1_xyz\depth\1305031106.398281.png,0.013038873672485352,,470,0.015738000000055763,0.003753699998924276,0.004251300000760239,0.008004999999684514,0.0056762000003800495,0.013681200000064564,0.029419200000120327,149860352
122,1305031106.443278,data\rgbd_dataset_freiburg1_xyz\rgb\1305031106.443278.png,data\rgbd_dataset_freiburg1_xyz\depth\1305031106.430639.png,0.012639045715332031,,434,0.013597799999843119,0.0035123000016028527,0.004531999999016989,0.008044300000619842,0.0058250999991287244,0.013869399999748566,0.027467199999591685,150106112
123,1305031106.475345,data\rgbd_dataset_freiburg1_xyz\rgb\1305031106.475345.png,data\rgbd_dataset_freiburg1_xyz\depth\1305031106.466046.png,0.00929880142211914,,413,0.013667000001078122,0.0034262999997736188,0.00582849999955215,0.009254799999325769,0.0056549999990238575,0.014909799998349627,0.02857679999942775,150040576
124,1305031106.511129,data\rgbd_dataset_freiburg1_xyz\rgb\1305031106.511129.png,data\rgbd_dataset_freiburg1_xyz\depth\1305031106.498096.png,0.013032913208007812,,425,0.013444000000163214,0.0035939000008511357,0.0051961999997729436,0.00879010000062408,0.005660300001181895,0.014450400001805974,0.02789440000196919,150056960
125,1305031106.543302,data\rgbd_dataset_freiburg1_xyz\rgb\1305031106.543302.png,data\rgbd_dataset_freiburg1_xyz\depth\1305031106.528267.png,0.015035152435302734,,452,0.013386300001002382,0.0035902999989048112,0.00466460000097868,0.008254899999883492,0.005368099999031983,0.013622999998915475,0.027009299999917857,153112576
126,1305031106.575282,data\rgbd_dataset_freiburg1_xyz\rgb\1305031106.575282.png,data\rgbd_dataset_freiburg1_xyz\depth\1305031106.564414.png,0.010868072509765625,,471,0.012805299998944975,0.0035845000002154848,0.005512099998668418,0.009096599998883903,0.005711499999961234,0.014808099998845137,0.02761339999779011,150249472
127,1305031106.611151,data\rgbd_dataset_freiburg1_xyz\rgb\1305031106.611151.png,data\rgbd_dataset_freiburg1_xyz\depth\1305031106.597879.png,0.01327204704284668,,467,0.01356359999954293,0.0035683999994944315,0.004442600000402308,0.00801099999989674,0.0053972000005160226,0.013408200000412762,0.026971799999955692,153120768
128,1305031106.643207,data\rgbd_dataset_freiburg1_xyz\rgb\1305031106.643207.png,data\rgbd_dataset_freiburg1_xyz\depth\1305031106.630776.png,0.012431144714355469,,514,0.012865800001236494,0.003609000001233653,0.004383299999972223,0.007992300001205876,0.006702600001517567,0.014694900002723443,0.027560700003959937,150081536
129,1305031106.675279,data\rgbd_dataset_freiburg1_xyz\rgb\1305031106.675279.png,data\rgbd_dataset_freiburg1_xyz\depth\1305031106.667282.png,0.007996797561645508,,525,0.01332410000031814,0.0036327999987406656,0.00504949999958626,0.008682299998326926,0.006242800000109128,0.014925099998436053,0.028249199998754193,150274048
130,1305031106.711508,data\rgbd_dataset_freiburg1_xyz\rgb\1305031106.711508.png,data\rgbd_dataset_freiburg1_xyz\depth\1305031106.699110.png,0.012398004531860352,,522,0.013451100001475425,0.003737300001375843,0.004375399999844376,0.008112700001220219,0.005577200001425808,0.013689900002646027,0.02714100000412145,150528000
131,1305031106.743341,data\rgbd_dataset_freiburg1_xyz\rgb\1305031106.743341.png,data\rgbd_dataset_freiburg1_xyz\depth\1305031106.729550.png,0.013791084289550781,,562,0.01366050000069663,0.003956000000471249,0.005155799999556621,0.00911180000002787,0.0058430999997654,0.01495489999979327,0.0286154000004899,150421504
132,1305031106.77539,data\rgbd_dataset_freiburg1_xyz\rgb\1305031106.775390.png,data\rgbd_dataset_freiburg1_xyz\depth\1305031106.767126.png,0.008263826370239258,,588,0.013337999998839223,0.0038421000008384,0.00467439999920316,0.00851650000004156,0.00902700000006007,0.01754350000010163,0.030881499998940853,150339584
133,1305031106.811289,data\rgbd_dataset_freiburg1_xyz\rgb\1305031106.811289.png,data\rgbd_dataset_freiburg1_xyz\depth\1305031106.798309.png,0.012979984283447266,,623,0.014587699999538017,0.0036951000001863576,0.004990900000848342,0.0086860000010347,0.0062711000009585405,0.01495710000199324,0.029544800001531257,150392832
134,1305031106.843416,data\rgbd_dataset_freiburg1_xyz\rgb\1305031106.843416.png,data\rgbd_dataset_freiburg1_xyz\depth\1305031106.830652.png,0.01276397705078125,,640,0.013735900000028778,0.0038146000006236136,0.00552859999879729,0.009343199999420904,0.005916299998716568,0.015259499998137471,0.02899539999816625,150499328
135,1305031106.875905,data\rgbd_dataset_freiburg1_xyz\rgb\1305031106.875905.png,data\rgbd_dataset_freiburg1_xyz\depth\1305031106.866893.png,0.009011983871459961,,641,0.01431380000030913,0.003665099999125232,0.004722399999081972,0.008387499998207204,0.005805599999803235,0.014193099998010439,0.028506899998319568,153104384
136,1305031106.911243,data\rgbd_dataset_freiburg1_xyz\rgb\1305031106.911243.png,data\rgbd_dataset_freiburg1_xyz\depth\1305031106.897828.png,0.013414859771728516,,700,0.013080799999443116,0.003783399999520043,0.0046588000004703645,0.008442199999990407,0.006760100000974489,0.015202300000964897,0.028283100000408012,153329664
137,1305031106.943439,data\rgbd_dataset_freiburg1_xyz\rgb\1305031106.943439.png,data\rgbd_dataset_freiburg1_xyz\depth\1305031106.930797.png,0.01264190673828125,,687,0.013021800001297379,0.0037871000004088273,0.0046327000000019325,0.00841980000041076,0.006238800000573974,0.014658600000984734,0.027680400002282113,153346048
138,1305031106.975547,data\rgbd_dataset_freiburg1_xyz\rgb\1305031106.975547.png,data\rgbd_dataset_freiburg1_xyz\depth\1305031106.967232.png,0.008315086364746094,,721,0.01283539999894856,0.003731099999640719,0.004567300000417163,0.008298400000057882,0.008626799999547075,0.016925199999604956,0.029760599998553516,153350144
139,1305031107.011576,data\rgbd_dataset_freiburg1_xyz\rgb\1305031107.011576.png,data\rgbd_dataset_freiburg1_xyz\depth\1305031106.998876.png,0.01269984245300293,,782,0.013092200000755838,0.003712400000949856,0.004756299998916802,0.008468699999866658,0.006335000000035507,0.014803699999902165,0.027895900000658003,153358336
140,1305031107.043281,data\rgbd_dataset_freiburg1_xyz\rgb\1305031107.043281.png,data\rgbd_dataset_freiburg1_xyz\depth\1305031107.030348.png,0.012933015823364258,,796,0.013216999999713153,0.0037704999995185062,0.005084500000521075,0.008855000000039581,0.006328299999950104,0.015183299999989686,0.028400299999702838,152756224
141,1305031107.075432,data\rgbd_dataset_freiburg1_xyz\rgb\1305031107.075432.png,data\rgbd_dataset_freiburg1_xyz\depth\1305031107.066405.png,0.00902700424194336,,834,0.013078899999527493,0.0037021999996795785,0.0050502000012784265,0.008752400000958005,0.006506199999421369,0.015258600000379374,0.028337499999906868,150786048
142,1305031107.111229,data\rgbd_dataset_freiburg1_xyz\rgb\1305031107.111229.png,data\rgbd_dataset_freiburg1_xyz\depth\1305031107.098268.png,0.01296091079711914,,859,0.013501699999324046,0.0037287000013748184,0.004987700000128825,0.008716400001503644,0.006650999999692431,0.015367400001196074,0.02886910000052012,152215552
143,1305031107.14326,data\rgbd_dataset_freiburg1_xyz\rgb\1305031107.143260.png,data\rgbd_dataset_freiburg1_xyz\depth\1305031107.130308.png,0.012952089309692383,,892,0.013159899999664049,0.0036318000002211193,0.004921799998555798,0.008553599998776917,0.00646249999954307,0.015016099998319987,0.028175999997984036,153497600
144,1305031107.175399,data\rgbd_dataset_freiburg1_xyz\rgb\1305031107.175399.png,data\rgbd_dataset_freiburg1_xyz\depth\1305031107.165964.png,0.009435176849365234,,955,0.013115600000674021,0.003547199999957229,0.004569400000036694,0.008116599999993923,0.006653700000242679,0.014770300000236603,0.027885900000910624,150720512
145,1305031107.211358,data\rgbd_dataset_freiburg1_xyz\rgb\1305031107.211358.png,data\rgbd_dataset_freiburg1_xyz\depth\1305031107.198208.png,0.01314997673034668,,912,0.01336980000087351,0.003589500000089174,0.0044202000008226605,0.008009700000911835,0.007169500000600237,0.015179200001512072,0.028549000002385583,153362432
146,1305031107.243378,data\rgbd_dataset_freiburg1_xyz\rgb\1305031107.243378.png,data\rgbd_dataset_freiburg1_xyz\depth\1305031107.235026.png,0.008352041244506836,,1019,0.015354499999375548,0.004010500000731554,0.004847899999731453,0.008858400000463007,0.006688400000712136,0.015546800001175143,0.03090130000055069,150786048
147,1305031107.275398,data\rgbd_dataset_freiburg1_xyz\rgb\1305031107.275398.png,data\rgbd_dataset_freiburg1_xyz\depth\1305031107.267071.png,0.008327007293701172,,1041,0.013971899999887682,0.0036845999984507216,0.005063700000391691,0.008748299998842413,0.00727530000040133,0.016023599999243743,0.029995499999131425,153493504
148,1305031107.311226,data\rgbd_dataset_freiburg1_xyz\rgb\1305031107.311226.png,data\rgbd_dataset_freiburg1_xyz\depth\1305031107.299273.png,0.011952877044677734,,1160,0.01289829999950598,0.003762500000448199,0.0047260999999707565,0.008488600000418955,0.007047400000374182,0.015536000000793138,0.028434300000299118,151932928
149,1305031107.343509,data\rgbd_dataset_freiburg1_xyz\rgb\1305031107.343509.png,data\rgbd_dataset_freiburg1_xyz\depth\1305031107.334800.png,0.008708953857421875,,1135,0.013572399999247864,0.003674699999464792,0.005394000001615495,0.009068700001080288,0.007064399998853332,0.01613309999993362,0.029705499999181484,153518080
150,1305031107.375413,data\rgbd_dataset_freiburg1_xyz\rgb\1305031107.375413.png,data\rgbd_dataset_freiburg1_xyz\depth\1305031107.367183.png,0.008229970932006836,,1229,0.013236500000857632,0.0036623999985749833,0.005554399998800363,0.009216799997375347,0.0070875000001251465,0.016304299997500493,0.029540799998358125,152903680
151,1305031107.411271,data\rgbd_dataset_freiburg1_xyz\rgb\1305031107.411271.png,data\rgbd_dataset_freiburg1_xyz\depth\1305031107.399345.png,0.01192617416381836,,1302,0.013601399999970454,0.003594800000428222,0.0050490000012359815,0.008643800001664204,0.007918699999208911,0.016562500000873115,0.03016390000084357,150745088
152,1305031107.443419,data\rgbd_dataset_freiburg1_xyz\rgb\1305031107.443419.png,data\rgbd_dataset_freiburg1_xyz\depth\1305031107.434926.png,0.00849294662475586,,1387,0.014225700000679353,0.0036617999994632555,0.005523100000573322,0.009184900000036578,0.00719790000039211,0.016382800000428688,0.03060850000110804,152788992
153,1305031107.475377,data\rgbd_dataset_freiburg1_xyz\rgb\1305031107.475377.png,data\rgbd_dataset_freiburg1_xyz\depth\1305031107.467141.png,0.008236169815063477,,1425,0.013422399999399204,0.0036706999999296386,0.004958900000929134,0.008629600000858773,0.007904100000814651,0.016533700001673424,0.029956100001072627,153559040
154,1305031107.511352,data\rgbd_dataset_freiburg1_xyz\rgb\1305031107.511352.png,data\rgbd_dataset_freiburg1_xyz\depth\1305031107.498426.png,0.012926101684570312,,1433,0.013434100001177285,0.003778500000407803,0.005456499999127118,0.00923499999953492,0.011356200000591343,0.020591200000126264,0.03402530000130355,153681920
155,1305031107.543605,data\rgbd_dataset_freiburg1_xyz\rgb\1305031107.543605.png,data\rgbd_dataset_freiburg1_xyz\depth\1305031107.534830.png,0.008774995803833008,,1422,0.013506100000086008,0.0036678999986179406,0.00579719999950612,0.00946509999812406,0.007925500000055763,0.017390599998179823,0.03089669999826583,153686016
156,1305031107.575454,data\rgbd_dataset_freiburg1_xyz\rgb\1305031107.575454.png,data\rgbd_dataset_freiburg1_xyz\depth\1305031107.567015.png,0.008439064025878906,,1389,0.01351500000055239,0.0037394000009953743,0.004550600000584382,0.008290000001579756,0.008124199999656412,0.016414200001236168,0.02992920000178856,153686016
157,1305031107.611271,data\rgbd_dataset_freiburg1_xyz\rgb\1305031107.611271.png,data\rgbd_dataset_freiburg1_xyz\depth\1305031107.598904.png,0.012367010116577148,,1379,0.013366099999984726,0.0036760000002686866,0.005308499999955529,0.008984500000224216,0.007682399998884648,0.016666899999108864,0.03003299999909359,153047040
158,1305031107.643323,data\rgbd_dataset_freiburg1_xyz\rgb\1305031107.643323.png,data\rgbd_dataset_freiburg1_xyz\depth\1305031107.634944.png,0.008378982543945312,,1379,0.013783500000499771,0.0036750999988726107,0.005703700000594836,0.009378799999467446,0.0074463000000832835,0.01682509999955073,0.0306086000000505,152686592
159,1305031107.675568,data\rgbd_dataset_freiburg1_xyz\rgb\1305031107.675568.png,data\rgbd_dataset_freiburg1_xyz\depth\1305031107.667179.png,0.008388996124267578,,1356,0.013947499999630963,0.0037019000010332093,0.005119800000102259,0.008821700001135468,0.006986800000959192,0.01580850000209466,0.029756000001725624,152920064
160,1305031107.711307,data\rgbd_dataset_freiburg1_xyz\rgb\1305031107.711307.png,data\rgbd_dataset_freiburg1_xyz\depth\1305031107.699390.png,0.0119171142578125,,1311,0.013301599999977043,0.003626399999120622,0.005187599999771919,0.008813999998892541,0.007548999999926309,0.01636299999881885,0.029664599998795893,152674304
161,1305031107.743538,data\rgbd_dataset_freiburg1_xyz\rgb\1305031107.743538.png,data\rgbd_dataset_freiburg1_xyz\depth\1305031107.735041.png,0.008496999740600586,,1291,0.013168499999665073,0.0035567999984778,0.0057185999994544545,0.009275399997932254,0.006783999999242951,0.016059399997175205,0.02922789999684028,152993792
162,1305031107.775802,data\rgbd_dataset_freiburg1_xyz\rgb\1305031107.775802.png,data\rgbd_dataset_freiburg1_xyz\depth\1305031107.767895.png,0.007906913757324219,,1305,0.013596899998447043,0.0037558000003627967,0.005014300000766525,0.008770100001129322,0.010795000000143773,0.019565100001273095,0.03316199999972014,153698304
163,1305031107.811596,data\rgbd_dataset_freiburg1_xyz\rgb\1305031107.811596.png,data\rgbd_dataset_freiburg1_xyz\depth\1305031107.799544.png,0.012051820755004883,,1281,0.013340100000277744,0.003506299999571638,0.004649000000426895,0.008155299999998533,0.007707900000241352,0.015863200000239885,0.02920330000051763,153714688
164,1305031107.843332,data\rgbd_dataset_freiburg1_xyz\rgb\1305031107.843332.png,data\rgbd_dataset_freiburg1_xyz\depth\1305031107.835751.png,0.007580995559692383,,1238,0.013160200000129407,0.0035736999998334795,0.006599199999982375,0.010172899999815854,0.00781259999894246,0.017985499998758314,0.03114569999888772,153726976
165,1305031107.875358,data\rgbd_dataset_freiburg1_xyz\rgb\1305031107.875358.png,data\rgbd_dataset_freiburg1_xyz\depth\1305031107.863505.png,0.011853218078613281,,1226,0.013054700000793673,0.0036371000005601672,0.0050664999998844,0.008703600000444567,0.007140700001400546,0.015844300001845113,0.028899000002638786,151212032
166,1305031107.911541,data\rgbd_dataset_freiburg1_xyz\rgb\1305031107.911541.png,data\rgbd_dataset_freiburg1_xyz\depth\1305031107.899222.png,0.012319087982177734,,1191,0.013857500000085565,0.003625100000135717,0.005108200000904617,0.008733300001040334,0.00685680000060529,0.015590100001645624,0.02944760000173119,153853952
167,1305031107.943122,data\rgbd_dataset_freiburg1_xyz\rgb\1305031107.943122.png,data\rgbd_dataset_freiburg1_xyz\depth\1305031107.933609.png,0.009512901306152344,,1201,0.012819499999750406,0.0036277999988669762,0.00539770000068529,0.009025499999552267,0.006884600001285435,0.0159101000008377,0.028729600000588107,153944064
168,1305031107.975807,data\rgbd_dataset_freiburg1_xyz\rgb\1305031107.975807.png,data\rgbd_dataset_freiburg1_xyz\depth\1305031107.964840.png,0.010967016220092773,,1190,0.013134999999238062,0.0037561999997706152,0.005011899998862646,0.00876809999863326,0.008088099999440601,0.016856199998073862,0.029991199997311924,153948160
169,1305031108.01132,data\rgbd_dataset_freiburg1_xyz\rgb\1305031108.011320.png,data\rgbd_dataset_freiburg1_xyz\depth\1305031107.998469.png,0.01285099983215332,,1250,0.015667800000301213,0.0045184999999037245,0.004479600000195205,0.00899810000009893,0.007063099999868427,0.016061199999967357,0.03172900000026857,153972736
170,1305031108.043418,data\rgbd_dataset_freiburg1_xyz\rgb\1305031108.043418.png,data\rgbd_dataset_freiburg1_xyz\depth\1305031108.034824.png,0.008594036102294922,,1263,0.012912599999253871,0.0038076999990153126,0.004963299999872106,0.008770999998887419,0.007302599999093218,0.016073599997980637,0.028986199997234507,153980928
171,1305031108.075352,data\rgbd_dataset_freiburg1_xyz\rgb\1305031108.075352.png,data\rgbd_dataset_freiburg1_xyz\depth\1305031108.067271.png,0.00808095932006836,,1274,0.01273629999923287,0.003814800000327523,0.005207100000916398,0.009021900001243921,0.011222299999644747,0.020244200000888668,0.03298050000012154,153980928
172,1305031108.111378,data\rgbd_dataset_freiburg1_xyz\rgb\1305031108.111378.png,data\rgbd_dataset_freiburg1_xyz\depth\1305031108.099365.png,0.012012958526611328,,1234,0.01343780000024708,0.0037308999999368098,0.0050237999985256465,0.008754699998462456,0.007673799998883624,0.01642849999734608,0.02986629999759316,153477120
173,1305031108.143334,data\rgbd_dataset_freiburg1_xyz\rgb\1305031108.143334.png,data\rgbd_dataset_freiburg1_xyz\depth\1305031108.135281.png,0.008052825927734375,,1252,0.013392300001214608,0.003784500000620028,0.005413099999714177,0.009197600000334205,0.00775670000075479,0.016954300001088995,0.030346600002303603,154116096
174,1305031108.176058,data\rgbd_dataset_freiburg1_xyz\rgb\1305031108.176058.png,data\rgbd_dataset_freiburg1_xyz\depth\1305031108.167357.png,0.008701086044311523,,1263,0.013264900000649504,0.0036872999990009703,0.00488749999931315,0.00857479999831412,0.007943599999634898,0.016518399997949018,0.029783299998598523,150978560
175,1305031108.211475,data\rgbd_dataset_freiburg1_xyz\rgb\1305031108.211475.png,data\rgbd_dataset_freiburg1_xyz\depth\1305031108.199225.png,0.012249946594238281,,1226,0.015169800000876421,0.003908800001227064,0.005045699999755016,0.00895450000098208,0.007118100000298,0.01607260000128008,0.0312424000021565,153866240
176,1305031108.243347,data\rgbd_dataset_freiburg1_xyz\rgb\1305031108.243347.png,data\rgbd_dataset_freiburg1_xyz\depth\1305031108.235213.png,0.008133888244628906,,1170,0.012925299999551498,0.003872500001307344,0.005078899999716668,0.008951400001024012,0.010972699999911129,0.01992410000093514,0.03284940000048664,153923584
177,1305031108.275358,data\rgbd_dataset_freiburg1_xyz\rgb\1305031108.275358.png,data\rgbd_dataset_freiburg1_xyz\depth\1305031108.267660.png,0.00769805908203125,,1172,0.013204899998527253,0.0038674999996146653,0.005634299999655923,0.009501799999270588,0.0073606999994808575,0.016862499998751446,0.0300673999972787,153944064
178,1305031108.311332,data\rgbd_dataset_freiburg1_xyz\rgb\1305031108.311332.png,data\rgbd_dataset_freiburg1_xyz\depth\1305031108.299547.png,0.011785030364990234,,1144,0.013195100000302773,0.003792999999859603,0.005101299999296316,0.008894299999155919,0.007467700001143385,0.016362000000299304,0.029557100000602077,153972736
179,1305031108.343278,data\rgbd_dataset_freiburg1_xyz\rgb\1305031108.343278.png,data\rgbd_dataset_freiburg1_xyz\depth\1305031108.335019.png,0.008258819580078125,,1094,0.013065499999356689,0.0037454000012075994,0.004610399999364745,0.008355800000572344,0.006961799999771756,0.0153176000003441,0.02838309999970079,154116096
180,1305031108.37541,data\rgbd_dataset_freiburg1_xyz\rgb\1305031108.375410.png,data\rgbd_dataset_freiburg1_xyz\depth\1305031108.367285.png,0.008125066757202148,,1061,0.012980800000150339,0.0038561000001209322,0.004885800000920426,0.008741900001041358,0.006525599999804399,0.015267500000845757,0.028248300000996096,150777856
181,1305031108.411361,data\rgbd_dataset_freiburg1_xyz\rgb\1305031108.411361.png,data\rgbd_dataset_freiburg1_xyz\depth\1305031108.399284.png,0.012077093124389648,,1003,0.01418530000046303,0.00393640000038431,0.005396399999881396,0.009332800000265706,0.0070785000007163035,0.01641130000098201,0.03059660000144504,153624576
182,1305031108.44361,data\rgbd_dataset_freiburg1_xyz\rgb\1305031108.443610.png,data\rgbd_dataset_freiburg1_xyz\depth\1305031108.435023.png,0.008586883544921875,,985,0.01265850000163482,0.004038900000523427,0.00514860000112094,0.009187500001644366,0.00672859999940556,0.015916100001049927,0.028574600002684747,153776128
183,1305031108.475471,data\rgbd_dataset_freiburg1_xyz\rgb\1305031108.475471.png,data\rgbd_dataset_freiburg1_xyz\depth\1305031108.467680.png,0.007791042327880859,,954,0.013164199999664561,0.003913299999112496,0.004808600000615115,0.008721899999727611,0.006914699999470031,0.015636599999197642,0.028800799998862203,150933504
184,1305031108.511378,data\rgbd_dataset_freiburg1_xyz\rgb\1305031108.511378.png,data\rgbd_dataset_freiburg1_xyz\depth\1305031108.503548.png,0.007830142974853516,,956,0.01584030000049097,0.004999200000384008,0.005468499999551568,0.010467699999935576,0.006819899999754853,0.01728759999969043,0.0331279000001814,153718784
185,1305031108.543737,data\rgbd_dataset_freiburg1_xyz\rgb\1305031108.543737.png,data\rgbd_dataset_freiburg1_xyz\depth\1305031108.534811.png,0.008925914764404297,,933,0.012546699999802513,0.0038337999994837446,0.00485590000062075,0.008689700000104494,0.007113499999832129,0.015803199999936623,0.028349899999739137,153755648
186,1305031108.575414,data\rgbd_dataset_freiburg1_xyz\rgb\1305031108.575414.png,data\rgbd_dataset_freiburg1_xyz\depth\1305031108.567154.png,0.008260011672973633,,961,0.012926399998832494,0.0036951999991288176,0.005149199998413678,0.008844399997542496,0.006927300000825198,0.015771699998367694,0.028698099997200188,153763840
187,1305031108.611407,data\rgbd_dataset_freiburg1_xyz\rgb\1305031108.611407.png,data\rgbd_dataset_freiburg1_xyz\depth\1305031108.603547.png,0.007859945297241211,,919,0.013117599999532104,0.003990499999417807,0.005397400000219932,0.009387899999637739,0.007133200000680517,0.016521100000318256,0.02963869999985036,151179264
188,1305031108.643303,data\rgbd_dataset_freiburg1_xyz\rgb\1305031108.643303.png,data\rgbd_dataset_freiburg1_xyz\depth\1305031108.634212.png,0.009090900421142578,,903,0.013893299999836017,0.003755400000954978,0.004862499999944703,0.008617900000899681,0.006890000000566943,0.015507900001466624,0.02940120000130264,154017792
189,1305031108.675375,data\rgbd_dataset_freiburg1_xyz\rgb\1305031108.675375.png,data\rgbd_dataset_freiburg1_xyz\depth\1305031108.667189.png,0.008186101913452148,,869,0.012693000000581378,0.003811399999904097,0.004653199999665958,0.008464599999570055,0.006905400001414819,0.015370000000984874,0.028063000001566252,154058752
190,1305031108.711411,data\rgbd_dataset_freiburg1_xyz\rgb\1305031108.711411.png,data\rgbd_dataset_freiburg1_xyz\depth\1305031108.703346.png,0.008064985275268555,,853,0.013072399999146,0.00388810000004014,0.005293500000334461,0.009181600000374601,0.006443599999329308,0.01562519999970391,0.02869759999884991,150888448
191,1305031108.743502,data\rgbd_dataset_freiburg1_xyz\rgb\1305031108.743502.png,data\rgbd_dataset_freiburg1_xyz\depth\1305031108.735052.png,0.008449792861938477,,819,0.01366989999951329,0.004011000000900822,0.0052390000000741566,0.009250000000974978,0.0067204999995738035,0.015970500000548782,0.029640400000062073,153681920
192,1305031108.775493,data\rgbd_dataset_freiburg1_xyz\rgb\1305031108.775493.png,data\rgbd_dataset_freiburg1_xyz\depth\1305031108.767031.png,0.008461952209472656,,815,0.012960399999428773,0.0038507999997818843,0.004617700000380864,0.008468500000162749,0.006997300000875839,0.015465800001038588,0.02842620000046736,153911296
193,1305031108.811244,data\rgbd_dataset_freiburg1_xyz\rgb\1305031108.811244.png,data\rgbd_dataset_freiburg1_xyz\depth\1305031108.803370.png,0.007874011993408203,,824,0.013255900001240661,0.00414219999947818,0.004430599999977858,0.008572799999456038,0.007196299999122857,0.015769099998578895,0.029024999999819556,153944064
194,1305031108.843264,data\rgbd_dataset_freiburg1_xyz\rgb\1305031108.843264.png,data\rgbd_dataset_freiburg1_xyz\depth\1305031108.835163.png,0.00810098648071289,,800,0.01580889999968349,0.004564900000332273,0.0045874000006733695,0.009152300001005642,0.0078417000004265,0.01699400000143214,0.03280290000111563,154013696
195,1305031108.876515,data\rgbd_dataset_freiburg1_xyz\rgb\1305031108.876515.png,data\rgbd_dataset_freiburg1_xyz\depth\1305031108.867534.png,0.008980989456176758,,789,0.01638269999966724,0.004043999999339576,0.004493400001592818,0.008537400000932394,0.006661099998382269,0.015198499999314663,0.0315811999989819,151293952
196,1305031108.911364,data\rgbd_dataset_freiburg1_xyz\rgb\1305031108.911364.png,data\rgbd_dataset_freiburg1_xyz\depth\1305031108.903540.png,0.007824182510375977,,810,0.015387699999337201,0.004027300001325784,0.004877900000792579,0.008905200002118363,0.00629309999931138,0.015198300001429743,0.030586000000766944,154140672
197,1305031108.943243,data\rgbd_dataset_freiburg1_xyz\rgb\1305031108.943243.png,data\rgbd_dataset_freiburg1_xyz\depth\1305031108.935116.png,0.008126974105834961,,803,0.01304359999994631,0.003929399999833549,0.0050698000013653655,0.008999200001198915,0.00623999999879743,0.015239199999996345,0.028282799999942654,153579520
198,1305031108.975268,data\rgbd_dataset_freiburg1_xyz\rgb\1305031108.975268.png,data\rgbd_dataset_freiburg1_xyz\depth\1305031108.967245.png,0.008022785186767578,,850,0.013028499999563792,0.0038895999987289542,0.004691699999966659,0.008581299998695613,0.006613100000322447,0.01519439999901806,0.028222899998581852,151199744
199,1305031109.011269,data\rgbd_dataset_freiburg1_xyz\rgb\1305031109.011269.png,data\rgbd_dataset_freiburg1_xyz\depth\1305031109.003064.png,0.008205175399780273,,860,0.014119400000708993,0.0038807000000815606,0.004860199998802273,0.008740899998883833,0.007148300001063035,0.015889199999946868,0.03000860000065586,154148864
200,1305031109.043277,data\rgbd_dataset_freiburg1_xyz\rgb\1305031109.043277.png,data\rgbd_dataset_freiburg1_xyz\depth\1305031109.034955.png,0.008322000503540039,,851,0.015546500000709784,0.004686700000092969,0.004536100001132581,0.00922280000122555,0.006209099999978207,0.015431900001203758,0.030978400001913542,153538560
201,1305031109.07541,data\rgbd_dataset_freiburg1_xyz\rgb\1305031109.075410.png,data\rgbd_dataset_freiburg1_xyz\depth\1305031109.067091.png,0.008318901062011719,,864,0.013209400000050664,0.0037890000003244495,0.004993299999114242,0.008782299999438692,0.0061492000004363945,0.014931499999875086,0.02814089999992575,154173440
202,1305031109.111282,data\rgbd_dataset_freiburg1_xyz\rgb\1305031109.111282.png,data\rgbd_dataset_freiburg1_xyz\depth\1305031109.103294.png,0.007988214492797852,,869,0.013232699999207398,0.0038552999994863058,0.005578899999818532,0.009434199999304838,0.006634900000790367,0.016069100000095204,0.029301799999302602,151187456
203,1305031109.143334,data\rgbd_dataset_freiburg1_xyz\rgb\1305031109.143334.png,data\rgbd_dataset_freiburg1_xyz\depth\1305031109.134968.png,0.008365869522094727,,861,0.013575900000432739,0.0038606999987678137,0.004798800000571646,0.00865949999933946,0.006801599998652819,0.015461099997992278,0.029036999998425017,153763840
204,1305031109.175464,data\rgbd_dataset_freiburg1_xyz\rgb\1305031109.175464.png,data\rgbd_dataset_freiburg1_xyz\depth\1305031109.165848.png,0.009615898132324219,,857,0.014980399999330984,0.004547900000034133,0.00478339999972377,0.009331299999757903,0.006845100000646198,0.0161764000004041,0.031156799999735085,151187456
205,1305031109.211379,data\rgbd_dataset_freiburg1_xyz\rgb\1305031109.211379.png,data\rgbd_dataset_freiburg1_xyz\depth\1305031109.203388.png,0.00799107551574707,,895,0.013415700001132791,0.003785700000662473,0.003983700000389945,0.007769400001052418,0.006756299999324256,0.014525700000376673,0.027941400001509464,153862144
206,1305031109.24329,data\rgbd_dataset_freiburg1_xyz\rgb\1305031109.243290.png,data\rgbd_dataset_freiburg1_xyz\depth\1305031109.234324.png,0.00896596908569336,,888,0.012722399998892797,0.003974900000685011,0.004553999999188818,0.008528899999873829,0.006978900000831345,0.015507800000705174,0.02823019999959797,151261184
207,1305031109.275308,data\rgbd_dataset_freiburg1_xyz\rgb\1305031109.275308.png,data\rgbd_dataset_freiburg1_xyz\depth\1305031109.266325.png,0.00898289680480957,,869,0.013369099999181344,0.0037210999998933403,0.00463829999898735,0.00835939999888069,0.00687139999899955,0.01523079999788024,0.028599899997061584,153853952
208,1305031109.311329,data\rgbd_dataset_freiburg1_xyz\rgb\1305031109.311329.png,data\rgbd_dataset_freiburg1_xyz\depth\1305031109.303457.png,0.007871866226196289,,889,0.01295869999921706,0.0040834000010363525,0.005091000000902568,0.00917440000193892,0.006812999999965541,0.01598740000190446,0.028946100001121522,154210304
209,1305031109.343248,data\rgbd_dataset_freiburg1_xyz\rgb\1305031109.343248.png,data\rgbd_dataset_freiburg1_xyz\depth\1305031109.334602.png,0.008645772933959961,,918,0.012444800000594114,0.0037741000014648307,0.0046999000005598646,0.008474000002024695,0.007096700001056888,0.015570700003081583,0.028015500003675697,154222592
210,1305031109.375397,data\rgbd_dataset_freiburg1_xyz\rgb\1305031109.375397.png,data\rgbd_dataset_freiburg1_xyz\depth\1305031109.364882.png,0.010514974594116211,,919,0.01240950000101293,0.004044499999508844,0.004950000000462751,0.008994499999971595,0.0067910000016127015,0.015785500001584296,0.028195000002597226,151269376
211,1305031109.411329,data\rgbd_dataset_freiburg1_xyz\rgb\1305031109.411329.png,data\rgbd_dataset_freiburg1_xyz\depth\1305031109.403386.png,0.007942914962768555,,905,0.013738300000113668,0.003915400000551017,0.005050900001151604,0.00896630000170262,0.009555299999192357,0.018521600000894978,0.032259900001008646,153899008
212,1305031109.443302,data\rgbd_dataset_freiburg1_xyz\rgb\1305031109.443302.png,data\rgbd_dataset_freiburg1_xyz\depth\1305031109.434469.png,0.008832931518554688,,922,0.013735799999267329,0.0040055999998003244,0.0043268999997962965,0.008332499999596621,0.007051599999613245,0.015384099999209866,0.029119899998477194,154238976
213,1305031109.475363,data\rgbd_dataset_freiburg1_xyz\rgb\1305031109.475363.png,data\rgbd_dataset_freiburg1_xyz\depth\1305031109.467362.png,0.008001089096069336,,919,0.01291529999980412,0.003754800000024261,0.0049438999994890764,0.008698699999513337,0.006640999999945052,0.01533969999945839,0.02825499999926251,154243072
214,1305031109.511273,data\rgbd_dataset_freiburg1_xyz\rgb\1305031109.511273.png,data\rgbd_dataset_freiburg1_xyz\depth\1305031109.503193.png,0.008080005645751953,,914,0.01280159999987518,0.0037914000004093396,0.004549799999949755,0.008341200000359095,0.009549399999741581,0.017890600000100676,0.030692199999975855,154247168
215,1305031109.543294,data\rgbd_dataset_freiburg1_xyz\rgb\1305031109.543294.png,data\rgbd_dataset_freiburg1_xyz\depth\1305031109.535715.png,0.007578849792480469,,957,0.013036399999691639,0.0037432000008266186,0.0053467999987333314,0.00908999999955995,0.006315900000117836,0.015405899999677786,0.028442299999369425,154263552
216,1305031109.575362,data\rgbd_dataset_freiburg1_xyz\rgb\1305031109.575362.png,data\rgbd_dataset_freiburg1_xyz\depth\1305031109.567452.png,0.007910013198852539,,994,0.01278199999978824,0.003937999999834574,0.005233899999439018,0.009171899999273592,0.006188299999848823,0.015360199999122415,0.028142199998910655,154288128
217,1305031109.61131,data\rgbd_dataset_freiburg1_xyz\rgb\1305031109.611310.png,data\rgbd_dataset_freiburg1_xyz\depth\1305031109.603601.png,0.007709026336669922,,980,0.012745099998937803,0.0038046999998186948,0.005103500001496286,0.008908200001314981,0.006199999999807915,0.015108200001122896,0.0278533000000607,154312704
218,1305031109.643229,data\rgbd_dataset_freiburg1_xyz\rgb\1305031109.643229.png,data\rgbd_dataset_freiburg1_xyz\depth\1305031109.635323.png,0.007905960083007812,,996,0.01306289999956789,0.003773399999772664,0.005065199999080505,0.00883859999885317,0.006609600000956561,0.01544819999980973,0.02851109999937762,151343104
219,1305031109.675263,data\rgbd_dataset_freiburg1_xyz\rgb\1305031109.675263.png,data\rgbd_dataset_freiburg1_xyz\depth\1305031109.667570.png,0.007692813873291016,,986,0.013614899999083718,0.00391230000059295,0.004711999999926775,0.008624300000519725,0.006690099999104859,0.015314399999624584,0.028929299998708302,153571328
220,1305031109.711312,data\rgbd_dataset_freiburg1_xyz\rgb\1305031109.711312.png,data\rgbd_dataset_freiburg1_xyz\depth\1305031109.703265.png,0.008047103881835938,,995,0.012926200000947574,0.003786900000704918,0.00444939999943017,0.008236300000135088,0.006911999998919782,0.01514829999905487,0.028074500000002445,153415680
221,1305031109.743274,data\rgbd_dataset_freiburg1_xyz\rgb\1305031109.743274.png,data\rgbd_dataset_freiburg1_xyz\depth\1305031109.735059.png,0.008214950561523438,,975,0.013084099999105092,0.0037855999999010237,0.004686499998570071,0.008472099998471094,0.007767700000840705,0.0162397999993118,0.02932389999841689,154333184
222,1305031109.775277,data\rgbd_dataset_freiburg1_xyz\rgb\1305031109.775277.png,data\rgbd_dataset_freiburg1_xyz\depth\1305031109.767470.png,0.007807016372680664,,967,0.013189699999202276,0.003682200000184821,0.004780499999469612,0.008462699999654433,0.006620800000746385,0.015083500000400818,0.028273199999603094,153780224
223,1305031109.811371,data\rgbd_dataset_freiburg1_xyz\rgb\1305031109.811371.png,data\rgbd_dataset_freiburg1_xyz\depth\1305031109.803396.png,0.007975101470947266,,950,0.013194200000725687,0.0037326000001485227,0.005376699999033008,0.00910929999918153,0.007089499998983229,0.01619879999816476,0.029392999998890446,154456064
224,1305031109.843296,data\rgbd_dataset_freiburg1_xyz\rgb\1305031109.843296.png,data\rgbd_dataset_freiburg1_xyz\depth\1305031109.834910.png,0.00838613510131836,,939,0.012918700000227545,0.003891700000167475,0.004919899998640176,0.008811599998807651,0.00723909999942407,0.01605069999823172,0.028969399998459266,153935872
225,1305031109.875306,data\rgbd_dataset_freiburg1_xyz\rgb\1305031109.875306.png,data\rgbd_dataset_freiburg1_xyz\depth\1305031109.871271.png,0.004034996032714844,,942,0.015955899998516543,0.0045642000004590955,0.005177400000320631,0.009741600000779727,0.006723299999066512,0.01646489999984624,0.03242079999836278,154574848
226,1305031109.911265,data\rgbd_dataset_freiburg1_xyz\rgb\1305031109.911265.png,data\rgbd_dataset_freiburg1_xyz\depth\1305031109.900535.png,0.010729789733886719,,911,0.012948499999765772,0.003757799999220879,0.005051699999967241,0.00880949999918812,0.007311100000151782,0.016120599999339902,0.029069099999105674,154611712
227,1305031109.943299,data\rgbd_dataset_freiburg1_xyz\rgb\1305031109.943299.png,data\rgbd_dataset_freiburg1_xyz\depth\1305031109.934960.png,0.008339166641235352,,927,0.01513389999854553,0.004440499998963787,0.0050575999994180165,0.009498099998381804,0.0065031000012822915,0.016001199999664095,0.031135099998209625,154619904
228,1305031109.975258,data\rgbd_dataset_freiburg1_xyz\rgb\1305031109.975258.png,data\rgbd_dataset_freiburg1_xyz\depth\1305031109.970213.png,0.005045175552368164,,903,0.012791300001481432,0.0036997000006522285,0.004799299998921924,0.008498999999574153,0.007042600000204402,0.015541599999778555,0.028332900001259986,154656768
229,1305031110.011256,data\rgbd_dataset_freiburg1_xyz\rgb\1305031110.011256.png,data\rgbd_dataset_freiburg1_xyz\depth\1305031109.999657.png,0.011599063873291016,,961,0.012899999999717693,0.0038296000002446817,0.004680899999584653,0.008510499999829335,0.006706400001348811,0.015216900001178146,0.02811690000089584,154701824
230,1305031110.043299,data\rgbd_dataset_freiburg1_xyz\rgb\1305031110.043299.png,data\rgbd_dataset_freiburg1_xyz\depth\1305031110.031356.png,0.011942863464355469,,938,0.012958400000570691,0.004061800000272342,0.005129599998326739,0.009191399998599081,0.007106299999577459,0.01629769999817654,0.02925609999874723,151773184
231,1305031110.075319,data\rgbd_dataset_freiburg1_xyz\rgb\1305031110.075319.png,data\rgbd_dataset_freiburg1_xyz\depth\1305031110.068125.png,0.007194042205810547,,930,0.014452100000198698,0.00404530000014347,0.0046261000006779796,0.00867140000082145,0.006758899999113055,0.015430299999934505,0.029882400000133202,154464256
232,1305031110.111325,data\rgbd_dataset_freiburg1_xyz\rgb\1305031110.111325.png,data\rgbd_dataset_freiburg1_xyz\depth\1305031110.101397.png,0.009927988052368164,,954,0.01347870000063267,0.0036826999985350994,0.004936199999065138,0.008618899997600238,0.006909200001246063,0.015528099998846301,0.02900679999947897,154550272
233,1305031110.143432,data\rgbd_dataset_freiburg1_xyz\rgb\1305031110.143432.png,data\rgbd_dataset_freiburg1_xyz\depth\1305031110.132317.png,0.011114835739135742,,972,0.012953400000697002,0.0037418000010802643,0.005018199999540229,0.008760000000620494,0.007261899998411536,0.01602189999903203,0.02897529999972903,154578944
234,1305031110.175641,data\rgbd_dataset_freiburg1_xyz\rgb\1305031110.175641.png,data\rgbd_dataset_freiburg1_xyz\depth\1305031110.168323.png,0.007318019866943359,,976,0.013039600000411156,0.0036743000000569737,0.00491159999910451,0.008585899999161484,0.007203500001196517,0.015789400000358,0.028829000000769156,154583040
235,1305031110.211637,data\rgbd_dataset_freiburg1_xyz\rgb\1305031110.211637.png,data\rgbd_dataset_freiburg1_xyz\depth\1305031110.203162.png,0.008475065231323242,,965,0.012643500000194763,0.003846599998723832,0.0043048999996244675,0.0081514999983483,0.006957499999771244,0.015108999998119543,0.027752499998314306,154615808
236,1305031110.243323,data\rgbd_dataset_freiburg1_xyz\rgb\1305031110.243323.png,data\rgbd_dataset_freiburg1_xyz\depth\1305031110.234909.png,0.008414030075073242,,970,0.012904600000183564,0.00382519999948272,0.005110999998578336,0.008936199998061056,0.00915300000087882,0.018089199998939876,0.03099379999912344,154628096
237,1305031110.279321,data\rgbd_dataset_freiburg1_xyz\rgb\1305031110.279321.png,data\rgbd_dataset_freiburg1_xyz\depth\1305031110.271394.png,0.00792694091796875,,1024,0.012740200001644553,0.0035755000008066418,0.004908100001557614,0.008483600002364255,0.0071523000005981885,0.015635900002962444,0.028376100004606997,154628096
238,1305031110.311404,data\rgbd_dataset_freiburg1_xyz\rgb\1305031110.311404.png,data\rgbd_dataset_freiburg1_xyz\depth\1305031110.303648.png,0.00775599479675293,,1051,0.012964100000317558,0.003673299999718438,0.005186500000490923,0.008859800000209361,0.011286199998721713,0.020145999998931075,0.03311009999924863,151785472
239,1305031110.343355,data\rgbd_dataset_freiburg1_xyz\rgb\1305031110.343355.png,data\rgbd_dataset_freiburg1_xyz\depth\1305031110.331570.png,0.011785030364990234,,1105,0.015282200000001467,0.003674699999464792,0.005837900000187801,0.009512599999652593,0.007244899999932386,0.01675749999958498,0.032039699999586446,154402816
240,1305031110.379281,data\rgbd_dataset_freiburg1_xyz\rgb\1305031110.379281.png,data\rgbd_dataset_freiburg1_xyz\depth\1305031110.371607.png,0.007673978805541992,,1152,0.012804500000129337,0.003666999999040854,0.0050670000000536675,0.008733999999094522,0.007629700001416495,0.016363700000511017,0.029168200000640354,153874432
241,1305031110.411469,data\rgbd_dataset_freiburg1_xyz\rgb\1305031110.411469.png,data\rgbd_dataset_freiburg1_xyz\depth\1305031110.403480.png,0.007988929748535156,,1162,0.01260780000120576,0.0037639999991370132,0.005071499999758089,0.008835499998895102,0.011481100000310107,0.02031659999920521,0.03292440000041097,154697728
242,1305031110.44326,data\rgbd_dataset_freiburg1_xyz\rgb\1305031110.443260.png,data\rgbd_dataset_freiburg1_xyz\depth\1305031110.435647.png,0.007612943649291992,,1206,0.012885300000561983,0.0037950000005366746,0.005739700000049197,0.009534700000585872,0.007678400001168484,0.017213100001754356,0.03009840000231634,154714112
243,1305031110.479331,data\rgbd_dataset_freiburg1_xyz\rgb\1305031110.479331.png,data\rgbd_dataset_freiburg1_xyz\depth\1305031110.470588.png,0.008743047714233398,,1269,0.012883900000815629,0.003999799999292009,0.005634400000417372,0.00963419999970938,0.007542999999714084,0.017177199999423465,0.030061100000239094,154198016
244,1305031110.511429,data\rgbd_dataset_freiburg1_xyz\rgb\1305031110.511429.png,data\rgbd_dataset_freiburg1_xyz\depth\1305031110.502539.png,0.008890151977539062,,1310,0.0129612000000634,0.0037558999993052566,0.004686000000219792,0.008441899999525049,0.0077990999998291954,0.016240999999354244,0.029202199999417644,154816512
245,1305031110.543408,data\rgbd_dataset_freiburg1_xyz\rgb\1305031110.543408.png,data\rgbd_dataset_freiburg1_xyz\depth\1305031110.534532.png,0.008875846862792969,,1349,0.012717599998723017,0.003838099999484257,0.005378199999540811,0.009216299999025068,0.007767400000375346,0.016983699999400415,0.02970129999812343,154849280
246,1305031110.579426,data\rgbd_dataset_freiburg1_xyz\rgb\1305031110.579426.png,data\rgbd_dataset_freiburg1_xyz\depth\1305031110.571676.png,0.007750034332275391,,1360,0.012744900001052883,0.003958199999033241,0.004753000001073815,0.008711200000107056,0.008415500000410248,0.017126700000517303,0.029871600001570187,154861568
247,1305031110.611307,data\rgbd_dataset_freiburg1_xyz\rgb\1305031110.611307.png,data\rgbd_dataset_freiburg1_xyz\depth\1305031110.604289.png,0.007017850875854492,,1355,0.013049999999566353,0.004112499998882413,0.00513649999993504,0.009248999998817453,0.01233680000041204,0.021585799999229494,0.034635799998795846,154861568
248,1305031110.643418,data\rgbd_dataset_freiburg1_xyz\rgb\1305031110.643418.png,data\rgbd_dataset_freiburg1_xyz\depth\1305031110.635485.png,0.00793313980102539,,1382,0.014232199999241857,0.003859599999486818,0.005215700000917423,0.00907530000040424,0.007663599999432336,0.016738899999836576,0.030971099999078433,154873856
249,1305031110.679606,data\rgbd_dataset_freiburg1_xyz\rgb\1305031110.679606.png,data\rgbd_dataset_freiburg1_xyz\depth\1305031110.671775.png,0.00783085823059082,,1381,0.013303699999596574,0.003991899999164161,0.005295400000250083,0.009287299999414245,0.008184599999367492,0.017471899998781737,0.03077559999837831,154877952
250,1305031110.711412,data\rgbd_dataset_freiburg1_xyz\rgb\1305031110.711412.png,data\rgbd_dataset_freiburg1_xyz\depth\1305031110.699957.png,0.011455059051513672,,1399,0.013368500000069616,0.004073399999469984,0.004863399999521789,0.008936799998991773,0.008023599999432918,0.01696039999842469,0.030328899998494308,154882048
251,1305031110.743249,data\rgbd_dataset_freiburg1_xyz\rgb\1305031110.743249.png,data\rgbd_dataset_freiburg1_xyz\depth\1305031110.735440.png,0.0078089237213134766,,1370,0.012824099998397287,0.0040067000009003095,0.004811900000277092,0.008818600001177401,0.007684000000153901,0.016502600001331302,0.02932669999972859,154910720
252,1305031110.779193,data\rgbd_dataset_freiburg1_xyz\rgb\1305031110.779193.png,data\rgbd_dataset_freiburg1_xyz\depth\1305031110.769734.png,0.00945901870727539,,1392,0.013452600000164239,0.0038860000004206086,0.005527199999050936,0.009413199999471544,0.007651500000065425,0.01706469999953697,0.03051729999970121,154923008
253,1305031110.811386,data\rgbd_dataset_freiburg1_xyz\rgb\1305031110.811386.png,data\rgbd_dataset_freiburg1_xyz\depth\1305031110.799684.png,0.01170206069946289,,1335,0.013027499999225256,0.003762500000448199,0.005309299998771166,0.009071799999219365,0.007369299999481882,0.016441099998701247,0.029468599997926503,154931200
254,1305031110.843218,data\rgbd_dataset_freiburg1_xyz\rgb\1305031110.843218.png,data\rgbd_dataset_freiburg1_xyz\depth\1305031110.835248.png,0.007970094680786133,,1367,0.013134900000295602,0.0038161000011314172,0.004855600000155391,0.008671700001286808,0.009953300001143361,0.01862500000243017,0.03175990000272577,151855104
255,1305031110.879313,data\rgbd_dataset_freiburg1_xyz\rgb\1305031110.879313.png,data\rgbd_dataset_freiburg1_xyz\depth\1305031110.871293.png,0.00801992416381836,,1365,0.014144599999781349,0.004205400000500958,0.005528700001377729,0.009734100001878687,0.008075499999904423,0.01780960000178311,0.03195420000156446,154390528
256,1305031110.911333,data\rgbd_dataset_freiburg1_xyz\rgb\1305031110.911333.png,data\rgbd_dataset_freiburg1_xyz\depth\1305031110.901900.png,0.00943303108215332,,1353,0.012981300000319607,0.003702300000441028,0.0053026000005047536,0.009004900000945781,0.007227800000691786,0.016232700001637568,0.029214000001957174,154492928
257,1305031110.943862,data\rgbd_dataset_freiburg1_xyz\rgb\1305031110.943862.png,data\rgbd_dataset_freiburg1_xyz\depth\1305031110.938668.png,0.005193948745727539,,1351,0.013056599998890306,0.003681700000015553,0.005056200001490652,0.008737900001506205,0.008012199999939185,0.01675010000144539,0.029806700000335695,154603520
258,1305031110.979345,data\rgbd_dataset_freiburg1_xyz\rgb\1305031110.979345.png,data\rgbd_dataset_freiburg1_xyz\depth\1305031110.971316.png,0.008028984069824219,,1340,0.013191300000471529,0.003750699999727658,0.005571300000156043,0.009321999999883701,0.0069565000012516975,0.0162785000011354,0.029469800001606927,154628096
259,1305031111.011431,data\rgbd_dataset_freiburg1_xyz\rgb\1305031111.011431.png,data\rgbd_dataset_freiburg1_xyz\depth\1305031111.003669.png,0.007761955261230469,,1363,0.013214900000093621,0.003986800000348012,0.005191099999137805,0.009177899999485817,0.007419999999910942,0.01659789999939676,0.02981279999949038,154841088
260,1305031111.043327,data\rgbd_dataset_freiburg1_xyz\rgb\1305031111.043327.png,data\rgbd_dataset_freiburg1_xyz\depth\1305031111.039669.png,0.0036580562591552734,,1378,0.012903600001664017,0.003887400000166963,0.005256700000245473,0.009144100000412436,0.011574300000575022,0.020718400000987458,0.033622000002651475,154898432
261,1305031111.079283,data\rgbd_dataset_freiburg1_xyz\rgb\1305031111.079283.png,data\rgbd_dataset_freiburg1_xyz\depth\1305031111.071605.png,0.007678031921386719,,1364,0.013091000000713393,0.003911499999958323,0.005253100000118138,0.009164600000076462,0.007941600000776816,0.017106200000853278,0.03019720000156667,154902528
262,1305031111.111508,data\rgbd_dataset_freiburg1_xyz\rgb\1305031111.111508.png,data\rgbd_dataset_freiburg1_xyz\depth\1305031111.103658.png,0.007849931716918945,,1342,0.012958400000570691,0.003925099999833037,0.005149099999471218,0.009074199999304255,0.00758270000005723,0.016656899999361485,0.029615299999932176,154349568
263,1305031111.143257,data\rgbd_dataset_freiburg1_xyz\rgb\1305031111.143257.png,data\rgbd_dataset_freiburg1_xyz\depth\1305031111.139211.png,0.004045963287353516,,1331,0.013514100000975304,0.003929800001060357,0.005731900000682799,0.009661700001743156,0.007593099999212427,0.017254800000955584,0.030768900001930888,155160576
264,1305031111.179326,data\rgbd_dataset_freiburg1_xyz\rgb\1305031111.179326.png,data\rgbd_dataset_freiburg1_xyz\depth\1305031111.170937.png,0.008388996124267578,,1328,0.012584099999003229,0.004058299999087467,0.0052288999995653285,0.009287199998652795,0.008379999999306165,0.01766719999795896,0.03025129999696219,155205632
265,1305031111.211433,data\rgbd_dataset_freiburg1_xyz\rgb\1305031111.211433.png,data\rgbd_dataset_freiburg1_xyz\depth\1305031111.199395.png,0.012037992477416992,,1323,0.013218500000220956,0.004018999999971129,0.005355700001018704,0.009374700000989833,0.007296899999346351,0.016671600000336184,0.02989010000055714,155222016
266,1305031111.243236,data\rgbd_dataset_freiburg1_xyz\rgb\1305031111.243236.png,data\rgbd_dataset_freiburg1_xyz\depth\1305031111.236670.png,0.006566047668457031,,1268,0.012759299999743234,0.0037752000007458264,0.005147400001078495,0.008922600001824321,0.00821439999890572,0.01713700000073004,0.029896300000473275,155242496
267,1305031111.279308,data\rgbd_dataset_freiburg1_xyz\rgb\1305031111.279308.png,data\rgbd_dataset_freiburg1_xyz\depth\1305031111.269939.png,0.009369134902954102,,1224,0.012780999999449705,0.003933199999664794,0.005001999999876716,0.00893519999954151,0.00726089999989199,0.0161960999994335,0.028977099998883205,155267072
268,1305031111.311547,data\rgbd_dataset_freiburg1_xyz\rgb\1305031111.311547.png,data\rgbd_dataset_freiburg1_xyz\depth\1305031111.302311.png,0.00923609733581543,,1241,0.012889300000097137,0.0037706000002799556,0.005438799998955801,0.009209399999235757,0.008116400000290014,0.01732579999952577,0.030215099999622907,155291648
269,1305031111.343397,data\rgbd_dataset_freiburg1_xyz\rgb\1305031111.343397.png,data\rgbd_dataset_freiburg1_xyz\depth\1305031111.339460.png,0.0039370059967041016,,1200,0.013420499999483582,0.0038764999990235083,0.004940300001180731,0.008816800000204239,0.007460299999365816,0.016277099999570055,0.029697599999053637,155295744
270,1305031111.379134,data\rgbd_dataset_freiburg1_xyz\rgb\1305031111.379134.png,data\rgbd_dataset_freiburg1_xyz\depth\1305031111.370908.png,0.00822591781616211,,1185,0.012944000000061351,0.0037573000008706003,0.004900500000076136,0.008657800000946736,0.008035999999265186,0.016693800000211922,0.029637800000273273,152182784
271,1305031111.411296,data\rgbd_dataset_freiburg1_xyz\rgb\1305031111.411296.png,data\rgbd_dataset_freiburg1_xyz\depth\1305031111.402911.png,0.008384943008422852,,1188,0.01629740000134916,0.004580400000122609,0.005163699999684468,0.009744099999807077,0.00739620000058494,0.017140300000392017,0.03343770000174118,154812416
272,1305031111.443386,data\rgbd_dataset_freiburg1_xyz\rgb\1305031111.443386.png,data\rgbd_dataset_freiburg1_xyz\depth\1305031111.438948.png,0.004438161849975586,,1165,0.012904700000945013,0.0037394999999378342,0.004489799999646493,0.008229299999584327,0.010339700000258745,0.018568999999843072,0.031473700000788085,155009024
273,1305031111.479259,data\rgbd_dataset_freiburg1_xyz\rgb\1305031111.479259.png,data\rgbd_dataset_freiburg1_xyz\depth\1305031111.470919.png,0.008340120315551758,,1197,0.012817000000723056,0.0037742999993497506,0.004847199999858276,0.008621499999208027,0.007532400000854977,0.016153900000063004,0.02897090000078606,155021312
274,1305031111.511264,data\rgbd_dataset_freiburg1_xyz\rgb\1305031111.511264.png,data\rgbd_dataset_freiburg1_xyz\depth\1305031111.503531.png,0.00773310661315918,,1121,0.012836900001275353,0.0039562000001751585,0.004928700000164099,0.008884900000339258,0.008023899999898276,0.016908800000237534,0.029745700001512887,155021312
275,1305031111.54325,data\rgbd_dataset_freiburg1_xyz\rgb\1305031111.543250.png,data\rgbd_dataset_freiburg1_xyz\depth\1305031111.539482.png,0.0037679672241210938,,1073,0.012667699998928583,0.0038248000000749016,0.004858000000240281,0.008682800000315183,0.007157100000767969,0.01583990000108315,0.028507600000011735,155054080
276,1305031111.579237,data\rgbd_dataset_freiburg1_xyz\rgb\1305031111.579237.png,data\rgbd_dataset_freiburg1_xyz\depth\1305031111.571320.png,0.007916927337646484,,1059,0.01270719999956782,0.0038116999985504663,0.0054372999984479975,0.009248999996998464,0.010639800000717514,0.019888799997715978,0.0325959999972838,155054080
277,1305031111.611271,data\rgbd_dataset_freiburg1_xyz\rgb\1305031111.611271.png,data\rgbd_dataset_freiburg1_xyz\depth\1305031111.603391.png,0.007879972457885742,,1018,0.012863800000559422,0.0037594999994325917,0.004599600000801729,0.00835910000023432,0.009629000000131782,0.017988100000366103,0.030851900000925525,155074560
278,1305031111.643395,data\rgbd_dataset_freiburg1_xyz\rgb\1305031111.643395.png,data\rgbd_dataset_freiburg1_xyz\depth\1305031111.639405.png,0.0039899349212646484,,1004,0.012945899999976973,0.003769799999645329,0.005262000000584521,0.00903180000022985,0.006840500000180327,0.015872300000410178,0.02881820000038715,155082752
279,1305031111.67932,data\rgbd_dataset_freiburg1_xyz\rgb\1305031111.679320.png,data\rgbd_dataset_freiburg1_xyz\depth\1305031111.671252.png,0.008068084716796875,,1029,0.01257890000124462,0.003932500001610606,0.004930000000967993,0.0088625000025786,0.0072184000000561355,0.016080900002634735,0.028659800003879354,155086848
280,1305031111.71176,data\rgbd_dataset_freiburg1_xyz\rgb\1305031111.711760.png,data\rgbd_dataset_freiburg1_xyz\depth\1305031111.703791.png,0.007969141006469727,,970,0.012638099999094266,0.0037118999989615986,0.004863000000113971,0.00857489999907557,0.006930100000317907,0.015504999999393476,0.02814309999848774,155115520
281,1305031111.743386,data\rgbd_dataset_freiburg1_xyz\rgb\1305031111.743386.png,data\rgbd_dataset_freiburg1_xyz\depth\1305031111.739504.png,0.0038819313049316406,,947,0.012517500001195003,0.003756699999939883,0.00460910000037984,0.008365800000319723,0.007341900000028545,0.015707700000348268,0.02822520000154327,155119616
282,1305031111.779423,data\rgbd_dataset_freiburg1_xyz\rgb\1305031111.779423.png,data\rgbd_dataset_freiburg1_xyz\depth\1305031111.771228.png,0.008194923400878906,,925,0.012400100000377279,0.0038695999992341967,0.004491599998800666,0.008361199998034863,0.006637200000113808,0.01499839999814867,0.02739849999852595,155123712
283,1305031111.811406,data\rgbd_dataset_freiburg1_xyz\rgb\1305031111.811406.png,data\rgbd_dataset_freiburg1_xyz\depth\1305031111.800077.png,0.011328935623168945,,903,0.012591800001246156,0.004065400000399677,0.004988200000298093,0.00905360000069777,0.007081499999912921,0.01613510000061069,0.028726900001856848,155148288
284,1305031111.843299,data\rgbd_dataset_freiburg1_xyz\rgb\1305031111.843299.png,data\rgbd_dataset_freiburg1_xyz\depth\1305031111.839333.png,0.003965854644775391,,838,0.01283549999971001,0.003775000001041917,0.00457769999957236,0.008352700000614277,0.006626599999435712,0.014979300000049989,0.027814799999759998,155156480
285,1305031111.879442,data\rgbd_dataset_freiburg1_xyz\rgb\1305031111.879442.png,data\rgbd_dataset_freiburg1_xyz\depth\1305031111.870985.png,0.008456945419311523,,868,0.012972099999387865,0.004161099999691942,0.00505180000072869,0.009212900000420632,0.007322399998884066,0.016535299999304698,0.029507399998692563,155443200
286,1305031111.911354,data\rgbd_dataset_freiburg1_xyz\rgb\1305031111.911354.png,data\rgbd_dataset_freiburg1_xyz\depth\1305031111.903356.png,0.007997989654541016,,866,0.01296619999993709,0.0037337000012485078,0.00492130000020552,0.008655000001454027,0.007291599999007303,0.01594660000046133,0.02891280000039842,155443200
287,1305031111.9433,data\rgbd_dataset_freiburg1_xyz\rgb\1305031111.943300.png,data\rgbd_dataset_freiburg1_xyz\depth\1305031111.939680.png,0.0036199092864990234,,805,0.014733699999851524,0.003681000000142376,0.004922000000078697,0.008603000000221073,0.006245599999601836,0.014848599999822909,0.029582299999674433,155455488
288,1305031111.979449,data\rgbd_dataset_freiburg1_xyz\rgb\1305031111.979449.png,data\rgbd_dataset_freiburg1_xyz\depth\1305031111.971494.png,0.007955074310302734,,875,0.012925900000482216,0.003676199999972596,0.004658300000301097,0.008334500000273692,0.0063526000012643635,0.014687100001538056,0.02761300000202027,155467776
289,1305031112.011433,data\rgbd_dataset_freiburg1_xyz\rgb\1305031112.011433.png,data\rgbd_dataset_freiburg1_xyz\depth\1305031112.003596.png,0.00783681869506836,,847,0.012972999998964951,0.0037336000004870584,0.004873500000030617,0.008607100000517676,0.007041499999104417,0.015648599999622093,0.028621599998587044,155471872
290,1305031112.04327,data\rgbd_dataset_freiburg1_xyz\rgb\1305031112.043270.png,data\rgbd_dataset_freiburg1_xyz\depth\1305031112.039412.png,0.0038580894470214844,,868,0.012899100000140606,0.003703000000314205,0.004586400000334834,0.008289400000649039,0.008014699998966535,0.016304099999615573,0.02920319999975618,155480064
291,1305031112.079339,data\rgbd_dataset_freiburg1_xyz\rgb\1305031112.079339.png,data\rgbd_dataset_freiburg1_xyz\depth\1305031112.070731.png,0.008608102798461914,,888,0.012220100001286482,0.00408169999900565,0.004971500000465312,0.009053199999470962,0.007278299999597948,0.01633149999906891,0.028551600000355393,155492352
292,1305031112.111423,data\rgbd_dataset_freiburg1_xyz\rgb\1305031112.111423.png,data\rgbd_dataset_freiburg1_xyz\depth\1305031112.102495.png,0.008928060531616211,,849,0.01235899999846879,0.00382519999948272,0.005053400000178954,0.008878599999661674,0.006533499999932246,0.01541209999959392,0.02777109999806271,155496448
293,1305031112.144342,data\rgbd_dataset_freiburg1_xyz\rgb\1305031112.144342.png,data\rgbd_dataset_freiburg1_xyz\depth\1305031112.139107.png,0.005234956741333008,,835,0.012772799998856499,0.0038397999996959697,0.005117100001371,0.00895690000106697,0.006879300000946387,0.015836200002013356,0.028609000000869855,155500544
294,1305031112.17939,data\rgbd_dataset_freiburg1_xyz\rgb\1305031112.179390.png,data\rgbd_dataset_freiburg1_xyz\depth\1305031112.169345.png,0.010045051574707031,,825,0.012645900000279653,0.003753000000870088,0.004458600000361912,0.008211600001232,0.006900899999891408,0.015112500001123408,0.02775840000140306,155508736
295,1305031112.211254,data\rgbd_dataset_freiburg1_xyz\rgb\1305031112.211254.png,data\rgbd_dataset_freiburg1_xyz\depth\1305031112.207733.png,0.003520965576171875,,842,0.012699400000201422,0.0040002999994612765,0.005267300000923569,0.009267600000384846,0.006549300000187941,0.015816900000572787,0.02851630000077421,155516928
296,1305031112.243369,data\rgbd_dataset_freiburg1_xyz\rgb\1305031112.243369.png,data\rgbd_dataset_freiburg1_xyz\depth\1305031112.235657.png,0.007712125778198242,,839,0.012564000000566011,0.00396069999987958,0.004677400000218768,0.008638100000098348,0.006959399999686866,0.015597499999785214,0.028161500000351225,155521024
297,1305031112.279353,data\rgbd_dataset_freiburg1_xyz\rgb\1305031112.279353.png,data\rgbd_dataset_freiburg1_xyz\depth\1305031112.269488.png,0.00986480712890625,,858,0.01522819999991043,0.004670399999668007,0.004960399999617948,0.009630799999285955,0.008948699998654774,0.01857949999794073,0.03380769999785116,155529216
298,1305031112.311312,data\rgbd_dataset_freiburg1_xyz\rgb\1305031112.311312.png,data\rgbd_dataset_freiburg1_xyz\depth\1305031112.303591.png,0.007720947265625,,845,0.013143400001354166,0.0037848000010853866,0.004742500001157168,0.008527300002242555,0.006483200000729994,0.015010500002972549,0.028153900004326715,155541504
299,1305031112.343323,data\rgbd_dataset_freiburg1_xyz\rgb\1305031112.343323.png,data\rgbd_dataset_freiburg1_xyz\depth\1305031112.335789.png,0.007534027099609375,,848,0.01285219999954279,0.0036080999998375773,0.0051727000009123,0.008780800000749878,0.006827299999713432,0.01560810000046331,0.0284603000000061,155545600
300,1305031112.37936,data\rgbd_dataset_freiburg1_xyz\rgb\1305031112.379360.png,data\rgbd_dataset_freiburg1_xyz\depth\1305031112.371231.png,0.008128881454467773,,850,0.01540000000022701,0.003866699998980039,0.004690600000685663,0.008557299999665702,0.006419299999834038,0.01497659999949974,0.03037659999972675,155557888
301,1305031112.411442,data\rgbd_dataset_freiburg1_xyz\rgb\1305031112.411442.png,data\rgbd_dataset_freiburg1_xyz\depth\1305031112.407491.png,0.003951072692871094,,832,0.012953600000400911,0.0036252999998396263,0.004766900001413887,0.008392200001253514,0.006348200000502402,0.014740400001755916,0.027694000002156827,155561984
302,1305031112.443391,data\rgbd_dataset_freiburg1_xyz\rgb\1305031112.443391.png,data\rgbd_dataset_freiburg1_xyz\depth\1305031112.439064.png,0.004327058792114258,,864,0.012848099999246188,0.0036598999995476333,0.004901300000710762,0.008561200000258395,0.006785200001104386,0.015346400001362781,0.02819450000060897,155574272
303,1305031112.479418,data\rgbd_dataset_freiburg1_xyz\rgb\1305031112.479418.png,data\rgbd_dataset_freiburg1_xyz\depth\1305031112.471066.png,0.008352041244506836,,884,0.013130799999998999,0.0038788999991083983,0.0047885000003589084,0.008667399999467307,0.006636800000705989,0.015304200000173296,0.028435000000172295,155574272
304,1305031112.511504,data\rgbd_dataset_freiburg1_xyz\rgb\1305031112.511504.png,data\rgbd_dataset_freiburg1_xyz\depth\1305031112.506669.png,0.004834890365600586,,862,0.013235300000815187,0.003605500000048778,0.004556399999273708,0.008161899999322486,0.00660029999926337,0.014762199998585857,0.027997499999401043,155578368
305,1305031112.543212,data\rgbd_dataset_freiburg1_xyz\rgb\1305031112.543212.png,data\rgbd_dataset_freiburg1_xyz\depth\1305031112.538310.png,0.004901885986328125,,867,0.013318699999217642,0.0039037000005919253,0.005147500000020955,0.00905120000061288,0.006414999999833526,0.015466200000446406,0.02878489999966405,155582464
306,1305031112.579252,data\rgbd_dataset_freiburg1_xyz\rgb\1305031112.579252.png,data\rgbd_dataset_freiburg1_xyz\depth\1305031112.567470.png,0.011781930923461914,,883,0.013190100000429084,0.0036787000008189352,0.004912099999273778,0.008590800000092713,0.006435100000089733,0.015025900000182446,0.02821600000061153,155586560
307,1305031112.611261,data\rgbd_dataset_freiburg1_xyz\rgb\1305031112.611261.png,data\rgbd_dataset_freiburg1_xyz\depth\1305031112.606742.png,0.004518985748291016,,878,0.012720099999569356,0.0035712999997485895,0.0051778999986709096,0.008749199998419499,0.006757099999958882,0.015506299998378381,0.028226399997947738,155594752
308,1305031112.643246,data\rgbd_dataset_freiburg1_xyz\rgb\1305031112.643246.png,data\rgbd_dataset_freiburg1_xyz\depth\1305031112.639418.png,0.0038280487060546875,,911,0.015435799999977462,0.00450269999964803,0.004641300000002957,0.009143999999650987,0.00999509999928705,0.019139099998938036,0.0345748999989155,155602944
309,1305031112.679952,data\rgbd_dataset_freiburg1_xyz\rgb\1305031112.679952.png,data\rgbd_dataset_freiburg1_xyz\depth\1305031112.671325.png,0.008626937866210938,,883,0.015383200001451769,0.0043375000004743924,0.004610599999068654,0.008948099999543047,0.006453600000895676,0.015401700000438723,0.03078490000189049,155602944
310,1305031112.711251,data\rgbd_dataset_freiburg1_xyz\rgb\1305031112.711251.png,data\rgbd_dataset_freiburg1_xyz\depth\1305031112.707325.png,0.00392603874206543,,855,0.01300730000002659,0.003643400001237751,0.004619499999535037,0.008262900000772788,0.006433699998524389,0.014696599999297177,0.027703899999323767,155607040
311,1305031112.743245,data\rgbd_dataset_freiburg1_xyz\rgb\1305031112.743245.png,data\rgbd_dataset_freiburg1_xyz\depth\1305031112.739546.png,0.0036988258361816406,,844,0.01293710000027204,0.003963699999076198,0.0051436000012472505,0.009107300000323448,0.006650199999057804,0.015757499999381253,0.028694599999653292,152489984
312,1305031112.77931,data\rgbd_dataset_freiburg1_xyz\rgb\1305031112.779310.png,data\rgbd_dataset_freiburg1_xyz\depth\1305031112.771523.png,0.007786989212036133,,807,0.014015099999596714,0.003910700001142686,0.0046143999988998985,0.008525100000042585,0.0061426000011124415,0.014667700001155026,0.02868280000075174,155353088
313,1305031112.81131,data\rgbd_dataset_freiburg1_xyz\rgb\1305031112.811310.png,data\rgbd_dataset_freiburg1_xyz\depth\1305031112.807539.png,0.003771066665649414,,771,0.013414399998509907,0.003817400000116322,0.005055999999967753,0.008873400000084075,0.0065374999994674,0.015410899999551475,0.028825299998061382,155381760
314,1305031112.843286,data\rgbd_dataset_freiburg1_xyz\rgb\1305031112.843286.png,data\rgbd_dataset_freiburg1_xyz\depth\1305031112.839560.png,0.0037260055541992188,,765,0.013235800000984455,0.003833400000075926,0.004944700000123703,0.008778100000199629,0.0064550000006420305,0.01523310000084166,0.028468900001826114,155414528
315,1305031112.879421,data\rgbd_dataset_freiburg1_xyz\rgb\1305031112.879421.png,data\rgbd_dataset_freiburg1_xyz\depth\1305031112.871083.png,0.008337974548339844,,783,0.013133800001014606,0.004175699999905191,0.004258500001014909,0.0084342000009201,0.006313699999736855,0.014747900000656955,0.02788170000167156,155422720
316,1305031112.911411,data\rgbd_dataset_freiburg1_xyz\rgb\1305031112.911411.png,data\rgbd_dataset_freiburg1_xyz\depth\1305031112.907246.png,0.004164934158325195,,743,0.013114399998812587,0.0036569999992934754,0.00494539999999688,0.008602399999290355,0.00598579999859794,0.014588199997888296,0.027702599996700883,155439104
317,1305031112.943321,data\rgbd_dataset_freiburg1_xyz\rgb\1305031112.943321.png,data\rgbd_dataset_freiburg1_xyz\depth\1305031112.939323.png,0.0039980411529541016,,749,0.012446200000340468,0.00377449999905366,0.004597400000420748,0.008371899999474408,0.00631729999986419,0.014689199999338598,0.027135399999679066,155443200
318,1305031112.979278,data\rgbd_dataset_freiburg1_xyz\rgb\1305031112.979278.png,data\rgbd_dataset_freiburg1_xyz\depth\1305031112.971164.png,0.008114099502563477,,717,0.0129464999990887,0.0037807999997312436,0.004910100000415696,0.00869090000014694,0.006502100000943756,0.015193000001090695,0.028139500000179396,155451392
319,1305031113.011353,data\rgbd_dataset_freiburg1_xyz\rgb\1305031113.011353.png,data\rgbd_dataset_freiburg1_xyz\depth\1305031113.007166.png,0.004187107086181641,,728,0.013062599999102531,0.0036791999991692137,0.004632400001355563,0.008311600000524777,0.006292899999607471,0.014604500000132248,0.02766709999923478,152326144
320,1305031113.043231,data\rgbd_dataset_freiburg1_xyz\rgb\1305031113.043231.png,data\rgbd_dataset_freiburg1_xyz\depth\1305031113.039492.png,0.0037391185760498047,,727,0.013648099999045371,0.003894300001775264,0.005053699998825323,0.008948000000600587,0.00713999999970838,0.016088000000308966,0.029736099999354337,155062272
321,1305031113.079251,data\rgbd_dataset_freiburg1_xyz\rgb\1305031113.079251.png,data\rgbd_dataset_freiburg1_xyz\depth\1305031113.071210.png,0.008041143417358398,,737,0.014564400000381283,0.004898499999399064,0.005037099999753991,0.009935599999153055,0.0068126999995001825,0.016748299998653238,0.03131269999903452,155160576
322,1305031113.111316,data\rgbd_dataset_freiburg1_xyz\rgb\1305031113.111316.png,data\rgbd_dataset_freiburg1_xyz\depth\1305031113.107662.png,0.003654003143310547,,756,0.012537399999928311,0.0037849999989703065,0.0047452999988308875,0.008530299997801194,0.009136900000157766,0.01766719999795896,0.03020459999788727,155181056
323,1305031113.143306,data\rgbd_dataset_freiburg1_xyz\rgb\1305031113.143306.png,data\rgbd_dataset_freiburg1_xyz\depth\1305031113.139664.png,0.0036420822143554688,,804,0.013029499999902328,0.003994300001068041,0.005645399998684297,0.009639699999752338,0.006673200001387158,0.016312900001139496,0.029342400001041824,155549696
324,1305031113.179343,data\rgbd_dataset_freiburg1_xyz\rgb\1305031113.179343.png,data\rgbd_dataset_freiburg1_xyz\depth\1305031113.171088.png,0.0082550048828125,,793,0.01242409999940719,0.003920600000128616,0.004752400000143098,0.008673000000271713,0.006368700000166427,0.01504170000043814,0.02746579999984533,155566080
325,1305031113.211259,data\rgbd_dataset_freiburg1_xyz\rgb\1305031113.211259.png,data\rgbd_dataset_freiburg1_xyz\depth\1305031113.207181.png,0.004077911376953125,,802,0.01229339999918011,0.003826999998636893,0.004729800000859541,0.008556799999496434,0.010019899998951587,0.01857669999844802,0.03087009999762813,152702976
326,1305031113.243227,data\rgbd_dataset_freiburg1_xyz\rgb\1305031113.243227.png,data\rgbd_dataset_freiburg1_xyz\depth\1305031113.239732.png,0.0034949779510498047,,804,0.013367199999265722,0.004098100000192062,0.005341300000509364,0.009439400000701426,0.006268600000112201,0.015708000000813627,0.02907520000007935,155238400
327,1305031113.279312,data\rgbd_dataset_freiburg1_xyz\rgb\1305031113.279312.png,data\rgbd_dataset_freiburg1_xyz\depth\1305031113.271470.png,0.007841825485229492,,840,0.012705799999821465,0.003926600000340841,0.005295799999657902,0.009222399999998743,0.006476200000179233,0.015698600000177976,0.02840439999999944,152465408
328,1305031113.311452,data\rgbd_dataset_freiburg1_xyz\rgb\1305031113.311452.png,data\rgbd_dataset_freiburg1_xyz\depth\1305031113.307323.png,0.004128932952880859,,833,0.013516799999706564,0.004015599999547703,0.0045226000002003275,0.00853819999974803,0.009602500000255532,0.018140700000003562,0.031657499999710126,155156480
329,1305031113.343252,data\rgbd_dataset_freiburg1_xyz\rgb\1305031113.343252.png,data\rgbd_dataset_freiburg1_xyz\depth\1305031113.339396.png,0.0038559436798095703,,873,0.012686899999607704,0.003928699999960372,0.004723000000012689,0.008651699999973061,0.006757199998901342,0.015408899998874404,0.028095799998482107,155176960
330,1305031113.379312,data\rgbd_dataset_freiburg1_xyz\rgb\1305031113.379312.png,data\rgbd_dataset_freiburg1_xyz\depth\1305031113.371377.png,0.007935047149658203,,922,0.013041500000326778,0.0037736999984190334,0.005334299999958603,0.009107999998377636,0.006718700000419631,0.015826699998797267,0.028868199999124045,155189248
331,1305031113.411625,data\rgbd_dataset_freiburg1_xyz\rgb\1305031113.411625.png,data\rgbd_dataset_freiburg1_xyz\depth\1305031113.407351.png,0.004273891448974609,,931,0.012450300000637071,0.0038291999990178738,0.004948499999954947,0.008777699998972821,0.006831900000179303,0.015609599999152124,0.028059899999789195,155238400
332,1305031113.443266,data\rgbd_dataset_freiburg1_xyz\rgb\1305031113.443266.png,data\rgbd_dataset_freiburg1_xyz\depth\1305031113.439787.png,0.00347900390625,,974,0.012930500000948086,0.003880399999616202,0.0049890000009327196,0.008869400000548922,0.006477500000983127,0.015346900001532049,0.028277400002480135,155492352
333,1305031113.479311,data\rgbd_dataset_freiburg1_xyz\rgb\1305031113.479311.png,data\rgbd_dataset_freiburg1_xyz\depth\1305031113.475657.png,0.003654003143310547,,971,0.012993299998925067,0.0039007000013953075,0.005006299999877228,0.008907000001272536,0.010100200001033954,0.01900720000230649,0.03200050000123156,155521024
334,1305031113.511523,data\rgbd_dataset_freiburg1_xyz\rgb\1305031113.511523.png,data\rgbd_dataset_freiburg1_xyz\depth\1305031113.507987.png,0.0035359859466552734,,958,0.013117500000589644,0.0037336000004870584,0.004995400000552763,0.008729000001039822,0.006741099999999278,0.0154701000010391,0.028587600001628743,155529216
335,1305031113.543242,data\rgbd_dataset_freiburg1_xyz\rgb\1305031113.543242.png,data\rgbd_dataset_freiburg1_xyz\depth\1305031113.539417.png,0.003824949264526367,,950,0.012514199999714037,0.0036574999994627433,0.004565700000966899,0.008223200000429642,0.006619499999942491,0.014842700000372133,0.02735690000008617,155537408
336,1305031113.579301,data\rgbd_dataset_freiburg1_xyz\rgb\1305031113.579301.png,data\rgbd_dataset_freiburg1_xyz\depth\1305031113.574964.png,0.0043370723724365234,,960,0.012810700000045472,0.003816799999185605,0.0048940999986371025,0.008710899997822708,0.007920400001239614,0.01663129999906232,0.029441999999107793,155549696
337,1305031113.611268,data\rgbd_dataset_freiburg1_xyz\rgb\1305031113.611268.png,data\rgbd_dataset_freiburg1_xyz\depth\1305031113.607216.png,0.004052162170410156,,974,0.01282819999869389,0.003903099999661208,0.0048753000010037795,0.008778400000664988,0.007375200000751647,0.016153600001416635,0.028981800000110525,155734016
338,1305031113.643222,data\rgbd_dataset_freiburg1_xyz\rgb\1305031113.643222.png,data\rgbd_dataset_freiburg1_xyz\depth\1305031113.638418.png,0.004804134368896484,,954,0.015208500000881031,0.004510099999606609,0.005330500000127358,0.009840599999733968,0.007439599999997881,0.01728019999973185,0.03248870000061288,155754496
339,1305031113.679288,data\rgbd_dataset_freiburg1_xyz\rgb\1305031113.679288.png,data\rgbd_dataset_freiburg1_xyz\depth\1305031113.674244.png,0.005043983459472656,,932,0.012762099999235943,0.003984500001024571,0.004814500000065891,0.008799000001090462,0.006713200000376673,0.015512200001467136,0.02827430000070308,155762688
340,1305031113.711931,data\rgbd_dataset_freiburg1_xyz\rgb\1305031113.711931.png,data\rgbd_dataset_freiburg1_xyz\depth\1305031113.704256.png,0.0076749324798583984,,952,0.013003500000195345,0.0035807999993267003,0.004841900001338217,0.008422700000664918,0.006827400000474881,0.0152501000011398,0.028253600001335144,155762688
341,1305031113.74359,data\rgbd_dataset_freiburg1_xyz\rgb\1305031113.743590.png,data\rgbd_dataset_freiburg1_xyz\depth\1305031113.736263.png,0.007327079772949219,,946,0.012911099998746067,0.0035676999996212544,0.0044500000003608875,0.008017699999982142,0.006577899999683723,0.014595599999665865,0.027506699998411932,155762688
342,1305031113.77932,data\rgbd_dataset_freiburg1_xyz\rgb\1305031113.779320.png,data\rgbd_dataset_freiburg1_xyz\depth\1305031113.774168.png,0.005151987075805664,,949,0.012782499999957508,0.0036404999991646037,0.004698400000052061,0.008338899999216665,0.006024199999956181,0.014363099999172846,0.027145599999130354,155770880
343,1305031113.811237,data\rgbd_dataset_freiburg1_xyz\rgb\1305031113.811237.png,data\rgbd_dataset_freiburg1_xyz\depth\1305031113.805795.png,0.005442142486572266,,963,0.01272400000016205,0.0035306000008858973,0.004976599999281461,0.008507200000167359,0.007144999999582069,0.015652199999749428,0.028376199999911478,155779072
344,1305031113.843295,data\rgbd_dataset_freiburg1_xyz\rgb\1305031113.843295.png,data\rgbd_dataset_freiburg1_xyz\depth\1305031113.838437.png,0.0048580169677734375,,986,0.012838599999668077,0.0035277999995741993,0.0050563000004331116,0.008584100000007311,0.006449200000133715,0.015033300000141026,0.027871899999809102,155783168
345,1305031113.879281,data\rgbd_dataset_freiburg1_xyz\rgb\1305031113.879281.png,data\rgbd_dataset_freiburg1_xyz\depth\1305031113.874200.png,0.0050809383392333984,,1010,0.012601200000062818,0.0036395999995875172,0.005142899999555084,0.008782499999142601,0.006708099999741535,0.015490599998884136,0.028091799998946954,155787264
346,1305031113.91129,data\rgbd_dataset_freiburg1_xyz\rgb\1305031113.911290.png,data\rgbd_dataset_freiburg1_xyz\depth\1305031113.906361.png,0.0049288272857666016,,1037,0.012848899999880814,0.0036154999997961568,0.004820199999812758,0.008435699999608914,0.006643500000791391,0.015079200000400306,0.02792810000028112,155795456
347,1305031113.943291,data\rgbd_dataset_freiburg1_xyz\rgb\1305031113.943291.png,data\rgbd_dataset_freiburg1_xyz\depth\1305031113.938561.png,0.0047299861907958984,,1039,0.013188000000809552,0.003864300000714138,0.005132999998750165,0.008997299999464303,0.006746399998519337,0.01574369999798364,0.028931699998793192,152776704
348,1305031113.979293,data\rgbd_dataset_freiburg1_xyz\rgb\1305031113.979293.png,data\rgbd_dataset_freiburg1_xyz\depth\1305031113.974245.png,0.005048036575317383,,1043,0.013553099999626284,0.00373800000124902,0.005009700000300654,0.008747700001549674,0.006837600001745159,0.015585300003294833,0.029138400002921117,155561984
349,1305031114.011257,data\rgbd_dataset_freiburg1_xyz\rgb\1305031114.011257.png,data\rgbd_dataset_freiburg1_xyz\depth\1305031114.007082.png,0.004174947738647461,,1082,0.01289330000145128,0.0037684999988414347,0.005161900000530295,0.00893039999937173,0.007106900000508176,0.016037299999879906,0.028930600001331186,155631616
350,1305031114.043301,data\rgbd_dataset_freiburg1_xyz\rgb\1305031114.043301.png,data\rgbd_dataset_freiburg1_xyz\depth\1305031114.038546.png,0.0047550201416015625,,1115,0.012837199999921722,0.003672099999675993,0.005326299999069306,0.008998399998745299,0.00726099999883445,0.01625939999757975,0.02909659999750147,155660288
351,1305031114.079285,data\rgbd_dataset_freiburg1_xyz\rgb\1305031114.079285.png,data\rgbd_dataset_freiburg1_xyz\depth\1305031114.074298.png,0.004987001419067383,,1156,0.013066100000287406,0.004353199999968638,0.004814300000361982,0.00916750000033062,0.007692700000916375,0.016860200001246994,0.0299263000015344,155693056
352,1305031114.111263,data\rgbd_dataset_freiburg1_xyz\rgb\1305031114.111263.png,data\rgbd_dataset_freiburg1_xyz\depth\1305031114.106402.png,0.004861116409301758,,1196,0.012883299999884912,0.0038270000004558824,0.005252999999356689,0.009079999999812571,0.008039599999392522,0.017119599999205093,0.030002899999090005,155713536
353,1305031114.143284,data\rgbd_dataset_freiburg1_xyz\rgb\1305031114.143284.png,data\rgbd_dataset_freiburg1_xyz\depth\1305031114.138562.png,0.004722118377685547,,1240,0.012954800000443356,0.003710000000864966,0.005195499999899766,0.008905500000764732,0.007957000001624692,0.016862500002389424,0.02981730000283278,155824128
354,1305031114.179337,data\rgbd_dataset_freiburg1_xyz\rgb\1305031114.179337.png,data\rgbd_dataset_freiburg1_xyz\depth\1305031114.174114.png,0.00522303581237793,,1300,0.013388700001087273,0.0035625999989861157,0.005214299999352079,0.008776899998338195,0.00845610000033048,0.017232999998668674,0.030621699999755947,155824128
355,1305031114.211303,data\rgbd_dataset_freiburg1_xyz\rgb\1305031114.211303.png,data\rgbd_dataset_freiburg1_xyz\depth\1305031114.206255.png,0.005048036575317383,,1319,0.013092799999867566,0.0036695999988296535,0.005318200001056539,0.008987799999886192,0.008082399999693735,0.017070199999579927,0.030162999999447493,155840512
356,1305031114.243337,data\rgbd_dataset_freiburg1_xyz\rgb\1305031114.243337.png,data\rgbd_dataset_freiburg1_xyz\depth\1305031114.238473.png,0.0048639774322509766,,1338,0.013354900000194903,0.0036700999989989214,0.004765099998621736,0.008435199997620657,0.00726080000094953,0.015695999998570187,0.02905089999876509,154910720
357,1305031114.27939,data\rgbd_dataset_freiburg1_xyz\rgb\1305031114.279390.png,data\rgbd_dataset_freiburg1_xyz\depth\1305031114.271075.png,0.008315086364746094,,1396,0.013258099999802653,0.0036848999989160802,0.005026000000725617,0.008710899999641697,0.007643699998880038,0.016354599998521735,0.029612699998324388,154914816
358,1305031114.311429,data\rgbd_dataset_freiburg1_xyz\rgb\1305031114.311429.png,data\rgbd_dataset_freiburg1_xyz\depth\1305031114.306710.png,0.0047190189361572266,,1438,0.013012500001423177,0.0037420000007841736,0.005298400001265691,0.009040400002049864,0.007581400001072325,0.01662180000312219,0.029634300004545366,155586560
359,1305031114.343331,data\rgbd_dataset_freiburg1_xyz\rgb\1305031114.343331.png,data\rgbd_dataset_freiburg1_xyz\depth\1305031114.338919.png,0.004412174224853516,,1460,0.012923499998578336,0.0038823000013508135,0.005211300000155461,0.009093600001506275,0.008362000000488479,0.017455600001994753,0.03037910000057309,155045888
360,1305031114.37932,data\rgbd_dataset_freiburg1_xyz\rgb\1305031114.379320.png,data\rgbd_dataset_freiburg1_xyz\depth\1305031114.374307.png,0.005012989044189453,,1485,0.01326130000052217,0.0037926999993942445,0.005391200000303797,0.009183899999698042,0.00816809999923862,0.017351999998936662,0.030613299999458832,155672576
361,1305031114.411397,data\rgbd_dataset_freiburg1_xyz\rgb\1305031114.411397.png,data\rgbd_dataset_freiburg1_xyz\depth\1305031114.406591.png,0.004806041717529297,,1500,0.013151200000720564,0.003645400000095833,0.005158899999514688,0.008804299999610521,0.007155200000852346,0.015959500000462867,0.02911070000118343,155680768
362,1305031114.443345,data\rgbd_dataset_freiburg1_xyz\rgb\1305031114.443345.png,data\rgbd_dataset_freiburg1_xyz\depth\1305031114.438540.png,0.004805088043212891,,1548,0.013024500000028638,0.003755300000193529,0.005491600000823382,0.009246900001016911,0.008645699999760836,0.017892600000777747,0.030917100000806386,155254784
363,1305031114.479332,data\rgbd_dataset_freiburg1_xyz\rgb\1305031114.479332.png,data\rgbd_dataset_freiburg1_xyz\depth\1305031114.474489.png,0.004842996597290039,,1580,0.013179900000977796,0.003945899999962421,0.0052121999997325474,0.009158099999694969,0.008789299999989453,0.01794739999968442,0.031127300000662217,155852800
364,1305031114.511266,data\rgbd_dataset_freiburg1_xyz\rgb\1305031114.511266.png,data\rgbd_dataset_freiburg1_xyz\depth\1305031114.506573.png,0.004693031311035156,,1638,0.015367100000730716,0.004894900001090718,0.005163800000445917,0.010058700001536636,0.008218200000555953,0.01827690000209259,0.033644000002823304,155365376
365,1305031114.543236,data\rgbd_dataset_freiburg1_xyz\rgb\1305031114.543236.png,data\rgbd_dataset_freiburg1_xyz\depth\1305031114.539953.png,0.0032830238342285156,,1666,0.013453399998979876,0.00408150000112073,0.005603399999017711,0.009684900000138441,0.008503200000632205,0.018188100000770646,0.03164149999975052,153120768
366,1305031114.579237,data\rgbd_dataset_freiburg1_xyz\rgb\1305031114.579237.png,data\rgbd_dataset_freiburg1_xyz\depth\1305031114.575185.png,0.004051923751831055,,1650,0.014077499999984866,0.004015300000901334,0.005532500001208973,0.009547800002110307,0.008619299998827046,0.018167100000937353,0.03224460000092222,155607040
367,1305031114.611391,data\rgbd_dataset_freiburg1_xyz\rgb\1305031114.611391.png,data\rgbd_dataset_freiburg1_xyz\depth\1305031114.607560.png,0.003831148147583008,,1634,0.01340170000003127,0.0037805000010848744,0.005912600001465762,0.009693100002550636,0.009219400000802125,0.01891250000335276,0.03231420000338403,156098560
368,1305031114.644136,data\rgbd_dataset_freiburg1_xyz\rgb\1305031114.644136.png,data\rgbd_dataset_freiburg1_xyz\depth\1305031114.644150.png,1.4066696166992188e-05,,1643,0.014736000000993954,0.003939100000934559,0.0055204000000230735,0.009459500000957632,0.012766900001224712,0.022226400002182345,0.0369624000031763,155160576
369,1305031114.679251,data\rgbd_dataset_freiburg1_xyz\rgb\1305031114.679251.png,data\rgbd_dataset_freiburg1_xyz\depth\1305031114.675655.png,0.003596067428588867,,1674,0.01373530000091705,0.004025199999887263,0.005273400000078254,0.009298599999965518,0.008212799999455456,0.017511399999420973,0.031246700000338024,155172864
370,1305031114.711306,data\rgbd_dataset_freiburg1_xyz\rgb\1305031114.711306.png,data\rgbd_dataset_freiburg1_xyz\depth\1305031114.706141.png,0.00516510009765625,,1702,0.013775400000668014,0.003990799999883166,0.0056733000001258915,0.009664100000009057,0.009363899998788838,0.019027999998797895,0.03280339999946591,155222016
371,1305031114.7432,data\rgbd_dataset_freiburg1_xyz\rgb\1305031114.743200.png,data\rgbd_dataset_freiburg1_xyz\depth\1305031114.743276.png,7.581710815429688e-05,,1672,0.015940799999953015,0.004679100000430481,0.005567499998505809,0.01024659999893629,0.007673600000998704,0.017920199999934994,0.03386099999988801,155230208
372,1305031114.779289,data\rgbd_dataset_freiburg1_xyz\rgb\1305031114.779289.png,data\rgbd_dataset_freiburg1_xyz\depth\1305031114.774847.png,0.004441976547241211,,1671,0.013784500000838307,0.004137500000069849,0.005273599999782164,0.009411099999852013,0.008842100000038045,0.018253199999890057,0.032037700000728364,155238400
373,1305031114.811303,data\rgbd_dataset_freiburg1_xyz\rgb\1305031114.811303.png,data\rgbd_dataset_freiburg1_xyz\depth\1305031114.807310.png,0.003992795944213867,,1646,0.013785999999527121,0.0037259000000631204,0.005670299999110284,0.009396199999173405,0.008012300000700634,0.01740849999987404,0.03119449999940116,155254784
374,1305031114.843208,data\rgbd_dataset_freiburg1_xyz\rgb\1305031114.843208.png,data\rgbd_dataset_freiburg1_xyz\depth\1305031114.842137.png,0.0010709762573242188,,1656,0.013842299998941598,0.003931100000045262,0.005470800000693998,0.00940190000073926,0.008252000001448323,0.017653900002187584,0.03149620000112918,155279360
375,1305031114.879281,data\rgbd_dataset_freiburg1_xyz\rgb\1305031114.879281.png,data\rgbd_dataset_freiburg1_xyz\depth\1305031114.875056.png,0.004225015640258789,,1627,0.013453600000502774,0.003766800000448711,0.005684300000211806,0.009451100000660517,0.007606499999383232,0.01705760000004375,0.030511200000546523,156135424
376,1305031114.912879,data\rgbd_dataset_freiburg1_xyz\rgb\1305031114.912879.png,data\rgbd_dataset_freiburg1_xyz\depth\1305031114.907504.png,0.005374908447265625,,1630,0.013420699999187491,0.0037483000014617573,0.005696999998690444,0.009445300000152201,0.007679099999222672,0.017124399999374873,0.030545099998562364,155291648
377,1305031114.943234,data\rgbd_dataset_freiburg1_xyz\rgb\1305031114.943234.png,data\rgbd_dataset_freiburg1_xyz\depth\1305031114.943264.png,3.0040740966796875e-05,,1643,0.014604699999836157,0.003841699999611592,0.006124600000475766,0.009966300000087358,0.007843199999115313,0.01780949999920267,0.03241419999903883,153141248
378,1305031114.97928,data\rgbd_dataset_freiburg1_xyz\rgb\1305031114.979280.png,data\rgbd_dataset_freiburg1_xyz\depth\1305031114.975411.png,0.0038690567016601562,,1660,0.014428599999519065,0.00406239999938407,0.0054543000005651265,0.009516699999949196,0.00857240000004822,0.018089099999997416,0.03251769999951648,155078656
379,1305031115.0113,data\rgbd_dataset_freiburg1_xyz\rgb\1305031115.011300.png,data\rgbd_dataset_freiburg1_xyz\depth\1305031115.007179.png,0.004121065139770508,,1608,0.013422799998807022,0.0038633999993180623,0.005449299998872448,0.00931269999819051,0.008495000000039,0.01780769999822951,0.03123049999703653,155131904
380,1305031115.043508,data\rgbd_dataset_freiburg1_xyz\rgb\1305031115.043508.png,data\rgbd_dataset_freiburg1_xyz\depth\1305031115.043530.png,2.193450927734375e-05,,1579,0.013482000000294647,0.003889999999955762,0.004762199998367578,0.00865219999832334,0.008265500000561588,0.016917699998884927,0.030399699999179575,155140096
381,1305031115.079238,data\rgbd_dataset_freiburg1_xyz\rgb\1305031115.079238.png,data\rgbd_dataset_freiburg1_xyz\depth\1305031115.071577.png,0.007660865783691406,,1549,0.013391399999818532,0.004083899999386631,0.005498299999089795,0.009582199998476426,0.00842700000066543,0.018009199999141856,0.03140059999896039,155160576
382,1305031115.11123,data\rgbd_dataset_freiburg1_xyz\rgb\1305031115.111230.png,data\rgbd_dataset_freiburg1_xyz\depth\1305031115.107074.png,0.004155874252319336,,1518,0.013355999999475898,0.004022099999929196,0.005771199999799137,0.009793299999728333,0.008398500000112108,0.01819179999984044,0.03154779999931634,155193344
383,1305031115.143275,data\rgbd_dataset_freiburg1_xyz\rgb\1305031115.143275.png,data\rgbd_dataset_freiburg1_xyz\depth\1305031115.143294.png,1.9073486328125e-05,,1453,0.013284499998917454,0.004000500000984175,0.005486500000188244,0.009487000001172419,0.008862200000294251,0.01834920000146667,0.031633700000384124,155205632
384,1305031115.17944,data\rgbd_dataset_freiburg1_xyz\rgb\1305031115.179440.png,data\rgbd_dataset_freiburg1_xyz\depth\1305031115.172642.png,0.0067980289459228516,,1372,0.013090200000078767,0.003867899999022484,0.005523599998923601,0.009391499997946084,0.008166800000253716,0.0175582999981998,0.030648499998278567,155226112
385,1305031115.211374,data\rgbd_dataset_freiburg1_xyz\rgb\1305031115.211374.png,data\rgbd_dataset_freiburg1_xyz\depth\1305031115.206453.png,0.00492095947265625,,1366,0.013133100001141429,0.0037856999988434836,0.005633599999782746,0.00941929999862623,0.008057499999267748,0.017476799997893977,0.030609899999035406,155234304
386,1305031115.243297,data\rgbd_dataset_freiburg1_xyz\rgb\1305031115.243297.png,data\rgbd_dataset_freiburg1_xyz\depth\1305031115.240975.png,0.0023221969604492188,,1318,0.013119900000674534,0.003858300000501913,0.005357399999411427,0.00921569999991334,0.007809000000634114,0.017024700000547455,0.03014460000122199,155283456
387,1305031115.279966,data\rgbd_dataset_freiburg1_xyz\rgb\1305031115.279966.png,data\rgbd_dataset_freiburg1_xyz\depth\1305031115.273468.png,0.006498098373413086,,1309,0.013299599999299971,0.004377700000986806,0.005271100000754814,0.00964880000174162,0.00821670000004815,0.01786550000178977,0.03116510000108974,155295744
388,1305031115.311704,data\rgbd_dataset_freiburg1_xyz\rgb\1305031115.311704.png,data\rgbd_dataset_freiburg1_xyz\depth\1305031115.305534.png,0.006170034408569336,,1291,0.014232200001060846,0.003999200000180281,0.00528900000063004,0.00928820000081032,0.007780199999615434,0.017068400000425754,0.0313006000014866,155324416
389,1305031115.343235,data\rgbd_dataset_freiburg1_xyz\rgb\1305031115.343235.png,data\rgbd_dataset_freiburg1_xyz\depth\1305031115.343426.png,0.00019097328186035156,,1244,0.01390730000093754,0.004316500000641099,0.005740900000091642,0.010057400000732741,0.011876200000187964,0.021933600000920705,0.035840900001858245,155328512
390,1305031115.379166,data\rgbd_dataset_freiburg1_xyz\rgb\1305031115.379166.png,data\rgbd_dataset_freiburg1_xyz\depth\1305031115.375054.png,0.0041120052337646484,,1210,0.01417319999927713,0.004024400001071626,0.005000099999961094,0.00902450000103272,0.008954099999755272,0.017978600000787992,0.03215180000006512,155328512
391,1305031115.411237,data\rgbd_dataset_freiburg1_xyz\rgb\1305031115.411237.png,data\rgbd_dataset_freiburg1_xyz\depth\1305031115.406164.png,0.005073070526123047,,1087,0.013446900000417372,0.0036392000001796987,0.005453800000395859,0.009093000000575557,0.007218299999294686,0.016311299999870243,0.029758200000287616,155365376
392,1305031115.443159,data\rgbd_dataset_freiburg1_xyz\rgb\1305031115.443159.png,data\rgbd_dataset_freiburg1_xyz\depth\1305031115.443040.png,0.00011920928955078125,,1083,0.013593600000604056,0.00378409999939322,0.005278900000121212,0.009062999999514432,0.006553600000188453,0.015616599999702885,0.02921020000030694,155389952
393,1305031115.479241,data\rgbd_dataset_freiburg1_xyz\rgb\1305031115.479241.png,data\rgbd_dataset_freiburg1_xyz\depth\1305031115.474863.png,0.004377841949462891,,1056,0.013639900000271155,0.0037394999999378342,0.005061900001237518,0.008801400001175352,0.007181399998444249,0.0159827999996196,0.029622699999890756,155389952
394,1305031115.511253,data\rgbd_dataset_freiburg1_xyz\rgb\1305031115.511253.png,data\rgbd_dataset_freiburg1_xyz\depth\1305031115.507440.png,0.003813028335571289,,1034,0.013301999999384861,0.0037790000005770708,0.00504479999835894,0.00882379999893601,0.007011700001385179,0.01583550000032119,0.02913749999970605,155410432
395,1305031115.543604,data\rgbd_dataset_freiburg1_xyz\rgb\1305031115.543604.png,data\rgbd_dataset_freiburg1_xyz\depth\1305031115.543620.png,1.621246337890625e-05,,951,0.013477299999067327,0.003707999998368905,0.004753299999720184,0.008461299998089089,0.008231600000726758,0.016692899998815847,0.030170199997883174,155451392
396,1305031115.579315,data\rgbd_dataset_freiburg1_xyz\rgb\1305031115.579315.png,data\rgbd_dataset_freiburg1_xyz\depth\1305031115.575290.png,0.004024982452392578,,912,0.015626799999154173,0.0048129999995580874,0.005440400000225054,0.010253399999783142,0.007336799999393406,0.017590199999176548,0.03321699999833072,155459584
397,1305031115.611424,data\rgbd_dataset_freiburg1_xyz\rgb\1305031115.611424.png,data\rgbd_dataset_freiburg1_xyz\depth\1305031115.607428.png,0.0039958953857421875,,871,0.012717900001007365,0.0036640999987866962,0.005371599998397869,0.009035699997184565,0.007153399999879184,0.01618909999706375,0.028906999998071115,155471872
398,1305031115.643254,data\rgbd_dataset_freiburg1_xyz\rgb\1305031115.643254.png,data\rgbd_dataset_freiburg1_xyz\depth\1305031115.643254.png,0.0,,848,0.013095500000417815,0.0036175000004732283,0.0053614000007655704,0.008978900001238799,0.007391299999653711,0.01637020000089251,0.029465700001310324,155484160
399,1305031115.679241,data\rgbd_dataset_freiburg1_xyz\rgb\1305031115.679241.png,data\rgbd_dataset_freiburg1_xyz\depth\1305031115.675106.png,0.0041348934173583984,,790,0.01353709999966668,0.003803600000537699,0.004813999999896623,0.008617600000434322,0.0071857000002637506,0.015803300000698073,0.029340400000364752,153460736
400,1305031115.71132,data\rgbd_dataset_freiburg1_xyz\rgb\1305031115.711320.png,data\rgbd_dataset_freiburg1_xyz\depth\1305031115.706301.png,0.005018949508666992,,802,0.013753900000665453,0.003814200001215795,0.004750999998577754,0.008565199999793549,0.00720750000073167,0.01577270000052522,0.029526600001190673,154804224
401,1305031115.74325,data\rgbd_dataset_freiburg1_xyz\rgb\1305031115.743250.png,data\rgbd_dataset_freiburg1_xyz\depth\1305031115.742905.png,0.00034499168395996094,,813,0.01309890000084124,0.003759100000024773,0.004893899998933193,0.008652999998957966,0.006336200000077952,0.014989199999035918,0.02808809999987716,154873856
402,1305031115.779425,data\rgbd_dataset_freiburg1_xyz\rgb\1305031115.779425.png,data\rgbd_dataset_freiburg1_xyz\depth\1305031115.774329.png,0.005095958709716797,,778,0.013083800000458723,0.0038110000004962785,0.004730200000267359,0.008541200000763638,0.009492099999988568,0.018033300000752206,0.03111710000121093,155045888
403,1305031115.811277,data\rgbd_dataset_freiburg1_xyz\rgb\1305031115.811277.png,data\rgbd_dataset_freiburg1_xyz\depth\1305031115.806425.png,0.004851818084716797,,799,0.01316440000118746,0.0037201999984972645,0.005202399999689078,0.008922599998186342,0.007340199999816832,0.016262799998003175,0.029427199999190634,155045888
404,1305031115.843224,data\rgbd_dataset_freiburg1_xyz\rgb\1305031115.843224.png,data\rgbd_dataset_freiburg1_xyz\depth\1305031115.841936.png,0.0012879371643066406,,780,0.01298060000044643,0.0036409999993338715,0.0048748999997769715,0.008515899999110843,0.008952899999712827,0.01746879999882367,0.0304493999992701,155144192
405,1305031115.879198,data\rgbd_dataset_freiburg1_xyz\rgb\1305031115.879198.png,data\rgbd_dataset_freiburg1_xyz\depth\1305031115.875347.png,0.003851175308227539,,761,0.013101700000333949,0.0038867000002937857,0.0049890999998751795,0.008875800000168965,0.006359199998769327,0.015234999998938292,0.02833669999927224,155181056
406,1305031115.911118,data\rgbd_dataset_freiburg1_xyz\rgb\1305031115.911118.png,data\rgbd_dataset_freiburg1_xyz\depth\1305031115.910716.png,0.0004019737243652344,,773,0.01277250000021013,0.003794700000071316,0.004945200000292971,0.008739900000364287,0.006296100000326987,0.015036000000691274,0.027808500000901404,155197440
407,1305031115.943311,data\rgbd_dataset_freiburg1_xyz\rgb\1305031115.943311.png,data\rgbd_dataset_freiburg1_xyz\depth\1305031115.942015.png,0.0012960433959960938,,756,0.012954800000443356,0.003768300000956515,0.004304599999159109,0.008072900000115624,0.0072452999993402045,0.015318199999455828,0.028272999999899184,155267072
408,1305031115.98074,data\rgbd_dataset_freiburg1_xyz\rgb\1305031115.980740.png,data\rgbd_dataset_freiburg1_xyz\depth\1305031115.973799.png,0.006941080093383789,,739,0.015147899999647052,0.004682699998738826,0.0050652999998419546,0.00974799999858078,0.006428700000469689,0.01617669999905047,0.03132459999869752,155324416
409,1305031116.011379,data\rgbd_dataset_freiburg1_xyz\rgb\1305031116.011379.png,data\rgbd_dataset_freiburg1_xyz\depth\1305031116.010843.png,0.0005359649658203125,,709,0.012752300001011463,0.0038002000001142733,0.004718500000308268,0.008518700000422541,0.006565300000147545,0.015084000000570086,0.02783630000158155,155344896
410,1305031116.043164,data\rgbd_dataset_freiburg1_xyz\rgb\1305031116.043164.png,data\rgbd_dataset_freiburg1_xyz\depth\1305031116.042618.png,0.0005459785461425781,,680,0.012536700000055134,0.003934799999115057,0.004508099998929538,0.008442899998044595,0.006594399999812595,0.01503729999785719,0.027573999997912324,155365376
411,1305031116.08003,data\rgbd_dataset_freiburg1_xyz\rgb\1305031116.080030.png,data\rgbd_dataset_freiburg1_xyz\depth\1305031116.071527.png,0.008502960205078125,,636,0.012987199999770382,0.003939300000638468,0.005096999999295804,0.009036299999934272,0.006773000000976026,0.015809300000910298,0.02879650000068068,155377664
412,1305031116.1113,data\rgbd_dataset_freiburg1_xyz\rgb\1305031116.111300.png,data\rgbd_dataset_freiburg1_xyz\depth\1305031116.108247.png,0.003052949905395508,,614,0.012645299999348936,0.003923800000848132,0.0042762000011862256,0.008200000002034358,0.006278000000747852,0.01447800000278221,0.027123300002131145,155389952
413,1305031116.143441,data\rgbd_dataset_freiburg1_xyz\rgb\1305031116.143441.png,data\rgbd_dataset_freiburg1_xyz\depth\1305031116.143447.png,5.9604644775390625e-06,,602,0.012551699999676202,0.0038609000002907123,0.004500799999732408,0.00836170000002312,0.006165400000099908,0.014527100000123028,0.02707879999979923,155389952
414,1305031116.179572,data\rgbd_dataset_freiburg1_xyz\rgb\1305031116.179572.png,data\rgbd_dataset_freiburg1_xyz\depth\1305031116.174891.png,0.004681110382080078,,587,0.012772000000040862,0.0037716999995609513,0.004539900000963826,0.008311600000524777,0.008895099999790546,0.017206700000315323,0.029978700000356184,155389952
415,1305031116.211299,data\rgbd_dataset_freiburg1_xyz\rgb\1305031116.211299.png,data\rgbd_dataset_freiburg1_xyz\depth\1305031116.211320.png,2.09808349609375e-05,,562,0.013111799999023788,0.00381070000003092,0.004924099999698228,0.008734799999729148,0.005955799999355804,0.014690599999084952,0.02780239999810874,155422720
416,1305031116.24332,data\rgbd_dataset_freiburg1_xyz\rgb\1305031116.243320.png,data\rgbd_dataset_freiburg1_xyz\depth\1305031116.242720.png,0.0006000995635986328,,568,0.012585300000864663,0.0037692000005336013,0.0048451999991812045,0.008614399999714806,0.006362199999784934,0.01497659999949974,0.027561900000364403,155430912
417,1305031116.279385,data\rgbd_dataset_freiburg1_xyz\rgb\1305031116.279385.png,data\rgbd_dataset_freiburg1_xyz\depth\1305031116.274421.png,0.004964113235473633,,569,0.012510900000052061,0.0036997000006522285,0.004587100000208011,0.00828680000086024,0.005978399998639361,0.0142651999994996,0.02677609999955166,155430912
418,1305031116.311336,data\rgbd_dataset_freiburg1_xyz\rgb\1305031116.311336.png,data\rgbd_dataset_freiburg1_xyz\depth\1305031116.310686.png,0.0006499290466308594,,573,0.013283899999805726,0.003917399999409099,0.004645699998945929,0.008563099998355028,0.009369299999889336,0.017932399998244364,0.03121629999805009,153604096
419,1305031116.343292,data\rgbd_dataset_freiburg1_xyz\rgb\1305031116.343292.png,data\rgbd_dataset_freiburg1_xyz\depth\1305031116.342459.png,0.0008330345153808594,,576,0.015667100000428036,0.004701999998360407,0.005235599999650731,0.009937599998011137,0.006364000000758097,0.016301599998769234,0.03196869999919727,154972160
420,1305031116.379384,data\rgbd_dataset_freiburg1_xyz\rgb\1305031116.379384.png,data\rgbd_dataset_freiburg1_xyz\depth\1305031116.374490.png,0.0048940181732177734,,558,0.01316200000110257,0.003836599998976453,0.005178399998840177,0.00901499999781663,0.006639799999902607,0.015654799997719238,0.028816799998821807,155181056
421,1305031116.411333,data\rgbd_dataset_freiburg1_xyz\rgb\1305031116.411333.png,data\rgbd_dataset_freiburg1_xyz\depth\1305031116.409631.png,0.0017020702362060547,,562,0.013412999998763553,0.004001299999799812,0.0050135000001318986,0.00901479999993171,0.005785800000012387,0.014800599999944097,0.02821359999870765,155213824
422,1305031116.443369,data\rgbd_dataset_freiburg1_xyz\rgb\1305031116.443369.png,data\rgbd_dataset_freiburg1_xyz\depth\1305031116.442496.png,0.0008728504180908203,,567,0.013465199999700417,0.003915300001608557,0.004629200000636047,0.008544500002244604,0.005918200000451179,0.014462700002695783,0.0279279000023962,155308032
423,1305031116.47985,data\rgbd_dataset_freiburg1_xyz\rgb\1305031116.479850.png,data\rgbd_dataset_freiburg1_xyz\depth\1305031116.473394.png,0.006456136703491211,,558,0.012989900000320631,0.003881000000546919,0.005318999999872176,0.009200000000419095,0.006665499999144231,0.015865499999563326,0.028855399999883957,155312128
424,1305031116.511205,data\rgbd_dataset_freiburg1_xyz\rgb\1305031116.511205.png,data\rgbd_dataset_freiburg1_xyz\depth\1305031116.510576.png,0.0006289482116699219,,557,0.013402000000496628,0.0037747000005765585,0.0048838999991858145,0.008658599999762373,0.005958199999440694,0.014616799999203067,0.028018799999699695,155324416
425,1305031116.543262,data\rgbd_dataset_freiburg1_xyz\rgb\1305031116.543262.png,data\rgbd_dataset_freiburg1_xyz\depth\1305031116.542695.png,0.0005669593811035156,,551,0.013343000000531902,0.0038597000002482673,0.00471079999988433,0.008570500000132597,0.005614100000457256,0.014184600000589853,0.027527600001121755,155332608
426,1305031116.579313,data\rgbd_dataset_freiburg1_xyz\rgb\1305031116.579313.png,data\rgbd_dataset_freiburg1_xyz\depth\1305031116.574389.png,0.00492405891418457,,543,0.012909600000057253,0.0037069999998493586,0.004527199998847209,0.008234199998696567,0.005739999998695566,0.013974199997392134,0.026883799997449387,155332608
427,1305031116.611261,data\rgbd_dataset_freiburg1_xyz\rgb\1305031116.611261.png,data\rgbd_dataset_freiburg1_xyz\depth\1305031116.610891.png,0.00036978721618652344,,552,0.012942199999088189,0.003763200000321376,0.004718599999250728,0.008481799999572104,0.008244700000432204,0.016726500000004307,0.029668699999092496,155332608
428,1305031116.643355,data\rgbd_dataset_freiburg1_xyz\rgb\1305031116.643355.png,data\rgbd_dataset_freiburg1_xyz\depth\1305031116.642664.png,0.0006909370422363281,,574,0.013071600000330363,0.0038825999999971827,0.004559200000585406,0.008441800000582589,0.006233399999473477,0.014675200000056066,0.02774680000038643,155414528
429,1305031116.679281,data\rgbd_dataset_freiburg1_xyz\rgb\1305031116.679281.png,data\rgbd_dataset_freiburg1_xyz\depth\1305031116.674523.png,0.004757881164550781,,563,0.013410000001385924,0.004044600000270293,0.005235000000539003,0.009279600000809296,0.006112400000347407,0.015392000001156703,0.028802000002542627,155418624
430,1305031116.711634,data\rgbd_dataset_freiburg1_xyz\rgb\1305031116.711634.png,data\rgbd_dataset_freiburg1_xyz\depth\1305031116.710942.png,0.0006918907165527344,,591,0.01287149999916437,0.003798100000494742,0.0050384000005578855,0.008836500001052627,0.008266999999250402,0.01710350000030303,0.0299749999994674,155463680
431,1305031116.743291,data\rgbd_dataset_freiburg1_xyz\rgb\1305031116.743291.png,data\rgbd_dataset_freiburg1_xyz\depth\1305031116.740575.png,0.0027158260345458984,,584,0.013075199998638709,0.0037068000001454493,0.006777399999918998,0.010484200000064448,0.006224699998711003,0.01670889999877545,0.02978409999741416,155504640
432,1305031116.779298,data\rgbd_dataset_freiburg1_xyz\rgb\1305031116.779298.png,data\rgbd_dataset_freiburg1_xyz\depth\1305031116.775059.png,0.004239082336425781,,603,0.012746700000207056,0.0038466999994852813,0.0049070999994000886,0.00875379999888537,0.005957800000032876,0.014711599998918246,0.027458299999125302,155525120
433,1305031116.811318,data\rgbd_dataset_freiburg1_xyz\rgb\1305031116.811318.png,data\rgbd_dataset_freiburg1_xyz\depth\1305031116.811343.png,2.5033950805664062e-05,,615,0.013012499999604188,0.003735899999810499,0.004746599999634782,0.008482499999445281,0.006380700000590878,0.014863200000036159,0.027875699999640347,155553792
434,1305031116.846089,data\rgbd_dataset_freiburg1_xyz\rgb\1305031116.846089.png,data\rgbd_dataset_freiburg1_xyz\depth\1305031116.840370.png,0.00571894645690918,,638,0.012705400000413647,0.0038504999993165256,0.005252299999483512,0.009102799998800037,0.00622769999972661,0.015330499998526648,0.028035899998940295,155553792
435,1305031116.880165,data\rgbd_dataset_freiburg1_xyz\rgb\1305031116.880165.png,data\rgbd_dataset_freiburg1_xyz\depth\1305031116.871726.png,0.008439064025878906,,639,0.013121100000716979,0.004090800000994932,0.004769299999679788,0.00886010000067472,0.006344100000205799,0.015204200000880519,0.028325300001597498,155582464
436,1305031116.912044,data\rgbd_dataset_freiburg1_xyz\rgb\1305031116.912044.png,data\rgbd_dataset_freiburg1_xyz\depth\1305031116.907955.png,0.0040891170501708984,,661,0.012722900000881054,0.0037258000011206605,0.004915800000162562,0.008641600001283223,0.006405099999028607,0.01504670000031183,0.027769600001192885,155586560
437,1305031116.943296,data\rgbd_dataset_freiburg1_xyz\rgb\1305031116.943296.png,data\rgbd_dataset_freiburg1_xyz\depth\1305031116.940626.png,0.0026700496673583984,,665,0.012690499999735039,0.0038093999992270255,0.004781600000569597,0.008590999999796622,0.006294900000284542,0.014885900000081165,0.027576399999816203,155607040
438,1305031116.979351,data\rgbd_dataset_freiburg1_xyz\rgb\1305031116.979351.png,data\rgbd_dataset_freiburg1_xyz\depth\1305031116.974656.png,0.004694938659667969,,663,0.013516099999833386,0.003619199998865952,0.004600399999617366,0.008219599998483318,0.006096099999922444,0.014315699998405762,0.02783179999823915,155648000
439,1305031117.011382,data\rgbd_dataset_freiburg1_xyz\rgb\1305031117.011382.png,data\rgbd_dataset_freiburg1_xyz\depth\1305031117.008812.png,0.0025701522827148438,,677,0.013075499999104068,0.003905300000042189,0.0049201999991055345,0.008825499999147723,0.006276899999647867,0.01510239999879559,0.028177899997899658,155656192
440,1305031117.043261,data\rgbd_dataset_freiburg1_xyz\rgb\1305031117.043261.png,data\rgbd_dataset_freiburg1_xyz\depth\1305031117.042065.png,0.001196146011352539,,712,0.012838300001021707,0.0038207999987207586,0.004723699999885866,0.008544499998606625,0.006216399999175337,0.014760899997781962,0.02759919999880367,155660288
441,1305031117.07952,data\rgbd_dataset_freiburg1_xyz\rgb\1305031117.079520.png,data\rgbd_dataset_freiburg1_xyz\depth\1305031117.071181.png,0.00833892822265625,,737,0.012625699999261997,0.0036254000006010756,0.004813800000192714,0.00843920000079379,0.006747500001438311,0.0151867000022321,0.027812400001494098,155684864
442,1305031117.111238,data\rgbd_dataset_freiburg1_xyz\rgb\1305031117.111238.png,data\rgbd_dataset_freiburg1_xyz\depth\1305031117.110454.png,0.0007839202880859375,,716,0.012579700000060257,0.00369940000018687,0.005126600000949111,0.00882600000113598,0.006866100000479491,0.015692100001615472,0.02827180000167573,155697152
443,1305031117.143218,data\rgbd_dataset_freiburg1_xyz\rgb\1305031117.143218.png,data\rgbd_dataset_freiburg1_xyz\depth\1305031117.142383.png,0.0008349418640136719,,706,0.015167300000030082,0.004105300000446732,0.004962500001056469,0.009067800001503201,0.006470199999967008,0.015538000001470209,0.03070530000150029,155713536
444,1305031117.179264,data\rgbd_dataset_freiburg1_xyz\rgb\1305031117.179264.png,data\rgbd_dataset_freiburg1_xyz\depth\1305031117.175059.png,0.004204988479614258,,710,0.012936499999341322,0.003828000000794418,0.004881099999693106,0.008709100000487524,0.006646099998761201,0.015355199999248725,0.028291699998590047,155717632
445,1305031117.211361,data\rgbd_dataset_freiburg1_xyz\rgb\1305031117.211361.png,data\rgbd_dataset_freiburg1_xyz\depth\1305031117.207753.png,0.0036079883575439453,,734,0.012982199999896693,0.003800000000410364,0.005064900000434136,0.0088649000008445,0.007221799998660572,0.016086699999505072,0.029068899999401765,155746304
446,1305031117.243277,data\rgbd_dataset_freiburg1_xyz\rgb\1305031117.243277.png,data\rgbd_dataset_freiburg1_xyz\depth\1305031117.241340.png,0.0019371509552001953,,734,0.013237400000434718,0.003725700000359211,0.005033800000092015,0.008759500000451226,0.009531199999400997,0.018290699999852222,0.03152810000028694,155754496
447,1305031117.279299,data\rgbd_dataset_freiburg1_xyz\rgb\1305031117.279299.png,data\rgbd_dataset_freiburg1_xyz\depth\1305031117.276516.png,0.002783060073852539,,702,0.013466499998685322,0.003898700000718236,0.004809299998669303,0.008707999999387539,0.006423900000299909,0.015131899999687448,0.02859839999837277,155754496
448,1305031117.3112,data\rgbd_dataset_freiburg1_xyz\rgb\1305031117.311200.png,data\rgbd_dataset_freiburg1_xyz\depth\1305031117.310121.png,0.0010788440704345703,,678,0.013407899999947404,0.0036460999999690102,0.005276500000036322,0.008922600000005332,0.006106200000431272,0.015028800000436604,0.028436700000384008,155787264
449,1305031117.343243,data\rgbd_dataset_freiburg1_xyz\rgb\1305031117.343243.png,data\rgbd_dataset_freiburg1_xyz\depth\1305031117.341044.png,0.002198934555053711,,683,0.013508199999705539,0.0036065000003873138,0.005047200000262819,0.008653700000650133,0.006612900000618538,0.015266600001268671,0.02877480000097421,155791360
450,1305031117.379454,data\rgbd_dataset_freiburg1_xyz\rgb\1305031117.379454.png,data\rgbd_dataset_freiburg1_xyz\depth\1305031117.375067.png,0.00438690185546875,,684,0.015624600000592181,0.00434300000051735,0.004405699999551871,0.00874870000006922,0.006156699999337434,0.014905399999406654,0.030529999999998836,155799552
451,1305031117.411221,data\rgbd_dataset_freiburg1_xyz\rgb\1305031117.411221.png,data\rgbd_dataset_freiburg1_xyz\depth\1305031117.408538.png,0.002682924270629883,,680,0.013557199999922886,0.0037449999999807915,0.005151800000021467,0.008896800000002258,0.006405000000086147,0.015301800000088406,0.028859000000011292,155803648
452,1305031117.443274,data\rgbd_dataset_freiburg1_xyz\rgb\1305031117.443274.png,data\rgbd_dataset_freiburg1_xyz\depth\1305031117.442208.png,0.001065969467163086,,707,0.013336500000150409,0.0036913000003551133,0.004925700000967481,0.008617000001322594,0.006505499999548192,0.015122500000870787,0.028459000001021195,155815936
453,1305031117.479403,data\rgbd_dataset_freiburg1_xyz\rgb\1305031117.479403.png,data\rgbd_dataset_freiburg1_xyz\depth\1305031117.475651.png,0.003751993179321289,,722,0.013008699999772944,0.0039061999996192753,0.004664599999159691,0.008570799998778966,0.006295999999565538,0.014866799998344504,0.027875499998117448,155824128
454,1305031117.511325,data\rgbd_dataset_freiburg1_xyz\rgb\1305031117.511325.png,data\rgbd_dataset_freiburg1_xyz\depth\1305031117.508882.png,0.0024428367614746094,,741,0.012989099999686005,0.00364369999988412,0.004833699998926022,0.008477399998810142,0.006220200000825571,0.014697599999635713,0.027686699999321718,155840512
455,1305031117.544285,data\rgbd_dataset_freiburg1_xyz\rgb\1305031117.544285.png,data\rgbd_dataset_freiburg1_xyz\depth\1305031117.539736.png,0.0045490264892578125,,762,0.013048699998762459,0.003578699999707169,0.004503199999817298,0.008081899999524467,0.006799399998271838,0.014881299997796305,0.027929999996558763,155852800
456,1305031117.579155,data\rgbd_dataset_freiburg1_xyz\rgb\1305031117.579155.png,data\rgbd_dataset_freiburg1_xyz\depth\1305031117.577860.png,0.001294851303100586,,819,0.01442019999922195,0.003765699999348726,0.005170099999304512,0.008935799998653238,0.006741500001226086,0.015677299999879324,0.030097499999101274,155865088
457,1305031117.611159,data\rgbd_dataset_freiburg1_xyz\rgb\1305031117.611159.png,data\rgbd_dataset_freiburg1_xyz\depth\1305031117.607777.png,0.003381967544555664,,816,0.013283700000101817,0.0037897000001976267,0.004680899999584653,0.00847059999978228,0.010071299999253824,0.018541899999036104,0.03182559999913792,155869184
458,1305031117.643252,data\rgbd_dataset_freiburg1_xyz\rgb\1305031117.643252.png,data\rgbd_dataset_freiburg1_xyz\depth\1305031117.643284.png,3.218650817871094e-05,,830,0.013746999999057152,0.003785700000662473,0.005080300001282012,0.008866000001944485,0.0069846999995206716,0.015850700001465157,0.02959770000052231,155881472
459,1305031117.679262,data\rgbd_dataset_freiburg1_xyz\rgb\1305031117.679262.png,data\rgbd_dataset_freiburg1_xyz\depth\1305031117.675483.png,0.0037789344787597656,,872,0.01621079999858921,0.0048940999986371025,0.005048200000601355,0.009942299999238458,0.00604139999995823,0.015983699999196688,0.0321944999977859,155885568
460,1305031117.711184,data\rgbd_dataset_freiburg1_xyz\rgb\1305031117.711184.png,data\rgbd_dataset_freiburg1_xyz\depth\1305031117.711215.png,3.0994415283203125e-05,,890,0.013060700001005898,0.0038906000008864794,0.0050860999999713385,0.008976700000857818,0.006961000000956119,0.015937700001813937,0.028998400002819835,155893760
461,1305031117.743184,data\rgbd_dataset_freiburg1_xyz\rgb\1305031117.743184.png,data\rgbd_dataset_freiburg1_xyz\depth\1305031117.742995.png,0.00018906593322753906,,920,0.013574200000221026,0.0037757000009150943,0.005194100000153412,0.008969800001068506,0.007223599999633734,0.01619340000070224,0.029767600000923267,155897856
462,1305031117.779467,data\rgbd_dataset_freiburg1_xyz\rgb\1305031117.779467.png,data\rgbd_dataset_freiburg1_xyz\depth\1305031117.778969.png,0.0004980564117431641,,926,0.013367999999900348,0.0037924999996903352,0.005101700000523124,0.00889420000021346,0.010110599998370162,0.01900479999858362,0.03237279999848397,155906048
463,1305031117.81132,data\rgbd_dataset_freiburg1_xyz\rgb\1305031117.811320.png,data\rgbd_dataset_freiburg1_xyz\depth\1305031117.811060.png,0.0002601146697998047,,925,0.013559400000303867,0.003746400001546135,0.004609999999956926,0.008356400001503062,0.007114999998520943,0.015471400000024005,0.029030800000327872,156532736
464,1305031117.843291,data\rgbd_dataset_freiburg1_xyz\rgb\1305031117.843291.png,data\rgbd_dataset_freiburg1_xyz\depth\1305031117.843307.png,1.5974044799804688e-05,,927,0.013363299998673028,0.0036862999986624345,0.00509299999976065,0.008779299998423085,0.006601199998840457,0.015380499997263541,0.02874379999593657,156835840
465,1305031117.879451,data\rgbd_dataset_freiburg1_xyz\rgb\1305031117.879451.png,data\rgbd_dataset_freiburg1_xyz\depth\1305031117.879467.png,1.5974044799804688e-05,,964,0.01381270000092627,0.003649000000223168,0.0047868000001471955,0.008435800000370364,0.007286399999429705,0.01572219999980007,0.02953490000072634,155918336
466,1305031117.911407,data\rgbd_dataset_freiburg1_xyz\rgb\1305031117.911407.png,data\rgbd_dataset_freiburg1_xyz\depth\1305031117.908762.png,0.0026450157165527344,,963,0.013441099999909056,0.003443100000367849,0.005153899999640998,0.008597000000008848,0.006864399998448789,0.015461399998457637,0.028902499998366693,155922432
467,1305031117.943253,data\rgbd_dataset_freiburg1_xyz\rgb\1305031117.943253.png,data\rgbd_dataset_freiburg1_xyz\depth\1305031117.943272.png,1.9073486328125e-05,,965,0.013659899999765912,0.003661400000055437,0.00488000000041211,0.008541400000467547,0.010065300000860589,0.018606700001328136,0.03226660000109405,155930624
468,1305031117.979228,data\rgbd_dataset_freiburg1_xyz\rgb\1305031117.979228.png,data\rgbd_dataset_freiburg1_xyz\depth\1305031117.979263.png,3.504753112792969e-05,,947,0.015710100000433158,0.004169599998931517,0.005331000000296626,0.009500599999228143,0.006819500000347034,0.016320099999575177,0.032030200000008335,155938816
469,1305031118.011228,data\rgbd_dataset_freiburg1_xyz\rgb\1305031118.011228.png,data\rgbd_dataset_freiburg1_xyz\depth\1305031118.011013.png,0.00021505355834960938,,952,0.013511900000594324,0.0035137999984726775,0.00514620000103605,0.008659999999508727,0.00977489999968384,0.018434899999192567,0.03194679999978689,155947008
470,1305031118.043521,data\rgbd_dataset_freiburg1_xyz\rgb\1305031118.043521.png,data\rgbd_dataset_freiburg1_xyz\depth\1305031118.043549.png,2.8133392333984375e-05,,936,0.013571800000136136,0.003446700000495184,0.005277600001136307,0.008724300001631491,0.007359600000199862,0.016083900001831353,0.02965570000196749,156581888
471,1305031118.079334,data\rgbd_dataset_freiburg1_xyz\rgb\1305031118.079334.png,data\rgbd_dataset_freiburg1_xyz\depth\1305031118.079369.png,3.504753112792969e-05,,967,0.015457499999683932,0.003540100000464008,0.004887700000836048,0.008427800001300056,0.00693919999866921,0.015366999999969266,0.0308244999996532,156897280
472,1305031118.111217,data\rgbd_dataset_freiburg1_xyz\rgb\1305031118.111217.png,data\rgbd_dataset_freiburg1_xyz\depth\1305031118.110863.png,0.0003540515899658203,,956,0.013279200000397395,0.0034952999994857237,0.004855499999393942,0.008350799998879666,0.006858299999294104,0.01520909999817377,0.028488299998571165,155975680
473,1305031118.143256,data\rgbd_dataset_freiburg1_xyz\rgb\1305031118.143256.png,data\rgbd_dataset_freiburg1_xyz\depth\1305031118.142285.png,0.0009708404541015625,,933,0.013451499999064254,0.003540199999406468,0.004902900000161026,0.008443099999567494,0.0067383999994490296,0.015181499999016523,0.028632999998080777,155975680
474,1305031118.179323,data\rgbd_dataset_freiburg1_xyz\rgb\1305031118.179323.png,data\rgbd_dataset_freiburg1_xyz\depth\1305031118.178170.png,0.0011529922485351562,,922,0.01344729999982519,0.0034699000007094583,0.005241200000455137,0.008711100001164596,0.006874000000607339,0.015585100001771934,0.029032400001597125,155983872
475,1305031118.211202,data\rgbd_dataset_freiburg1_xyz\rgb\1305031118.211202.png,data\rgbd_dataset_freiburg1_xyz\depth\1305031118.210782.png,0.00041985511779785156,,934,0.013593100000434788,0.00353480000012496,0.005337999999028398,0.008872799999153358,0.01046920000044338,0.019341999999596737,0.032935100000031525,155992064
476,1305031118.243173,data\rgbd_dataset_freiburg1_xyz\rgb\1305031118.243173.png,data\rgbd_dataset_freiburg1_xyz\depth\1305031118.242948.png,0.00022482872009277344,,930,0.013576600000305916,0.0034551000007922994,0.0053283999986888375,0.008783499999481137,0.0070250999997369945,0.01580859999921813,0.029385199999524048,155992064
477,1305031118.279194,data\rgbd_dataset_freiburg1_xyz\rgb\1305031118.279194.png,data\rgbd_dataset_freiburg1_xyz\depth\1305031118.278991.png,0.00020313262939453125,,957,0.013625699999465724,0.003522100001646322,0.005662599998686346,0.009184700000332668,0.006894300000567455,0.016079000000900123,0.029704700000365847,155996160
478,1305031118.311299,data\rgbd_dataset_freiburg1_xyz\rgb\1305031118.311299.png,data\rgbd_dataset_freiburg1_xyz\depth\1305031118.310731.png,0.0005681514739990234,,1000,0.013573800000813208,0.0034345999993092846,0.005429999999250867,0.008864599998560152,0.00668500000028871,0.015549599998848862,0.02912339999966207,156012544
479,1305031118.343324,data\rgbd_dataset_freiburg1_xyz\rgb\1305031118.343324.png,data\rgbd_dataset_freiburg1_xyz\depth\1305031118.342079.png,0.0012450218200683594,,1020,0.0130434000002424,0.003542899999956717,0.0056945000014820835,0.0092374000014388,0.007087699999829056,0.016325100001267856,0.029368500001510256,156012544
480,1305031118.379208,data\rgbd_dataset_freiburg1_xyz\rgb\1305031118.379208.png,data\rgbd_dataset_freiburg1_xyz\depth\1305031118.377003.png,0.0022051334381103516,,1029,0.013320300000486895,0.003322499998830608,0.005496200001289253,0.008818700000119861,0.007354700001087622,0.016173400001207483,0.02949370000169438,156016640
481,1305031118.411296,data\rgbd_dataset_freiburg1_xyz\rgb\1305031118.411296.png,data\rgbd_dataset_freiburg1_xyz\depth\1305031118.408818.png,0.002477884292602539,,1062,0.013120400000843802,0.0034502000016800594,0.005251300000963965,0.008701500002644025,0.010966399999233545,0.01966790000187757,0.03278830000272137,156028928
482,1305031118.445692,data\rgbd_dataset_freiburg1_xyz\rgb\1305031118.445692.png,data\rgbd_dataset_freiburg1_xyz\depth\1305031118.445703.png,1.0967254638671875e-05,,1090,0.013816000000588247,0.003347399999256595,0.005336800000804942,0.008684200000061537,0.007454700000380399,0.016138900000441936,0.029954900001030182,156037120
483,1305031118.479285,data\rgbd_dataset_freiburg1_xyz\rgb\1305031118.479285.png,data\rgbd_dataset_freiburg1_xyz\depth\1305031118.477869.png,0.0014159679412841797,,1078,0.013497399999323534,0.003507399998852634,0.004917899999782094,0.008425299998634728,0.007038099998680991,0.015463399997315719,0.028960799996639253,156041216
484,1305031118.511255,data\rgbd_dataset_freiburg1_xyz\rgb\1305031118.511255.png,data\rgbd_dataset_freiburg1_xyz\depth\1305031118.510201.png,0.0010540485382080078,,1088,0.013611399999717833,0.0033813999998528743,0.005573600001298473,0.008955000001151348,0.007175899998401292,0.01613089999955264,0.029742299999270472,156041216
485,1305031118.544414,data\rgbd_dataset_freiburg1_xyz\rgb\1305031118.544414.png,data\rgbd_dataset_freiburg1_xyz\depth\1305031118.545199.png,0.0007848739624023438,,1051,0.013277199999720324,0.0034130000003642635,0.005338099999789847,0.00875110000015411,0.0070417999995697755,0.015792899999723886,0.02907009999944421,156049408
486,1305031118.579285,data\rgbd_dataset_freiburg1_xyz\rgb\1305031118.579285.png,data\rgbd_dataset_freiburg1_xyz\depth\1305031118.576377.png,0.002907991409301758,,1081,0.01323190000039176,0.0034319000005780254,0.004734300000563962,0.008166200001141988,0.007281500000317465,0.015447700001459452,0.028679600001851213,156049408
487,1305031118.616142,data\rgbd_dataset_freiburg1_xyz\rgb\1305031118.616142.png,data\rgbd_dataset_freiburg1_xyz\depth\1305031118.610869.png,0.005273103713989258,,1031,0.013394999999945867,0.0033786999993026257,0.005542700000660261,0.008921399999962887,0.006681900000330643,0.01560330000029353,0.028998300000239396,156057600
488,1305031118.645325,data\rgbd_dataset_freiburg1_xyz\rgb\1305031118.645325.png,data\rgbd_dataset_freiburg1_xyz\depth\1305031118.645331.png,5.9604644775390625e-06,,1000,0.013119399998686276,0.0032949000014923513,0.005080200000520563,0.008375100002012914,0.006565800000316813,0.014940900002329727,0.028060300001016003,156069888
489,1305031118.679295,data\rgbd_dataset_freiburg1_xyz\rgb\1305031118.679295.png,data\rgbd_dataset_freiburg1_xyz\depth\1305031118.675082.png,0.004213094711303711,,1000,0.013503799998943578,0.0034916000004159287,0.005045600000812556,0.008537200001228484,0.00677209999957995,0.015309300000808435,0.028813099999752012,156069888
490,1305031118.711421,data\rgbd_dataset_freiburg1_xyz\rgb\1305031118.711421.png,data\rgbd_dataset_freiburg1_xyz\depth\1305031118.710140.png,0.0012810230255126953,,976,0.013884300000427174,0.0035700999997061444,0.004925799999909941,0.008495899999616086,0.00691980000010517,0.015415699999721255,0.02930000000014843,156078080
491,1305031118.74677,data\rgbd_dataset_freiburg1_xyz\rgb\1305031118.746770.png,data\rgbd_dataset_freiburg1_xyz\depth\1305031118.746801.png,3.0994415283203125e-05,,977,0.013583900001322036,0.0034605000000738073,0.005213599999478902,0.008674099999552709,0.0069149999999353895,0.015589099999488099,0.029173000000810134,156082176
492,1305031118.779277,data\rgbd_dataset_freiburg1_xyz\rgb\1305031118.779277.png,data\rgbd_dataset_freiburg1_xyz\depth\1305031118.778790.png,0.0004870891571044922,,1026,0.015960799999447772,0.0037798000012116972,0.0055673000006208895,0.009347100001832587,0.006827000001067063,0.01617410000289965,0.03213490000234742,156102656
493,1305031118.811221,data\rgbd_dataset_freiburg1_xyz\rgb\1305031118.811221.png,data\rgbd_dataset_freiburg1_xyz\depth\1305031118.810703.png,0.0005178451538085938,,980,0.013255599998956313,0.003471600000921171,0.004897400000118068,0.00836900000103924,0.006942500000150176,0.015311500001189415,0.02856710000014573,156106752
494,1305031118.846753,data\rgbd_dataset_freiburg1_xyz\rgb\1305031118.846753.png,data\rgbd_dataset_freiburg1_xyz\depth\1305031118.846774.png,2.1219253540039062e-05,,953,0.013514199999917764,0.0032804000002215616,0.005071599998700549,0.00835199999892211,0.006461800001488882,0.014813800000410993,0.028328000000328757,156110848
495,1305031118.879208,data\rgbd_dataset_freiburg1_xyz\rgb\1305031118.879208.png,data\rgbd_dataset_freiburg1_xyz\depth\1305031118.875402.png,0.0038061141967773438,,977,0.013221299999713665,0.004126499999983935,0.005193700000745594,0.009320200000729528,0.00788730000022042,0.01720750000094995,0.030428800000663614,156114944
496,1305031118.911177,data\rgbd_dataset_freiburg1_xyz\rgb\1305031118.911177.png,data\rgbd_dataset_freiburg1_xyz\depth\1305031118.909608.png,0.0015690326690673828,,988,0.015833999999813386,0.004120099998544902,0.0048593999999866355,0.008979499998531537,0.007183899999290588,0.016163399997822125,0.03199739999763551,156123136
497,1305031118.946974,data\rgbd_dataset_freiburg1_xyz\rgb\1305031118.946974.png,data\rgbd_dataset_freiburg1_xyz\depth\1305031118.947009.png,3.504753112792969e-05,,998,0.015069999999468564,0.0035005000008823117,0.004751500000566011,0.008252000001448323,0.007716399999480927,0.01596840000092925,0.031038400000397814,156123136
498,1305031118.979374,data\rgbd_dataset_freiburg1_xyz\rgb\1305031118.979374.png,data\rgbd_dataset_freiburg1_xyz\depth\1305031118.979394.png,2.002716064453125e-05,,960,0.015267799999492127,0.0035325999997439794,0.00495510000109789,0.008487700000841869,0.006630800000493764,0.015118500001335633,0.03038630000082776,156127232
499,1305031119.011363,data\rgbd_dataset_freiburg1_xyz\rgb\1305031119.011363.png,data\rgbd_dataset_freiburg1_xyz\depth\1305031119.009712.png,0.0016510486602783203,,901,0.013437300000077812,0.003628299999036244,0.005496399999174173,0.009124699998210417,0.00920849999965867,0.018333199997869087,0.0317704999979469,156135424
500,1305031119.047172,data\rgbd_dataset_freiburg1_xyz\rgb\1305031119.047172.png,data\rgbd_dataset_freiburg1_xyz\depth\1305031119.047180.png,7.867813110351562e-06,,966,0.013616199999887613,0.003570999999283231,0.004954199999701814,0.008525199998985045,0.007240000000820146,0.01576519999980519,0.029381399999692803,156139520
501,1305031119.079223,data\rgbd_dataset_freiburg1_xyz\rgb\1305031119.079223.png,data\rgbd_dataset_freiburg1_xyz\depth\1305031119.078966.png,0.0002570152282714844,,938,0.013403099999777623,0.003616399999373243,0.005623299999570008,0.009239699998943252,0.007438100001309067,0.01667780000025232,0.030080900000029942,156139520
502,1305031119.111328,data\rgbd_dataset_freiburg1_xyz\rgb\1305031119.111328.png,data\rgbd_dataset_freiburg1_xyz\depth\1305031119.110884.png,0.0004439353942871094,,934,0.015969500000210246,0.00435509999988426,0.005281499999910011,0.00963659999979427,0.006515199998830212,0.016151799998624483,0.03212129999883473,156155904
503,1305031119.147616,data\rgbd_dataset_freiburg1_xyz\rgb\1305031119.147616.png,data\rgbd_dataset_freiburg1_xyz\depth\1305031119.147629.png,1.3113021850585938e-05,,928,0.013320000000021537,0.003723399999216781,0.004667900000640657,0.008391299999857438,0.00669469999957073,0.015085999999428168,0.028405999999449705,156155904
504,1305031119.179226,data\rgbd_dataset_freiburg1_xyz\rgb\1305031119.179226.png,data\rgbd_dataset_freiburg1_xyz\depth\1305031119.179262.png,3.600120544433594e-05,,925,0.013305099999342929,0.0035825000013574027,0.0054792000009911135,0.009061700002348516,0.006760300000678399,0.015822000003026915,0.029127100002369843,156172288
505,1305031119.211364,data\rgbd_dataset_freiburg1_xyz\rgb\1305031119.211364.png,data\rgbd_dataset_freiburg1_xyz\depth\1305031119.210906.png,0.00045800209045410156,,941,0.01320800000030431,0.0037908000012976117,0.005110300000524148,0.00890110000182176,0.007282299999133102,0.016183400000954862,0.02939140000125917,156184576
506,1305031119.247399,data\rgbd_dataset_freiburg1_xyz\rgb\1305031119.247399.png,data\rgbd_dataset_freiburg1_xyz\depth\1305031119.247660.png,0.0002608299255371094,,943,0.013248699999167002,0.0035224000002926914,0.004723399999420508,0.0082457999997132,0.007665199998882599,0.0159109999985958,0.0291596999977628,156200960
507,1305031119.279212,data\rgbd_dataset_freiburg1_xyz\rgb\1305031119.279212.png,data\rgbd_dataset_freiburg1_xyz\depth\1305031119.279244.png,3.1948089599609375e-05,,949,0.01339899999948102,0.0038788000001659384,0.004978200000550714,0.008857000000716653,0.007231499999761581,0.016088500000478234,0.029487499999959255,156200960
508,1305031119.311212,data\rgbd_dataset_freiburg1_xyz\rgb\1305031119.311212.png,data\rgbd_dataset_freiburg1_xyz\depth\1305031119.310755.png,0.0004570484161376953,,964,0.015558499999315245,0.004550000001472654,0.004994800001441035,0.00954480000291369,0.007451399998899433,0.016996200001813122,0.03255470000112837,156205056
509,1305031119.347741,data\rgbd_dataset_freiburg1_xyz\rgb\1305031119.347741.png,data\rgbd_dataset_freiburg1_xyz\depth\1305031119.347750.png,9.059906005859375e-06,,968,0.013417000000117696,0.003610300000218558,0.005418200000349316,0.009028500000567874,0.0066234999994776445,0.01565200000004552,0.029069000000163214,156209152
510,1305031119.379239,data\rgbd_dataset_freiburg1_xyz\rgb\1305031119.379239.png,data\rgbd_dataset_freiburg1_xyz\depth\1305031119.378631.png,0.0006079673767089844,,979,0.013458499999615015,0.003739800000403193,0.004880899999989197,0.00862070000039239,0.007087699999829056,0.015708400000221445,0.02916689999983646,156213248
511,1305031119.411484,data\rgbd_dataset_freiburg1_xyz\rgb\1305031119.411484.png,data\rgbd_dataset_freiburg1_xyz\depth\1305031119.411492.png,8.106231689453125e-06,,933,0.013177499999073916,0.0037341000006563263,0.004994199998691329,0.008728299999347655,0.006851199999800883,0.015579499999148538,0.028756999998222454,156221440
512,1305031119.447706,data\rgbd_dataset_freiburg1_xyz\rgb\1305031119.447706.png,data\rgbd_dataset_freiburg1_xyz\depth\1305031119.447726.png,2.002716064453125e-05,,913,0.013201899999330635,0.0037235999989206903,0.005063499998868792,0.008787099997789483,0.007155699999202625,0.015942799996992107,0.029144699996322743,156225536
513,1305031119.479267,data\rgbd_dataset_freiburg1_xyz\rgb\1305031119.479267.png,data\rgbd_dataset_freiburg1_xyz\depth\1305031119.477682.png,0.001584768295288086,,891,0.015540700000201468,0.004216899998937151,0.005239399999481975,0.009456299998419126,0.006965300000956631,0.016421599999375758,0.031962299999577226,156229632
514,1305031119.51124,data\rgbd_dataset_freiburg1_xyz\rgb\1305031119.511240.png,data\rgbd_dataset_freiburg1_xyz\depth\1305031119.511258.png,1.7881393432617188e-05,,906,0.013255500000013853,0.00388810000004014,0.005430100000012317,0.009318200000052457,0.0068114000005152775,0.016129600000567734,0.029385100000581588,156237824
515,1305031119.547382,data\rgbd_dataset_freiburg1_xyz\rgb\1305031119.547382.png,data\rgbd_dataset_freiburg1_xyz\depth\1305031119.547414.png,3.1948089599609375e-05,,886,0.015404100000523613,0.0041413999988435535,0.004999900000257185,0.009141299999100738,0.006698999999571242,0.01584029999867198,0.031244399999195593,156241920
516,1305031119.579559,data\rgbd_dataset_freiburg1_xyz\rgb\1305031119.579559.png,data\rgbd_dataset_freiburg1_xyz\depth\1305031119.579569.png,1.0013580322265625e-05,,866,0.012972200000149314,0.003683999999338994,0.00510989999929734,0.008793899998636334,0.009743700000399258,0.018537599999035592,0.031509799999184906,156258304
517,1305031119.615017,data\rgbd_dataset_freiburg1_xyz\rgb\1305031119.615017.png,data\rgbd_dataset_freiburg1_xyz\depth\1305031119.615024.png,7.152557373046875e-06,,865,0.013366200000746176,0.0036724999990838114,0.005237100000158534,0.008909599999242346,0.006552499999088468,0.015462099998330814,0.02882829999907699,156258304
518,1305031119.647903,data\rgbd_dataset_freiburg1_xyz\rgb\1305031119.647903.png,data\rgbd_dataset_freiburg1_xyz\depth\1305031119.648889.png,0.0009860992431640625,,866,0.012836500000048545,0.0035929000005126,0.004905800000415184,0.008498700000927784,0.006775300000299467,0.01527400000122725,0.028110500001275796,156266496
519,1305031119.679208,data\rgbd_dataset_freiburg1_xyz\rgb\1305031119.679208.png,data\rgbd_dataset_freiburg1_xyz\depth\1305031119.675566.png,0.0036420822143554688,,859,0.013021000000662752,0.004116100000828737,0.0048317999990104,0.008947899999839137,0.00631969999994908,0.015267599999788217,0.02828860000045097,156270592
520,1305031119.715232,data\rgbd_dataset_freiburg1_xyz\rgb\1305031119.715232.png,data\rgbd_dataset_freiburg1_xyz\depth\1305031119.715249.png,1.71661376953125e-05,,812,0.013146000001142966,0.0036509000001387903,0.005170200000065961,0.008821100000204751,0.0071404000009351876,0.01596150000113994,0.029107500002282904,156274688
521,1305031119.747193,data\rgbd_dataset_freiburg1_xyz\rgb\1305031119.747193.png,data\rgbd_dataset_freiburg1_xyz\depth\1305031119.744886.png,0.0023071765899658203,,800,0.01312080000025162,0.003732799999852432,0.004660300000978168,0.0083931000008306,0.007366800000454532,0.015759900001285132,0.028880700001536752,156274688
522,1305031119.779169,data\rgbd_dataset_freiburg1_xyz\rgb\1305031119.779169.png,data\rgbd_dataset_freiburg1_xyz\depth\1305031119.778628.png,0.0005409717559814453,,786,0.013467200000377488,0.0037389999997685663,0.005076800000097137,0.008815799999865703,0.006489200000942219,0.015305000000807922,0.02877220000118541,156282880
523,1305031119.814537,data\rgbd_dataset_freiburg1_xyz\rgb\1305031119.814537.png,data\rgbd_dataset_freiburg1_xyz\depth\1305031119.814571.png,3.3855438232421875e-05,,793,0.012980100000277162,0.003729899999598274,0.005158600000868319,0.008888500000466593,0.0067383999994490296,0.015626899999915622,0.028607000000192784,156295168
524,1305031119.847429,data\rgbd_dataset_freiburg1_xyz\rgb\1305031119.847429.png,data\rgbd_dataset_freiburg1_xyz\depth\1305031119.847445.png,1.5974044799804688e-05,,803,0.013068700000076205,0.0036743000000569737,0.005165799999303999,0.008840099999360973,0.006741500001226086,0.01558160000058706,0.028650300000663265,156299264
525,1305031119.879214,data\rgbd_dataset_freiburg1_xyz\rgb\1305031119.879214.png,data\rgbd_dataset_freiburg1_xyz\depth\1305031119.879232.png,1.7881393432617188e-05,,764,0.01328040000043984,0.0036547999989124946,0.005233699999735109,0.008888499998647603,0.006528199999593198,0.015416699998240802,0.028697099998680642,156303360
526,1305031119.911401,data\rgbd_dataset_freiburg1_xyz\rgb\1305031119.911401.png,data\rgbd_dataset_freiburg1_xyz\depth\1305031119.911424.png,2.288818359375e-05,,748,0.013148600000931765,0.0038421000008384,0.005021799999667564,0.008863900000505964,0.006189300000187359,0.015053200000693323,0.028201800001625088,156307456
527,1305031119.947392,data\rgbd_dataset_freiburg1_xyz\rgb\1305031119.947392.png,data\rgbd_dataset_freiburg1_xyz\depth\1305031119.947462.png,7.009506225585938e-05,,767,0.012900100000479142,0.0036065999993297737,0.0048439000001962995,0.008450499999526073,0.006577600001037354,0.015028100000563427,0.02792820000104257,156315648
528,1305031119.979537,data\rgbd_dataset_freiburg1_xyz\rgb\1305031119.979537.png,data\rgbd_dataset_freiburg1_xyz\depth\1305031119.979546.png,9.059906005859375e-06,,755,0.013076300001557684,0.0035908999998355284,0.00484370000049239,0.008434600000327919,0.007084300001224619,0.015518900001552538,0.02859520000311022,156319744
529,1305031120.015264,data\rgbd_dataset_freiburg1_xyz\rgb\1305031120.015264.png,data\rgbd_dataset_freiburg1_xyz\depth\1305031120.015283.png,1.9073486328125e-05,,753,0.01309670000046026,0.003656099999716389,0.004722699999547331,0.00837879999926372,0.006623199999012286,0.015001999998276005,0.028098699998736265,156332032
530,1305031120.04729,data\rgbd_dataset_freiburg1_xyz\rgb\1305031120.047290.png,data\rgbd_dataset_freiburg1_xyz\depth\1305031120.047310.png,2.002716064453125e-05,,757,0.012810599999284022,0.003768300000956515,0.004520799999227165,0.00828910000018368,0.007315000000744476,0.015604100000928156,0.02841470000021218,156344320
531,1305031120.079418,data\rgbd_dataset_freiburg1_xyz\rgb\1305031120.079418.png,data\rgbd_dataset_freiburg1_xyz\depth\1305031120.075690.png,0.0037279129028320312,,743,0.013357300000279793,0.0039046999991114717,0.004961200000252575,0.008865899999364046,0.006355299999995623,0.01522119999935967,0.028578499999639462,156348416
532,1305031120.115232,data\rgbd_dataset_freiburg1_xyz\rgb\1305031120.115232.png,data\rgbd_dataset_freiburg1_xyz\depth\1305031120.115249.png,1.6927719116210938e-05,,756,0.013504500000635744,0.0037432999997690786,0.00515830000040296,0.008901600000172039,0.006514899998364854,0.015416499998536892,0.028920999999172636,156356608
533,1305031120.148157,data\rgbd_dataset_freiburg1_xyz\rgb\1305031120.148157.png,data\rgbd_dataset_freiburg1_xyz\depth\1305031120.148175.png,1.811981201171875e-05,,746,0.013246399999843561,0.0037113999987923307,0.005020700000386569,0.0087320999991789,0.006221199999345117,0.014953299998524017,0.028199699998367578,156360704
534,1305031120.179246,data\rgbd_dataset_freiburg1_xyz\rgb\1305031120.179246.png,data\rgbd_dataset_freiburg1_xyz\depth\1305031120.179261.png,1.5020370483398438e-05,,734,0.013020500000493485,0.003622299998824019,0.005134400000315509,0.008756699999139528,0.0058963000010407995,0.014653000000180327,0.027673500000673812,156364800
535,1305031120.215249,data\rgbd_dataset_freiburg1_xyz\rgb\1305031120.215249.png,data\rgbd_dataset_freiburg1_xyz\depth\1305031120.215260.png,1.0967254638671875e-05,,740,0.013117999998939922,0.0037754000004497357,0.005224000000453088,0.008999400000902824,0.006689200001346762,0.015688600002249586,0.02880660000118951,156368896
536,1305031120.248003,data\rgbd_dataset_freiburg1_xyz\rgb\1305031120.248003.png,data\rgbd_dataset_freiburg1_xyz\depth\1305031120.248018.png,1.5020370483398438e-05,,755,0.013141800000084913,0.0037688000011257827,0.00481960000070103,0.008588400001826813,0.006400100000973907,0.01498850000280072,0.028130300002885633,156372992
537,1305031120.27943,data\rgbd_dataset_freiburg1_xyz\rgb\1305031120.279430.png,data\rgbd_dataset_freiburg1_xyz\depth\1305031120.279441.png,1.1205673217773438e-05,,744,0.012999500000660191,0.0036409999993338715,0.00474949999988894,0.008390499999222811,0.0070357000004150905,0.015426199999637902,0.028425700000298093,156377088
538,1305031120.315196,data\rgbd_dataset_freiburg1_xyz\rgb\1305031120.315196.png,data\rgbd_dataset_freiburg1_xyz\depth\1305031120.315213.png,1.6927719116210938e-05,,756,0.012877500001195585,0.003501900000628666,0.004596599999786122,0.008098500000414788,0.00886990000071819,0.016968400001132977,0.029845900002328563,156389376
539,1305031120.347787,data\rgbd_dataset_freiburg1_xyz\rgb\1305031120.347787.png,data\rgbd_dataset_freiburg1_xyz\depth\1305031120.347797.png,1.0013580322265625e-05,,750,0.01318360000004759,0.003775099999984377,0.004922000000078697,0.008697100000063074,0.0060451999997894745,0.014742299999852548,0.02792589999990014,156393472
540,1305031120.379437,data\rgbd_dataset_freiburg1_xyz\rgb\1305031120.379437.png,data\rgbd_dataset_freiburg1_xyz\depth\1305031120.379446.png,9.059906005859375e-06,,739,0.013130200000887271,0.0034880000002885936,0.004768400000102702,0.008256400000391295,0.009342400000605267,0.01759880000099656,0.030729000001883833,156393472
541,1305031120.415445,data\rgbd_dataset_freiburg1_xyz\rgb\1305031120.415445.png,data\rgbd_dataset_freiburg1_xyz\depth\1305031120.415490.png,4.482269287109375e-05,,746,0.012910100000226521,0.0036599000013666227,0.005170099999304512,0.008830000000671134,0.006929799999852548,0.015759800000523683,0.028669900000750204,156413952
542,1305031120.447417,data\rgbd_dataset_freiburg1_xyz\rgb\1305031120.447417.png,data\rgbd_dataset_freiburg1_xyz\depth\1305031120.447433.png,1.5974044799804688e-05,,761,0.013321999998879619,0.0037531000016315375,0.00525259999994887,0.009005700001580408,0.00674310000067635,0.015748800002256758,0.029070800001136377,156418048
543,1305031120.479432,data\rgbd_dataset_freiburg1_xyz\rgb\1305031120.479432.png,data\rgbd_dataset_freiburg1_xyz\depth\1305031120.475582.png,0.003850221633911133,,752,0.013375800001085736,0.003972500000600121,0.004997500000172295,0.008970000000772416,0.006601000000955537,0.015571000001727953,0.02894680000281369,156426240
544,1305031120.514819,data\rgbd_dataset_freiburg1_xyz\rgb\1305031120.514819.png,data\rgbd_dataset_freiburg1_xyz\depth\1305031120.514877.png,5.817413330078125e-05,,747,0.013263999999253429,0.003805599999395781,0.005099399999380694,0.008904999998776475,0.00874899999871559,0.017653999997492065,0.030917999996745493,156430336
545,1305031120.547736,data\rgbd_dataset_freiburg1_xyz\rgb\1305031120.547736.png,data\rgbd_dataset_freiburg1_xyz\depth\1305031120.547807.png,7.104873657226562e-05,,786,0.013658399999258108,0.003766199999517994,0.005080599999928381,0.008846799999446375,0.009148799999820767,0.017995599999267142,0.03165399999852525,156434432
546,1305031120.579551,data\rgbd_dataset_freiburg1_xyz\rgb\1305031120.579551.png,data\rgbd_dataset_freiburg1_xyz\depth\1305031120.579559.png,8.106231689453125e-06,,824,0.013519799998903181,0.0035996000005980022,0.005372300000090036,0.008971900000688038,0.009373999999297666,0.018345899999985704,0.031865699998888886,156434432
547,1305031120.615236,data\rgbd_dataset_freiburg1_xyz\rgb\1305031120.615236.png,data\rgbd_dataset_freiburg1_xyz\depth\1305031120.615271.png,3.504753112792969e-05,,840,0.01327329999912763,0.00366550000035204,0.004799000000275555,0.008464500000627595,0.0065924000009545125,0.015056900001582108,0.028330200000709738,156438528
548,1305031120.647354,data\rgbd_dataset_freiburg1_xyz\rgb\1305031120.647354.png,data\rgbd_dataset_freiburg1_xyz\depth\1305031120.646607.png,0.0007469654083251953,,878,0.013347199999770964,0.0036501000013231533,0.004913899998427951,0.008563999999751104,0.009176699999443372,0.017740699999194476,0.03108789999896544,156450816
549,1305031120.679318,data\rgbd_dataset_freiburg1_xyz\rgb\1305031120.679318.png,data\rgbd_dataset_freiburg1_xyz\depth\1305031120.678467.png,0.0008509159088134766,,900,0.013161500000933302,0.0036652999988291413,0.004914600000120117,0.008579899998949259,0.0067620999998325715,0.01534199999878183,0.02850349999971513,156454912
550,1305031120.714522,data\rgbd_dataset_freiburg1_xyz\rgb\1305031120.714522.png,data\rgbd_dataset_freiburg1_xyz\depth\1305031120.714553.png,3.123283386230469e-05,,901,0.01329009999972186,0.003615400000853697,0.005196500000238302,0.008811900001091999,0.006564299999809009,0.015376200000901008,0.02866630000062287,156459008
551,1305031120.747369,data\rgbd_dataset_freiburg1_xyz\rgb\1305031120.747369.png,data\rgbd_dataset_freiburg1_xyz\depth\1305031120.747396.png,2.6941299438476562e-05,,907,0.013393400000495603,0.0037682000001950655,0.004740799999126466,0.008508999999321532,0.007364099999904283,0.015873099999225815,0.029266499999721418,156467200
552,1305031120.779894,data\rgbd_dataset_freiburg1_xyz\rgb\1305031120.779894.png,data\rgbd_dataset_freiburg1_xyz\depth\1305031120.779908.png,1.3828277587890625e-05,,965,0.013376699998843833,0.0036973000005673384,0.0054359999994630925,0.009133300000030431,0.007054100000459584,0.016187400000490015,0.029564099999333848,156479488
553,1305031120.814944,data\rgbd_dataset_freiburg1_xyz\rgb\1305031120.814944.png,data\rgbd_dataset_freiburg1_xyz\depth\1305031120.814905.png,3.910064697265625e-05,,992,0.015982299999450333,0.004454800000530668,0.005136800000400399,0.009591600000931066,0.007177800000135903,0.01676940000106697,0.0327517000005173,156483584
554,1305031120.847921,data\rgbd_dataset_freiburg1_xyz\rgb\1305031120.847921.png,data\rgbd_dataset_freiburg1_xyz\depth\1305031120.847942.png,2.1219253540039062e-05,,973,0.013682400000107009,0.0037043000011180993,0.004564499999105465,0.008268800000223564,0.006694100000459002,0.014962900000682566,0.028645300000789575,156491776
555,1305031120.883435,data\rgbd_dataset_freiburg1_xyz\rgb\1305031120.883435.png,data\rgbd_dataset_freiburg1_xyz\depth\1305031120.883454.png,1.9073486328125e-05,,1018,0.01380319999952917,0.0038902999986021314,0.005118199998833006,0.009008499997435138,0.006441200001063407,0.015449699998498545,0.029252899998027715,157126656
556,1305031120.915444,data\rgbd_dataset_freiburg1_xyz\rgb\1305031120.915444.png,data\rgbd_dataset_freiburg1_xyz\depth\1305031120.915454.png,1.0013580322265625e-05,,1018,0.013807000001179404,0.003994200000306591,0.0054959000008238945,0.009490100001130486,0.008579000001191162,0.018069100002321647,0.03187610000350105,157478912
557,1305031120.947488,data\rgbd_dataset_freiburg1_xyz\rgb\1305031120.947488.png,data\rgbd_dataset_freiburg1_xyz\depth\1305031120.947509.png,2.09808349609375e-05,,1027,0.013570099999924423,0.003989000000728993,0.005613699999230448,0.009602699999959441,0.007350800000494928,0.01695350000045437,0.030523600000378792,156508160
558,1305031120.983366,data\rgbd_dataset_freiburg1_xyz\rgb\1305031120.983366.png,data\rgbd_dataset_freiburg1_xyz\depth\1305031120.983390.png,2.4080276489257812e-05,,1042,0.013836200001605903,0.003473400000075344,0.00494770000113931,0.008421100001214654,0.007196599999588216,0.01561770000080287,0.029453900002408773,156516352
559,1305031121.015019,data\rgbd_dataset_freiburg1_xyz\rgb\1305031121.015019.png,data\rgbd_dataset_freiburg1_xyz\depth\1305031121.015029.png,1.0013580322265625e-05,,1043,0.013479899998856126,0.003703099999256665,0.004729899999802001,0.008432999999058666,0.006547500001033768,0.014980500000092434,0.02846039999894856,157179904
560,1305031121.047498,data\rgbd_dataset_freiburg1_xyz\rgb\1305031121.047498.png,data\rgbd_dataset_freiburg1_xyz\depth\1305031121.047755.png,0.0002570152282714844,,1055,0.01371610000023793,0.003663399998913519,0.00517030000082741,0.00883369999974093,0.008061099999395083,0.016894799999136012,0.03061089999937394,157614080
561,1305031121.083099,data\rgbd_dataset_freiburg1_xyz\rgb\1305031121.083099.png,data\rgbd_dataset_freiburg1_xyz\depth\1305031121.083117.png,1.811981201171875e-05,,1041,0.013237999999546446,0.003731099999640719,0.005448400001114351,0.00917950000075507,0.007126500000595115,0.016306000001350185,0.02954400000089663,158273536
562,1305031121.114696,data\rgbd_dataset_freiburg1_xyz\rgb\1305031121.114696.png,data\rgbd_dataset_freiburg1_xyz\depth\1305031121.114878.png,0.0001819133758544922,,1097,0.01354400000127498,0.0036574000005202834,0.0051057000000582775,0.00876310000057856,0.011330899998938548,0.02009399999951711,0.03363800000079209,157585408
563,1305031121.147331,data\rgbd_dataset_freiburg1_xyz\rgb\1305031121.147331.png,data\rgbd_dataset_freiburg1_xyz\depth\1305031121.147355.png,2.4080276489257812e-05,,1123,0.013635999999678461,0.003596599999582395,0.005091500001071836,0.00868810000065423,0.00828699999874516,0.01697509999939939,0.03061109999907785,157237248
564,1305031121.183271,data\rgbd_dataset_freiburg1_xyz\rgb\1305031121.183271.png,data\rgbd_dataset_freiburg1_xyz\depth\1305031121.183281.png,1.0013580322265625e-05,,1166,0.015368800000942429,0.003682800001115538,0.005539800000406103,0.009222600001521641,0.008524800001396216,0.017747400002917857,0.033116200003860286,157474816
565,1305031121.21142,data\rgbd_dataset_freiburg1_xyz\rgb\1305031121.211420.png,data\rgbd_dataset_freiburg1_xyz\depth\1305031121.211431.png,1.0967254638671875e-05,,1160,0.013998800000990741,0.0035766999990300974,0.005317399998602923,0.00889409999763302,0.007627200000570156,0.016521299998203176,0.030520099999193917,156569600
566,1305031121.247194,data\rgbd_dataset_freiburg1_xyz\rgb\1305031121.247194.png,data\rgbd_dataset_freiburg1_xyz\depth\1305031121.247201.png,6.9141387939453125e-06,,1186,0.014260600000852719,0.0037885000001551816,0.005521000000953791,0.009309500001108972,0.010554100001172628,0.0198636000022816,0.03412420000313432,157204480
567,1305031121.282876,data\rgbd_dataset_freiburg1_xyz\rgb\1305031121.282876.png,data\rgbd_dataset_freiburg1_xyz\depth\1305031121.282822.png,5.412101745605469e-05,,1202,0.014199100000041653,0.0037289000010787277,0.005009300000892836,0.008738200001971563,0.007376899999144371,0.016115100001115934,0.030314200001157587,157507584
568,1305031121.313568,data\rgbd_dataset_freiburg1_xyz\rgb\1305031121.313568.png,data\rgbd_dataset_freiburg1_xyz\depth\1305031121.313588.png,1.9788742065429688e-05,,1217,0.013658900001246366,0.003680300000269199,0.004995999999664491,0.00867629999993369,0.007448000000294996,0.016124300000228686,0.029783200001475052,157351936
569,1305031121.347517,data\rgbd_dataset_freiburg1_xyz\rgb\1305031121.347517.png,data\rgbd_dataset_freiburg1_xyz\depth\1305031121.347540.png,2.288818359375e-05,,1235,0.013925999999628402,0.003558099999281694,0.0054812999987916555,0.00903939999807335,0.007679600001210929,0.01671899999928428,0.03064499999891268,157364224
570,1305031121.383226,data\rgbd_dataset_freiburg1_xyz\rgb\1305031121.383226.png,data\rgbd_dataset_freiburg1_xyz\depth\1305031121.383248.png,2.2172927856445312e-05,,1249,0.014243199999327771,0.003602300001148251,0.005267800001092837,0.008870100002241088,0.007889599999543861,0.01675970000178495,0.03100290000111272,157278208
571,1305031121.414318,data\rgbd_dataset_freiburg1_xyz\rgb\1305031121.414318.png,data\rgbd_dataset_freiburg1_xyz\depth\1305031121.414328.png,1.0013580322265625e-05,,1257,0.014300700000603683,0.0035564999998314306,0.004964100000506733,0.008520600000338163,0.007971499999257503,0.016492099999595666,0.03079280000019935,157278208
572,1305031121.447319,data\rgbd_dataset_freiburg1_xyz\rgb\1305031121.447319.png,data\rgbd_dataset_freiburg1_xyz\depth\1305031121.447024.png,0.0002949237823486328,,1296,0.01569050000034622,0.003640000000814325,0.005222099998718477,0.008862099999532802,0.007662999998501618,0.01652509999803442,0.03221559999838064,157290496
573,1305031121.482964,data\rgbd_dataset_freiburg1_xyz\rgb\1305031121.482964.png,data\rgbd_dataset_freiburg1_xyz\depth\1305031121.483015.png,5.1021575927734375e-05,,1343,0.013739300000452204,0.0037488000016310252,0.005675600001268322,0.009424400002899347,0.00781500000084634,0.017239400003745686,0.03097870000419789,157298688
574,1305031121.514107,data\rgbd_dataset_freiburg1_xyz\rgb\1305031121.514107.png,data\rgbd_dataset_freiburg1_xyz\depth\1305031121.514164.png,5.698204040527344e-05,,1340,0.014051399999516434,0.0035717999999178573,0.005445699998745113,0.00901749999866297,0.007671399998798734,0.016688899997461704,0.030740299996978138,157306880
575,1305031121.54727,data\rgbd_dataset_freiburg1_xyz\rgb\1305031121.547270.png,data\rgbd_dataset_freiburg1_xyz\depth\1305031121.546810.png,0.0004601478576660156,,1328,0.014336099999127327,0.0034333000003243797,0.005195399999138317,0.008628699999462697,0.008031999999730033,0.01666069999919273,0.030996799998320057,157310976
576,1305031121.583204,data\rgbd_dataset_freiburg1_xyz\rgb\1305031121.583204.png,data\rgbd_dataset_freiburg1_xyz\depth\1305031121.583213.png,9.059906005859375e-06,,1316,0.013690800000404124,0.0035577999988163356,0.005196999998588581,0.008754799997404916,0.007513100001233397,0.016267899998638313,0.029958699999042437,157327360
577,1305031121.6147,data\rgbd_dataset_freiburg1_xyz\rgb\1305031121.614700.png,data\rgbd_dataset_freiburg1_xyz\depth\1305031121.614719.png,1.8835067749023438e-05,,1312,0.013433399999485118,0.003503600000840379,0.005614600000626524,0.009118200001466903,0.007382100000540959,0.01650030000200786,0.02993370000149298,157335552
578,1305031121.647183,data\rgbd_dataset_freiburg1_xyz\rgb\1305031121.647183.png,data\rgbd_dataset_freiburg1_xyz\depth\1305031121.646966.png,0.00021696090698242188,,1358,0.013630699999339413,0.003474099999948521,0.005371799999920768,0.008845899999869289,0.007736399998975685,0.016582299998844974,0.030212999998184387,157343744
579,1305031121.6832,data\rgbd_dataset_freiburg1_xyz\rgb\1305031121.683200.png,data\rgbd_dataset_freiburg1_xyz\depth\1305031121.683211.png,1.1205673217773438e-05,,1351,0.013901300000725314,0.0037135000002308516,0.0051848999992216704,0.008898399999452522,0.0076338999988365686,0.01653229999828909,0.030433599999014405,157343744
580,1305031121.71452,data\rgbd_dataset_freiburg1_xyz\rgb\1305031121.714520.png,data\rgbd_dataset_freiburg1_xyz\depth\1305031121.714528.png,8.106231689453125e-06,,1336,0.01378879999901983,0.0035095000002911547,0.004888399998890236,0.00839789999918139,0.007522300000346149,0.01592019999952754,0.02970899999854737,157347840
581,1305031121.747145,data\rgbd_dataset_freiburg1_xyz\rgb\1305031121.747145.png,data\rgbd_dataset_freiburg1_xyz\depth\1305031121.746484.png,0.0006608963012695312,,1317,0.013667200000782032,0.0033382000001438428,0.0049890999998751795,0.008327300000019022,0.0071988999989116564,0.015526199998930679,0.02919339999971271,157347840
582,1305031121.782835,data\rgbd_dataset_freiburg1_xyz\rgb\1305031121.782835.png,data\rgbd_dataset_freiburg1_xyz\depth\1305031121.782871.png,3.600120544433594e-05,,1306,0.014021300001331838,0.003463200000624056,0.005363799999031471,0.008826999999655527,0.011396199999580858,0.020223199999236385,0.03424450000056822,157351936
583,1305031121.81154,data\rgbd_dataset_freiburg1_xyz\rgb\1305031121.811540.png,data\rgbd_dataset_freiburg1_xyz\depth\1305031121.811545.png,5.0067901611328125e-06,,1304,0.014475500000116881,0.0033296000001428183,0.00508819999959087,0.008417799999733688,0.007591399999000714,0.016009199998734402,0.030484699998851283,157364224
584,1305031121.847335,data\rgbd_dataset_freiburg1_xyz\rgb\1305031121.847335.png,data\rgbd_dataset_freiburg1_xyz\depth\1305031121.846870.png,0.00046515464782714844,,1297,0.013575900000432739,0.003341599998748279,0.005578800000876072,0.008920399999624351,0.007142000000385451,0.016062400000009802,0.02963830000044254,157368320
585,1305031121.88206,data\rgbd_dataset_freiburg1_xyz\rgb\1305031121.882060.png,data\rgbd_dataset_freiburg1_xyz\depth\1305031121.882123.png,6.29425048828125e-05,,1297,0.01351030000114406,0.0033380000004399335,0.005137399999512127,0.00847539999995206,0.007420999998430489,0.01589639999838255,0.02940669999952661,157372416
586,1305031121.914931,data\rgbd_dataset_freiburg1_xyz\rgb\1305031121.914931.png,data\rgbd_dataset_freiburg1_xyz\depth\1305031121.914943.png,1.1920928955078125e-05,,1271,0.013783000000330503,0.0034046000000671484,0.0055864000005385606,0.008991000000605709,0.007566199999928358,0.016557200000534067,0.03034020000086457,157384704
587,1305031121.947288,data\rgbd_dataset_freiburg1_xyz\rgb\1305031121.947288.png,data\rgbd_dataset_freiburg1_xyz\depth\1305031121.947318.png,3.0040740966796875e-05,,1273,0.013746399999945424,0.0033402999997633742,0.005490200001077028,0.008830500000840402,0.007997400000022026,0.016827900000862428,0.030574300000807852,157458432
588,1305031121.982926,data\rgbd_dataset_freiburg1_xyz\rgb\1305031121.982926.png,data\rgbd_dataset_freiburg1_xyz\depth\1305031121.982935.png,9.059906005859375e-06,,1272,0.013814899999488262,0.003393799999685143,0.0058796000012080185,0.009273400000893162,0.007448899999872083,0.016722300000765244,0.030537200000253506,157474816
589,1305031122.014256,data\rgbd_dataset_freiburg1_xyz\rgb\1305031122.014256.png,data\rgbd_dataset_freiburg1_xyz\depth\1305031122.014424.png,0.00016808509826660156,,1265,0.01382969999940542,0.0033696999998937827,0.005271300000458723,0.008641000000352506,0.00717600000098173,0.015817000001334236,0.029646700000739656,157478912
590,1305031122.047306,data\rgbd_dataset_freiburg1_xyz\rgb\1305031122.047306.png,data\rgbd_dataset_freiburg1_xyz\depth\1305031122.046908.png,0.0003981590270996094,,1280,0.013900799998737057,0.0034761000006255927,0.0052562000000762055,0.008732300000701798,0.008110300001135329,0.016842600001837127,0.030743400000574184,157491200
591,1305031122.082959,data\rgbd_dataset_freiburg1_xyz\rgb\1305031122.082959.png,data\rgbd_dataset_freiburg1_xyz\depth\1305031122.082969.png,1.0013580322265625e-05,,1288,0.013805000000502332,0.0037157000006118324,0.005512300000191317,0.00922800000080315,0.007830499998817686,0.017058499999620835,0.030863500000123167,157495296
592,1305031122.114672,data\rgbd_dataset_freiburg1_xyz\rgb\1305031122.114672.png,data\rgbd_dataset_freiburg1_xyz\depth\1305031122.114688.png,1.5974044799804688e-05,,1301,0.016381499999624793,0.004069399999934831,0.005312999999659951,0.009382399999594782,0.007504900000640191,0.016887300000234973,0.033268799999859766,157499392
593,1305031122.150725,data\rgbd_dataset_freiburg1_xyz\rgb\1305031122.150725.png,data\rgbd_dataset_freiburg1_xyz\depth\1305031122.150748.png,2.3126602172851562e-05,,1256,0.013491800000338117,0.0034536999992269557,0.005055499999798485,0.00850919999902544,0.0068734999986190815,0.015382699997644522,0.02887449999798264,157499392
594,1305031122.183042,data\rgbd_dataset_freiburg1_xyz\rgb\1305031122.183042.png,data\rgbd_dataset_freiburg1_xyz\depth\1305031122.183052.png,1.0013580322265625e-05,,1235,0.013682400000107009,0.0033488999997643987,0.005405699999755598,0.008754599999519996,0.007658200000150828,0.016412799999670824,0.030095199999777833,157507584
595,1305031122.214959,data\rgbd_dataset_freiburg1_xyz\rgb\1305031122.214959.png,data\rgbd_dataset_freiburg1_xyz\depth\1305031122.214969.png,1.0013580322265625e-05,,1245,0.013224099999206373,0.0036000000000058208,0.0050836999998864485,0.00868369999989227,0.007301700001335121,0.01598540000122739,0.029209500000433763,157519872
596,1305031122.251319,data\rgbd_dataset_freiburg1_xyz\rgb\1305031122.251319.png,data\rgbd_dataset_freiburg1_xyz\depth\1305031122.251355.png,3.600120544433594e-05,,1211,0.015841300000829506,0.003455500000200118,0.005100500000480679,0.008556000000680797,0.007113699999536038,0.015669700000216835,0.03151100000104634,157519872
597,1305031122.28356,data\rgbd_dataset_freiburg1_xyz\rgb\1305031122.283560.png,data\rgbd_dataset_freiburg1_xyz\depth\1305031122.283866.png,0.0003058910369873047,,1159,0.013548200000514043,0.0035184000007575378,0.0053496000000450294,0.008868000000802567,0.007368300000962336,0.016236300001764903,0.029784500002278946,157519872
598,1305031122.314289,data\rgbd_dataset_freiburg1_xyz\rgb\1305031122.314289.png,data\rgbd_dataset_freiburg1_xyz\depth\1305031122.314309.png,1.9788742065429688e-05,,1111,0.013414299999567447,0.003578199999537901,0.005426100000477163,0.009004300000015064,0.007690799999181763,0.016695099999196827,0.030109399998764275,157532160
599,1305031122.351327,data\rgbd_dataset_freiburg1_xyz\rgb\1305031122.351327.png,data\rgbd_dataset_freiburg1_xyz\depth\1305031122.351351.png,2.4080276489257812e-05,,1119,0.013284099999509635,0.003582800000003772,0.0049622000005911104,0.008545000000594882,0.007924999999886495,0.016470000000481377,0.029754099999991013,157536256
600,1305031122.38263,data\rgbd_dataset_freiburg1_xyz\rgb\1305031122.382630.png,data\rgbd_dataset_freiburg1_xyz\depth\1305031122.382678.png,4.792213439941406e-05,,1088,0.013868699999875389,0.0036247000007278984,0.0049813000005087815,0.00860600000123668,0.007245100001455285,0.015851100002691965,0.029719800002567354,157552640
601,1305031122.414997,data\rgbd_dataset_freiburg1_xyz\rgb\1305031122.414997.png,data\rgbd_dataset_freiburg1_xyz\depth\1305031122.415008.png,1.0967254638671875e-05,,1092,0.01347919999898295,0.0035444000004645204,0.005182199998671422,0.008726599999135942,0.0074879000003420515,0.016214499999477994,0.029693699998460943,157560832
602,1305031122.451257,data\rgbd_dataset_freiburg1_xyz\rgb\1305031122.451257.png,data\rgbd_dataset_freiburg1_xyz\depth\1305031122.451272.png,1.5020370483398438e-05,,1072,0.016093599999294383,0.004468600000109291,0.004708000000391621,0.009176600000500912,0.007188699999460368,0.01636529999996128,0.032458899999255664,157569024
603,1305031122.48336,data\rgbd_dataset_freiburg1_xyz\rgb\1305031122.483360.png,data\rgbd_dataset_freiburg1_xyz\depth\1305031122.483388.png,2.7894973754882812e-05,,1102,0.013677999999345047,0.003808499999649939,0.005098899999211426,0.008907399998861365,0.007343700001001707,0.016251099999863072,0.02992909999920812,157569024
604,1305031122.515097,data\rgbd_dataset_freiburg1_xyz\rgb\1305031122.515097.png,data\rgbd_dataset_freiburg1_xyz\depth\1305031122.515135.png,3.814697265625e-05,,1092,0.01370390000010957,0.0037493999989237636,0.005175099999178201,0.008924499998101965,0.007199900001069182,0.016124399999171146,0.029828299999280716,157577216
605,1305031122.55149,data\rgbd_dataset_freiburg1_xyz\rgb\1305031122.551490.png,data\rgbd_dataset_freiburg1_xyz\depth\1305031122.551510.png,2.002716064453125e-05,,1105,0.013697399999728077,0.0034840999996959,0.004899300000033691,0.00838339999972959,0.007904299998699571,0.01628769999842916,0.02998509999815724,157581312
606,1305031122.583208,data\rgbd_dataset_freiburg1_xyz\rgb\1305031122.583208.png,data\rgbd_dataset_freiburg1_xyz\depth\1305031122.583217.png,8.821487426757812e-06,,1080,0.014144599999781349,0.0036473000000114553,0.004843599999730941,0.008490899999742396,0.007902600000306848,0.016393500000049244,0.030538099999830592,157585408
607,1305031122.61498,data\rgbd_dataset_freiburg1_xyz\rgb\1305031122.614980.png,data\rgbd_dataset_freiburg1_xyz\depth\1305031122.615017.png,3.695487976074219e-05,,1039,0.014199600000210921,0.0035053999999945518,0.005397099999754573,0.008902499999749125,0.0070292000000335975,0.015931699999782722,0.030131299999993644,157589504
608,1305031122.648788,data\rgbd_dataset_freiburg1_xyz\rgb\1305031122.648788.png,data\rgbd_dataset_freiburg1_xyz\depth\1305031122.648810.png,2.193450927734375e-05,,1054,0.013744699999733712,0.003645999999207561,0.00552849999985483,0.009174499999062391,0.006693100000120467,0.015867599999182858,0.02961229999891657,157597696
609,1305031122.683402,data\rgbd_dataset_freiburg1_xyz\rgb\1305031122.683402.png,data\rgbd_dataset_freiburg1_xyz\depth\1305031122.683420.png,1.7881393432617188e-05,,1023,0.013744699999733712,0.003548900000168942,0.004936600000291946,0.008485500000460888,0.006787000000258558,0.015272500000719447,0.02901720000045316,157601792
610,1305031122.715208,data\rgbd_dataset_freiburg1_xyz\rgb\1305031122.715208.png,data\rgbd_dataset_freiburg1_xyz\depth\1305031122.715219.png,1.0967254638671875e-05,,1040,0.01357579999967129,0.0036883000011584954,0.005074599999716156,0.008762900000874652,0.007304099999601021,0.016067000000475673,0.029642800000146963,157609984
611,1305031122.751298,data\rgbd_dataset_freiburg1_xyz\rgb\1305031122.751298.png,data\rgbd_dataset_freiburg1_xyz\depth\1305031122.751309.png,1.0967254638671875e-05,,1051,0.015870200000790646,0.00456070000109321,0.005489299999680952,0.010050000000774162,0.006839199999376433,0.016889200000150595,0.03275940000094124,157618176
612,1305031122.783423,data\rgbd_dataset_freiburg1_xyz\rgb\1305031122.783423.png,data\rgbd_dataset_freiburg1_xyz\depth\1305031122.783438.png,1.5020370483398438e-05,,1027,0.013296700000864803,0.0036937000004400034,0.0050420999996276805,0.008735800000067684,0.006977200000619632,0.015713000000687316,0.02900970000155212,157630464
613,1305031122.812555,data\rgbd_dataset_freiburg1_xyz\rgb\1305031122.812555.png,data\rgbd_dataset_freiburg1_xyz\depth\1305031122.812565.png,1.0013580322265625e-05,,982,0.013346199999432429,0.0036973999995097984,0.005327999999281019,0.009025399998790817,0.0073350000002392335,0.01636039999903005,0.02970659999846248,157634560
614,1305031122.851418,data\rgbd_dataset_freiburg1_xyz\rgb\1305031122.851418.png,data\rgbd_dataset_freiburg1_xyz\depth\1305031122.851486.png,6.794929504394531e-05,,960,0.013382799999817507,0.003739300000233925,0.005132299998876988,0.008871599999110913,0.007159700000556768,0.01603129999966768,0.029414099999485188,157642752
615,1305031122.883754,data\rgbd_dataset_freiburg1_xyz\rgb\1305031122.883754.png,data\rgbd_dataset_freiburg1_xyz\depth\1305031122.883775.png,2.09808349609375e-05,,932,0.01350540000021283,0.0037984999999025604,0.004869299998972565,0.008667799998875125,0.011161700000229757,0.019829499999104883,0.03333489999931771,157655040
616,1305031122.914571,data\rgbd_dataset_freiburg1_xyz\rgb\1305031122.914571.png,data\rgbd_dataset_freiburg1_xyz\depth\1305031122.914585.png,1.4066696166992188e-05,,893,0.013656499999342486,0.0036368999990372686,0.005125100000441307,0.008761999999478576,0.006789999999455176,0.015551999998933752,0.02920849999827624,157655040
617,1305031122.951341,data\rgbd_dataset_freiburg1_xyz\rgb\1305031122.951341.png,data\rgbd_dataset_freiburg1_xyz\depth\1305031122.951413.png,7.200241088867188e-05,,898,0.013758199998846976,0.003559299999324139,0.00564699999995355,0.00920629999927769,0.006598899999517016,0.015805199998794706,0.02956339999764168,155820032
618,1305031122.982815,data\rgbd_dataset_freiburg1_xyz\rgb\1305031122.982815.png,data\rgbd_dataset_freiburg1_xyz\depth\1305031122.983000.png,0.0001850128173828125,,883,0.014257500000894652,0.003792999999859603,0.00518740000006801,0.008980399999927613,0.006788800001231721,0.015769200001159334,0.030026700002053985,157483008
619,1305031123.01545,data\rgbd_dataset_freiburg1_xyz\rgb\1305031123.015450.png,data\rgbd_dataset_freiburg1_xyz\depth\1305031123.015462.png,1.1920928955078125e-05,,870,0.013442299999951501,0.0036361999991640914,0.005057200000010198,0.00869339999917429,0.007152599999244558,0.015845999998418847,0.02928829999837035,157491200
620,1305031123.051827,data\rgbd_dataset_freiburg1_xyz\rgb\1305031123.051827.png,data\rgbd_dataset_freiburg1_xyz\depth\1305031123.051838.png,1.0967254638671875e-05,,862,0.015324699999837321,0.0035064999992755475,0.005086999999548425,0.008593499998823972,0.006572000000232947,0.01516549999905692,0.03049019999889424,157548544
621,1305031123.082975,data\rgbd_dataset_freiburg1_xyz\rgb\1305031123.082975.png,data\rgbd_dataset_freiburg1_xyz\depth\1305031123.082992.png,1.71661376953125e-05,,870,0.013530399999581277,0.00360499999987951,0.005020200000217301,0.008625200000096811,0.007203099999969709,0.01582830000006652,0.029358699999647797,157560832
622,1305031123.113873,data\rgbd_dataset_freiburg1_xyz\rgb\1305031123.113873.png,data\rgbd_dataset_freiburg1_xyz\depth\1305031123.113939.png,6.604194641113281e-05,,887,0.01355880000119214,0.00370189999921422,0.00480999999854248,0.0085118999977567,0.00655929999993532,0.01507119999769202,0.02862999999888416,157573120
623,1305031123.150822,data\rgbd_dataset_freiburg1_xyz\rgb\1305031123.150822.png,data\rgbd_dataset_freiburg1_xyz\depth\1305031123.150840.png,1.811981201171875e-05,,889,0.013369500000408152,0.0036600000003090827,0.0050164000003860565,0.00867640000069514,0.0064888000015344005,0.01516520000222954,0.028534700002637692,157573120
624,1305031123.182155,data\rgbd_dataset_freiburg1_xyz\rgb\1305031123.182155.png,data\rgbd_dataset_freiburg1_xyz\depth\1305031123.182176.png,2.1219253540039062e-05,,853,0.013467200000377488,0.003954700001486344,0.005099800000607502,0.009054500002093846,0.006839200001195422,0.01589370000328927,0.029360900003666757,157593600
625,1305031123.214704,data\rgbd_dataset_freiburg1_xyz\rgb\1305031123.214704.png,data\rgbd_dataset_freiburg1_xyz\depth\1305031123.214724.png,2.002716064453125e-05,,854,0.013165099999241647,0.00371140000061132,0.005047500000728178,0.008758900001339498,0.0071010000010574,0.0158599000023969,0.029025000001638546,157634560
626,1305031123.250618,data\rgbd_dataset_freiburg1_xyz\rgb\1305031123.250618.png,data\rgbd_dataset_freiburg1_xyz\depth\1305031123.250641.png,2.3126602172851562e-05,,813,0.013701900001251488,0.0036801999995077495,0.005286800000249059,0.008966999999756808,0.006628600000112783,0.015595599999869592,0.02929750000112108,157659136
627,1305031123.282347,data\rgbd_dataset_freiburg1_xyz\rgb\1305031123.282347.png,data\rgbd_dataset_freiburg1_xyz\depth\1305031123.282363.png,1.5974044799804688e-05,,756,0.013131800000337535,0.003931799999918439,0.004647099998692283,0.008578899998610723,0.0068138999995426275,0.01539279999815335,0.028524599998490885,157663232
628,1305031123.311327,data\rgbd_dataset_freiburg1_xyz\rgb\1305031123.311327.png,data\rgbd_dataset_freiburg1_xyz\depth\1305031123.320992.png,0.00966501235961914,,759,0.01336250000167638,0.0037626000012096483,0.004994599999918137,0.008757200001127785,0.009070900001461268,0.017828100002589053,0.031190600004265434,157667328
629,1305031123.350481,data\rgbd_dataset_freiburg1_xyz\rgb\1305031123.350481.png,data\rgbd_dataset_freiburg1_xyz\depth\1305031123.350493.png,1.1920928955078125e-05,,734,0.013422999998510932,0.003759199998967233,0.004848800001127529,0.008608000000094762,0.006706500000291271,0.015314500000386033,0.028737499998896965,157687808
630,1305031123.382255,data\rgbd_dataset_freiburg1_xyz\rgb\1305031123.382255.png,data\rgbd_dataset_freiburg1_xyz\depth\1305031123.382263.png,7.867813110351562e-06,,731,0.013080400000035297,0.003797199999098666,0.005081600000266917,0.008878799999365583,0.006539799998790841,0.015418599998156424,0.02849899999819172,157687808
631,1305031123.411363,data\rgbd_dataset_freiburg1_xyz\rgb\1305031123.411363.png,data\rgbd_dataset_freiburg1_xyz\depth\1305031123.421343.png,0.009980201721191406,,737,0.013511000001017237,0.003865399999995134,0.004842100001042127,0.00870750000103726,0.006690099999104859,0.01539760000014212,0.028908600001159357,157696000
632,1305031123.451255,data\rgbd_dataset_freiburg1_xyz\rgb\1305031123.451255.png,data\rgbd_dataset_freiburg1_xyz\depth\1305031123.451266.png,1.0967254638671875e-05,,713,0.01316459999907238,0.0036414000005606795,0.004940800001349999,0.008582200001910678,0.006802300000344985,0.015384500002255663,0.028549100001328043,157716480
633,1305031123.483594,data\rgbd_dataset_freiburg1_xyz\rgb\1305031123.483594.png,data\rgbd_dataset_freiburg1_xyz\depth\1305031123.483605.png,1.0967254638671875e-05,,709,0.01348119999966002,0.0036634000007325085,0.005146999999851687,0.008810400000584195,0.006536700000651763,0.015347100001235958,0.02882830000089598,157720576
634,1305031123.51136,data\rgbd_dataset_freiburg1_xyz\rgb\1305031123.511360.png,data\rgbd_dataset_freiburg1_xyz\depth\1305031123.519725.png,0.008365154266357422,,734,0.013192399999752524,0.00359050000042771,0.004587199999150471,0.00817769999957818,0.00645280000026105,0.01463049999983923,0.027822899999591755,157724672
635,1305031123.551513,data\rgbd_dataset_freiburg1_xyz\rgb\1305031123.551513.png,data\rgbd_dataset_freiburg1_xyz\depth\1305031123.551573.png,6.008148193359375e-05,,729,0.013329900000826456,0.00355909999962023,0.0051277000002301065,0.008686799999850336,0.006900099999256781,0.015586899999107118,0.028916799999933573,157728768
636,1305031123.579583,data\rgbd_dataset_freiburg1_xyz\rgb\1305031123.579583.png,data\rgbd_dataset_freiburg1_xyz\depth\1305031123.579616.png,3.314018249511719e-05,,717,0.01348870000038005,0.004007600000477396,0.004924799999571405,0.008932400000048801,0.006197099999553757,0.015129499999602558,0.028618199999982608,157741056
637,1305031123.611335,data\rgbd_dataset_freiburg1_xyz\rgb\1305031123.611335.png,data\rgbd_dataset_freiburg1_xyz\depth\1305031123.620387.png,0.009052038192749023,,736,0.013170600001103594,0.003747099999600323,0.005331300000761985,0.009078400000362308,0.006264300000111689,0.015342700000473997,0.02851330000157759,157753344
638,1305031123.652411,data\rgbd_dataset_freiburg1_xyz\rgb\1305031123.652411.png,data\rgbd_dataset_freiburg1_xyz\depth\1305031123.652430.png,1.9073486328125e-05,,733,0.013447000001178822,0.004009899999800837,0.005084599999463535,0.009094499999264372,0.006933399999979883,0.016027899999244255,0.029474900000423077,157761536
639,1305031123.683753,data\rgbd_dataset_freiburg1_xyz\rgb\1305031123.683753.png,data\rgbd_dataset_freiburg1_xyz\depth\1305031123.683785.png,3.1948089599609375e-05,,735,0.01383200000054785,0.004380799999125884,0.00478090000069642,0.009161699999822304,0.005939500000749831,0.015101200000572135,0.028933200001119985,157761536
640,1305031123.711323,data\rgbd_dataset_freiburg1_xyz\rgb\1305031123.711323.png,data\rgbd_dataset_freiburg1_xyz\depth\1305031123.719975.png,0.008651971817016602,,737,0.013302700001077028,0.0036909000009472948,0.004732999999760068,0.008423900000707363,0.006889100000989856,0.015313000001697219,0.028615700002774247,157769728
641,1305031123.751723,data\rgbd_dataset_freiburg1_xyz\rgb\1305031123.751723.png,data\rgbd_dataset_freiburg1_xyz\depth\1305031123.751980.png,0.0002570152282714844,,715,0.013226799999756622,0.003870200000164914,0.005150700000740471,0.009020900000905385,0.006535600001370767,0.015556500002276152,0.028783300002032775,157769728
642,1305031123.783858,data\rgbd_dataset_freiburg1_xyz\rgb\1305031123.783858.png,data\rgbd_dataset_freiburg1_xyz\depth\1305031123.784138.png,0.0002799034118652344,,732,0.013278999998874497,0.0036606000012398,0.004808600000615115,0.008469200001854915,0.006260399999518995,0.01472960000137391,0.028008600000248407,157773824
643,1305031123.811608,data\rgbd_dataset_freiburg1_xyz\rgb\1305031123.811608.png,data\rgbd_dataset_freiburg1_xyz\depth\1305031123.819696.png,0.008087873458862305,,724,0.013449199999740813,0.003651100001661689,0.005398100000093109,0.009049200001754798,0.00623010000163049,0.015279300003385288,0.0287285000031261,157782016
644,1305031123.851444,data\rgbd_dataset_freiburg1_xyz\rgb\1305031123.851444.png,data\rgbd_dataset_freiburg1_xyz\depth\1305031123.851551.png,0.00010704994201660156,,728,0.013451700000587152,0.003611599999203463,0.0050527000003057765,0.00866429999950924,0.006031399998391862,0.014695699997901102,0.028147399998488254,157790208
645,1305031123.883786,data\rgbd_dataset_freiburg1_xyz\rgb\1305031123.883786.png,data\rgbd_dataset_freiburg1_xyz\depth\1305031123.883819.png,3.314018249511719e-05,,733,0.013653800000611227,0.003721600000062608,0.004559999999401043,0.008281599999463651,0.006349299999783398,0.014630899999247049,0.028284699999858276,157794304
646,1305031123.911243,data\rgbd_dataset_freiburg1_xyz\rgb\1305031123.911243.png,data\rgbd_dataset_freiburg1_xyz\depth\1305031123.915794.png,0.004550933837890625,,731,0.013388699999268283,0.003689999999551219,0.004735999998956686,0.008425999998507905,0.006805600000006962,0.015231599998514866,0.02862029999778315,157806592
647,1305031123.951442,data\rgbd_dataset_freiburg1_xyz\rgb\1305031123.951442.png,data\rgbd_dataset_freiburg1_xyz\depth\1305031123.951530.png,8.797645568847656e-05,,737,0.015650800000003073,0.004332399999839254,0.004734500000267872,0.009066900000107125,0.006178300000101444,0.01524520000020857,0.030896000000211643,157806592
648,1305031123.983415,data\rgbd_dataset_freiburg1_xyz\rgb\1305031123.983415.png,data\rgbd_dataset_freiburg1_xyz\depth\1305031123.983421.png,6.198883056640625e-06,,723,0.01341580000007525,0.0037023999993834877,0.004957299999659881,0.008659699999043369,0.006433699998524389,0.015093399997567758,0.02850919999764301,157818880
649,1305031124.011302,data\rgbd_dataset_freiburg1_xyz\rgb\1305031124.011302.png,data\rgbd_dataset_freiburg1_xyz\depth\1305031124.019737.png,0.00843501091003418,,727,0.013268799999423209,0.0038597000002482673,0.004456499998923391,0.008316199999171658,0.006506199999421369,0.014822399998593028,0.028091199998016236,157827072
650,1305031124.051505,data\rgbd_dataset_freiburg1_xyz\rgb\1305031124.051505.png,data\rgbd_dataset_freiburg1_xyz\depth\1305031124.051531.png,2.5987625122070312e-05,,738,0.013538700000935933,0.0039337999987765215,0.004782500000146683,0.008716299998923205,0.006551799999215291,0.015268099998138496,0.02880679999907443,157835264
651,1305031124.083837,data\rgbd_dataset_freiburg1_xyz\rgb\1305031124.083837.png,data\rgbd_dataset_freiburg1_xyz\depth\1305031124.083902.png,6.4849853515625e-05,,729,0.013165500000468455,0.0038456999991467455,0.005031599999711034,0.00887729999885778,0.006544299998495262,0.015421599997353042,0.028587099997821497,157839360
652,1305031124.111331,data\rgbd_dataset_freiburg1_xyz\rgb\1305031124.111331.png,data\rgbd_dataset_freiburg1_xyz\depth\1305031124.119669.png,0.008337974548339844,,723,0.01304580000032729,0.0038014000001567183,0.005222499999945285,0.009023900000102003,0.00692220000019006,0.015946100000292063,0.028991900000619353,157843456
653,1305031124.147446,data\rgbd_dataset_freiburg1_xyz\rgb\1305031124.147446.png,data\rgbd_dataset_freiburg1_xyz\depth\1305031124.147458.png,1.2159347534179688e-05,,738,0.013497100000677165,0.0040805999997246545,0.005427699999927427,0.009508299999652081,0.009274300000470248,0.01878260000012233,0.032279700000799494,157843456
654,1305031124.182694,data\rgbd_dataset_freiburg1_xyz\rgb\1305031124.182694.png,data\rgbd_dataset_freiburg1_xyz\depth\1305031124.182707.png,1.3113021850585938e-05,,729,0.013588200001322548,0.0037384000006568385,0.004768500000864151,0.00850690000152099,0.006782700000258046,0.015289600001779036,0.028877800003101584,157847552
655,1305031124.211396,data\rgbd_dataset_freiburg1_xyz\rgb\1305031124.211396.png,data\rgbd_dataset_freiburg1_xyz\depth\1305031124.217179.png,0.0057830810546875,,720,0.013930299999628915,0.0037969999993947567,0.005011400000512367,0.008808399999907124,0.006595200000447221,0.015403600000354345,0.02933389999998326,157859840
656,1305031124.249327,data\rgbd_dataset_freiburg1_xyz\rgb\1305031124.249327.png,data\rgbd_dataset_freiburg1_xyz\depth\1305031124.249340.png,1.3113021850585938e-05,,726,0.013540200001443736,0.003635999999460182,0.004543299999568262,0.008179299999028444,0.00640420000127051,0.014583500000298955,0.02812370000174269,157863936
657,1305031124.282545,data\rgbd_dataset_freiburg1_xyz\rgb\1305031124.282545.png,data\rgbd_dataset_freiburg1_xyz\depth\1305031124.282555.png,1.0013580322265625e-05,,755,0.013322800001333235,0.003782800000408315,0.004311700000471319,0.008094500000879634,0.006739899999956833,0.014834400000836467,0.028157200002169702,157868032
658,1305031124.311361,data\rgbd_dataset_freiburg1_xyz\rgb\1305031124.311361.png,data\rgbd_dataset_freiburg1_xyz\depth\1305031124.316782.png,0.0054209232330322266,,718,0.015879599999607308,0.0046273999996628845,0.004830300000321586,0.00945769999998447,0.006502399999590125,0.015960099999574595,0.0318396999991819,157880320
659,1305031124.350354,data\rgbd_dataset_freiburg1_xyz\rgb\1305031124.350354.png,data\rgbd_dataset_freiburg1_xyz\depth\1305031124.350371.png,1.6927719116210938e-05,,730,0.013127399999575573,0.003787699999520555,0.004948099998728139,0.008735799998248694,0.006113000001278124,0.014848799999526818,0.02797619999910239,157876224
660,1305031124.38242,data\rgbd_dataset_freiburg1_xyz\rgb\1305031124.382420.png,data\rgbd_dataset_freiburg1_xyz\depth\1305031124.382432.png,1.1920928955078125e-05,,749,0.013331600001038169,0.003741200000149547,0.005057399999714107,0.008798599999863654,0.00641650000034133,0.015215100000204984,0.028546700001243153,157892608
661,1305031124.411439,data\rgbd_dataset_freiburg1_xyz\rgb\1305031124.411439.png,data\rgbd_dataset_freiburg1_xyz\depth\1305031124.418555.png,0.007116079330444336,,750,0.013081899998724111,0.0037529000001086388,0.004860399998506182,0.00861329999861482,0.009020899999086396,0.017634199997701216,0.030716099996425328,158638080
662,1305031124.450245,data\rgbd_dataset_freiburg1_xyz\rgb\1305031124.450245.png,data\rgbd_dataset_freiburg1_xyz\depth\1305031124.450256.png,1.1205673217773438e-05,,766,0.01347650000025169,0.0038657000004604924,0.005117699998663738,0.00898339999912423,0.00926919999983511,0.01825259999895934,0.03172909999921103,158904320
663,1305031124.480099,data\rgbd_dataset_freiburg1_xyz\rgb\1305031124.480099.png,data\rgbd_dataset_freiburg1_xyz\depth\1305031124.480126.png,2.6941299438476562e-05,,797,0.013666900000316673,0.0040597999995952705,0.005184400000871392,0.009244200000466662,0.006522199999380973,0.015766399999847636,0.02943330000016431,158601216
664,1305031124.511324,data\rgbd_dataset_freiburg1_xyz\rgb\1305031124.511324.png,data\rgbd_dataset_freiburg1_xyz\depth\1305031124.516737.png,0.005413055419921875,,810,0.01591749999897729,0.0046142999999574386,0.004781699999512057,0.009395999999469495,0.0068602999999711756,0.01625629999944067,0.03217379999841796,158887936
665,1305031124.550437,data\rgbd_dataset_freiburg1_xyz\rgb\1305031124.550437.png,data\rgbd_dataset_freiburg1_xyz\depth\1305031124.550503.png,6.604194641113281e-05,,819,0.013051100000666338,0.003997499999968568,0.0051550999996834435,0.009152599999652011,0.009524099999907776,0.018676699999559787,0.031727800000226125,158584832
666,1305031124.579404,data\rgbd_dataset_freiburg1_xyz\rgb\1305031124.579404.png,data\rgbd_dataset_freiburg1_xyz\depth\1305031124.584606.png,0.005201816558837891,,840,0.013394599998719059,0.003761300000405754,0.0051448000012896955,0.00890610000169545,0.009498600000370061,0.01840470000206551,0.03179930000078457,159514624
667,1305031124.611358,data\rgbd_dataset_freiburg1_xyz\rgb\1305031124.611358.png,data\rgbd_dataset_freiburg1_xyz\depth\1305031124.617653.png,0.006294965744018555,,845,0.012984200000573765,0.003691899999466841,0.005297400000927155,0.008989300000393996,0.00701659999867843,0.016005899999072426,0.02899009999964619,159518720
668,1305031124.651271,data\rgbd_dataset_freiburg1_xyz\rgb\1305031124.651271.png,data\rgbd_dataset_freiburg1_xyz\depth\1305031124.651313.png,4.1961669921875e-05,,879,0.012748799999826588,0.0036873999997624196,0.004834299999856739,0.008521699999619159,0.006683699999484816,0.015205399999103975,0.027954199998930562,159539200
669,1305031124.679362,data\rgbd_dataset_freiburg1_xyz\rgb\1305031124.679362.png,data\rgbd_dataset_freiburg1_xyz\depth\1305031124.685473.png,0.0061109066009521484,,933,0.013316500000655651,0.0036741000003530644,0.004721900000731694,0.008396000001084758,0.006776000000172644,0.015172000001257402,0.028488500001913053,159551488
670,1305031124.711251,data\rgbd_dataset_freiburg1_xyz\rgb\1305031124.711251.png,data\rgbd_dataset_freiburg1_xyz\depth\1305031124.715791.png,0.004539966583251953,,956,0.013311099999555154,0.003676800000903313,0.00520920000053593,0.008886000001439243,0.006665999999313499,0.015552000000752741,0.028863100000307895,158937088
671,1305031124.74989,data\rgbd_dataset_freiburg1_xyz\rgb\1305031124.749890.png,data\rgbd_dataset_freiburg1_xyz\depth\1305031124.749941.png,5.1021575927734375e-05,,957,0.013448300000163727,0.0036557999992510304,0.004472299999179086,0.008128099998430116,0.006432399999539484,0.0145604999979696,0.028008799998133327,159772672
672,1305031124.779365,data\rgbd_dataset_freiburg1_xyz\rgb\1305031124.779365.png,data\rgbd_dataset_freiburg1_xyz\depth\1305031124.785178.png,0.005812883377075195,,999,0.01282320000063919,0.003671000000394997,0.004916600000797189,0.008587600001192186,0.0073673000006238,0.015954900001815986,0.028778100002455176,159776768
673,1305031124.81136,data\rgbd_dataset_freiburg1_xyz\rgb\1305031124.811360.png,data\rgbd_dataset_freiburg1_xyz\depth\1305031124.816641.png,0.005281209945678711,,1022,0.015962100000251667,0.0044333000005281065,0.005220200000621844,0.00965350000114995,0.0073700000011740485,0.017023500002324,0.032985600002575666,158105600
674,1305031124.850535,data\rgbd_dataset_freiburg1_xyz\rgb\1305031124.850535.png,data\rgbd_dataset_freiburg1_xyz\depth\1305031124.850559.png,2.4080276489257812e-05,,1050,0.01637510000000475,0.003903699998772936,0.004976299998816103,0.008879999997589039,0.01028989999940677,0.01916989999699581,0.03554499999700056,158801920
675,1305031124.879355,data\rgbd_dataset_freiburg1_xyz\rgb\1305031124.879355.png,data\rgbd_dataset_freiburg1_xyz\depth\1305031124.883594.png,0.004239082336425781,,1105,0.01314029999957711,0.0038811000013083685,0.004933500000333879,0.008814600001642248,0.006852399999843328,0.015667000001485576,0.028807300001062686,159748096
676,1305031124.911448,data\rgbd_dataset_freiburg1_xyz\rgb\1305031124.911448.png,data\rgbd_dataset_freiburg1_xyz\depth\1305031124.918770.png,0.007322072982788086,,1099,0.013297900000907248,0.003802400000495254,0.005138200000146753,0.008940600000642007,0.006945500001165783,0.01588610000180779,0.029184000002715038,159752192
677,1305031124.95073,data\rgbd_dataset_freiburg1_xyz\rgb\1305031124.950730.png,data\rgbd_dataset_freiburg1_xyz\depth\1305031124.950748.png,1.7881393432617188e-05,,1075,0.01318889999856765,0.00356389999979001,0.005510000000867876,0.009073900000657886,0.011340999999447376,0.020414900000105263,0.03360379999867291,159264768
678,1305031124.979438,data\rgbd_dataset_freiburg1_xyz\rgb\1305031124.979438.png,data\rgbd_dataset_freiburg1_xyz\depth\1305031124.986460.png,0.007021903991699219,,1084,0.015631099999154685,0.004718000000139,0.005290299999614945,0.010008299999753945,0.010632000001351116,0.02064030000110506,0.036271400000259746,158969856
679,1305031125.011454,data\rgbd_dataset_freiburg1_xyz\rgb\1305031125.011454.png,data\rgbd_dataset_freiburg1_xyz\depth\1305031125.019467.png,0.008013010025024414,,1121,0.013593700001365505,0.0037229000008665025,0.00481719999879715,0.008540099999663653,0.007121000000552158,0.01566110000021581,0.029254800001581316,159895552
680,1305031125.050763,data\rgbd_dataset_freiburg1_xyz\rgb\1305031125.050763.png,data\rgbd_dataset_freiburg1_xyz\depth\1305031125.050798.png,3.504753112792969e-05,,1166,0.01354670000000624,0.0036098000000492902,0.0052532999998220475,0.008863099999871338,0.007439499999236432,0.01630259999910777,0.02984929999911401,159903744
681,1305031125.079364,data\rgbd_dataset_freiburg1_xyz\rgb\1305031125.079364.png,data\rgbd_dataset_freiburg1_xyz\depth\1305031125.083480.png,0.0041158199310302734,,1176,0.013392700000622426,0.0036184999989927746,0.00646489999962796,0.010083399998620735,0.007081900001139729,0.017165299999760464,0.03055800000038289,156860416
682,1305031125.111364,data\rgbd_dataset_freiburg1_xyz\rgb\1305031125.111364.png,data\rgbd_dataset_freiburg1_xyz\depth\1305031125.119029.png,0.007665157318115234,,1205,0.01410329999998794,0.0035753000011027325,0.005345699999452336,0.008921000000555068,0.0077036999991833,0.016624699999738368,0.030727999999726308,159404032
683,1305031125.151013,data\rgbd_dataset_freiburg1_xyz\rgb\1305031125.151013.png,data\rgbd_dataset_freiburg1_xyz\depth\1305031125.151037.png,2.4080276489257812e-05,,1194,0.013171200000215322,0.003659500000139815,0.004777699999976903,0.008437200000116718,0.011373600000297301,0.01981080000041402,0.03298200000062934,159461376
684,1305031125.179353,data\rgbd_dataset_freiburg1_xyz\rgb\1305031125.179353.png,data\rgbd_dataset_freiburg1_xyz\depth\1305031125.187064.png,0.007710933685302734,,1197,0.014956700000766432,0.0036211999995430233,0.005649200000334531,0.009270399999877554,0.007709000001341337,0.01697940000121889,0.031936100001985324,159461376
685,1305031125.21132,data\rgbd_dataset_freiburg1_xyz\rgb\1305031125.211320.png,data\rgbd_dataset_freiburg1_xyz\depth\1305031125.219018.png,0.00769805908203125,,1175,0.013879699999961304,0.0034599999999045394,0.005934599999818602,0.009394599999723141,0.007847400000173366,0.017241999999896507,0.03112169999985781,159633408
686,1305031125.250632,data\rgbd_dataset_freiburg1_xyz\rgb\1305031125.250632.png,data\rgbd_dataset_freiburg1_xyz\depth\1305031125.250642.png,1.0013580322265625e-05,,1180,0.01323690000026545,0.0035661999991134508,0.005092299999887473,0.008658499999000924,0.007385099999737577,0.0160435999987385,0.02928049999900395,159649792
687,1305031125.279467,data\rgbd_dataset_freiburg1_xyz\rgb\1305031125.279467.png,data\rgbd_dataset_freiburg1_xyz\depth\1305031125.286396.png,0.006928920745849609,,1203,0.013286500001413515,0.003720800001246971,0.00575340000068536,0.009474200001932331,0.007953199999974458,0.01742740000190679,0.030713900003320305,159662080
688,1305031125.311493,data\rgbd_dataset_freiburg1_xyz\rgb\1305031125.311493.png,data\rgbd_dataset_freiburg1_xyz\depth\1305031125.319140.png,0.007647037506103516,,1206,0.016330099999322556,0.004564700000628363,0.005095900000014808,0.009660600000643171,0.008222600001317915,0.017883200001961086,0.03421330000128364,159670272
689,1305031125.34888,data\rgbd_dataset_freiburg1_xyz\rgb\1305031125.348880.png,data\rgbd_dataset_freiburg1_xyz\depth\1305031125.348899.png,1.8835067749023438e-05,,1226,0.01586719999977504,0.0036428999992494937,0.00513410000166914,0.008777000000918633,0.007045100001050741,0.015822100001969375,0.031689300001744414,159682560
690,1305031125.379401,data\rgbd_dataset_freiburg1_xyz\rgb\1305031125.379401.png,data\rgbd_dataset_freiburg1_xyz\depth\1305031125.386792.png,0.0073909759521484375,,1196,0.013039900000876514,0.003477599999314407,0.004919799999697716,0.008397399999012123,0.007262999999511521,0.015660399998523644,0.02870029999940016,159682560
691,1305031125.411335,data\rgbd_dataset_freiburg1_xyz\rgb\1305031125.411335.png,data\rgbd_dataset_freiburg1_xyz\depth\1305031125.419574.png,0.008239030838012695,,1217,0.013001699999222183,0.003623200000220095,0.005293599999276921,0.008916799999497016,0.007568300001366879,0.016485100000863895,0.029486800000086077,159735808
692,1305031125.451195,data\rgbd_dataset_freiburg1_xyz\rgb\1305031125.451195.png,data\rgbd_dataset_freiburg1_xyz\depth\1305031125.451232.png,3.695487976074219e-05,,1196,0.013283399999636458,0.0036729999992530793,0.005658099998981925,0.009331099998235004,0.007529000000431552,0.016860099998666556,0.030143499998303014,159752192
693,1305031125.479424,data\rgbd_dataset_freiburg1_xyz\rgb\1305031125.479424.png,data\rgbd_dataset_freiburg1_xyz\depth\1305031125.486999.png,0.007575035095214844,,1165,0.01347630000054778,0.0035173999986000126,0.005496100000527804,0.009013499999127816,0.0074495000008028,0.016462999999930616,0.029939300000478397,159776768
694,1305031125.511316,data\rgbd_dataset_freiburg1_xyz\rgb\1305031125.511316.png,data\rgbd_dataset_freiburg1_xyz\depth\1305031125.519354.png,0.008038043975830078,,1153,0.013505700000678189,0.003641799999968498,0.005444099999294849,0.009085899999263347,0.007200600000942359,0.016286500000205706,0.029792200000883895,160399360
695,1305031125.55102,data\rgbd_dataset_freiburg1_xyz\rgb\1305031125.551020.png,data\rgbd_dataset_freiburg1_xyz\depth\1305031125.551050.png,3.0040740966796875e-05,,1138,0.013288899999679415,0.003491800000119838,0.005271199999697274,0.008762999999817112,0.01096270000016375,0.01972569999998086,0.03301459999966028,160423936
696,1305031125.579308,data\rgbd_dataset_freiburg1_xyz\rgb\1305031125.579308.png,data\rgbd_dataset_freiburg1_xyz\depth\1305031125.585303.png,0.005995035171508789,,1133,0.014623999999457737,0.003576900000552996,0.005294300000969088,0.008871200001522084,0.01086570000006759,0.019736900001589675,0.03436090000104741,160428032
697,1305031125.611533,data\rgbd_dataset_freiburg1_xyz\rgb\1305031125.611533.png,data\rgbd_dataset_freiburg1_xyz\depth\1305031125.617870.png,0.006337165832519531,,1148,0.013289900000017951,0.0034660000001167646,0.00514149999980873,0.008607499999925494,0.007251999999425607,0.0158594999993511,0.029149399999369052,160436224
698,1305031125.650575,data\rgbd_dataset_freiburg1_xyz\rgb\1305031125.650575.png,data\rgbd_dataset_freiburg1_xyz\depth\1305031125.650354.png,0.00022101402282714844,,1113,0.013663900001120055,0.003654700001789024,0.005689800000254763,0.009344500002043787,0.010800800000652089,0.020145300002695876,0.03380920000381593,160464896
699,1305031125.679328,data\rgbd_dataset_freiburg1_xyz\rgb\1305031125.679328.png,data\rgbd_dataset_freiburg1_xyz\depth\1305031125.684602.png,0.005274057388305664,,1176,0.013424300001133815,0.0035379000000830274,0.005474800000229152,0.00901270000031218,0.006626199998208904,0.015638899998521083,0.0290631999996549,160468992
700,1305031125.711443,data\rgbd_dataset_freiburg1_xyz\rgb\1305031125.711443.png,data\rgbd_dataset_freiburg1_xyz\depth\1305031125.715669.png,0.004225969314575195,,1203,0.01317630000085046,0.003476300000329502,0.005316000000675558,0.00879230000100506,0.0071779999998398125,0.015970300000844873,0.029146600001695333,160468992
701,1305031125.75126,data\rgbd_dataset_freiburg1_xyz\rgb\1305031125.751260.png,data\rgbd_dataset_freiburg1_xyz\depth\1305031125.751292.png,3.1948089599609375e-05,,1207,0.013329800000065006,0.0034798999986378476,0.005707700000129989,0.009187599998767837,0.007433599999785656,0.016621199998553493,0.0299509999986185,160473088
702,1305031125.779348,data\rgbd_dataset_freiburg1_xyz\rgb\1305031125.779348.png,data\rgbd_dataset_freiburg1_xyz\depth\1305031125.786805.png,0.00745701789855957,,1222,0.013125999999829219,0.00348169999961101,0.005791599998701713,0.009273299998312723,0.007579099999929895,0.016852399998242618,0.029978399998071836,160477184
703,1305031125.811573,data\rgbd_dataset_freiburg1_xyz\rgb\1305031125.811573.png,data\rgbd_dataset_freiburg1_xyz\depth\1305031125.819450.png,0.007876873016357422,,1191,0.013341599998966558,0.0034890999995695893,0.005690899999535759,0.009179999999105348,0.0070679999989806674,0.016247999998086016,0.029589599997052574,160485376
704,1305031125.847412,data\rgbd_dataset_freiburg1_xyz\rgb\1305031125.847412.png,data\rgbd_dataset_freiburg1_xyz\depth\1305031125.854774.png,0.007361888885498047,,1192,0.013429999999061693,0.003498399999443791,0.005323000001226319,0.00882140000067011,0.007935699999507051,0.01675710000017716,0.030187099999238853,160489472
705,1305031125.879318,data\rgbd_dataset_freiburg1_xyz\rgb\1305031125.879318.png,data\rgbd_dataset_freiburg1_xyz\depth\1305031125.886645.png,0.007327079772949219,,1164,0.013334899998881156,0.0035842000015691156,0.005442099998617778,0.009026300000186893,0.007128499999453197,0.01615479999964009,0.029489699998521246,160497664
706,1305031125.911305,data\rgbd_dataset_freiburg1_xyz\rgb\1305031125.911305.png,data\rgbd_dataset_freiburg1_xyz\depth\1305031125.919334.png,0.008028984069824219,,1209,0.013080500000796746,0.003692800000862917,0.004743900000903523,0.00843670000176644,0.007464899999831687,0.015901600001598126,0.028982100002394873,160514048
707,1305031125.947343,data\rgbd_dataset_freiburg1_xyz\rgb\1305031125.947343.png,data\rgbd_dataset_freiburg1_xyz\depth\1305031125.955252.png,0.007908821105957031,,1186,0.012708700000075623,0.003725700000359211,0.0052932999988115625,0.009018999999170774,0.008151800000632647,0.01717079999980342,0.029879499999879044,160522240
708,1305031125.979324,data\rgbd_dataset_freiburg1_xyz\rgb\1305031125.979324.png,data\rgbd_dataset_freiburg1_xyz\depth\1305031125.987094.png,0.00776982307434082,,1195,0.012873300000137533,0.0035647000004246365,0.005254800000329851,0.008819500000754488,0.00733349999973143,0.016153000000485918,0.02902630000062345,160530432
709,1305031126.011333,data\rgbd_dataset_freiburg1_xyz\rgb\1305031126.011333.png,data\rgbd_dataset_freiburg1_xyz\depth\1305031126.019572.png,0.008239030838012695,,1208,0.013117000000420376,0.0036562999994202983,0.005188500001167995,0.008844800000588293,0.008126100001391023,0.016970900001979317,0.030087900002399692,160538624
710,1305031126.047324,data\rgbd_dataset_freiburg1_xyz\rgb\1305031126.047324.png,data\rgbd_dataset_freiburg1_xyz\depth\1305031126.055038.png,0.007714033126831055,,1227,0.013225699998656637,0.0036796999993384816,0.005488400000103866,0.009168099999442347,0.008597600000939565,0.017765700000381912,0.03099139999903855,160555008
711,1305031126.079356,data\rgbd_dataset_freiburg1_xyz\rgb\1305031126.079356.png,data\rgbd_dataset_freiburg1_xyz\depth\1305031126.087076.png,0.007719993591308594,,1185,0.015534199999819975,0.004600100000970997,0.005526400000235299,0.010126500001206296,0.0071404000009351876,0.017266900002141483,0.03280110000196146,160559104
712,1305031126.11137,data\rgbd_dataset_freiburg1_xyz\rgb\1305031126.111370.png,data\rgbd_dataset_freiburg1_xyz\depth\1305031126.119452.png,0.008081912994384766,,1122,0.013117399999828194,0.003637699999671895,0.0053169000002526445,0.00895459999992454,0.0077823000010539545,0.016736900000978494,0.02985430000080669,160567296
713,1305031126.147432,data\rgbd_dataset_freiburg1_xyz\rgb\1305031126.147432.png,data\rgbd_dataset_freiburg1_xyz\depth\1305031126.155000.png,0.007567882537841797,,1108,0.013160299999071867,0.0037677000000257976,0.0050706000001810025,0.0088383000002068,0.007442500000252039,0.01628080000045884,0.029441099999530707,156950528
714,1305031126.179384,data\rgbd_dataset_freiburg1_xyz\rgb\1305031126.179384.png,data\rgbd_dataset_freiburg1_xyz\depth\1305031126.187174.png,0.007790088653564453,,1080,0.014234399999622838,0.0037193000007391674,0.005011200000808458,0.008730500001547625,0.007235399998535286,0.01596590000008291,0.03020029999970575,159469568
715,1305031126.211319,data\rgbd_dataset_freiburg1_xyz\rgb\1305031126.211319.png,data\rgbd_dataset_freiburg1_xyz\depth\1305031126.219473.png,0.008153915405273438,,1024,0.013461099999403814,0.003606199999921955,0.00496470000143745,0.008570900001359405,0.00807629999872006,0.016647200000079465,0.03010829999948328,160149504
716,1305031126.247298,data\rgbd_dataset_freiburg1_xyz\rgb\1305031126.247298.png,data\rgbd_dataset_freiburg1_xyz\depth\1305031126.255236.png,0.007937908172607422,,947,0.014706099998875288,0.0037336000004870584,0.005510999999387423,0.009244599999874481,0.007312400000955677,0.016557000000830158,0.031263099999705446,160165888
717,1305031126.279363,data\rgbd_dataset_freiburg1_xyz\rgb\1305031126.279363.png,data\rgbd_dataset_freiburg1_xyz\depth\1305031126.287105.png,0.007742166519165039,,940,0.012997899999390938,0.0036746000005223323,0.0047231999997165985,0.00839780000023893,0.007524499998908141,0.01592229999914707,0.02892019999853801,160174080
718,1305031126.311332,data\rgbd_dataset_freiburg1_xyz\rgb\1305031126.311332.png,data\rgbd_dataset_freiburg1_xyz\depth\1305031126.319787.png,0.008455038070678711,,903,0.013245199999801116,0.0039032999993651174,0.00465740000072401,0.008560700000089128,0.006673899999441346,0.015234599999530474,0.02847979999933159,160231424
719,1305031126.347363,data\rgbd_dataset_freiburg1_xyz\rgb\1305031126.347363.png,data\rgbd_dataset_freiburg1_xyz\depth\1305031126.355415.png,0.00805211067199707,,837,0.013184200000978308,0.003537000000505941,0.005120800000440795,0.008657800000946736,0.007036200000584358,0.015694000001531094,0.028878200002509402,160268288
720,1305031126.379423,data\rgbd_dataset_freiburg1_xyz\rgb\1305031126.379423.png,data\rgbd_dataset_freiburg1_xyz\depth\1305031126.387483.png,0.008059978485107422,,854,0.012944799998876988,0.003682299999127281,0.005143399999724352,0.008825699998851633,0.0070043000014266,0.015830000000278233,0.02877479999915522,160284672
721,1305031126.411465,data\rgbd_dataset_freiburg1_xyz\rgb\1305031126.411465.png,data\rgbd_dataset_freiburg1_xyz\depth\1305031126.419793.png,0.008327960968017578,,773,0.013398000000961474,0.003798399999141111,0.005053599999882863,0.008851999999023974,0.006729500000801636,0.01558149999982561,0.028979500000787084,160309248
722,1305031126.447361,data\rgbd_dataset_freiburg1_xyz\rgb\1305031126.447361.png,data\rgbd_dataset_freiburg1_xyz\depth\1305031126.455380.png,0.008018970489501953,,749,0.013303300000188756,0.0038478999995277263,0.005019500000344124,0.00886739999987185,0.006575400000656373,0.015442800000528223,0.02874610000071698,160350208
723,1305031126.479533,data\rgbd_dataset_freiburg1_xyz\rgb\1305031126.479533.png,data\rgbd_dataset_freiburg1_xyz\depth\1305031126.490386.png,0.010853052139282227,,725,0.013059399998383014,0.003943599998819991,0.004854400000112946,0.008797999998932937,0.00596150000092166,0.014759499999854597,0.02781889999823761,160374784
724,1305031126.51141,data\rgbd_dataset_freiburg1_xyz\rgb\1305031126.511410.png,data\rgbd_dataset_freiburg1_xyz\depth\1305031126.522321.png,0.010910987854003906,,718,0.012940799999341834,0.0037002999997639563,0.0056524999999965075,0.009352799999760464,0.006040500000381144,0.015393300000141608,0.028334099999483442,160378880
725,1305031126.547374,data\rgbd_dataset_freiburg1_xyz\rgb\1305031126.547374.png,data\rgbd_dataset_freiburg1_xyz\depth\1305031126.558209.png,0.010834932327270508,,727,0.013119800001732074,0.0037360000005719485,0.005144599999766797,0.008880600000338745,0.00626879999981611,0.015149400000154856,0.02826920000188693,160382976
726,1305031126.579454,data\rgbd_dataset_freiburg1_xyz\rgb\1305031126.579454.png,data\rgbd_dataset_freiburg1_xyz\depth\1305031126.590176.png,0.010722160339355469,,703,0.01271410000117612,0.003686900001412141,0.0049902999999176245,0.008677200001329766,0.0064228000010189135,0.015100000002348679,0.0278141000035248,160399360
727,1305031126.611528,data\rgbd_dataset_freiburg1_xyz\rgb\1305031126.611528.png,data\rgbd_dataset_freiburg1_xyz\depth\1305031126.618687.png,0.007158994674682617,,695,0.012977800000953721,0.0035955000003013993,0.004816000000573695,0.008411500000875094,0.007221099998787395,0.01563259999966249,0.02861040000061621,160407552
728,1305031126.647376,data\rgbd_dataset_freiburg1_xyz\rgb\1305031126.647376.png,data\rgbd_dataset_freiburg1_xyz\depth\1305031126.654474.png,0.007097959518432617,,694,0.014240500000596512,0.0038422999987233197,0.004830400001083035,0.008672699999806355,0.007086999999955879,0.015759699999762233,0.030000200000358745,160419840
729,1305031126.679479,data\rgbd_dataset_freiburg1_xyz\rgb\1305031126.679479.png,data\rgbd_dataset_freiburg1_xyz\depth\1305031126.690022.png,0.010543107986450195,,677,0.013096199998472002,0.0036990999997215113,0.0048944000009214506,0.008593500000642962,0.00609950000034587,0.014693000000988832,0.027789199999460834,160419840
730,1305031126.711583,data\rgbd_dataset_freiburg1_xyz\rgb\1305031126.711583.png,data\rgbd_dataset_freiburg1_xyz\depth\1305031126.715770.png,0.004187107086181641,,678,0.012900399999125511,0.0036041000003024237,0.005180600001040148,0.008784700001342571,0.006282000000283006,0.015066700001625577,0.02796710000075109,160432128
731,1305031126.747316,data\rgbd_dataset_freiburg1_xyz\rgb\1305031126.747316.png,data\rgbd_dataset_freiburg1_xyz\depth\1305031126.755374.png,0.00805807113647461,,645,0.013163800000256742,0.003627000000051339,0.005167400000573252,0.008794400000624591,0.0064419000009365845,0.015236300001561176,0.02840010000181792,160444416
732,1305031126.779379,data\rgbd_dataset_freiburg1_xyz\rgb\1305031126.779379.png,data\rgbd_dataset_freiburg1_xyz\depth\1305031126.787565.png,0.008186101913452148,,650,0.01300949999858858,0.003690499999720487,0.0046934000001783716,0.008383899999898858,0.008663399999932153,0.01704729999983101,0.030056799998419592,160538624
733,1305031126.811602,data\rgbd_dataset_freiburg1_xyz\rgb\1305031126.811602.png,data\rgbd_dataset_freiburg1_xyz\depth\1305031126.819929.png,0.00832676887512207,,663,0.013306900000316091,0.0036094999995839316,0.004999099999622558,0.00860859999920649,0.005917899999985821,0.01452649999919231,0.0278333999995084,160546816
734,1305031126.847343,data\rgbd_dataset_freiburg1_xyz\rgb\1305031126.847343.png,data\rgbd_dataset_freiburg1_xyz\depth\1305031126.858378.png,0.011034965515136719,,679,0.01271449999876495,0.003719000000273809,0.004676200000176323,0.008395200000450131,0.006566199999724631,0.014961400000174763,0.027675899998939713,160555008
735,1305031126.879357,data\rgbd_dataset_freiburg1_xyz\rgb\1305031126.879357.png,data\rgbd_dataset_freiburg1_xyz\depth\1305031126.888154.png,0.008796930313110352,,681,0.012856800000008661,0.0038216000011743745,0.005129099999976461,0.008950700001150835,0.00624229999993986,0.015193000001090695,0.028049800001099356,160657408
736,1305031126.911364,data\rgbd_dataset_freiburg1_xyz\rgb\1305031126.911364.png,data\rgbd_dataset_freiburg1_xyz\depth\1305031126.919409.png,0.008044958114624023,,677,0.012947300001542317,0.0037200000006123446,0.004754000001412351,0.008474000002024695,0.00630999999884807,0.014784000000872766,0.027731300002415082,160657408
737,1305031126.947437,data\rgbd_dataset_freiburg1_xyz\rgb\1305031126.947437.png,data\rgbd_dataset_freiburg1_xyz\depth\1305031126.955501.png,0.008064031600952148,,686,0.015633600000001024,0.0042917999999190215,0.004955599999448168,0.00924739999936719,0.0066829999996116385,0.015930399998978828,0.03156399999897985,160657408
738,1305031126.979337,data\rgbd_dataset_freiburg1_xyz\rgb\1305031126.979337.png,data\rgbd_dataset_freiburg1_xyz\depth\1305031126.987316.png,0.00797891616821289,,685,0.012961899999936577,0.0035833000001730397,0.0045003999985056,0.00808369999867864,0.0062540999988414114,0.014337799997520051,0.027299699997456628,160673792
739,1305031127.011371,data\rgbd_dataset_freiburg1_xyz\rgb\1305031127.011371.png,data\rgbd_dataset_freiburg1_xyz\depth\1305031127.019524.png,0.008153200149536133,,693,0.01312320000033651,0.003596599999582395,0.004926800000248477,0.008523399999830872,0.0064105999990715645,0.014933999998902436,0.028057199999238946,160677888
740,1305031127.047297,data\rgbd_dataset_freiburg1_xyz\rgb\1305031127.047297.png,data\rgbd_dataset_freiburg1_xyz\depth\1305031127.053318.png,0.006021022796630859,,684,0.012659699999858276,0.003528899998855195,0.004910899999231333,0.008439799998086528,0.005833699999129749,0.014273499997216277,0.026933199997074553,160677888
741,1305031127.079299,data\rgbd_dataset_freiburg1_xyz\rgb\1305031127.079299.png,data\rgbd_dataset_freiburg1_xyz\depth\1305031127.088649.png,0.009350061416625977,,688,0.012858099998993566,0.0035422000000835396,0.0043603999984043185,0.007902599998487858,0.005757999999332242,0.0136605999978201,0.026518699996813666,160681984
742,1305031127.111435,data\rgbd_dataset_freiburg1_xyz\rgb\1305031127.111435.png,data\rgbd_dataset_freiburg1_xyz\depth\1305031127.120963.png,0.009528160095214844,,702,0.013113000000885222,0.003720200000316254,0.004972599999746308,0.008692800000062562,0.006080800001655007,0.014773600001717568,0.02788660000260279,160690176
743,1305031127.147307,data\rgbd_dataset_freiburg1_xyz\rgb\1305031127.147307.png,data\rgbd_dataset_freiburg1_xyz\depth\1305031127.157692.png,0.01038503646850586,,689,0.01340619999973569,0.0036848999989160802,0.004965600001014536,0.008650499999930616,0.0060843000010208925,0.014734800000951509,0.0281410000006872,160698368
744,1305031127.179349,data\rgbd_dataset_freiburg1_xyz\rgb\1305031127.179349.png,data\rgbd_dataset_freiburg1_xyz\depth\1305031127.187500.png,0.008151054382324219,,701,0.012844200000472483,0.0035320999995747115,0.004375599999548285,0.007907699999122997,0.006051599999409518,0.013959299998532515,0.026803499999004998,160698368
745,1305031127.2117,data\rgbd_dataset_freiburg1_xyz\rgb\1305031127.211700.png,data\rgbd_dataset_freiburg1_xyz\depth\1305031127.221831.png,0.010131120681762695,,686,0.012872600000264356,0.0036990999997215113,0.004346499999883235,0.008045599999604747,0.006032799999957206,0.014078399999561952,0.02695099999982631,160714752
746,1305031127.247374,data\rgbd_dataset_freiburg1_xyz\rgb\1305031127.247374.png,data\rgbd_dataset_freiburg1_xyz\depth\1305031127.259761.png,0.01238703727722168,,683,0.013343099999474362,0.0038468000002467306,0.0043285000010655494,0.00817530000131228,0.006248100000448176,0.014423400001760456,0.027766500001234817,160727040
747,1305031127.279465,data\rgbd_dataset_freiburg1_xyz\rgb\1305031127.279465.png,data\rgbd_dataset_freiburg1_xyz\depth\1305031127.287038.png,0.007573127746582031,,689,0.013187900000048103,0.0038205000000743894,0.004809699999896111,0.0086301999999705,0.009115599999859114,0.017745799999829615,0.030933699999877717,160727040
748,1305031127.311362,data\rgbd_dataset_freiburg1_xyz\rgb\1305031127.311362.png,data\rgbd_dataset_freiburg1_xyz\depth\1305031127.320468.png,0.009105920791625977,,661,0.013132000000041444,0.0034972000012203353,0.00502270000106364,0.008519900002283975,0.006612900000618538,0.015132800002902513,0.028264800002943957,160739328
749,1305031127.347356,data\rgbd_dataset_freiburg1_xyz\rgb\1305031127.347356.png,data\rgbd_dataset_freiburg1_xyz\depth\1305031127.353407.png,0.006050825119018555,,689,0.013352599999052472,0.003614200000811252,0.004646199999115197,0.008260399999926449,0.005978099999992992,0.01423849999991944,0.027591099998971913,160739328
750,1305031127.379262,data\rgbd_dataset_freiburg1_xyz\rgb\1305031127.379262.png,data\rgbd_dataset_freiburg1_xyz\depth\1305031127.383713.png,0.00445103645324707,,720,0.012998000000152388,0.0038524000010511372,0.004589000000123633,0.00844140000117477,0.008180699998774799,0.01662209999994957,0.029620100000101957,160747520
751,1305031127.411371,data\rgbd_dataset_freiburg1_xyz\rgb\1305031127.411371.png,data\rgbd_dataset_freiburg1_xyz\depth\1305031127.419650.png,0.008279085159301758,,717,0.012884199999461998,0.0036871000011160504,0.004861499999606167,0.008548600000722217,0.0060529999991558725,0.01460159999987809,0.027485799999340088,160747520
752,1305031127.447333,data\rgbd_dataset_freiburg1_xyz\rgb\1305031127.447333.png,data\rgbd_dataset_freiburg1_xyz\depth\1305031127.454246.png,0.006912946701049805,,700,0.013140999999450287,0.003585899999961839,0.004727499999717111,0.00831339999967895,0.006334099998639431,0.01464749999831838,0.027788499997768668,160755712
753,1305031127.479362,data\rgbd_dataset_freiburg1_xyz\rgb\1305031127.479362.png,data\rgbd_dataset_freiburg1_xyz\depth\1305031127.487200.png,0.007838010787963867,,706,0.013322500000867876,0.0035918000012316043,0.004854900000282214,0.008446700001513818,0.006301999999777763,0.014748700001291581,0.028071200002159458,160759808
754,1305031127.511356,data\rgbd_dataset_freiburg1_xyz\rgb\1305031127.511356.png,data\rgbd_dataset_freiburg1_xyz\depth\1305031127.521900.png,0.0105438232421875,,697,0.01291510000010021,0.0035016000001633074,0.004946800001562224,0.008448400001725531,0.008721199999854434,0.017169600001579965,0.030084700001680176,160763904
755,1305031127.547348,data\rgbd_dataset_freiburg1_xyz\rgb\1305031127.547348.png,data\rgbd_dataset_freiburg1_xyz\depth\1305031127.553725.png,0.006376981735229492,,711,0.013420499999483582,0.003602199998567812,0.004378400000859983,0.007980599999427795,0.006387200000972371,0.014367800000400166,0.027788299999883748,160772096
756,1305031127.579345,data\rgbd_dataset_freiburg1_xyz\rgb\1305031127.579345.png,data\rgbd_dataset_freiburg1_xyz\depth\1305031127.586632.png,0.007287025451660156,,704,0.013267100001030485,0.0034801000001607463,0.004461700000319979,0.007941800000480725,0.0063069999996514525,0.014248800000132178,0.027515900001162663,160788480
757,1305031127.611271,data\rgbd_dataset_freiburg1_xyz\rgb\1305031127.611271.png,data\rgbd_dataset_freiburg1_xyz\depth\1305031127.620657.png,0.009386062622070312,,699,0.01338940000096045,0.003918800000974443,0.0048826000002009096,0.008801400001175352,0.006060199999410543,0.014861600000585895,0.028251000001546345,160792576
758,1305031127.647358,data\rgbd_dataset_freiburg1_xyz\rgb\1305031127.647358.png,data\rgbd_dataset_freiburg1_xyz\depth\1305031127.654656.png,0.007297992706298828,,687,0.013004100001126062,0.0035490000009303913,0.004557300000669784,0.008106300001600175,0.006055199999536853,0.014161500001137028,0.02716560000226309,160800768
759,1305031127.679298,data\rgbd_dataset_freiburg1_xyz\rgb\1305031127.679298.png,data\rgbd_dataset_freiburg1_xyz\depth\1305031127.687110.png,0.007812023162841797,,708,0.012766100000590086,0.003728199999386561,0.0049034999992727535,0.008631699998659315,0.005997399999614572,0.014629099998273887,0.027395199998863973,160808960
760,1305031127.711375,data\rgbd_dataset_freiburg1_xyz\rgb\1305031127.711375.png,data\rgbd_dataset_freiburg1_xyz\depth\1305031127.723210.png,0.011835098266601562,,727,0.013615699999718345,0.0036699000011140015,0.0048337000007450115,0.008503600001859013,0.006337299999358947,0.01484090000121796,0.028456600000936305,160808960
761,1305031127.747304,data\rgbd_dataset_freiburg1_xyz\rgb\1305031127.747304.png,data\rgbd_dataset_freiburg1_xyz\depth\1305031127.754694.png,0.007390022277832031,,703,0.01299519999884069,0.0036041000003024237,0.004804099999091704,0.008408199999394128,0.008658500000819913,0.01706670000021404,0.03006189999905473,160808960
762,1305031127.779346,data\rgbd_dataset_freiburg1_xyz\rgb\1305031127.779346.png,data\rgbd_dataset_freiburg1_xyz\depth\1305031127.787641.png,0.008295059204101562,,719,0.01325899999937974,0.003802900000664522,0.00465749999966647,0.008460400000330992,0.00897129999975732,0.017431700000088313,0.030690699999468052,160817152
763,1305031127.811829,data\rgbd_dataset_freiburg1_xyz\rgb\1305031127.811829.png,data\rgbd_dataset_freiburg1_xyz\depth\1305031127.820128.png,0.008298873901367188,,734,0.013167799999791896,0.0036288999999669613,0.004977599999619997,0.008606499999586958,0.00854309999886027,0.01714959999844723,0.030317399998239125,160821248
764,1305031127.847366,data\rgbd_dataset_freiburg1_xyz\rgb\1305031127.847366.png,data\rgbd_dataset_freiburg1_xyz\depth\1305031127.855132.png,0.007766008377075195,,725,0.012972600001376122,0.0037152999993850244,0.004900199999610777,0.008615499998995801,0.006228100000953418,0.01484359999994922,0.027816200001325342,160829440
765,1305031127.87938,data\rgbd_dataset_freiburg1_xyz\rgb\1305031127.879380.png,data\rgbd_dataset_freiburg1_xyz\depth\1305031127.887122.png,0.0077419281005859375,,723,0.013124099999913597,0.0036849000007350696,0.004750899999635294,0.008435800000370364,0.006174699999974109,0.014610500000344473,0.02773460000025807,160841728
766,1305031127.911476,data\rgbd_dataset_freiburg1_xyz\rgb\1305031127.911476.png,data\rgbd_dataset_freiburg1_xyz\depth\1305031127.922560.png,0.01108407974243164,,710,0.012945599999511614,0.0037005999984103255,0.004665799999202136,0.008366399997612461,0.006283999999141088,0.01465039999675355,0.027595999996265164,160849920
767,1305031127.947366,data\rgbd_dataset_freiburg1_xyz\rgb\1305031127.947366.png,data\rgbd_dataset_freiburg1_xyz\depth\1305031127.955088.png,0.007721900939941406,,711,0.013364699998419383,0.0037259000000631204,0.004875000000538421,0.008600900000601541,0.0065752999998949235,0.015176200000496465,0.028540899998915847,160854016
768,1305031127.979371,data\rgbd_dataset_freiburg1_xyz\rgb\1305031127.979371.png,data\rgbd_dataset_freiburg1_xyz\depth\1305031127.987093.png,0.007721900939941406,,714,0.016049199999542907,0.0043537999990803655,0.004719100001238985,0.00907290000031935,0.00827460000073188,0.01734750000105123,0.03339670000059414,160866304
769,1305031128.011427,data\rgbd_dataset_freiburg1_xyz\rgb\1305031128.011427.png,data\rgbd_dataset_freiburg1_xyz\depth\1305031128.021776.png,0.010349035263061523,,683,0.01322710000022198,0.0036791000002267538,0.0045886999996582745,0.008267799999885028,0.006461799999669893,0.014729599999554921,0.0279566999997769,160952320
770,1305031128.047369,data\rgbd_dataset_freiburg1_xyz\rgb\1305031128.047369.png,data\rgbd_dataset_freiburg1_xyz\depth\1305031128.055718.png,0.008348941802978516,,699,0.013141900000846363,0.0037931999995635124,0.004235099999277736,0.008028299998841248,0.00898849999975937,0.017016799998600618,0.03015869999944698,160972800
771,1305031128.079334,data\rgbd_dataset_freiburg1_xyz\rgb\1305031128.079334.png,data\rgbd_dataset_freiburg1_xyz\depth\1305031128.087206.png,0.007871866226196289,,698,0.01330009999946924,0.0038979000000836095,0.004587999999785097,0.008485899999868707,0.006158399999549147,0.014644299999417854,0.027944399998887093,160972800
772,1305031128.111391,data\rgbd_dataset_freiburg1_xyz\rgb\1305031128.111391.png,data\rgbd_dataset_freiburg1_xyz\depth\1305031128.124746.png,0.013355016708374023,,689,0.012902799999210401,0.0036428000003070338,0.0045340999986365205,0.008176899998943554,0.00584789999993518,0.014024799998878734,0.026927599998089136,160976896
773,1305031128.147418,data\rgbd_dataset_freiburg1_xyz\rgb\1305031128.147418.png,data\rgbd_dataset_freiburg1_xyz\depth\1305031128.157782.png,0.010364055633544922,,692,0.013218500000220956,0.003671300000860356,0.004606899999998859,0.008278200000859215,0.005825199999890174,0.014103400000749389,0.027321900000970345,160980992
774,1305031128.17935,data\rgbd_dataset_freiburg1_xyz\rgb\1305031128.179350.png,data\rgbd_dataset_freiburg1_xyz\depth\1305031128.187221.png,0.007871150970458984,,699,0.013022999999520835,0.0036606999983632704,0.0052794000002904795,0.00894009999865375,0.0062300999998115,0.01517019999846525,0.028193199997986085,160985088
775,1305031128.211447,data\rgbd_dataset_freiburg1_xyz\rgb\1305031128.211447.png,data\rgbd_dataset_freiburg1_xyz\depth\1305031128.225442.png,0.013994932174682617,,678,0.013314600000740029,0.003726200000528479,0.004625200001100893,0.008351400001629372,0.006357899999784422,0.014709300001413794,0.028023900002153823,161099776
776,1305031128.24748,data\rgbd_dataset_freiburg1_xyz\rgb\1305031128.247480.png,data\rgbd_dataset_freiburg1_xyz\depth\1305031128.256007.png,0.008527040481567383,,682,0.015705499999967287,0.004487800000788411,0.004902300001049298,0.009390100001837709,0.007022800000413554,0.016412900002251263,0.03211840000221855,161099776
777,1305031128.279336,data\rgbd_dataset_freiburg1_xyz\rgb\1305031128.279336.png,data\rgbd_dataset_freiburg1_xyz\depth\1305031128.291275.png,0.011939048767089844,,679,0.014525900000080583,0.0036634999996749684,0.004822800001420546,0.008486300001095515,0.006148700000267127,0.014635000001362641,0.029160900001443224,161112064
778,1305031128.311483,data\rgbd_dataset_freiburg1_xyz\rgb\1305031128.311483.png,data\rgbd_dataset_freiburg1_xyz\depth\1305031128.324170.png,0.012687206268310547,,676,0.013419599999906495,0.003672299999379902,0.005024699999921722,0.008696999999301624,0.006354400000418536,0.01505139999972016,0.028470999999626656,161116160
779,1305031128.347423,data\rgbd_dataset_freiburg1_xyz\rgb\1305031128.347423.png,data\rgbd_dataset_freiburg1_xyz\depth\1305031128.355206.png,0.007782936096191406,,670,0.015705600000728737,0.0042873000002146,0.0046612999994977145,0.008948599999712314,0.008493999999700463,0.017442599999412778,0.033148200000141514,161120256
780,1305031128.379404,data\rgbd_dataset_freiburg1_xyz\rgb\1305031128.379404.png,data\rgbd_dataset_freiburg1_xyz\depth\1305031128.391397.png,0.011992931365966797,,680,0.013035300000410643,0.0036522999998851446,0.004404900000736234,0.008057200000621378,0.005979399998977897,0.014036599999599275,0.02707190000000992,161128448
781,1305031128.411337,data\rgbd_dataset_freiburg1_xyz\rgb\1305031128.411337.png,data\rgbd_dataset_freiburg1_xyz\depth\1305031128.423609.png,0.012272119522094727,,688,0.013173100000130944,0.003663299999971059,0.004940400000123191,0.00860370000009425,0.006293399999776739,0.014897099999870989,0.028070200000001932,161136640
782,1305031128.447296,data\rgbd_dataset_freiburg1_xyz\rgb\1305031128.447296.png,data\rgbd_dataset_freiburg1_xyz\depth\1305031128.455499.png,0.00820302963256836,,655,0.013124900000548223,0.0035534999988158233,0.0049866999997902894,0.008540199998606113,0.008605699998952332,0.017145899997558445,0.030270799998106668,161153024
783,1305031128.479296,data\rgbd_dataset_freiburg1_xyz\rgb\1305031128.479296.png,data\rgbd_dataset_freiburg1_xyz\depth\1305031128.489523.png,0.010226964950561523,,672,0.013340199999220204,0.004445200000191107,0.004268700000466197,0.008713900000657304,0.008245999999417108,0.016959900000074413,0.030300099999294616,161153024
784,1305031128.511433,data\rgbd_dataset_freiburg1_xyz\rgb\1305031128.511433.png,data\rgbd_dataset_freiburg1_xyz\depth\1305031128.523604.png,0.012171030044555664,,670,0.013419300001260126,0.0035344999996596016,0.004797900000994559,0.008332400000654161,0.005806900000607129,0.01413930000126129,0.027558600002521416,161161216
785,1305031128.547399,data\rgbd_dataset_freiburg1_xyz\rgb\1305031128.547399.png,data\rgbd_dataset_freiburg1_xyz\depth\1305031128.555639.png,0.008239984512329102,,679,0.01333860000158893,0.0036926000011590077,0.004829100000279141,0.008521700001438148,0.00583820000065316,0.014359900002091308,0.027698500003680238,161165312
786,1305031128.579455,data\rgbd_dataset_freiburg1_xyz\rgb\1305031128.579455.png,data\rgbd_dataset_freiburg1_xyz\depth\1305031128.591460.png,0.012005090713500977,,665,0.013160900000002584,0.0038781000002927613,0.004940400000123191,0.008818500000415952,0.008990399999674992,0.017808900000090944,0.030969800000093528,161169408
787,1305031128.611395,data\rgbd_dataset_freiburg1_xyz\rgb\1305031128.611395.png,data\rgbd_dataset_freiburg1_xyz\depth\1305031128.623368.png,0.011973142623901367,,684,0.013291799999933573,0.003623900000093272,0.005219000000579399,0.008842900000672671,0.006095499998991727,0.014938399999664398,0.02823019999959797,161169408
788,1305031128.647352,data\rgbd_dataset_freiburg1_xyz\rgb\1305031128.647352.png,data\rgbd_dataset_freiburg1_xyz\depth\1305031128.655554.png,0.008202075958251953,,689,0.012810300000637653,0.0036782000006496673,0.004685300000346615,0.008363500000996282,0.0057744000005186535,0.014137900001514936,0.02694820000215259,161181696
789,1305031128.679282,data\rgbd_dataset_freiburg1_xyz\rgb\1305031128.679282.png,data\rgbd_dataset_freiburg1_xyz\depth\1305031128.690449.png,0.011167049407958984,,676,0.0130819000005431,0.003651900000477326,0.0045238999991852324,0.008175799999662559,0.0060892000001331326,0.014264999999795691,0.027346900000338792,161185792
790,1305031128.711457,data\rgbd_dataset_freiburg1_xyz\rgb\1305031128.711457.png,data\rgbd_dataset_freiburg1_xyz\depth\1305031128.722976.png,0.01151895523071289,,680,0.013245200001620105,0.0037623999996867497,0.004774800001541735,0.008537200001228484,0.0053454999997484265,0.01388270000097691,0.027127900002597016,161189888
791,1305031128.747363,data\rgbd_dataset_freiburg1_xyz\rgb\1305031128.747363.png,data\rgbd_dataset_freiburg1_xyz\depth\1305031128.754646.png,0.00728297233581543,,697,0.013101800001095398,0.003629700000601588,0.0049315999985992676,0.008561299999200855,0.00644550000106392,0.015006800000264775,0.028108600001360173,161198080
792,1305031128.7794743,data\rgbd_dataset_freiburg1_xyz\rgb\1305031102.175304.png,data\rgbd_dataset_freiburg1_xyz\depth\1305031102.160407.png,0.014896869659423828,,1286,0.013429999999061693,0.0037437999999383464,0.004965200001606718,0.008709000001545064,0.01312109999889799,0.021830100000443053,0.035260099999504746,161206272
793,1305031128.8153844,data\rgbd_dataset_freiburg1_xyz\rgb\1305031102.211214.png,data\rgbd_dataset_freiburg1_xyz\depth\1305031102.226738.png,0.015523910522460938,,1294,0.013393499999438063,0.003727400000570924,0.005162199999176664,0.008889599999747588,0.010914800001046387,0.019804400000793976,0.03319790000023204,161218560
794,1305031128.8794963,data\rgbd_dataset_freiburg1_xyz\rgb\1305031102.275326.png,data\rgbd_dataset_freiburg1_xyz\depth\1305031102.262886.png,0.012439966201782227,,1181,0.01329720000103407,0.003712699999596225,0.005076900000858586,0.008789600000454811,0.007267800001500291,0.016057400001955102,0.029354600002989173,161226752
795,1305031128.9154372,data\rgbd_dataset_freiburg1_xyz\rgb\1305031102.311267.png,data\rgbd_dataset_freiburg1_xyz\depth\1305031102.295279.png,0.015987873077392578,,1158,0.013491600000634207,0.003707800000483985,0.0045458000004146015,0.008253600000898587,0.054867700000613695,0.06312130000151228,0.07661290000214649,161239040
796,1305031128.9474034,data\rgbd_dataset_freiburg1_xyz\rgb\1305031102.343233.png,data\rgbd_dataset_freiburg1_xyz\depth\1305031102.329195.png,0.0140380859375,,1047,0.013477599999532686,0.003569200000129058,0.005094800000733812,0.00866400000086287,0.007089800001267577,0.015753800002130447,0.029231400001663133,161239040
797,1305031128.9794993,data\rgbd_dataset_freiburg1_xyz\rgb\1305031102.375329.png,data\rgbd_dataset_freiburg1_xyz\depth\1305031102.363013.png,0.012315988540649414,,1067,0.013081099999908474,0.0035974999991594814,0.004785099999935483,0.008382599999094964,0.007024500000625267,0.01540709999972023,0.028488199999628705,161239040
798,1305031129.0154283,data\rgbd_dataset_freiburg1_xyz\rgb\1305031102.411258.png,data\rgbd_dataset_freiburg1_xyz\depth\1305031102.394772.png,0.016485929489135742,,1031,0.012996400000702124,0.0036486999997578096,0.005205200001000776,0.008853900000758586,0.007377300000371179,0.016231200001129764,0.029227600001831888,161243136
799,1305031129.0474412,data\rgbd_dataset_freiburg1_xyz\rgb\1305031102.443271.png,data\rgbd_dataset_freiburg1_xyz\depth\1305031102.427815.png,0.015455961227416992,,1005,0.013274500000989065,0.003553299999111914,0.004706400000941358,0.008259700000053272,0.006857299998955568,0.01511699999900884,0.028391499999997905,161243136
800,1305031129.0794883,data\rgbd_dataset_freiburg1_xyz\rgb\1305031102.475318.png,data\rgbd_dataset_freiburg1_xyz\depth\1305031102.462395.png,0.012923002243041992,,1017,0.013137599999026861,0.003725000000486034,0.004726900000605383,0.008451900001091417,0.007956499999636435,0.016408400000727852,0.029545999999754713,161247232
801,1305031129.1153893,data\rgbd_dataset_freiburg1_xyz\rgb\1305031102.511219.png,data\rgbd_dataset_freiburg1_xyz\depth\1305031102.526330.png,0.015110969543457031,,930,0.013252500000817236,0.0037021000007371185,0.005109699999593431,0.00881180000033055,0.007362299998931121,0.01617409999926167,0.029426600000078906,161247232
802,1305031129.1794562,data\rgbd_dataset_freiburg1_xyz\rgb\1305031102.575286.png,data\rgbd_dataset_freiburg1_xyz\depth\1305031102.562224.png,0.013062000274658203,,883,0.013048700000581448,0.0035265999995317543,0.005535399999644142,0.009061999999175896,0.007353999999395455,0.01641599999857135,0.0294646999991528,161251328
803,1305031129.2154033,data\rgbd_dataset_freiburg1_xyz\rgb\1305031102.611233.png,data\rgbd_dataset_freiburg1_xyz\depth\1305031102.626818.png,0.015584945678710938,,842,0.015153500000451459,0.004440999999133055,0.004895400001259986,0.009336400000393041,0.01016420000087237,0.01950060000126541,0.03465410000171687,161251328
804,1305031129.2794554,data\rgbd_dataset_freiburg1_xyz\rgb\1305031102.675285.png,data\rgbd_dataset_freiburg1_xyz\depth\1305031102.663273.png,0.012012004852294922,,794,0.015315899998313398,0.003582700001061312,0.0049772000002121786,0.00855990000127349,0.00663429999985965,0.01519420000113314,0.03051009999944654,161251328
805,1305031129.3154333,data\rgbd_dataset_freiburg1_xyz\rgb\1305031102.711263.png,data\rgbd_dataset_freiburg1_xyz\depth\1305031102.695165.png,0.0160980224609375,,779,0.012942100000145729,0.003594600000724313,0.0044916000006196555,0.008086200001343968,0.0061814000000595115,0.01426760000140348,0.02720970000154921,161263616
806,1305031129.3474042,data\rgbd_dataset_freiburg1_xyz\rgb\1305031102.743234.png,data\rgbd_dataset_freiburg1_xyz\depth\1305031102.728423.png,0.014810800552368164,,747,0.012736300001051859,0.0034410000007483177,0.004641800000172225,0.008082800000920543,0.006441800000175135,0.014524600001095678,0.027260900002147537,161263616
807,1305031129.3796422,data\rgbd_dataset_freiburg1_xyz\rgb\1305031102.775472.png,data\rgbd_dataset_freiburg1_xyz\depth\1305031102.763549.png,0.011922836303710938,,791,0.012705999999525375,0.0038076999990153126,0.005169599999135244,0.008977299998150556,0.006025399999998626,0.015002699998149183,0.027708699997674557,161263616
808,1305031129.4154024,data\rgbd_dataset_freiburg1_xyz\rgb\1305031102.811232.png,data\rgbd_dataset_freiburg1_xyz\depth\1305031102.794978.png,0.016254186630249023,,765,0.0129175000001851,0.0035754000000451924,0.005331999998816173,0.008907399998861365,0.006778200000553625,0.01568559999941499,0.02860309999960009,161267712
809,1305031129.4474604,data\rgbd_dataset_freiburg1_xyz\rgb\1305031102.843290.png,data\rgbd_dataset_freiburg1_xyz\depth\1305031102.828537.png,0.014753103256225586,,698,0.014165500000672182,0.0036184000000503147,0.005116599999382743,0.008734999999433057,0.006373700000040117,0.015108699999473174,0.029274200000145356,161271808
810,1305031129.4795334,data\rgbd_dataset_freiburg1_xyz\rgb\1305031102.875363.png,data\rgbd_dataset_freiburg1_xyz\depth\1305031102.862808.png,0.012555122375488281,,718,0.0125886999994691,0.0036516000000119675,0.004727100000309292,0.00837870000032126,0.006148599999505677,0.014527299999826937,0.027115999999296037,161267712
811,1305031129.5153553,data\rgbd_dataset_freiburg1_xyz\rgb\1305031102.911185.png,data\rgbd_dataset_freiburg1_xyz\depth\1305031102.926851.png,0.01566600799560547,,679,0.013540699999794015,0.0038127000007079914,0.004837099999349448,0.00864980000005744,0.006602100000236533,0.015251900000293972,0.028792600000087987,161275904
812,1305031129.5793734,data\rgbd_dataset_freiburg1_xyz\rgb\1305031102.975203.png,data\rgbd_dataset_freiburg1_xyz\depth\1305031102.962137.png,0.01306605339050293,,649,0.012786599998435122,0.0035879000006389106,0.004877299999861862,0.008465200000500772,0.006302099998720223,0.014767299999220995,0.027553899997656117,161308672
813,1305031129.6153853,data\rgbd_dataset_freiburg1_xyz\rgb\1305031103.011215.png,data\rgbd_dataset_freiburg1_xyz\depth\1305031102.994164.png,0.017050981521606445,,671,0.013436400000500726,0.0036683999987872085,0.005010400000173831,0.00867879999896104,0.006163300000480376,0.014842099999441416,0.02827849999994214,161357824
814,1305031129.6473973,data\rgbd_dataset_freiburg1_xyz\rgb\1305031103.043227.png,data\rgbd_dataset_freiburg1_xyz\depth\1305031103.027881.png,0.015346050262451172,,653,0.012921300000016345,0.0036718999999720836,0.005021999999371474,0.008693899999343557,0.005766199999925448,0.014460099999269005,0.02738139999928535,161357824
815,1305031129.6794894,data\rgbd_dataset_freiburg1_xyz\rgb\1305031103.075319.png,data\rgbd_dataset_freiburg1_xyz\depth\1305031103.062273.png,0.013046026229858398,,632,0.013098899999022251,0.003572100000383216,0.005130499999722815,0.008702600000106031,0.006144200000562705,0.014846800000668736,0.027945699999690987,161370112
816,1305031129.7154102,data\rgbd_dataset_freiburg1_xyz\rgb\1305031103.111240.png,data\rgbd_dataset_freiburg1_xyz\depth\1305031103.094040.png,0.017199993133544922,,623,0.012754899998981273,0.0036350999998830957,0.004348999998910585,0.007984099998793681,0.0061165000006440096,0.01410059999943769,0.026855499998418964,161374208
817,1305031129.7474883,data\rgbd_dataset_freiburg1_xyz\rgb\1305031103.143318.png,data\rgbd_dataset_freiburg1_xyz\depth\1305031103.129109.png,0.01420903205871582,,623,0.013200299999880372,0.0036985000006097835,0.004541199999948731,0.008239700000558514,0.005857800000740099,0.014097500001298613,0.027297800001178985,161382400
818,1305031129.7796223,data\rgbd_dataset_freiburg1_xyz\rgb\1305031103.175452.png,data\rgbd_dataset_freiburg1_xyz\depth\1305031103.162795.png,0.012656927108764648,,594,0.013233899999249843,0.003601100001105806,0.00443480000103591,0.008035900002141716,0.0059147000010852935,0.01395060000322701,0.027184500002476852,161386496
819,1305031129.8473864,data\rgbd_dataset_freiburg1_xyz\rgb\1305031103.243216.png,data\rgbd_dataset_freiburg1_xyz\depth\1305031103.227845.png,0.015371084213256836,,581,0.013301699998919503,0.0036724000001413515,0.0050253999997948995,0.008697799999936251,0.006185300000652205,0.014883100000588456,0.02818479999950796,161386496
820,1305031129.8795402,data\rgbd_dataset_freiburg1_xyz\rgb\1305031103.275370.png,data\rgbd_dataset_freiburg1_xyz\depth\1305031103.262576.png,0.012793779373168945,,545,0.01587170000129845,0.004472300000998075,0.004506499999479274,0.00897880000047735,0.00599780000084138,0.01497660000131873,0.03084830000261718,161394688
821,1305031129.9153802,data\rgbd_dataset_freiburg1_xyz\rgb\1305031103.311210.png,data\rgbd_dataset_freiburg1_xyz\depth\1305031103.294208.png,0.017001867294311523,,532,0.012665000000197324,0.003571400000510039,0.0048480000004929025,0.008419400001002941,0.005392199998823344,0.013811599999826285,0.02647660000002361,161394688
822,1305031129.9473934,data\rgbd_dataset_freiburg1_xyz\rgb\1305031103.343223.png,data\rgbd_dataset_freiburg1_xyz\depth\1305031103.327550.png,0.015673160552978516,,531,0.013018100000408594,0.0037342000014177756,0.004671000000598724,0.0084052000020165,0.005831399999806308,0.014236600001822808,0.027254700002231402,161398784
823,1305031129.9794974,data\rgbd_dataset_freiburg1_xyz\rgb\1305031103.375327.png,data\rgbd_dataset_freiburg1_xyz\depth\1305031103.362405.png,0.012922048568725586,,511,0.013436299999739276,0.0036873999997624196,0.004142499999943539,0.007829899999705958,0.005958199999440694,0.013788099999146652,0.02722439999888593,161402880
824,1305031130.0154302,data\rgbd_dataset_freiburg1_xyz\rgb\1305031103.411260.png,data\rgbd_dataset_freiburg1_xyz\depth\1305031103.394162.png,0.017097949981689453,,503,0.01321029999962775,0.0036247999996703584,0.004828600000109873,0.008453399999780231,0.005876400000488502,0.014329800000268733,0.027540099999896483,161406976
825,1305031130.0474503,data\rgbd_dataset_freiburg1_xyz\rgb\1305031103.443280.png,data\rgbd_dataset_freiburg1_xyz\depth\1305031103.428437.png,0.014842987060546875,,502,0.012983699998585507,0.003585399999792571,0.0043459999997139676,0.007931399999506539,0.005851500000062515,0.013782899999569054,0.02676659999815456,161415168
826,1305031130.0794444,data\rgbd_dataset_freiburg1_xyz\rgb\1305031103.475274.png,data\rgbd_dataset_freiburg1_xyz\depth\1305031103.463886.png,0.011388063430786133,,519,0.012919200000396813,0.003607200000260491,0.004284299999198993,0.007891499999459484,0.005667299999913666,0.01355879999937315,0.026477999999769963,161419264
827,1305031130.1155033,data\rgbd_dataset_freiburg1_xyz\rgb\1305031103.511333.png,data\rgbd_dataset_freiburg1_xyz\depth\1305031103.494472.png,0.0168609619140625,,525,0.01310379999995348,0.003588399998989189,0.004634800001440453,0.008223200000429642,0.005551700000069104,0.013774900000498747,0.026878700000452227,161423360
828,1305031130.1476142,data\rgbd_dataset_freiburg1_xyz\rgb\1305031103.543444.png,data\rgbd_dataset_freiburg1_xyz\depth\1305031103.531502.png,0.011941909790039062,,536,0.012739300000248477,0.003605500000048778,0.004934099999445607,0.008539599999494385,0.005740499998864834,0.01428009999835922,0.027019399998607696,161431552
829,1305031130.1796443,data\rgbd_dataset_freiburg1_xyz\rgb\1305031103.575474.png,data\rgbd_dataset_freiburg1_xyz\depth\1305031103.562651.png,0.012823104858398438,,544,0.012785699998858036,0.003687599999466329,0.004710499999418971,0.0083980999988853,0.005657900001097005,0.014055999999982305,0.02684169999884034,161443840
830,1305031130.2153933,data\rgbd_dataset_freiburg1_xyz\rgb\1305031103.611223.png,data\rgbd_dataset_freiburg1_xyz\depth\1305031103.595310.png,0.015913009643554688,,570,0.012995299999602139,0.0037171999993006466,0.004701800000475487,0.008418999999776133,0.006057700000383193,0.014476700000159326,0.027471999999761465,161447936
831,1305031130.2476153,data\rgbd_dataset_freiburg1_xyz\rgb\1305031103.643445.png,data\rgbd_dataset_freiburg1_xyz\depth\1305031103.631376.png,0.012068986892700195,,615,0.013094599999021739,0.0037235999989206903,0.004029600000649225,0.007753199999569915,0.006213700000444078,0.013966900000013993,0.027061499999035732,161447936
832,1305031130.2796934,data\rgbd_dataset_freiburg1_xyz\rgb\1305031103.675523.png,data\rgbd_dataset_freiburg1_xyz\depth\1305031103.663594.png,0.011929035186767578,,644,0.013253299999632873,0.0037622999989253003,0.004966099999364815,0.008728399998290115,0.005788800001027994,0.014517199999318109,0.02777049999895098,161452032
833,1305031130.3157804,data\rgbd_dataset_freiburg1_xyz\rgb\1305031103.711610.png,data\rgbd_dataset_freiburg1_xyz\depth\1305031103.694695.png,0.016915082931518555,,662,0.012985600000320119,0.0036770999995496823,0.004342000000178814,0.008019099999728496,0.006553200000780635,0.01457230000050913,0.02755790000082925,161456128
834,1305031130.3474963,data\rgbd_dataset_freiburg1_xyz\rgb\1305031103.743326.png,data\rgbd_dataset_freiburg1_xyz\depth\1305031103.731542.png,0.011783838272094727,,679,0.01302659999964817,0.003643500000180211,0.004392099999677157,0.008035599999857368,0.0061968999998498475,0.014232499999707215,0.027259099999355385,161456128
835,1305031130.3795123,data\rgbd_dataset_freiburg1_xyz\rgb\1305031103.775342.png,data\rgbd_dataset_freiburg1_xyz\depth\1305031103.762865.png,0.012476921081542969,,734,0.013281699999424745,0.0037629999987984775,0.004771699999764678,0.008534699998563156,0.006797800000640564,0.01533249999920372,0.028614199998628465,161464320
836,1305031130.4154124,data\rgbd_dataset_freiburg1_xyz\rgb\1305031103.811242.png,data\rgbd_dataset_freiburg1_xyz\depth\1305031103.794329.png,0.016913175582885742,,727,0.013071400000626454,0.003810199999861652,0.00476150000031339,0.008571700000175042,0.006688600000416045,0.015260300000591087,0.02833170000121754,161468416
837,1305031130.4474213,data\rgbd_dataset_freiburg1_xyz\rgb\1305031103.843251.png,data\rgbd_dataset_freiburg1_xyz\depth\1305031103.830367.png,0.012883901596069336,,742,0.01298769999993965,0.0036123000008956296,0.004375200000140467,0.007987500001036096,0.0062731999987590825,0.014260699999795179,0.02724839999973483,161472512
838,1305031130.4795313,data\rgbd_dataset_freiburg1_xyz\rgb\1305031103.875361.png,data\rgbd_dataset_freiburg1_xyz\depth\1305031103.862379.png,0.012981891632080078,,760,0.01314500000080443,0.0036682999998447485,0.004559200000585406,0.008227500000430155,0.0064235999998345505,0.014651100000264705,0.027796100001069135,161480704
839,1305031130.5153913,data\rgbd_dataset_freiburg1_xyz\rgb\1305031103.911221.png,data\rgbd_dataset_freiburg1_xyz\depth\1305031103.894237.png,0.016983985900878906,,774,0.013162699999156757,0.0035765000011451775,0.004648799998903996,0.008225300000049174,0.006455300001107389,0.014680600001156563,0.02784330000031332,161488896
840,1305031130.5473814,data\rgbd_dataset_freiburg1_xyz\rgb\1305031103.943211.png,data\rgbd_dataset_freiburg1_xyz\depth\1305031103.930503.png,0.012708187103271484,,818,0.013136699999449775,0.0036799000008613802,0.005113399998663226,0.008793299999524606,0.00722219999988738,0.016015499999411986,0.02915219999886176,161492992
841,1305031130.5795434,data\rgbd_dataset_freiburg1_xyz\rgb\1305031103.975373.png,data\rgbd_dataset_freiburg1_xyz\depth\1305031103.962461.png,0.01291203498840332,,853,0.014844699999230215,0.003581700000722776,0.005154799999218085,0.008736499999940861,0.0066894999999931315,0.015425999999933993,0.030270699999164208,161505280
842,1305031130.6154022,data\rgbd_dataset_freiburg1_xyz\rgb\1305031104.011232.png,data\rgbd_dataset_freiburg1_xyz\depth\1305031103.994365.png,0.01686692237854004,,921,0.013000599999941187,0.0036682999998447485,0.004809199999726843,0.008477499999571592,0.006655400000454392,0.015132900000025984,0.02813349999996717,161509376
843,1305031130.6474192,data\rgbd_dataset_freiburg1_xyz\rgb\1305031104.043249.png,data\rgbd_dataset_freiburg1_xyz\depth\1305031104.030279.png,0.012969970703125,,913,0.013333400000192341,0.0038461999993160134,0.005126200001541292,0.008972400000857306,0.007099799999195966,0.01607220000005327,0.029405600000245613,161509376
844,1305031130.6795952,data\rgbd_dataset_freiburg1_xyz\rgb\1305031104.075425.png,data\rgbd_dataset_freiburg1_xyz\depth\1305031104.062542.png,0.01288294792175293,,981,0.013208500000473578,0.003732200000740704,0.004680300000472926,0.00841250000121363,0.011215200000151526,0.019627700001365156,0.03283620000183873,161513472
845,1305031130.7154052,data\rgbd_dataset_freiburg1_xyz\rgb\1305031104.111235.png,data\rgbd_dataset_freiburg1_xyz\depth\1305031104.095305.png,0.0159299373626709,,990,0.0129464999990887,0.00363889999971434,0.005036499998823274,0.008675399998537614,0.007193600000391598,0.015868999998929212,0.028815499998017913,161517568
846,1305031130.7474003,data\rgbd_dataset_freiburg1_xyz\rgb\1305031104.143230.png,data\rgbd_dataset_freiburg1_xyz\depth\1305031104.131292.png,0.011937856674194336,,1020,0.01284039999882225,0.0037100999998074258,0.004814099998839083,0.008524199998646509,0.007237199999508448,0.015761399998154957,0.028601799996977206,161521664
847,1305031130.7795944,data\rgbd_dataset_freiburg1_xyz\rgb\1305031104.175424.png,data\rgbd_dataset_freiburg1_xyz\depth\1305031104.163440.png,0.011984109878540039,,1053,0.013175100000808015,0.003649099999165628,0.004891900000075111,0.00854099999924074,0.00714469999911671,0.01568569999835745,0.028860799999165465,161525760
848,1305031130.8154533,data\rgbd_dataset_freiburg1_xyz\rgb\1305031104.211283.png,data\rgbd_dataset_freiburg1_xyz\depth\1305031104.194053.png,0.01723003387451172,,1026,0.013035599999057013,0.003707899999426445,0.00505429999975604,0.008762199999182485,0.007270899999639369,0.016033099998821854,0.029068699997878866,161538048
849,1305031130.8473663,data\rgbd_dataset_freiburg1_xyz\rgb\1305031104.243196.png,data\rgbd_dataset_freiburg1_xyz\depth\1305031104.227247.png,0.015949010848999023,,1104,0.01307220000126108,0.003550100000211387,0.005435799999759183,0.00898589999997057,0.006740900000295369,0.01572680000026594,0.02879900000152702,161546240
850,1305031130.8797164,data\rgbd_dataset_freiburg1_xyz\rgb\1305031104.275546.png,data\rgbd_dataset_freiburg1_xyz\depth\1305031104.263335.png,0.012211084365844727,,1131,0.013690300000234856,0.0037319000002753455,0.0047908000015013386,0.008522700001776684,0.007158899999922141,0.015681600001698826,0.029371900001933682,161017856
851,1305031130.9153893,data\rgbd_dataset_freiburg1_xyz\rgb\1305031104.311219.png,data\rgbd_dataset_freiburg1_xyz\depth\1305031104.294957.png,0.016262054443359375,,1159,0.013191399999413989,0.0036491999999270774,0.004953199999363278,0.008602399999290355,0.007738999998764484,0.01634139999805484,0.029532799997468828,161644544
852,1305031130.9475124,data\rgbd_dataset_freiburg1_xyz\rgb\1305031104.343342.png,data\rgbd_dataset_freiburg1_xyz\depth\1305031104.331403.png,0.011939048767089844,,1205,0.013105500000165193,0.0037081000009493437,0.004898900000625872,0.008607000001575216,0.007416200000079698,0.016023200001654914,0.029128700001820107,161656832
853,1305031130.9800074,data\rgbd_dataset_freiburg1_xyz\rgb\1305031104.375837.png,data\rgbd_dataset_freiburg1_xyz\depth\1305031104.363345.png,0.012492179870605469,,1215,0.013568099999247352,0.0036063000006834045,0.004766500000187079,0.008372800000870484,0.006632599999647937,0.01500540000051842,0.028573499999765772,161665024
854,1305031131.0156794,data\rgbd_dataset_freiburg1_xyz\rgb\1305031104.411509.png,data\rgbd_dataset_freiburg1_xyz\depth\1305031104.395019.png,0.01648998260498047,,1216,0.013479900000675116,0.003690600000481936,0.004756399999678251,0.008447000000160187,0.0074654999989434145,0.015912499999103602,0.029392399999778718,161669120
855,1305031131.0474584,data\rgbd_dataset_freiburg1_xyz\rgb\1305031104.443288.png,data\rgbd_dataset_freiburg1_xyz\depth\1305031104.431435.png,0.01185297966003418,,1255,0.013162799999918207,0.0037117000010766787,0.005308699999659439,0.009020400000736117,0.007267599999977392,0.01628800000071351,0.029450800000631716,161677312
856,1305031131.0796263,data\rgbd_dataset_freiburg1_xyz\rgb\1305031104.475456.png,data\rgbd_dataset_freiburg1_xyz\depth\1305031104.463413.png,0.012042999267578125,,1233,0.013297199999215081,0.0035642000002553686,0.004811000000700005,0.008375200000955374,0.007092900001225644,0.015468100002181018,0.0287653000013961,161681408
857,1305031131.1154993,data\rgbd_dataset_freiburg1_xyz\rgb\1305031104.511329.png,data\rgbd_dataset_freiburg1_xyz\depth\1305031104.495673.png,0.015655994415283203,,1245,0.012870299999121926,0.0035872999997081934,0.004707099998995545,0.008294399998703739,0.006889599999340135,0.015183999998043873,0.0280542999971658,161685504
858,1305031131.1475384,data\rgbd_dataset_freiburg1_xyz\rgb\1305031104.543368.png,data\rgbd_dataset_freiburg1_xyz\depth\1305031104.531450.png,0.011918067932128906,,1315,0.012882400000307825,0.0035971999986941228,0.005614699999568984,0.009211899998263107,0.0076098000008641975,0.016821699999127304,0.02970409999943513,161693696
859,1305031131.1795132,data\rgbd_dataset_freiburg1_xyz\rgb\1305031104.575343.png,data\rgbd_dataset_freiburg1_xyz\depth\1305031104.563149.png,0.012193918228149414,,1399,0.013544800000090618,0.003646699999080738,0.004903700000795652,0.00855039999987639,0.007375600000159466,0.015926000000035856,0.029470800000126474,161693696
860,1305031131.2155063,data\rgbd_dataset_freiburg1_xyz\rgb\1305031104.611336.png,data\rgbd_dataset_freiburg1_xyz\depth\1305031104.595033.png,0.016303062438964844,,1447,0.012990499999432359,0.003732000001036795,0.005365600000004633,0.009097600001041428,0.0076082999985374045,0.016705899999578833,0.02969639999901119,161693696
861,1305031131.2474134,data\rgbd_dataset_freiburg1_xyz\rgb\1305031104.643243.png,data\rgbd_dataset_freiburg1_xyz\depth\1305031104.631368.png,0.011875152587890625,,1565,0.013488100001268322,0.0036163000004307833,0.0055102000005717855,0.009126500001002569,0.00908519999939017,0.01821170000039274,0.03169980000166106,161259520
862,1305031131.2796953,data\rgbd_dataset_freiburg1_xyz\rgb\1305031104.675525.png,data\rgbd_dataset_freiburg1_xyz\depth\1305031104.659863.png,0.015661954879760742,,1622,0.013695199999347096,0.003672199998618453,0.0056386000014754245,0.009310800000093877,0.008388000000195461,0.01769880000028934,0.031393999999636435,161267712
863,1305031131.3154473,data\rgbd_dataset_freiburg1_xyz\rgb\1305031104.711277.png,data\rgbd_dataset_freiburg1_xyz\depth\1305031104.695185.png,0.01609206199645996,,1683,0.013605000000097789,0.003853000000162865,0.005922199999986333,0.009775200000149198,0.008761400000366848,0.018536600000516046,0.032141600000613835,161964032
864,1305031131.3474503,data\rgbd_dataset_freiburg1_xyz\rgb\1305031104.743280.png,data\rgbd_dataset_freiburg1_xyz\depth\1305031104.730936.png,0.012343883514404297,,1781,0.013222100000348291,0.003725099999428494,0.005338799999663024,0.009063899999091518,0.009180299999570707,0.018244199998662225,0.031466299999010516,161492992
865,1305031131.3794973,data\rgbd_dataset_freiburg1_xyz\rgb\1305031104.775327.png,data\rgbd_dataset_freiburg1_xyz\depth\1305031104.763178.png,0.012148857116699219,,1870,0.01341130000037083,0.0037432999997690786,0.0054674000002705725,0.009210700000039651,0.008873599999787984,0.018084299999827635,0.031495600000198465,162131968
866,1305031131.4156353,data\rgbd_dataset_freiburg1_xyz\rgb\1305031104.811465.png,data\rgbd_dataset_freiburg1_xyz\depth\1305031104.799499.png,0.01196599006652832,,1952,0.013274000000819797,0.003733400000783149,0.005615100000795792,0.009348500001578941,0.011953600000197184,0.021302100001776125,0.03457610000259592,162193408
867,1305031131.4474282,data\rgbd_dataset_freiburg1_xyz\rgb\1305031104.843258.png,data\rgbd_dataset_freiburg1_xyz\depth\1305031104.830961.png,0.012296915054321289,,1990,0.013784999999188585,0.0036946000000170898,0.0060737000003427966,0.009768300000359886,0.009114500000578118,0.018882800000938005,0.03266780000012659,161755136
868,1305031131.4795203,data\rgbd_dataset_freiburg1_xyz\rgb\1305031104.875350.png,data\rgbd_dataset_freiburg1_xyz\depth\1305031104.863256.png,0.01209402084350586,,2111,0.013596400000096764,0.003639300000941148,0.005715900000723195,0.009355200001664343,0.010025399998994544,0.019380600000658887,0.03297700000075565,162377728
869,1305031131.5157044,data\rgbd_dataset_freiburg1_xyz\rgb\1305031104.911534.png,data\rgbd_dataset_freiburg1_xyz\depth\1305031104.899165.png,0.012369155883789062,,2097,0.014840300000287243,0.003514400001222384,0.005525499998839223,0.009039900000061607,0.011089400000855676,0.020129300000917283,0.034969600001204526,161853440
870,1305031131.5474324,data\rgbd_dataset_freiburg1_xyz\rgb\1305031104.943262.png,data\rgbd_dataset_freiburg1_xyz\depth\1305031104.931091.png,0.012171030044555664,,2067,0.013743999999860534,0.003461500000412343,0.006071100000553997,0.00953260000096634,0.009064399999260786,0.018597000000227126,0.03234100000008766,162471936
871,1305031131.5793724,data\rgbd_dataset_freiburg1_xyz\rgb\1305031104.975202.png,data\rgbd_dataset_freiburg1_xyz\depth\1305031104.959750.png,0.015452146530151367,,2051,0.013712600000872044,0.0035726999994949438,0.005404500001532142,0.008977200001027086,0.008592799998950795,0.01756999999997788,0.031282600000849925,161898496
872,1305031131.6154604,data\rgbd_dataset_freiburg1_xyz\rgb\1305031105.011290.png,data\rgbd_dataset_freiburg1_xyz\depth\1305031104.998342.png,0.012948036193847656,,2077,0.013925299999755225,0.0037418000010802643,0.006102800000007846,0.00984460000108811,0.008560700000089128,0.01840530000117724,0.03233060000093246,162533376
873,1305031131.6475434,data\rgbd_dataset_freiburg1_xyz\rgb\1305031105.043373.png,data\rgbd_dataset_freiburg1_xyz\depth\1305031105.030427.png,0.012946128845214844,,2053,0.013130000001183362,0.0038834000006318092,0.006231400000615395,0.010114800001247204,0.0093804000007367,0.019495200001983903,0.032625200003167265,162533376
874,1305031131.6794903,data\rgbd_dataset_freiburg1_xyz\rgb\1305031105.075320.png,data\rgbd_dataset_freiburg1_xyz\depth\1305031105.062445.png,0.012875080108642578,,1994,0.013456599999699392,0.003671000000394997,0.005649900000207708,0.009320900000602705,0.009175799999866285,0.01849670000046899,0.03195330000016838,162541568
875,1305031131.7154694,data\rgbd_dataset_freiburg1_xyz\rgb\1305031105.111299.png,data\rgbd_dataset_freiburg1_xyz\depth\1305031105.097639.png,0.013659954071044922,,1953,0.013145299999450799,0.003873399999065441,0.0054139999992912635,0.009287399998356705,0.009363900000607828,0.018651299998964532,0.03179659999841533,162549760
876,1305031131.7472763,data\rgbd_dataset_freiburg1_xyz\rgb\1305031105.143106.png,data\rgbd_dataset_freiburg1_xyz\depth\1305031105.130269.png,0.012836933135986328,,1907,0.013146100000085426,0.003656699998828117,0.005597999999736203,0.00925469999856432,0.008215699999709614,0.017470399998273933,0.03061649999835936,162557952
877,1305031131.7793293,data\rgbd_dataset_freiburg1_xyz\rgb\1305031105.175159.png,data\rgbd_dataset_freiburg1_xyz\depth\1305031105.159979.png,0.015179872512817383,,1816,0.013356800000110525,0.003658400000858819,0.005495299999893177,0.009153700000751996,0.008207700000639306,0.017361400001391303,0.030718200001501828,162570240
878,1305031131.8154383,data\rgbd_dataset_freiburg1_xyz\rgb\1305031105.211268.png,data\rgbd_dataset_freiburg1_xyz\depth\1305031105.198212.png,0.013056039810180664,,1733,0.013256899999760208,0.003720999999131891,0.005354799999622628,0.009075799998754519,0.009561299999404582,0.0186370999981591,0.03189399999791931,162574336
879,1305031131.8474402,data\rgbd_dataset_freiburg1_xyz\rgb\1305031105.243270.png,data\rgbd_dataset_freiburg1_xyz\depth\1305031105.228250.png,0.015019893646240234,,1631,0.013381500000832602,0.003698300000905874,0.004874300000665244,0.008572600001571118,0.008549700000003213,0.01712230000157433,0.030503800002406933,161984512
880,1305031131.8794584,data\rgbd_dataset_freiburg1_xyz\rgb\1305031105.275288.png,data\rgbd_dataset_freiburg1_xyz\depth\1305031105.262389.png,0.012899160385131836,,1578,0.013973500001156935,0.003910299999915878,0.005374700000174926,0.009285000000090804,0.013281800000186195,0.022566800000277,0.036540300001433934,162607104
881,1305031131.9154603,data\rgbd_dataset_freiburg1_xyz\rgb\1305031105.311290.png,data\rgbd_dataset_freiburg1_xyz\depth\1305031105.298501.png,0.012789011001586914,,1484,0.013359900000068592,0.003897000000506523,0.004823000001124456,0.008720000001630979,0.008344100000613253,0.01706410000224423,0.030424000002312823,162607104
882,1305031131.9474723,data\rgbd_dataset_freiburg1_xyz\rgb\1305031105.343302.png,data\rgbd_dataset_freiburg1_xyz\depth\1305031105.328878.png,0.01442408561706543,,1403,0.013570200000685873,0.0038198000002012122,0.005744099998992169,0.009563899999193382,0.008088199998383061,0.017652099997576443,0.031222299998262315,162615296
883,1305031131.9795084,data\rgbd_dataset_freiburg1_xyz\rgb\1305031105.375338.png,data\rgbd_dataset_freiburg1_xyz\depth\1305031105.362286.png,0.013051986694335938,,1277,0.013234900001407368,0.003603500001190696,0.005299599999489146,0.008903100000679842,0.00803730000006908,0.016940400000748923,0.03017530000215629,162623488
884,1305031132.0154564,data\rgbd_dataset_freiburg1_xyz\rgb\1305031105.411286.png,data\rgbd_dataset_freiburg1_xyz\depth\1305031105.398191.png,0.01309514045715332,,1246,0.013319099998625461,0.0039109999997890554,0.005456200000480749,0.009367200000269804,0.007350299998506671,0.016717499998776475,0.030036599997401936,162627584
885,1305031132.0474863,data\rgbd_dataset_freiburg1_xyz\rgb\1305031105.443316.png,data\rgbd_dataset_freiburg1_xyz\depth\1305031105.430336.png,0.012979984283447266,,1202,0.01319580000017595,0.0036467000008997275,0.0048373999998148065,0.008484100000714534,0.007541799999671639,0.016025900000386173,0.029221700000562123,162639872
886,1305031132.0794504,data\rgbd_dataset_freiburg1_xyz\rgb\1305031105.475280.png,data\rgbd_dataset_freiburg1_xyz\depth\1305031105.461421.png,0.013859033584594727,,1143,0.013224000000263914,0.003694700000778539,0.004864499998802785,0.008559199999581324,0.007321000000956701,0.015880200000538025,0.02910420000080194,162639872
887,1305031132.1155024,data\rgbd_dataset_freiburg1_xyz\rgb\1305031105.511332.png,data\rgbd_dataset_freiburg1_xyz\depth\1305031105.497931.png,0.013401031494140625,,1111,0.01322470000013709,0.0035432999993645353,0.005020599999625119,0.008563899998989655,0.007151600000725011,0.015715499999714666,0.028940199999851757,162643968
888,1305031132.1474524,data\rgbd_dataset_freiburg1_xyz\rgb\1305031105.543282.png,data\rgbd_dataset_freiburg1_xyz\depth\1305031105.529583.png,0.013699054718017578,,1047,0.013308600000527804,0.0035238000000390457,0.005321900000126334,0.00884570000016538,0.006991800000832882,0.01583750000099826,0.029146100001526065,162660352
889,1305031132.1796193,data\rgbd_dataset_freiburg1_xyz\rgb\1305031105.575449.png,data\rgbd_dataset_freiburg1_xyz\depth\1305031105.562109.png,0.013339996337890625,,1003,0.013737100000071223,0.0036170000003039604,0.005531200000405079,0.00914820000070904,0.0072571000000607455,0.016405300000769785,0.030142400000841008,162664448
890,1305031132.2155483,data\rgbd_dataset_freiburg1_xyz\rgb\1305031105.611378.png,data\rgbd_dataset_freiburg1_xyz\depth\1305031105.597193.png,0.014184951782226562,,982,0.012942499999553547,0.0036682999998447485,0.004994900000383495,0.008663200000228244,0.0075009000011050375,0.01616410000133328,0.02910660000088683,162668544
891,1305031132.2474434,data\rgbd_dataset_freiburg1_xyz\rgb\1305031105.643273.png,data\rgbd_dataset_freiburg1_xyz\depth\1305031105.659104.png,0.01583099365234375,,918,0.013066899999103043,0.0038801999999122927,0.005533100000320701,0.009413300000232994,0.006762200000594021,0.016175500000827014,0.029242399999930058,162668544
892,1305031132.3154793,data\rgbd_dataset_freiburg1_xyz\rgb\1305031105.711309.png,data\rgbd_dataset_freiburg1_xyz\depth\1305031105.698235.png,0.013073921203613281,,909,0.013004399999772431,0.0036908999991283054,0.005033099998399848,0.008723999997528153,0.00968990000001213,0.018413899997540284,0.031418299997312715,162676736
893,1305031132.3474822,data\rgbd_dataset_freiburg1_xyz\rgb\1305031105.743312.png,data\rgbd_dataset_freiburg1_xyz\depth\1305031105.730336.png,0.012975931167602539,,908,0.013239899999462068,0.003747500000827131,0.005096499999126536,0.008843999999953667,0.0062385000001086155,0.015082500000062282,0.02832239999952435,162680832
894,1305031132.3795092,data\rgbd_dataset_freiburg1_xyz\rgb\1305031105.775339.png,data\rgbd_dataset_freiburg1_xyz\depth\1305031105.762384.png,0.012954950332641602,,892,0.012781899999026791,0.0035855000005540205,0.004827400000067428,0.008412900000621448,0.00659799999993993,0.015010900000561378,0.02779279999958817,162684928
895,1305031132.4154534,data\rgbd_dataset_freiburg1_xyz\rgb\1305031105.811283.png,data\rgbd_dataset_freiburg1_xyz\depth\1305031105.798056.png,0.013227224349975586,,848,0.01289109999925131,0.003811800001130905,0.00459699999919394,0.008408800000324845,0.006896999999298714,0.01530579999962356,0.02819689999887487,162689024
896,1305031132.4474413,data\rgbd_dataset_freiburg1_xyz\rgb\1305031105.843271.png,data\rgbd_dataset_freiburg1_xyz\depth\1305031105.830008.png,0.01326298713684082,,797,0.01276010000037786,0.0035497999997460283,0.005117300001074909,0.008667100000820938,0.006817699999373872,0.01548480000019481,0.02824490000057267,162697216
897,1305031132.4795072,data\rgbd_dataset_freiburg1_xyz\rgb\1305031105.875337.png,data\rgbd_dataset_freiburg1_xyz\depth\1305031105.862238.png,0.013098955154418945,,809,0.015285299999959534,0.004406699999890407,0.004951000000801287,0.009357700000691693,0.006280099998548394,0.015637799999240087,0.03092309999919962,162701312
898,1305031132.5154324,data\rgbd_dataset_freiburg1_xyz\rgb\1305031105.911262.png,data\rgbd_dataset_freiburg1_xyz\depth\1305031105.898018.png,0.013244152069091797,,809,0.013058200000159559,0.003598299999794108,0.004425700000865618,0.008024000000659726,0.006674899999779882,0.014698900000439608,0.027757100000599166,162705408
899,1305031132.5474424,data\rgbd_dataset_freiburg1_xyz\rgb\1305031105.943272.png,data\rgbd_dataset_freiburg1_xyz\depth\1305031105.929855.png,0.01341700553894043,,760,0.013084199999866541,0.003724099999089958,0.004726699999082484,0.008450799998172442,0.00644789999932982,0.014898699997502263,0.027982899997368804,162717696
900,1305031132.5794992,data\rgbd_dataset_freiburg1_xyz\rgb\1305031105.975329.png,data\rgbd_dataset_freiburg1_xyz\depth\1305031105.966193.png,0.009135961532592773,,760,0.012949699999808217,0.0036319000009825686,0.00516559999960009,0.008797500000582659,0.0089908000009018,0.01778830000148446,0.030738000001292676,162717696
901,1305031132.6154554,data\rgbd_dataset_freiburg1_xyz\rgb\1305031106.011285.png,data\rgbd_dataset_freiburg1_xyz\depth\1305031105.998271.png,0.013014078140258789,,695,0.013243700001112302,0.0037188999995123595,0.004746599999634782,0.008465499999147141,0.008639600000606151,0.017105099999753293,0.030348800000865594,162729984
902,1305031132.6475253,data\rgbd_dataset_freiburg1_xyz\rgb\1305031106.043355.png,data\rgbd_dataset_freiburg1_xyz\depth\1305031106.030147.png,0.01320791244506836,,661,0.012962599999809754,0.0034993000008398667,0.0048973000011756085,0.008396600002015475,0.008955700001024525,0.01735230000304,0.030314900002849754,159354880
903,1305031132.6795003,data\rgbd_dataset_freiburg1_xyz\rgb\1305031106.075330.png,data\rgbd_dataset_freiburg1_xyz\depth\1305031106.066060.png,0.009269952774047852,,620,0.014031400000021677,0.00363649999962945,0.004574100001264014,0.008210600000893464,0.005731199998990633,0.013941799999884097,0.027973199999905773,162119680
904,1305031132.7154973,data\rgbd_dataset_freiburg1_xyz\rgb\1305031106.111327.png,data\rgbd_dataset_freiburg1_xyz\depth\1305031106.096295.png,0.015031814575195312,,573,0.013124699999025324,0.0036503999999695225,0.004062500000145519,0.007712900000115042,0.005800600001748535,0.013513500001863576,0.0266382000008889,162177024
905,1305031132.7475252,data\rgbd_dataset_freiburg1_xyz\rgb\1305031106.143355.png,data\rgbd_dataset_freiburg1_xyz\depth\1305031106.130445.png,0.012909889221191406,,569,0.013155000000551809,0.0036886999987473246,0.004530999998678453,0.008219699997425778,0.005911199999900418,0.014130899997326196,0.027285899997878005,162181120
906,1305031132.7797043,data\rgbd_dataset_freiburg1_xyz\rgb\1305031106.175534.png,data\rgbd_dataset_freiburg1_xyz\depth\1305031106.166330.png,0.009203910827636719,,557,0.013207699999838951,0.0035095000002911547,0.0048064000002341345,0.00831590000052529,0.0060444000009738375,0.014360300001499127,0.027568000001338078,162201600
907,1305031132.8154454,data\rgbd_dataset_freiburg1_xyz\rgb\1305031106.211275.png,data\rgbd_dataset_freiburg1_xyz\depth\1305031106.195074.png,0.016201019287109375,,542,0.012950899999850662,0.003711999999723048,0.004471899999771267,0.008183899999494315,0.0058653000014601275,0.014049200000954443,0.027000100000805105,162369536
908,1305031132.8474374,data\rgbd_dataset_freiburg1_xyz\rgb\1305031106.243267.png,data\rgbd_dataset_freiburg1_xyz\depth\1305031106.230058.png,0.013209104537963867,,519,0.013032099999691127,0.0034599999999045394,0.004577399999107001,0.00803739999901154,0.005758100000093691,0.013795499999105232,0.02682759999879636,162435072
909,1305031132.8805554,data\rgbd_dataset_freiburg1_xyz\rgb\1305031106.276385.png,data\rgbd_dataset_freiburg1_xyz\depth\1305031106.265976.png,0.010409116744995117,,493,0.01307719999931578,0.0036008000006404473,0.00441550000141433,0.008016300002054777,0.005752600000050734,0.01376890000210551,0.02684610000142129,162439168
910,1305031132.9154084,data\rgbd_dataset_freiburg1_xyz\rgb\1305031106.311238.png,data\rgbd_dataset_freiburg1_xyz\depth\1305031106.298174.png,0.013064146041870117,,498,0.013003899999603163,0.0035485999997035833,0.004263999999238877,0.00781259999894246,0.008160300001691212,0.015972900000633672,0.028976800000236835,162451456
911,1305031132.9474282,data\rgbd_dataset_freiburg1_xyz\rgb\1305031106.343258.png,data\rgbd_dataset_freiburg1_xyz\depth\1305031106.330215.png,0.013042926788330078,,495,0.012863800000559422,0.0036767000001418637,0.004966499998772633,0.008643199998914497,0.005432500000097207,0.014075699999011704,0.026939499999571126,159354880
912,1305031132.9795582,data\rgbd_dataset_freiburg1_xyz\rgb\1305031106.375388.png,data\rgbd_dataset_freiburg1_xyz\depth\1305031106.366158.png,0.009229898452758789,,494,0.013526200000342214,0.00377689999913855,0.00419780000083847,0.00797469999997702,0.005379899999752524,0.013354599999729544,0.02688080000007176,162103296
913,1305031133.0154903,data\rgbd_dataset_freiburg1_xyz\rgb\1305031106.411320.png,data\rgbd_dataset_freiburg1_xyz\depth\1305031106.398281.png,0.013038873672485352,,470,0.013524600000891951,0.003570300001229043,0.00502520000009099,0.008595500001320033,0.006173800000397023,0.014769300001717056,0.028293900002609007,162119680
914,1305031133.0474484,data\rgbd_dataset_freiburg1_xyz\rgb\1305031106.443278.png,data\rgbd_dataset_freiburg1_xyz\depth\1305031106.430639.png,0.012639045715332031,,434,0.013141600000381004,0.0036104999999224674,0.0050734000014927005,0.008683900001415168,0.0064598999997542705,0.015143800001169438,0.028285400001550443,162168832
915,1305031133.0795152,data\rgbd_dataset_freiburg1_xyz\rgb\1305031106.475345.png,data\rgbd_dataset_freiburg1_xyz\depth\1305031106.466046.png,0.00929880142211914,,413,0.013211599998612655,0.003651299999546609,0.004354699998657452,0.00800599999820406,0.005581499999607331,0.013587499997811392,0.026799099996424047,162205696
916,1305031133.1152992,data\rgbd_dataset_freiburg1_xyz\rgb\1305031106.511129.png,data\rgbd_dataset_freiburg1_xyz\depth\1305031106.498096.png,0.013032913208007812,,425,0.01282589999937045,0.003533699999024975,0.004680799998823204,0.00821449999784818,0.005836700000145356,0.014051199997993535,0.026877099997363985,162205696
917,1305031133.1474724,data\rgbd_dataset_freiburg1_xyz\rgb\1305031106.543302.png,data\rgbd_dataset_freiburg1_xyz\depth\1305031106.528267.png,0.015035152435302734,,452,0.012700600000243867,0.003510900000037509,0.004866899998887675,0.008377799998925184,0.005706100000679726,0.01408389999960491,0.026784499999848776,162209792
918,1305031133.1794524,data\rgbd_dataset_freiburg1_xyz\rgb\1305031106.575282.png,data\rgbd_dataset_freiburg1_xyz\depth\1305031106.564414.png,0.010868072509765625,,471,0.0127941999999166,0.0035429999988991767,0.004675399999541696,0.008218399998440873,0.0052907999997842126,0.013509199998225085,0.026303399998141686,162217984
919,1305031133.2153213,data\rgbd_dataset_freiburg1_xyz\rgb\1305031106.611151.png,data\rgbd_dataset_freiburg1_xyz\depth\1305031106.597879.png,0.01327204704284668,,467,0.012832099999286584,0.0037145999995118473,0.004646899998988374,0.008361499998500221,0.006278199998632772,0.014639699997132993,0.027471799996419577,162226176
920,1305031133.2473774,data\rgbd_dataset_freiburg1_xyz\rgb\1305031106.643207.png,data\rgbd_dataset_freiburg1_xyz\depth\1305031106.630776.png,0.012431144714355469,,514,0.0128497999994579,0.0035540000008040806,0.004639099999621976,0.008193100000426057,0.006664900000032503,0.01485800000045856,0.02770779999991646,162238464
921,1305031133.2794492,data\rgbd_dataset_freiburg1_xyz\rgb\1305031106.675279.png,data\rgbd_dataset_freiburg1_xyz\depth\1305031106.667282.png,0.007996797561645508,,525,0.0136555999997654,0.0036392000001796987,0.004527399998551118,0.008166599998730817,0.006483799999841722,0.014650399998572539,0.02830599999833794,162271232
922,1305031133.3156784,data\rgbd_dataset_freiburg1_xyz\rgb\1305031106.711508.png,data\rgbd_dataset_freiburg1_xyz\depth\1305031106.699110.png,0.012398004531860352,,522,0.012672900000325171,0.003544000001056702,0.004366900000604801,0.007910900001661503,0.006041999999069958,0.01395290000073146,0.026625800001056632,162279424
923,1305031133.3475113,data\rgbd_dataset_freiburg1_xyz\rgb\1305031106.743341.png,data\rgbd_dataset_freiburg1_xyz\depth\1305031106.729550.png,0.013791084289550781,,562,0.012771899999279412,0.0037075000000186265,0.00513900000078138,0.008846500000800006,0.006362599999192753,0.015209099999992759,0.02798099999927217,162279424
924,1305031133.3795602,data\rgbd_dataset_freiburg1_xyz\rgb\1305031106.775390.png,data\rgbd_dataset_freiburg1_xyz\depth\1305031106.767126.png,0.008263826370239258,,588,0.013456200000291574,0.0037759999995614635,0.005126100000779843,0.008902100000341306,0.008117999999740277,0.017020100000081584,0.030476300000373158,162312192
925,1305031133.4154594,data\rgbd_dataset_freiburg1_xyz\rgb\1305031106.811289.png,data\rgbd_dataset_freiburg1_xyz\depth\1305031106.798309.png,0.012979984283447266,,623,0.012967399999979534,0.0036264999998820713,0.00440349999917089,0.008029999999052961,0.006611900000280002,0.014641899999332963,0.027609299999312498,162349056
926,1305031133.4475863,data\rgbd_dataset_freiburg1_xyz\rgb\1305031106.843416.png,data\rgbd_dataset_freiburg1_xyz\depth\1305031106.830652.png,0.01276397705078125,,640,0.013044799999988754,0.0037444999998115236,0.0043440000008558854,0.008088500000667409,0.006164200000057463,0.014252700000724872,0.027297500000713626,162361344
927,1305031133.4800754,data\rgbd_dataset_freiburg1_xyz\rgb\1305031106.875905.png,data\rgbd_dataset_freiburg1_xyz\depth\1305031106.866893.png,0.009011983871459961,,641,0.012993399999686517,0.0036844999995082617,0.0045487000006687595,0.008233200000177021,0.005810900000142283,0.014044100000319304,0.02703750000000582,162361344
928,1305031133.5154133,data\rgbd_dataset_freiburg1_xyz\rgb\1305031106.911243.png,data\rgbd_dataset_freiburg1_xyz\depth\1305031106.897828.png,0.013414859771728516,,700,0.013342100000954815,0.003924200000255951,0.004794399999809684,0.008718600000065635,0.006438800000978517,0.015157400001044152,0.028499500001998967,162373632
929,1305031133.5476093,data\rgbd_dataset_freiburg1_xyz\rgb\1305031106.943439.png,data\rgbd_dataset_freiburg1_xyz\depth\1305031106.930797.png,0.01264190673828125,,687,0.01433299999916926,0.0035946999996667728,0.004833099999814294,0.008427799999481067,0.006711899999572779,0.015139699999053846,0.029472699998223106,162394112
930,1305031133.5797174,data\rgbd_dataset_freiburg1_xyz\rgb\1305031106.975547.png,data\rgbd_dataset_freiburg1_xyz\depth\1305031106.967232.png,0.008315086364746094,,721,0.012654199999815319,0.0037711000004492234,0.005204500001127599,0.008975600001576822,0.009020499999678577,0.0179961000012554,0.03065030000107072,162410496
931,1305031133.6157463,data\rgbd_dataset_freiburg1_xyz\rgb\1305031107.011576.png,data\rgbd_dataset_freiburg1_xyz\depth\1305031106.998876.png,0.01269984245300293,,782,0.01357570000072883,0.0036460999999690102,0.004815099999177619,0.008461199999146629,0.006437699999878532,0.014898899999025161,0.02847459999975399,162414592
932,1305031133.6474514,data\rgbd_dataset_freiburg1_xyz\rgb\1305031107.043281.png,data\rgbd_dataset_freiburg1_xyz\depth\1305031107.030348.png,0.012933015823364258,,796,0.013139400000000023,0.003692300000693649,0.004627999998774612,0.008320299999468261,0.0067245999998704065,0.015044899999338668,0.02818429999933869,162426880
933,1305031133.6796024,data\rgbd_dataset_freiburg1_xyz\rgb\1305031107.075432.png,data\rgbd_dataset_freiburg1_xyz\depth\1305031107.066405.png,0.00902700424194336,,834,0.013240800000858144,0.0038997000010567717,0.00491630000033183,0.008816000001388602,0.00623999999879743,0.015056000000186032,0.028296800001044176,162430976
934,1305031133.7153993,data\rgbd_dataset_freiburg1_xyz\rgb\1305031107.111229.png,data\rgbd_dataset_freiburg1_xyz\depth\1305031107.098268.png,0.01296091079711914,,859,0.01291270000001532,0.003635700000813813,0.0053650999998353655,0.009000800000649178,0.00642619999962335,0.015427000000272528,0.02833970000028785,162439168
935,1305031133.7474303,data\rgbd_dataset_freiburg1_xyz\rgb\1305031107.143260.png,data\rgbd_dataset_freiburg1_xyz\depth\1305031107.130308.png,0.012952089309692383,,892,0.013177599999835365,0.003708800000822521,0.005162899999049841,0.008871699999872362,0.006783199998608325,0.015654899998480687,0.028832499998316052,162447360
936,1305031133.7795694,data\rgbd_dataset_freiburg1_xyz\rgb\1305031107.175399.png,data\rgbd_dataset_freiburg1_xyz\depth\1305031107.165964.png,0.009435176849365234,,955,0.012793099998816615,0.003408099999433034,0.004647499999919091,0.008055599999352125,0.0071226000000024214,0.015178199999354547,0.027971299998171162,162598912
937,1305031133.8155284,data\rgbd_dataset_freiburg1_xyz\rgb\1305031107.211358.png,data\rgbd_dataset_freiburg1_xyz\depth\1305031107.198208.png,0.01314997673034668,,912,0.01317870000093535,0.003595800000766758,0.004966899999999441,0.008562700000766199,0.00676480000038282,0.01532750000114902,0.02850620000208437,162607104
938,1305031133.8475482,data\rgbd_dataset_freiburg1_xyz\rgb\1305031107.243378.png,data\rgbd_dataset_freiburg1_xyz\depth\1305031107.235026.png,0.008352041244506836,,1019,0.013588800000434276,0.0036925000003975583,0.005372300000090036,0.009064800000487594,0.007993600000190781,0.017058400000678375,0.03064720000111265,162615296
939,1305031133.8795683,data\rgbd_dataset_freiburg1_xyz\rgb\1305031107.275398.png,data\rgbd_dataset_freiburg1_xyz\depth\1305031107.267071.png,0.008327007293701172,,1041,0.013094099998852471,0.003700799999933224,0.005176399999982095,0.00887719999991532,0.007019399999990128,0.015896599999905447,0.02899069999875792,162619392
940,1305031133.9153962,data\rgbd_dataset_freiburg1_xyz\rgb\1305031107.311226.png,data\rgbd_dataset_freiburg1_xyz\depth\1305031107.299273.png,0.011952877044677734,,1160,0.013370700000450597,0.0036729000003106194,0.004412300000694813,0.008085200001005433,0.007895799999459996,0.01598100000046543,0.029351700000916026,162619392
941,1305031133.9476793,data\rgbd_dataset_freiburg1_xyz\rgb\1305031107.343509.png,data\rgbd_dataset_freiburg1_xyz\depth\1305031107.334800.png,0.008708953857421875,,1135,0.013218800000686315,0.0037669000012101606,0.005087899999125511,0.008854800000335672,0.006853400000181864,0.015708200000517536,0.02892700000120385,162619392
942,1305031133.9795833,data\rgbd_dataset_freiburg1_xyz\rgb\1305031107.375413.png,data\rgbd_dataset_freiburg1_xyz\depth\1305031107.367183.png,0.008229970932006836,,1229,0.013109800000165706,0.0038473999993584584,0.004932900001222151,0.00878030000058061,0.007030299999314593,0.015810599999895203,0.02892040000006091,162627584
943,1305031134.0154414,data\rgbd_dataset_freiburg1_xyz\rgb\1305031107.411271.png,data\rgbd_dataset_freiburg1_xyz\depth\1305031107.399345.png,0.01192617416381836,,1302,0.012553300000945455,0.00348419999863836,0.004661900000428432,0.008146099999066791,0.007598500000312924,0.015744599999379716,0.02829790000032517,162652160
944,1305031134.0475893,data\rgbd_dataset_freiburg1_xyz\rgb\1305031107.443419.png,data\rgbd_dataset_freiburg1_xyz\depth\1305031107.434926.png,0.00849294662475586,,1387,0.013513699999748496,0.0038205000000743894,0.004966000000422355,0.008786500000496744,0.007465799999408773,0.016252299999905517,0.029765999999654014,162725888
945,1305031134.0795474,data\rgbd_dataset_freiburg1_xyz\rgb\1305031107.475377.png,data\rgbd_dataset_freiburg1_xyz\depth\1305031107.467141.png,0.008236169815063477,,1425,0.013298500000018976,0.0035979999993287493,0.005721399998947163,0.009319399998275912,0.007901200000560493,0.017220599998836406,0.03051909999885538,162738176
946,1305031134.1155224,data\rgbd_dataset_freiburg1_xyz\rgb\1305031107.511352.png,data\rgbd_dataset_freiburg1_xyz\depth\1305031107.498426.png,0.012926101684570312,,1433,0.0138758000011876,0.0038112999991426477,0.005075400000350783,0.00888669999949343,0.011564500000531552,0.020451200000024983,0.03432700000121258,162324480
947,1305031134.1477754,data\rgbd_dataset_freiburg1_xyz\rgb\1305031107.543605.png,data\rgbd_dataset_freiburg1_xyz\depth\1305031107.534830.png,0.008774995803833008,,1422,0.01380799999969895,0.003609699999287841,0.005282699999952456,0.008892399999240297,0.007900200000221957,0.016792599999462254,0.030600599999161204,162971648
948,1305031134.1796243,data\rgbd_dataset_freiburg1_xyz\rgb\1305031107.575454.png,data\rgbd_dataset_freiburg1_xyz\depth\1305031107.567015.png,0.008439064025878906,,1389,0.01351029999932507,0.0035760999999183696,0.005230700000538491,0.00880680000045686,0.007517100000768551,0.01632390000122541,0.02983420000055048,162979840
949,1305031134.2154412,data\rgbd_dataset_freiburg1_xyz\rgb\1305031107.611271.png,data\rgbd_dataset_freiburg1_xyz\depth\1305031107.598904.png,0.012367010116577148,,1379,0.013560699999288772,0.003940399999919464,0.0052949000000808155,0.00923530000000028,0.007829700000002049,0.01706500000000233,0.0306256999992911,162463744
950,1305031134.2474933,data\rgbd_dataset_freiburg1_xyz\rgb\1305031107.643323.png,data\rgbd_dataset_freiburg1_xyz\depth\1305031107.634944.png,0.008378982543945312,,1379,0.013323200000741053,0.003718099998877733,0.005508099999133265,0.009226199998010998,0.007337000000916305,0.016563199998927303,0.029886399999668356,163090432
951,1305031134.2797384,data\rgbd_dataset_freiburg1_xyz\rgb\1305031107.675568.png,data\rgbd_dataset_freiburg1_xyz\depth\1305031107.667179.png,0.008388996124267578,,1356,0.013096000000587082,0.003691899999466841,0.004941199998938828,0.008633099998405669,0.007178300000305171,0.01581139999871084,0.028907399999297922,163090432
952,1305031134.3154774,data\rgbd_dataset_freiburg1_xyz\rgb\1305031107.711307.png,data\rgbd_dataset_freiburg1_xyz\depth\1305031107.699390.png,0.0119171142578125,,1311,0.013230299999122508,0.003488499998638872,0.005263200000626966,0.008751699999265838,0.00733109999964654,0.016082799998912378,0.029313099998034886,163094528
953,1305031134.3477082,data\rgbd_dataset_freiburg1_xyz\rgb\1305031107.743538.png,data\rgbd_dataset_freiburg1_xyz\depth\1305031107.735041.png,0.008496999740600586,,1291,0.013505000000805012,0.0036424000008992152,0.005041299998993054,0.00868369999989227,0.0071184999997058185,0.015802199999598088,0.0293072000004031,163098624
954,1305031134.3799722,data\rgbd_dataset_freiburg1_xyz\rgb\1305031107.775802.png,data\rgbd_dataset_freiburg1_xyz\depth\1305031107.767895.png,0.007906913757324219,,1305,0.013770199999271426,0.003583599998819409,0.005242499999440042,0.008826099998259451,0.011826600000858889,0.02065269999911834,0.03442289999838977,163102720
955,1305031134.4157662,data\rgbd_dataset_freiburg1_xyz\rgb\1305031107.811596.png,data\rgbd_dataset_freiburg1_xyz\depth\1305031107.799544.png,0.012051820755004883,,1281,0.013574499998867395,0.0035010999999940395,0.0051366999996389495,0.008637799999632989,0.007693200001085643,0.016331000000718632,0.029905499999586027,163110912
956,1305031134.4475024,data\rgbd_dataset_freiburg1_xyz\rgb\1305031107.843332.png,data\rgbd_dataset_freiburg1_xyz\depth\1305031107.835751.png,0.007580995559692383,,1238,0.013334000001123059,0.0035485999997035833,0.004892599999948288,0.008441199999651872,0.006993299999521696,0.015434499999173568,0.028768500000296626,163110912
957,1305031134.4795284,data\rgbd_dataset_freiburg1_xyz\rgb\1305031107.875358.png,data\rgbd_dataset_freiburg1_xyz\depth\1305031107.863505.png,0.011853218078613281,,1226,0.01370409999981348,0.0036681000001408393,0.005043000001023756,0.008711100001164596,0.007477899998775683,0.01618899999994028,0.02989309999975376,163123200
958,1305031134.5157113,data\rgbd_dataset_freiburg1_xyz\rgb\1305031107.911541.png,data\rgbd_dataset_freiburg1_xyz\depth\1305031107.899222.png,0.012319087982177734,,1191,0.013425399998595822,0.003903599999830476,0.0050639000000956,0.008967499999926076,0.006862299998829258,0.015829799998755334,0.029255199997351156,163127296
959,1305031134.5472922,data\rgbd_dataset_freiburg1_xyz\rgb\1305031107.943122.png,data\rgbd_dataset_freiburg1_xyz\depth\1305031107.933609.png,0.009512901306152344,,1201,0.015466900000319583,0.0036283999997976935,0.005534100000659237,0.00916250000045693,0.007262399998580804,0.016424899999037734,0.03189179999935732,163127296
960,1305031134.5799773,data\rgbd_dataset_freiburg1_xyz\rgb\1305031107.975807.png,data\rgbd_dataset_freiburg1_xyz\depth\1305031107.964840.png,0.010967016220092773,,1190,0.013211700001193094,0.003681700000015553,0.004686499998570071,0.008368199998585624,0.007695899999816902,0.016064099998402526,0.02927579999959562,163143680
961,1305031134.6154904,data\rgbd_dataset_freiburg1_xyz\rgb\1305031108.011320.png,data\rgbd_dataset_freiburg1_xyz\depth\1305031107.998469.png,0.01285099983215332,,1250,0.013199299999541836,0.0036659999987023184,0.004917500000374275,0.008583499999076594,0.006846600001154002,0.015430100000230595,0.02862939999977243,163143680
962,1305031134.6475883,data\rgbd_dataset_freiburg1_xyz\rgb\1305031108.043418.png,data\rgbd_dataset_freiburg1_xyz\depth\1305031108.034824.png,0.008594036102294922,,1263,0.013064200000371784,0.003975500001615728,0.004901099999187863,0.008876600000803592,0.007104500000423286,0.015981100001226878,0.029045300001598662,163151872
963,1305031134.6795223,data\rgbd_dataset_freiburg1_xyz\rgb\1305031108.075352.png,data\rgbd_dataset_freiburg1_xyz\depth\1305031108.067271.png,0.00808095932006836,,1274,0.012996100000236765,0.0037301000011211727,0.005047300001024269,0.008777400002145441,0.011062499999752617,0.01983990000189806,0.032836000002134824,163151872
964,1305031134.7155483,data\rgbd_dataset_freiburg1_xyz\rgb\1305031108.111378.png,data\rgbd_dataset_freiburg1_xyz\depth\1305031108.099365.png,0.012012958526611328,,1234,0.013168099998438265,0.0036949999994249083,0.00510020000001532,0.008795199999440229,0.008323899999595596,0.017119099999035825,0.03028719999747409,163160064
965,1305031134.7475042,data\rgbd_dataset_freiburg1_xyz\rgb\1305031108.143334.png,data\rgbd_dataset_freiburg1_xyz\depth\1305031108.135281.png,0.008052825927734375,,1252,0.013198000000556931,0.0038050000002840534,0.005241299999397597,0.00904629999968165,0.007636199999978999,0.01668249999966065,0.02988050000021758,163164160
966,1305031134.7802284,data\rgbd_dataset_freiburg1_xyz\rgb\1305031108.176058.png,data\rgbd_dataset_freiburg1_xyz\depth\1305031108.167357.png,0.008701086044311523,,1263,0.013100699999995413,0.003726200000528479,0.005738599998949212,0.009464799999477691,0.007460499999069725,0.016925299998547416,0.03002599999854283,163168256
967,1305031134.8156452,data\rgbd_dataset_freiburg1_xyz\rgb\1305031108.211475.png,data\rgbd_dataset_freiburg1_xyz\depth\1305031108.199225.png,0.012249946594238281,,1226,0.013187300000936375,0.003862999999910244,0.005561300000408664,0.009424300000318908,0.008727500000532018,0.018151800000850926,0.0313391000017873,163172352
968,1305031134.8475173,data\rgbd_dataset_freiburg1_xyz\rgb\1305031108.243347.png,data\rgbd_dataset_freiburg1_xyz\depth\1305031108.235213.png,0.008133888244628906,,1170,0.016044699999838485,0.004941200000757817,0.005021199998736847,0.009962399999494664,0.010977400001138449,0.020939800000633113,0.0369845000004716,163176448
969,1305031134.8795283,data\rgbd_dataset_freiburg1_xyz\rgb\1305031108.275358.png,data\rgbd_dataset_freiburg1_xyz\depth\1305031108.267660.png,0.00769805908203125,,1172,0.013381199998548254,0.0038263000005827053,0.005428300000858144,0.00925460000144085,0.007905700000264915,0.017160300001705764,0.030541500000254018,163184640
970,1305031134.9155023,data\rgbd_dataset_freiburg1_xyz\rgb\1305031108.311332.png,data\rgbd_dataset_freiburg1_xyz\depth\1305031108.299547.png,0.011785030364990234,,1144,0.01315259999864793,0.0036428999992494937,0.004743899999084533,0.008386799998334027,0.007234999999127467,0.015621799997461494,0.028774399996109423,163188736
971,1305031134.9474483,data\rgbd_dataset_freiburg1_xyz\rgb\1305031108.343278.png,data\rgbd_dataset_freiburg1_xyz\depth\1305031108.335019.png,0.008258819580078125,,1094,0.013509700000213343,0.003787900001043454,0.004878799998550676,0.00866669999959413,0.007687899998927605,0.016354599998521735,0.029864299998735078,163192832
972,1305031134.9795804,data\rgbd_dataset_freiburg1_xyz\rgb\1305031108.375410.png,data\rgbd_dataset_freiburg1_xyz\depth\1305031108.367285.png,0.008125066757202148,,1061,0.015836700000363635,0.004820999998628395,0.005470799998875009,0.010291799997503404,0.007123699999283417,0.01741549999678682,0.033252199997150456,163205120
973,1305031135.0155313,data\rgbd_dataset_freiburg1_xyz\rgb\1305031108.411361.png,data\rgbd_dataset_freiburg1_xyz\depth\1305031108.399284.png,0.012077093124389648,,1003,0.012772800000675488,0.0038466999994852813,0.004729000000224914,0.008575699999710196,0.007768699999360251,0.016344399999070447,0.029117199999745935,163209216
974,1305031135.0477803,data\rgbd_dataset_freiburg1_xyz\rgb\1305031108.443610.png,data\rgbd_dataset_freiburg1_xyz\depth\1305031108.435023.png,0.008586883544921875,,985,0.013923299999078154,0.004043999999339576,0.005252299999483512,0.009296299998823088,0.0072873000008257804,0.016583599999648868,0.030506899998727022,163225600
975,1305031135.0796413,data\rgbd_dataset_freiburg1_xyz\rgb\1305031108.475471.png,data\rgbd_dataset_freiburg1_xyz\depth\1305031108.467680.png,0.007791042327880859,,954,0.013911399999415153,0.003874300000461517,0.004940900000292459,0.008815200000753975,0.006584900000234484,0.01540010000098846,0.029311500000403612,162746368
976,1305031135.1155484,data\rgbd_dataset_freiburg1_xyz\rgb\1305031108.511378.png,data\rgbd_dataset_freiburg1_xyz\depth\1305031108.503548.png,0.007830142974853516,,956,0.01294159999997646,0.004069000000527012,0.0050824999998440035,0.009151500000371016,0.007623400000738911,0.016774900001109927,0.029716500001086388,163364864
977,1305031135.1479073,data\rgbd_dataset_freiburg1_xyz\rgb\1305031108.543737.png,data\rgbd_dataset_freiburg1_xyz\depth\1305031108.534811.png,0.008925914764404297,,933,0.013844799999787938,0.0038669999994453974,0.005467000000862754,0.009334000000308151,0.0074356999994051876,0.01676969999971334,0.030614499999501277,163364864
978,1305031135.1795843,data\rgbd_dataset_freiburg1_xyz\rgb\1305031108.575414.png,data\rgbd_dataset_freiburg1_xyz\depth\1305031108.567154.png,0.008260011672973633,,961,0.012706499999694643,0.003763700000490644,0.004555499999696622,0.008319200000187266,0.0069929000001138775,0.015312100000301143,0.028018599999995786,163373056
979,1305031135.2155774,data\rgbd_dataset_freiburg1_xyz\rgb\1305031108.611407.png,data\rgbd_dataset_freiburg1_xyz\depth\1305031108.603547.png,0.007859945297241211,,919,0.012817799999538693,0.004019199999675038,0.004585100001349929,0.008604300001024967,0.0074426000010134885,0.016046900002038456,0.028864700001577148,163373056
980,1305031135.2474732,data\rgbd_dataset_freiburg1_xyz\rgb\1305031108.643303.png,data\rgbd_dataset_freiburg1_xyz\depth\1305031108.634212.png,0.009090900421142578,,903,0.012674600000536884,0.0040091999999276595,0.004880700000285287,0.008889900000212947,0.0074136999992333585,0.016303599999446305,0.02897819999998319,163377152
981,1305031135.2795453,data\rgbd_dataset_freiburg1_xyz\rgb\1305031108.675375.png,data\rgbd_dataset_freiburg1_xyz\depth\1305031108.667189.png,0.008186101913452148,,869,0.0136144999996759,0.0038074999993114034,0.005046300000685733,0.008853799999997136,0.007035699998596101,0.015889499998593237,0.029503999998269137,163381248
982,1305031135.3155813,data\rgbd_dataset_freiburg1_xyz\rgb\1305031108.711411.png,data\rgbd_dataset_freiburg1_xyz\depth\1305031108.703346.png,0.008064985275268555,,853,0.012981100000615697,0.0037955000007059425,0.004457400000319467,0.00825290000102541,0.006364899998516194,0.014617799999541603,0.0275989000001573,163393536
983,1305031135.3476722,data\rgbd_dataset_freiburg1_xyz\rgb\1305031108.743502.png,data\rgbd_dataset_freiburg1_xyz\depth\1305031108.735052.png,0.008449792861938477,,819,0.013041999998677056,0.003936299999622861,0.004868199999691569,0.00880449999931443,0.006732399999236804,0.015536899998551235,0.02857889999722829,163401728
984,1305031135.3796632,data\rgbd_dataset_freiburg1_xyz\rgb\1305031108.775493.png,data\rgbd_dataset_freiburg1_xyz\depth\1305031108.767031.png,0.008461952209472656,,815,0.012969899999006884,0.00384940000003553,0.004777000000103726,0.008626400000139256,0.006568700000570971,0.015195100000710227,0.02816499999971711,163405824
985,1305031135.4154143,data\rgbd_dataset_freiburg1_xyz\rgb\1305031108.811244.png,data\rgbd_dataset_freiburg1_xyz\depth\1305031108.803370.png,0.007874011993408203,,824,0.01331439999921713,0.003954499999963446,0.004967500000930158,0.008922000000893604,0.006788400000004913,0.015710400000898517,0.029024800000115647,163418112
986,1305031135.4474344,data\rgbd_dataset_freiburg1_xyz\rgb\1305031108.843264.png,data\rgbd_dataset_freiburg1_xyz\depth\1305031108.835163.png,0.00810098648071289,,800,0.013308400000823895,0.003898999999364605,0.004462599999897066,0.00836159999926167,0.006865299999844865,0.015226899999106536,0.02853529999993043,163426304
987,1305031135.4806852,data\rgbd_dataset_freiburg1_xyz\rgb\1305031108.876515.png,data\rgbd_dataset_freiburg1_xyz\depth\1305031108.867534.png,0.008980989456176758,,789,0.013157400000636699,0.004080200000316836,0.004625700001270161,0.008705900001586997,0.006569700000909506,0.015275600002496503,0.028433000003133202,159993856
988,1305031135.5155344,data\rgbd_dataset_freiburg1_xyz\rgb\1305031108.911364.png,data\rgbd_dataset_freiburg1_xyz\depth\1305031108.903540.png,0.007824182510375977,,810,0.014176300001054187,0.003866600000037579,0.005123099999764236,0.008989699999801815,0.006550300000526477,0.015540000000328291,0.02971630000138248,162766848
989,1305031135.5474133,data\rgbd_dataset_freiburg1_xyz\rgb\1305031108.943243.png,data\rgbd_dataset_freiburg1_xyz\depth\1305031108.935116.png,0.008126974105834961,,803,0.012901100000817678,0.00389530000029481,0.005014399999708985,0.008909700000003795,0.005825999998705811,0.014735699998709606,0.027636799999527284,162889728
990,1305031135.5794382,data\rgbd_dataset_freiburg1_xyz\rgb\1305031108.975268.png,data\rgbd_dataset_freiburg1_xyz\depth\1305031108.967245.png,0.008022785186767578,,850,0.0131548000008479,0.0036379000011947937,0.004926600000544568,0.008564500001739361,0.006220200000825571,0.014784700002564932,0.02793950000341283,162889728
991,1305031135.6154394,data\rgbd_dataset_freiburg1_xyz\rgb\1305031109.011269.png,data\rgbd_dataset_freiburg1_xyz\depth\1305031109.003064.png,0.008205175399780273,,860,0.013301400000273134,0.00366799999937939,0.00487520000024233,0.00854319999962172,0.006757799999832059,0.01530099999945378,0.028602399999726913,163037184
992,1305031135.6474473,data\rgbd_dataset_freiburg1_xyz\rgb\1305031109.043277.png,data\rgbd_dataset_freiburg1_xyz\depth\1305031109.034955.png,0.008322000503540039,,851,0.01307500000075379,0.0037859000003663823,0.004978799999662442,0.008764700000028824,0.006606099999771686,0.01537079999980051,0.0284458000005543,163045376
993,1305031135.6795802,data\rgbd_dataset_freiburg1_xyz\rgb\1305031109.075410.png,data\rgbd_dataset_freiburg1_xyz\depth\1305031109.067091.png,0.008318901062011719,,864,0.012940799999341834,0.0038100000001577428,0.005088800000521587,0.00889880000067933,0.006149099999674945,0.015047900000354275,0.02798869999969611,163065856
994,1305031135.7154524,data\rgbd_dataset_freiburg1_xyz\rgb\1305031109.111282.png,data\rgbd_dataset_freiburg1_xyz\depth\1305031109.103294.png,0.007988214492797852,,869,0.012985100000150851,0.0038736999995307997,0.004774299999553477,0.008647999999084277,0.006661199999143719,0.015309199998227996,0.028294299998378847,163098624
995,1305031135.7475042,data\rgbd_dataset_freiburg1_xyz\rgb\1305031109.143334.png,data\rgbd_dataset_freiburg1_xyz\depth\1305031109.134968.png,0.008365869522094727,,861,0.013078399999358226,0.003722800000105053,0.004529899999397458,0.00825269999950251,0.006571199999598321,0.014823899999100831,0.027902299998459057,163123200
996,1305031135.7796342,data\rgbd_dataset_freiburg1_xyz\rgb\1305031109.175464.png,data\rgbd_dataset_freiburg1_xyz\depth\1305031109.165848.png,0.009615898132324219,,857,0.012611699999979464,0.003863799998725881,0.004603999999744701,0.008467799998470582,0.006662300000243704,0.015130099998714286,0.02774179999869375,163127296
997,1305031135.8155494,data\rgbd_dataset_freiburg1_xyz\rgb\1305031109.211379.png,data\rgbd_dataset_freiburg1_xyz\depth\1305031109.203388.png,0.00799107551574707,,895,0.013657299999977113,0.003752399999939371,0.004922300000544055,0.008674700000483426,0.0065610999990894925,0.015235799999572919,0.02889309999955003,163340288
998,1305031135.8474603,data\rgbd_dataset_freiburg1_xyz\rgb\1305031109.243290.png,data\rgbd_dataset_freiburg1_xyz\depth\1305031109.234324.png,0.00896596908569336,,888,0.01500300000043353,0.004005300001153955,0.005018100000597769,0.009023400001751725,0.006572099999175407,0.015595500000927132,0.030598500001360662,163368960
999,1305031135.8794782,data\rgbd_dataset_freiburg1_xyz\rgb\1305031109.275308.png,data\rgbd_dataset_freiburg1_xyz\depth\1305031109.266325.png,0.00898289680480957,,869,0.012667699998928583,0.003813799999988987,0.005399100000431645,0.009212900000420632,0.006922900000063237,0.01613580000048387,0.028803499999412452,163377152
1000,1305031135.9154992,data\rgbd_dataset_freiburg1_xyz\rgb\1305031109.311329.png,data\rgbd_dataset_freiburg1_xyz\depth\1305031109.303457.png,0.007871866226196289,,889,0.012854200000219862,0.003944900001442875,0.005425199999081087,0.009370100000523962,0.007152599999244558,0.01652269999976852,0.029376899999988382,163381248
1001,1305031135.9474182,data\rgbd_dataset_freiburg1_xyz\rgb\1305031109.343248.png,data\rgbd_dataset_freiburg1_xyz\depth\1305031109.334602.png,0.008645772933959961,,918,0.013033999999606749,0.0038742999986425275,0.004844899998715846,0.008719199997358373,0.007211199999801465,0.01593039999715984,0.028964399996766588,163381248
1002,1305031135.9795673,data\rgbd_dataset_freiburg1_xyz\rgb\1305031109.375397.png,data\rgbd_dataset_freiburg1_xyz\depth\1305031109.364882.png,0.010514974594116211,,919,0.013184999999793945,0.003987500000221189,0.004450200000064797,0.008437700000285986,0.006859799999801908,0.015297500000087894,0.02848249999988184,163385344
1003,1305031136.0154994,data\rgbd_dataset_freiburg1_xyz\rgb\1305031109.411329.png,data\rgbd_dataset_freiburg1_xyz\depth\1305031109.403386.png,0.007942914962768555,,905,0.01275770000029297,0.003840799998215516,0.004918300001008902,0.008759099999224418,0.010170699999434873,0.01892979999865929,0.03168749999895226,163393536
1004,1305031136.0474722,data\rgbd_dataset_freiburg1_xyz\rgb\1305031109.443302.png,data\rgbd_dataset_freiburg1_xyz\depth\1305031109.434469.png,0.008832931518554688,,922,0.012969800000064424,0.003738500001418288,0.005132199999934528,0.008870700001352816,0.006996300000537303,0.01586700000189012,0.028836800001954543,163393536
1005,1305031136.0795333,data\rgbd_dataset_freiburg1_xyz\rgb\1305031109.475363.png,data\rgbd_dataset_freiburg1_xyz\depth\1305031109.467362.png,0.008001089096069336,,919,0.012943699999595992,0.0039092999995773425,0.00473740000052203,0.008646700000099372,0.007376499999736552,0.016023199999835924,0.028966899999431917,163401728
1006,1305031136.1154432,data\rgbd_dataset_freiburg1_xyz\rgb\1305031109.511273.png,data\rgbd_dataset_freiburg1_xyz\depth\1305031109.503193.png,0.008080005645751953,,914,0.012988600001335726,0.003926699999283301,0.00467190000017581,0.008598599999459111,0.009855700000116485,0.018454299999575596,0.03144290000091132,163414016
1007,1305031136.1474643,data\rgbd_dataset_freiburg1_xyz\rgb\1305031109.543294.png,data\rgbd_dataset_freiburg1_xyz\depth\1305031109.535715.png,0.007578849792480469,,957,0.013025899999774992,0.0037616000008711126,0.005214499999055988,0.0089760999999271,0.006273900000451249,0.01525000000037835,0.028275900000153342,163414016
1008,1305031136.1795323,data\rgbd_dataset_freiburg1_xyz\rgb\1305031109.575362.png,data\rgbd_dataset_freiburg1_xyz\depth\1305031109.567452.png,0.007910013198852539,,994,0.012618800001291675,0.0038098999993962934,0.005302800000208663,0.009112699999604956,0.006358900000122958,0.015471599999727914,0.02809040000101959,163418112
1009,1305031136.2154803,data\rgbd_dataset_freiburg1_xyz\rgb\1305031109.611310.png,data\rgbd_dataset_freiburg1_xyz\depth\1305031109.603601.png,0.007709026336669922,,980,0.012683100001595449,0.0038645999993605074,0.004857300000367104,0.008721899999727611,0.006679000000076485,0.015400899999804096,0.028084000001399545,163438592
1010,1305031136.2473993,data\rgbd_dataset_freiburg1_xyz\rgb\1305031109.643229.png,data\rgbd_dataset_freiburg1_xyz\depth\1305031109.635323.png,0.007905960083007812,,996,0.012976399999388377,0.0038021999989723554,0.005173700001250836,0.008975900000223191,0.007036200000584358,0.01601210000080755,0.028988500000195927,163442688
1011,1305031136.2794333,data\rgbd_dataset_freiburg1_xyz\rgb\1305031109.675263.png,data\rgbd_dataset_freiburg1_xyz\depth\1305031109.667570.png,0.007692813873291016,,986,0.012924299999212963,0.003722800000105053,0.004913200000373763,0.008636000000478816,0.006714499999361578,0.015350499999840395,0.028274799999053357,163450880
1012,1305031136.3154824,data\rgbd_dataset_freiburg1_xyz\rgb\1305031109.711312.png,data\rgbd_dataset_freiburg1_xyz\depth\1305031109.703265.png,0.008047103881835938,,995,0.012858100000812556,0.0038359999998647254,0.005256299999018665,0.00909229999888339,0.0067600999991555,0.01585239999803889,0.028710499998851446,163454976
1013,1305031136.3474443,data\rgbd_dataset_freiburg1_xyz\rgb\1305031109.743274.png,data\rgbd_dataset_freiburg1_xyz\depth\1305031109.735059.png,0.008214950561523438,,975,0.012528999999631196,0.0038688000004185596,0.004774800001541735,0.008643600001960294,0.007631700000274577,0.01627530000223487,0.028804300001866068,163459072
1014,1305031136.3794472,data\rgbd_dataset_freiburg1_xyz\rgb\1305031109.775277.png,data\rgbd_dataset_freiburg1_xyz\depth\1305031109.767470.png,0.007807016372680664,,967,0.013086099999782164,0.003586800001357915,0.00492359999952896,0.008510400000886875,0.006692500001008739,0.015202900001895614,0.028289000001677778,163459072
1015,1305031136.4155414,data\rgbd_dataset_freiburg1_xyz\rgb\1305031109.811371.png,data\rgbd_dataset_freiburg1_xyz\depth\1305031109.803396.png,0.007975101470947266,,950,0.012798199999451754,0.0037474999990081415,0.0049307999997836305,0.008678299998791772,0.006342299999232637,0.015020599998024409,0.027818799997476162,163467264
1016,1305031136.4474664,data\rgbd_dataset_freiburg1_xyz\rgb\1305031109.843296.png,data\rgbd_dataset_freiburg1_xyz\depth\1305031109.834910.png,0.00838613510131836,,939,0.013060600000244449,0.0037420000007841736,0.004906999998638639,0.008648999999422813,0.007083600001351442,0.015732600000774255,0.028793200001018704,163467264
1017,1305031136.4794762,data\rgbd_dataset_freiburg1_xyz\rgb\1305031109.875306.png,data\rgbd_dataset_freiburg1_xyz\depth\1305031109.871271.png,0.004034996032714844,,942,0.012850600000092527,0.0037829000011697644,0.005146999999851687,0.008929900001021451,0.006761999999071122,0.015691900000092573,0.0285425000001851,163475456
1018,1305031136.5154352,data\rgbd_dataset_freiburg1_xyz\rgb\1305031109.911265.png,data\rgbd_dataset_freiburg1_xyz\depth\1305031109.900535.png,0.010729789733886719,,911,0.012807799999791314,0.0037783999996463535,0.0044047999999747844,0.008183199999621138,0.006480199999714387,0.014663399999335525,0.02747119999912684,163487744
1019,1305031136.5474694,data\rgbd_dataset_freiburg1_xyz\rgb\1305031109.943299.png,data\rgbd_dataset_freiburg1_xyz\depth\1305031109.934960.png,0.008339166641235352,,927,0.012529199999335106,0.003691699999762932,0.004680699999880744,0.008372399999643676,0.0065092000004369766,0.014881600000080653,0.027410799999415758,163491840
1020,1305031136.5794284,data\rgbd_dataset_freiburg1_xyz\rgb\1305031109.975258.png,data\rgbd_dataset_freiburg1_xyz\depth\1305031109.970213.png,0.005045175552368164,,903,0.012390800000503077,0.00360989999899175,0.004564099999697646,0.008173999998689396,0.007118399998944369,0.015292399997633765,0.027683199998136843,163500032
1021,1305031136.6154263,data\rgbd_dataset_freiburg1_xyz\rgb\1305031110.011256.png,data\rgbd_dataset_freiburg1_xyz\depth\1305031109.999657.png,0.011599063873291016,,961,0.013291900000695023,0.003867999999783933,0.004581799999868963,0.008449799999652896,0.007109700000000885,0.01555949999965378,0.028851400000348804,163504128
1022,1305031136.6474693,data\rgbd_dataset_freiburg1_xyz\rgb\1305031110.043299.png,data\rgbd_dataset_freiburg1_xyz\depth\1305031110.031356.png,0.011942863464355469,,938,0.012929299999086652,0.0037415999995573657,0.005250799998975708,0.008992399998533074,0.006823499999882188,0.01581589999841526,0.028745199997501913,163508224
1023,1305031136.6794894,data\rgbd_dataset_freiburg1_xyz\rgb\1305031110.075319.png,data\rgbd_dataset_freiburg1_xyz\depth\1305031110.068125.png,0.007194042205810547,,930,0.012638700000024983,0.003759400000490132,0.004613700000845711,0.008373100001335843,0.007373000000370666,0.01574610000170651,0.02838480000173149,163520512
1024,1305031136.7154953,data\rgbd_dataset_freiburg1_xyz\rgb\1305031110.111325.png,data\rgbd_dataset_freiburg1_xyz\depth\1305031110.101397.png,0.009927988052368164,,954,0.012868800000433112,0.003744600000572973,0.005105800000819727,0.0088504000013927,0.007007499998508138,0.015857899999900837,0.02872670000033395,163524608
1025,1305031136.7476022,data\rgbd_dataset_freiburg1_xyz\rgb\1305031110.143432.png,data\rgbd_dataset_freiburg1_xyz\depth\1305031110.132317.png,0.011114835739135742,,972,0.015312100000301143,0.004561800000374205,0.00450029999956314,0.009062099999937345,0.007135399999242509,0.016197499999179854,0.031509599999481,163528704
1026,1305031136.7798114,data\rgbd_dataset_freiburg1_xyz\rgb\1305031110.175641.png,data\rgbd_dataset_freiburg1_xyz\depth\1305031110.168323.png,0.007318019866943359,,976,0.012907399999676272,0.003821500000412925,0.0051081000001431676,0.008929600000556093,0.0070601999996142695,0.015989800000170362,0.028897199999846634,163545088
1027,1305031136.8158073,data\rgbd_dataset_freiburg1_xyz\rgb\1305031110.211637.png,data\rgbd_dataset_freiburg1_xyz\depth\1305031110.203162.png,0.008475065231323242,,965,0.012663999999858788,0.0037744000001112,0.004789099999470636,0.008563499999581836,0.0063848999998299405,0.014948399999411777,0.027612399999270565,162484224
1028,1305031136.8474934,data\rgbd_dataset_freiburg1_xyz\rgb\1305031110.243323.png,data\rgbd_dataset_freiburg1_xyz\depth\1305031110.234909.png,0.008414030075073242,,970,0.01306759999897622,0.0038580999989790143,0.004492300000492833,0.008350399999471847,0.009964200000467827,0.018314599999939674,0.031382199998915894,159850496
1029,1305031136.8834913,data\rgbd_dataset_freiburg1_xyz\rgb\1305031110.279321.png,data\rgbd_dataset_freiburg1_xyz\depth\1305031110.271394.png,0.00792694091796875,,1024,0.014109500001723063,0.003641899998910958,0.005036700000346173,0.00867859999925713,0.007170500000938773,0.015849100000195904,0.029958600001918967,162865152
1030,1305031136.9155743,data\rgbd_dataset_freiburg1_xyz\rgb\1305031110.311404.png,data\rgbd_dataset_freiburg1_xyz\depth\1305031110.303648.png,0.00775599479675293,,1051,0.013031500000579399,0.003747500000827131,0.0046595999992860015,0.008407100000113132,0.01053430000138178,0.018941400001494912,0.03197290000207431,162902016
1031,1305031136.9475253,data\rgbd_dataset_freiburg1_xyz\rgb\1305031110.343355.png,data\rgbd_dataset_freiburg1_xyz\depth\1305031110.331570.png,0.011785030364990234,,1105,0.01283059999877878,0.0037227000011625933,0.005126600000949111,0.008849300002111704,0.007779999999911524,0.01662930000202323,0.02945990000080201,162930688
1032,1305031136.9834514,data\rgbd_dataset_freiburg1_xyz\rgb\1305031110.379281.png,data\rgbd_dataset_freiburg1_xyz\depth\1305031110.371607.png,0.007673978805541992,,1152,0.012831300000470947,0.003692300000693649,0.004982000000381959,0.008674300001075608,0.007913800000096671,0.01658810000117228,0.029419400001643226,162955264
1033,1305031137.0156393,data\rgbd_dataset_freiburg1_xyz\rgb\1305031110.411469.png,data\rgbd_dataset_freiburg1_xyz\depth\1305031110.403480.png,0.007988929748535156,,1162,0.01267809999990277,0.003966000000218628,0.005335699999704957,0.009301699999923585,0.010936300001048949,0.020238000000972534,0.032916100000875304,162975744
1034,1305031137.0474303,data\rgbd_dataset_freiburg1_xyz\rgb\1305031110.443260.png,data\rgbd_dataset_freiburg1_xyz\depth\1305031110.435647.png,0.007612943649291992,,1206,0.013185800000428571,0.003753599999981816,0.005041399999754503,0.00879499999973632,0.007293099999515107,0.016088099999251426,0.029273899999679998,162377728
1035,1305031137.0835013,data\rgbd_dataset_freiburg1_xyz\rgb\1305031110.479331.png,data\rgbd_dataset_freiburg1_xyz\depth\1305031110.470588.png,0.008743047714233398,,1269,0.013425199998891912,0.0039133999998739455,0.005487100001118961,0.009400500000992906,0.00785840000025928,0.017258900001252186,0.0306841000001441,163184640
1036,1305031137.1155994,data\rgbd_dataset_freiburg1_xyz\rgb\1305031110.511429.png,data\rgbd_dataset_freiburg1_xyz\depth\1305031110.502539.png,0.008890151977539062,,1310,0.01315939999949478,0.003832200000033481,0.0051598999998532236,0.008992099999886705,0.008436199999778182,0.017428299999664887,0.030587699999159668,163188736
1037,1305031137.1475782,data\rgbd_dataset_freiburg1_xyz\rgb\1305031110.543408.png,data\rgbd_dataset_freiburg1_xyz\depth\1305031110.534532.png,0.008875846862792969,,1349,0.013081099999908474,0.003953100000217091,0.0056382000002486166,0.009591300000465708,0.007731299998340546,0.017322599998806254,0.03040369999871473,162607104
1038,1305031137.1835964,data\rgbd_dataset_freiburg1_xyz\rgb\1305031110.579426.png,data\rgbd_dataset_freiburg1_xyz\depth\1305031110.571676.png,0.007750034332275391,,1360,0.013394900001003407,0.003940500000680913,0.00503500000013446,0.008975500000815373,0.008250900000348338,0.01722640000116371,0.030621300002167118,163471360
1039,1305031137.2154772,data\rgbd_dataset_freiburg1_xyz\rgb\1305031110.611307.png,data\rgbd_dataset_freiburg1_xyz\depth\1305031110.604289.png,0.007017850875854492,,1355,0.013125299999956042,0.004030300000522402,0.005159499998626416,0.009189799999148818,0.011515800000779564,0.02070559999992838,0.03383089999988442,163495936
1040,1305031137.2475884,data\rgbd_dataset_freiburg1_xyz\rgb\1305031110.643418.png,data\rgbd_dataset_freiburg1_xyz\depth\1305031110.635485.png,0.00793313980102539,,1382,0.01328780000039842,0.003974400000515743,0.004768599999806611,0.008743000000322354,0.007088300000759773,0.015831300001082127,0.029119100001480547,163500032
1041,1305031137.2837763,data\rgbd_dataset_freiburg1_xyz\rgb\1305031110.679606.png,data\rgbd_dataset_freiburg1_xyz\depth\1305031110.671775.png,0.00783085823059082,,1381,0.013134099999660975,0.003941899998608278,0.0052937000000383705,0.009235599998646649,0.007729800001470721,0.01696540000011737,0.030099499999778345,163500032
1042,1305031137.3155823,data\rgbd_dataset_freiburg1_xyz\rgb\1305031110.711412.png,data\rgbd_dataset_freiburg1_xyz\depth\1305031110.699957.png,0.011455059051513672,,1399,0.013456399999995483,0.004172699998889584,0.005450499998914893,0.009623199997804477,0.008326199998919037,0.017949399996723514,0.031405799996719,163512320
1043,1305031137.3474193,data\rgbd_dataset_freiburg1_xyz\rgb\1305031110.743249.png,data\rgbd_dataset_freiburg1_xyz\depth\1305031110.735440.png,0.0078089237213134766,,1370,0.013322599999810336,0.004093000001375913,0.005248999999821535,0.009342000001197448,0.008009000001038658,0.017351000002236106,0.03067360000204644,163516416
1044,1305031137.3833632,data\rgbd_dataset_freiburg1_xyz\rgb\1305031110.779193.png,data\rgbd_dataset_freiburg1_xyz\depth\1305031110.769734.png,0.00945901870727539,,1392,0.01338229999964824,0.0038490999995701713,0.005517200001122546,0.009366300000692718,0.007946600000650506,0.017312900001343223,0.030695200000991463,163524608
1045,1305031137.4155564,data\rgbd_dataset_freiburg1_xyz\rgb\1305031110.811386.png,data\rgbd_dataset_freiburg1_xyz\depth\1305031110.799684.png,0.01170206069946289,,1335,0.013243800000054762,0.003735100000994862,0.005522399998881156,0.009257499999876018,0.007704399999056477,0.016961899998932495,0.030205699998987257,163545088
1046,1305031137.4473884,data\rgbd_dataset_freiburg1_xyz\rgb\1305031110.843218.png,data\rgbd_dataset_freiburg1_xyz\depth\1305031110.835248.png,0.007970094680786133,,1367,0.013301900000442402,0.0038265000002866145,0.005548400000407128,0.009374900000693742,0.009778499999811174,0.019153400000504917,0.03245530000094732,163545088
1047,1305031137.4834833,data\rgbd_dataset_freiburg1_xyz\rgb\1305031110.879313.png,data\rgbd_dataset_freiburg1_xyz\depth\1305031110.871293.png,0.00801992416381836,,1365,0.013499099999535247,0.0039692000009381445,0.005261799999061623,0.009230999999999767,0.008017100000870414,0.01724810000087018,0.030747200000405428,163549184
1048,1305031137.5155034,data\rgbd_dataset_freiburg1_xyz\rgb\1305031110.911333.png,data\rgbd_dataset_freiburg1_xyz\depth\1305031110.901900.png,0.00943303108215332,,1353,0.013737200000832672,0.0037297999988368247,0.005089300000690855,0.00881909999952768,0.007050500000332249,0.01586959999985993,0.0296068000006926,162934784
1049,1305031137.5480323,data\rgbd_dataset_freiburg1_xyz\rgb\1305031110.943862.png,data\rgbd_dataset_freiburg1_xyz\depth\1305031110.938668.png,0.005193948745727539,,1351,0.013415299999905983,0.003738500001418288,0.005335000001650769,0.009073500003069057,0.007782099999531056,0.016855600002600113,0.030270900002506096,163565568
1050,1305031137.5835154,data\rgbd_dataset_freiburg1_xyz\rgb\1305031110.979345.png,data\rgbd_dataset_freiburg1_xyz\depth\1305031110.971316.png,0.008028984069824219,,1340,0.01338450000002922,0.0037350000002334127,0.005261799999061623,0.008996799999295035,0.00712789999852248,0.016124699997817515,0.029509199997846736,163565568
1051,1305031137.6156013,data\rgbd_dataset_freiburg1_xyz\rgb\1305031111.011431.png,data\rgbd_dataset_freiburg1_xyz\depth\1305031111.003669.png,0.007761955261230469,,1363,0.013387900000452646,0.00382030000037048,0.005337500000678119,0.0091578000010486,0.0075380999987828545,0.016695899999831454,0.0300838000002841,163569664
1052,1305031137.6474974,data\rgbd_dataset_freiburg1_xyz\rgb\1305031111.043327.png,data\rgbd_dataset_freiburg1_xyz\depth\1305031111.039669.png,0.0036580562591552734,,1378,0.013096000000587082,0.004274199998690165,0.005453399999169051,0.009727599997859215,0.01151699999900302,0.021244599996862235,0.03434059999744932,163577856
1053,1305031137.6834533,data\rgbd_dataset_freiburg1_xyz\rgb\1305031111.079283.png,data\rgbd_dataset_freiburg1_xyz\depth\1305031111.071605.png,0.007678031921386719,,1364,0.013189899998906185,0.0039080999995348975,0.0059445000006235205,0.009852600000158418,0.008007899999938672,0.01786050000009709,0.031050399999003275,163577856
1054,1305031137.7156782,data\rgbd_dataset_freiburg1_xyz\rgb\1305031111.111508.png,data\rgbd_dataset_freiburg1_xyz\depth\1305031111.103658.png,0.007849931716918945,,1342,0.013237899998784997,0.0038997999999992317,0.004905699999653734,0.008805499999652966,0.007866800000556395,0.01667230000020936,0.029910199998994358,162983936
1055,1305031137.7474272,data\rgbd_dataset_freiburg1_xyz\rgb\1305031111.143257.png,data\rgbd_dataset_freiburg1_xyz\depth\1305031111.139211.png,0.004045963287353516,,1331,0.013283299998875009,0.0038617999998677988,0.005539800000406103,0.009401600000273902,0.007942799999000272,0.017344399999274174,0.030627699998149183,163659776
1056,1305031137.7834964,data\rgbd_dataset_freiburg1_xyz\rgb\1305031111.179326.png,data\rgbd_dataset_freiburg1_xyz\depth\1305031111.170937.png,0.008388996124267578,,1328,0.012956099999428261,0.003964100000303006,0.005496699999639532,0.009460799999942537,0.00817070000084641,0.017631500000788947,0.030587600000217208,163708928
1057,1305031137.8156033,data\rgbd_dataset_freiburg1_xyz\rgb\1305031111.211433.png,data\rgbd_dataset_freiburg1_xyz\depth\1305031111.199395.png,0.012037992477416992,,1323,0.01262490000044636,0.003959100000429316,0.005028199999287608,0.008987299999716925,0.00759729999845149,0.016584599998168414,0.029209499998614774,163713024
1058,1305031137.8474064,data\rgbd_dataset_freiburg1_xyz\rgb\1305031111.243236.png,data\rgbd_dataset_freiburg1_xyz\depth\1305031111.236670.png,0.006566047668457031,,1268,0.012899400000605965,0.0038093999992270255,0.0050372000005154405,0.008846599999742466,0.008428800001638592,0.017275400001381058,0.030174800001987023,163729408
1059,1305031137.8834784,data\rgbd_dataset_freiburg1_xyz\rgb\1305031111.279308.png,data\rgbd_dataset_freiburg1_xyz\depth\1305031111.269939.png,0.009369134902954102,,1224,0.01344499999868276,0.003801200000452809,0.005375999999159831,0.00917719999961264,0.007858900000428548,0.017036100000041188,0.03048109999872395,163119104
1060,1305031137.9157174,data\rgbd_dataset_freiburg1_xyz\rgb\1305031111.311547.png,data\rgbd_dataset_freiburg1_xyz\depth\1305031111.302311.png,0.00923609733581543,,1241,0.013572699999713222,0.0037704999995185062,0.004851700001381687,0.008622200000900193,0.008072399999946356,0.01669460000084655,0.03026730000055977,163737600
1061,1305031137.9475672,data\rgbd_dataset_freiburg1_xyz\rgb\1305031111.343397.png,data\rgbd_dataset_freiburg1_xyz\depth\1305031111.339460.png,0.0039370059967041016,,1200,0.013250899999547983,0.0037921000002825167,0.0048190999987127725,0.00861119999899529,0.007601100000101724,0.016212299999097013,0.029463199998644996,163172352
1062,1305031137.9833043,data\rgbd_dataset_freiburg1_xyz\rgb\1305031111.379134.png,data\rgbd_dataset_freiburg1_xyz\depth\1305031111.370908.png,0.00822591781616211,,1185,0.013264300001537777,0.0038030000014259713,0.004735699998491327,0.008538699999917299,0.007208600000012666,0.015747299999929965,0.02901160000146774,163815424
1063,1305031138.0154662,data\rgbd_dataset_freiburg1_xyz\rgb\1305031111.411296.png,data\rgbd_dataset_freiburg1_xyz\depth\1305031111.402911.png,0.008384943008422852,,1188,0.013063900001725415,0.0038163999997777864,0.004946099999870057,0.008762499999647844,0.0072982999990927055,0.01606079999874055,0.029124700000465964,163823616
1064,1305031138.0475564,data\rgbd_dataset_freiburg1_xyz\rgb\1305031111.443386.png,data\rgbd_dataset_freiburg1_xyz\depth\1305031111.438948.png,0.004438161849975586,,1165,0.01265140000032261,0.0037493999989237636,0.005236000000877539,0.008985399999801302,0.010408800000732299,0.0193942000005336,0.03204560000085621,163823616
1065,1305031138.0834293,data\rgbd_dataset_freiburg1_xyz\rgb\1305031111.479259.png,data\rgbd_dataset_freiburg1_xyz\depth\1305031111.470919.png,0.008340120315551758,,1197,0.01299250000010943,0.0037639999991370132,0.005436399998870911,0.009200399998007924,0.007401800001389347,0.01660219999939727,0.0295946999995067,163831808
1066,1305031138.1154344,data\rgbd_dataset_freiburg1_xyz\rgb\1305031111.511264.png,data\rgbd_dataset_freiburg1_xyz\depth\1305031111.503531.png,0.00773310661315918,,1121,0.012722999999823514,0.003928099999029655,0.005195600000661216,0.00912369999969087,0.007510500001444598,0.01663420000113547,0.029357200000958983,163840000
1067,1305031138.1474204,data\rgbd_dataset_freiburg1_xyz\rgb\1305031111.543250.png,data\rgbd_dataset_freiburg1_xyz\depth\1305031111.539482.png,0.0037679672241210938,,1073,0.012933599999087164,0.003760500001590117,0.004963299999872106,0.008723800001462223,0.007313200001590303,0.016037000003052526,0.02897060000213969,163221504
1068,1305031138.1834073,data\rgbd_dataset_freiburg1_xyz\rgb\1305031111.579237.png,data\rgbd_dataset_freiburg1_xyz\depth\1305031111.571320.png,0.007916927337646484,,1059,0.013146600000254693,0.003760100000363309,0.005133599999680882,0.008893700000044191,0.009935300000506686,0.018829000000550877,0.03197560000080557,163807232
1069,1305031138.2154412,data\rgbd_dataset_freiburg1_xyz\rgb\1305031111.611271.png,data\rgbd_dataset_freiburg1_xyz\depth\1305031111.603391.png,0.007879972457885742,,1018,0.01327099999980419,0.003779799999392708,0.00464549999924202,0.008425299998634728,0.010700200000428595,0.019125499999063322,0.03239649999886751,163209216
1070,1305031138.2475653,data\rgbd_dataset_freiburg1_xyz\rgb\1305031111.643395.png,data\rgbd_dataset_freiburg1_xyz\depth\1305031111.639405.png,0.0039899349212646484,,1004,0.01316690000021481,0.0039109999997890554,0.005062600001110695,0.00897360000089975,0.00698740000007092,0.01596100000097067,0.02912790000118548,163905536
1071,1305031138.2834904,data\rgbd_dataset_freiburg1_xyz\rgb\1305031111.679320.png,data\rgbd_dataset_freiburg1_xyz\depth\1305031111.671252.png,0.008068084716796875,,1029,0.012836100000640727,0.003772799998841947,0.004810700000234647,0.008583499999076594,0.0069684000009146985,0.015551899999991292,0.02838800000063202,163913728
1072,1305031138.3159304,data\rgbd_dataset_freiburg1_xyz\rgb\1305031111.711760.png,data\rgbd_dataset_freiburg1_xyz\depth\1305031111.703791.png,0.007969141006469727,,970,0.013065500001175678,0.003612099999372731,0.004860200000621262,0.008472299999993993,0.007343700001001707,0.0158160000009957,0.02888150000217138,163303424
1073,1305031138.3475564,data\rgbd_dataset_freiburg1_xyz\rgb\1305031111.743386.png,data\rgbd_dataset_freiburg1_xyz\depth\1305031111.739504.png,0.0038819313049316406,,947,0.013086399998428533,0.00382279999939783,0.005012999999962631,0.00883579999936046,0.007308599999305443,0.016144399998665904,0.029230799997094437,163962880
1074,1305031138.3835933,data\rgbd_dataset_freiburg1_xyz\rgb\1305031111.779423.png,data\rgbd_dataset_freiburg1_xyz\depth\1305031111.771228.png,0.008194923400878906,,925,0.012920400000439258,0.0038507000008394243,0.00510490000124264,0.008955600002082065,0.006976900000154274,0.01593250000223634,0.028852900002675597,163364864
1075,1305031138.4155762,data\rgbd_dataset_freiburg1_xyz\rgb\1305031111.811406.png,data\rgbd_dataset_freiburg1_xyz\depth\1305031111.800077.png,0.011328935623168945,,903,0.012872799999968265,0.003668499999548658,0.005074599999716156,0.008743099999264814,0.0077027999996062135,0.016445899998871027,0.029318699998839293,163987456
1076,1305031138.4474692,data\rgbd_dataset_freiburg1_xyz\rgb\1305031111.843299.png,data\rgbd_dataset_freiburg1_xyz\depth\1305031111.839333.png,0.003965854644775391,,838,0.013119799999913084,0.003851299999951152,0.004664599999159691,0.008515899999110843,0.006993099999817787,0.01550899999892863,0.028628799998841714,164003840
1077,1305031138.4836123,data\rgbd_dataset_freiburg1_xyz\rgb\1305031111.879442.png,data\rgbd_dataset_freiburg1_xyz\depth\1305031111.870985.png,0.008456945419311523,,868,0.01270230000045558,0.003675699999803328,0.004682999999204185,0.008358699999007513,0.007560300000477582,0.015918999999485095,0.028621299999940675,164007936
1078,1305031138.5155244,data\rgbd_dataset_freiburg1_xyz\rgb\1305031111.911354.png,data\rgbd_dataset_freiburg1_xyz\depth\1305031111.903356.png,0.007997989654541016,,866,0.012667999999393942,0.0036165000001346925,0.004686399999627611,0.008302899999762303,0.007055900001432747,0.01535880000119505,0.02802680000058899,164048896
1079,1305031138.5474703,data\rgbd_dataset_freiburg1_xyz\rgb\1305031111.943300.png,data\rgbd_dataset_freiburg1_xyz\depth\1305031111.939680.png,0.0036199092864990234,,805,0.012759799999912502,0.0036036999990756158,0.004756199999974342,0.008359899999049958,0.006072100000892533,0.01443199999994249,0.027191799999854993,163524608
1080,1305031138.5836194,data\rgbd_dataset_freiburg1_xyz\rgb\1305031111.979449.png,data\rgbd_dataset_freiburg1_xyz\depth\1305031111.971494.png,0.007955074310302734,,875,0.012935900000229594,0.003700199999002507,0.00488480000058189,0.008584999999584397,0.006043699999281671,0.014628699998866068,0.027564599999095662,164151296
1081,1305031138.6156032,data\rgbd_dataset_freiburg1_xyz\rgb\1305031112.011433.png,data\rgbd_dataset_freiburg1_xyz\depth\1305031112.003596.png,0.00783681869506836,,847,0.013267999998788582,0.0036677000007330207,0.004914799999824027,0.008582500000557047,0.006637000000409898,0.015219500000966946,0.028487499999755528,163536896
1082,1305031138.6474404,data\rgbd_dataset_freiburg1_xyz\rgb\1305031112.043270.png,data\rgbd_dataset_freiburg1_xyz\depth\1305031112.039412.png,0.0038580894470214844,,868,0.013233199999376666,0.00388569999995525,0.004634700000679004,0.008520400000634254,0.008189399999537272,0.016709800000171526,0.029942999999548192,164167680
1083,1305031138.6835093,data\rgbd_dataset_freiburg1_xyz\rgb\1305031112.079339.png,data\rgbd_dataset_freiburg1_xyz\depth\1305031112.070731.png,0.008608102798461914,,888,0.012443100000382401,0.003930799999579904,0.004895400001259986,0.00882620000083989,0.008181200000763056,0.017007400001602946,0.029450500001985347,164171776
1084,1305031138.7155933,data\rgbd_dataset_freiburg1_xyz\rgb\1305031112.111423.png,data\rgbd_dataset_freiburg1_xyz\depth\1305031112.102495.png,0.008928060531616211,,849,0.012662900000577793,0.003847699999823817,0.004227299999911338,0.008074999999735155,0.0074475000001257285,0.015522499999860884,0.028185400000438676,163602432
1085,1305031138.7485123,data\rgbd_dataset_freiburg1_xyz\rgb\1305031112.144342.png,data\rgbd_dataset_freiburg1_xyz\depth\1305031112.139107.png,0.005234956741333008,,835,0.01273849999961385,0.003983200000220677,0.004790099999809172,0.008773300000029849,0.007475799999156152,0.016249099999186,0.02898759999879985,164225024
1086,1305031138.7835603,data\rgbd_dataset_freiburg1_xyz\rgb\1305031112.179390.png,data\rgbd_dataset_freiburg1_xyz\depth\1305031112.169345.png,0.010045051574707031,,825,0.015258199999152566,0.0047130999992077705,0.004817400000320049,0.00953049999952782,0.00631729999986419,0.01584779999939201,0.031105999998544576,164229120
1087,1305031138.8154242,data\rgbd_dataset_freiburg1_xyz\rgb\1305031112.211254.png,data\rgbd_dataset_freiburg1_xyz\depth\1305031112.207733.png,0.003520965576171875,,842,0.012355200000456534,0.003970699999626959,0.005138600001373561,0.00910930000100052,0.007860600000640261,0.01696990000164078,0.029325100002097315,164233216
1088,1305031138.8475394,data\rgbd_dataset_freiburg1_xyz\rgb\1305031112.243369.png,data\rgbd_dataset_freiburg1_xyz\depth\1305031112.235657.png,0.007712125778198242,,839,0.012981500000023516,0.003826800000751973,0.004519300000538351,0.008346100001290324,0.006555500000104075,0.0149016000013944,0.027883100001417915,164241408
1089,1305031138.8835232,data\rgbd_dataset_freiburg1_xyz\rgb\1305031112.279353.png,data\rgbd_dataset_freiburg1_xyz\depth\1305031112.269488.png,0.00986480712890625,,858,0.012781699999322882,0.003695900000820984,0.0050224999995407416,0.008718400000361726,0.009811799998715287,0.018530199999077013,0.031311899998399895,164241408
1090,1305031138.9154823,data\rgbd_dataset_freiburg1_xyz\rgb\1305031112.311312.png,data\rgbd_dataset_freiburg1_xyz\depth\1305031112.303591.png,0.007720947265625,,845,0.01299029999972845,0.0036980000004405156,0.0049307999997836305,0.008628800000224146,0.006691699998555123,0.015320499998779269,0.02831079999850772,164249600
1091,1305031138.9474933,data\rgbd_dataset_freiburg1_xyz\rgb\1305031112.343323.png,data\rgbd_dataset_freiburg1_xyz\depth\1305031112.335789.png,0.007534027099609375,,848,0.012891700000182027,0.0037527000004047295,0.00450500000079046,0.00825770000119519,0.006968499999857158,0.015226200001052348,0.028117900001234375,164257792
1092,1305031138.9835303,data\rgbd_dataset_freiburg1_xyz\rgb\1305031112.379360.png,data\rgbd_dataset_freiburg1_xyz\depth\1305031112.371231.png,0.008128881454467773,,850,0.013015200000154437,0.0037527999993471894,0.0050670000000536675,0.008819799999400857,0.00658330000078422,0.015403100000185077,0.028418300000339514,164265984
1093,1305031139.0156124,data\rgbd_dataset_freiburg1_xyz\rgb\1305031112.411442.png,data\rgbd_dataset_freiburg1_xyz\depth\1305031112.407491.png,0.003951072692871094,,832,0.013187099999413476,0.0037147000002732966,0.004612400000041816,0.008327100000315113,0.006909099998665624,0.015236199998980737,0.028423299998394214,164265984
1094,1305031139.0475614,data\rgbd_dataset_freiburg1_xyz\rgb\1305031112.443391.png,data\rgbd_dataset_freiburg1_xyz\depth\1305031112.439064.png,0.004327058792114258,,864,0.01307259999884991,0.0035642000002553686,0.005089600001156214,0.008653800001411582,0.0069757000001118286,0.01562950000152341,0.02870210000037332,164282368
1095,1305031139.0835884,data\rgbd_dataset_freiburg1_xyz\rgb\1305031112.479418.png,data\rgbd_dataset_freiburg1_xyz\depth\1305031112.471066.png,0.008352041244506836,,884,0.013140500001100008,0.003857399999105837,0.004638300000806339,0.008495699999912176,0.006293399999776739,0.014789099999688915,0.027929600000788923,164286464
1096,1305031139.1156743,data\rgbd_dataset_freiburg1_xyz\rgb\1305031112.511504.png,data\rgbd_dataset_freiburg1_xyz\depth\1305031112.506669.png,0.004834890365600586,,862,0.013282500000059372,0.003772199999730219,0.004409799999848474,0.008181999999578693,0.00652529999933904,0.014707299998917733,0.027989799998977105,164286464
1097,1305031139.1473823,data\rgbd_dataset_freiburg1_xyz\rgb\1305031112.543212.png,data\rgbd_dataset_freiburg1_xyz\depth\1305031112.538310.png,0.004901885986328125,,867,0.013236000000688364,0.003890300000421121,0.004624699999112636,0.008514999999533757,0.006230500001038308,0.014745500000572065,0.02798150000126043,164286464
1098,1305031139.1834223,data\rgbd_dataset_freiburg1_xyz\rgb\1305031112.579252.png,data\rgbd_dataset_freiburg1_xyz\depth\1305031112.567470.png,0.011781930923461914,,883,0.013246099999378202,0.0036871000011160504,0.004573099999106489,0.00826020000022254,0.006695699999909266,0.014955900000131805,0.028201999999510008,164298752
1099,1305031139.2154312,data\rgbd_dataset_freiburg1_xyz\rgb\1305031112.611261.png,data\rgbd_dataset_freiburg1_xyz\depth\1305031112.606742.png,0.004518985748291016,,878,0.013125100000252132,0.0036293000011937693,0.005177200000616722,0.008806500001810491,0.006394299998646602,0.015200800000457093,0.028325900000709225,164302848
1100,1305031139.2474163,data\rgbd_dataset_freiburg1_xyz\rgb\1305031112.643246.png,data\rgbd_dataset_freiburg1_xyz\depth\1305031112.639418.png,0.0038280487060546875,,911,0.013112099999489146,0.0037895000004937174,0.004888499999651685,0.008678000000145403,0.009828199999901699,0.0185062000000471,0.03161829999953625,163643392
1101,1305031139.2841222,data\rgbd_dataset_freiburg1_xyz\rgb\1305031112.679952.png,data\rgbd_dataset_freiburg1_xyz\depth\1305031112.671325.png,0.008626937866210938,,883,0.013436400000500726,0.00381060000108846,0.00478339999972377,0.00859400000081223,0.006705100000544917,0.015299100001357147,0.028735500001857872,164278272
1102,1305031139.3154213,data\rgbd_dataset_freiburg1_xyz\rgb\1305031112.711251.png,data\rgbd_dataset_freiburg1_xyz\depth\1305031112.707325.png,0.00392603874206543,,855,0.013612300001113908,0.00395100000059756,0.005576699999437551,0.00952770000003511,0.006971299999349867,0.016498999999384978,0.030111300000498886,160890880
1103,1305031139.3474152,data\rgbd_dataset_freiburg1_xyz\rgb\1305031112.743245.png,data\rgbd_dataset_freiburg1_xyz\depth\1305031112.739546.png,0.0036988258361816406,,844,0.01699419999931706,0.0048243000001093606,0.005062500000349246,0.009886800000458607,0.006560700001500663,0.01644750000195927,0.03344170000127633,163872768
1104,1305031139.3834803,data\rgbd_dataset_freiburg1_xyz\rgb\1305031112.779310.png,data\rgbd_dataset_freiburg1_xyz\depth\1305031112.771523.png,0.007786989212036133,,807,0.013142699999662,0.003870299999107374,0.004944900001646602,0.008815200000753975,0.006348400000206311,0.015163600000960287,0.028306300000622286,163934208
1105,1305031139.4154804,data\rgbd_dataset_freiburg1_xyz\rgb\1305031112.811310.png,data\rgbd_dataset_freiburg1_xyz\depth\1305031112.807539.png,0.003771066665649414,,771,0.012843000000430038,0.003838600001472514,0.004894899999271729,0.008733500000744243,0.0062890999997762265,0.01502260000052047,0.027865600000950508,163979264
1106,1305031139.4474564,data\rgbd_dataset_freiburg1_xyz\rgb\1305031112.843286.png,data\rgbd_dataset_freiburg1_xyz\depth\1305031112.839560.png,0.0037260055541992188,,765,0.012844099999711034,0.0038615000012214296,0.005067599999165395,0.008929100000386825,0.006030600001395214,0.01495970000178204,0.027803800001493073,164261888
1107,1305031139.4835913,data\rgbd_dataset_freiburg1_xyz\rgb\1305031112.879421.png,data\rgbd_dataset_freiburg1_xyz\depth\1305031112.871083.png,0.008337974548339844,,783,0.01330229999985022,0.0038817999993625563,0.004756100001031882,0.008637900000394438,0.006199900000865455,0.014837800001259893,0.028140100001110113,164261888
1108,1305031139.5155814,data\rgbd_dataset_freiburg1_xyz\rgb\1305031112.911411.png,data\rgbd_dataset_freiburg1_xyz\depth\1305031112.907246.png,0.004164934158325195,,743,0.01292250000005879,0.003726499999174848,0.004672499999287538,0.008398999998462386,0.0062544000011257594,0.014653399999588146,0.027575899999646936,164290560
1109,1305031139.5474913,data\rgbd_dataset_freiburg1_xyz\rgb\1305031112.943321.png,data\rgbd_dataset_freiburg1_xyz\depth\1305031112.939323.png,0.0039980411529541016,,749,0.012876000000687782,0.003839100001641782,0.00463570000101754,0.008474800002659322,0.006699800000205869,0.01517460000286519,0.028050600003552972,164294656
1110,1305031139.5834484,data\rgbd_dataset_freiburg1_xyz\rgb\1305031112.979278.png,data\rgbd_dataset_freiburg1_xyz\depth\1305031112.971164.png,0.008114099502563477,,717,0.01287659999979951,0.0036729999992530793,0.004897500000879518,0.008570500000132597,0.006646800000453368,0.015217300000585965,0.028093900000385474,164315136
1111,1305031139.6155233,data\rgbd_dataset_freiburg1_xyz\rgb\1305031113.011353.png,data\rgbd_dataset_freiburg1_xyz\depth\1305031113.007166.png,0.004187107086181641,,728,0.013184400000682217,0.0036605000004783506,0.004939099999319296,0.008599599999797647,0.006153599999379367,0.014753199999177014,0.02793759999985923,164319232
1112,1305031139.6474013,data\rgbd_dataset_freiburg1_xyz\rgb\1305031113.043231.png,data\rgbd_dataset_freiburg1_xyz\depth\1305031113.039492.png,0.0037391185760498047,,727,0.012965299998541013,0.003805399999691872,0.004683099999965634,0.008488499999657506,0.0061956999998074025,0.014684199999464909,0.027649499998005922,164327424
1113,1305031139.6834214,data\rgbd_dataset_freiburg1_xyz\rgb\1305031113.079251.png,data\rgbd_dataset_freiburg1_xyz\depth\1305031113.071210.png,0.008041143417358398,,737,0.012572700001328485,0.0038033000000723405,0.004597500001182198,0.008400800001254538,0.006859799999801908,0.015260600001056446,0.02783330000238493,164327424
1114,1305031139.7154863,data\rgbd_dataset_freiburg1_xyz\rgb\1305031113.111316.png,data\rgbd_dataset_freiburg1_xyz\depth\1305031113.107662.png,0.003654003143310547,,756,0.012822700000469922,0.003791600000113249,0.004737799999929848,0.008529400000043097,0.008972499999799766,0.017501899999842863,0.030324600000312785,164331520
1115,1305031139.7474763,data\rgbd_dataset_freiburg1_xyz\rgb\1305031113.143306.png,data\rgbd_dataset_freiburg1_xyz\depth\1305031113.139664.png,0.0036420822143554688,,804,0.012914700000692392,0.003842899999654037,0.005190400001083617,0.009033300000737654,0.006819099999120226,0.01585239999985788,0.028767100000550272,164352000
1116,1305031139.7835133,data\rgbd_dataset_freiburg1_xyz\rgb\1305031113.179343.png,data\rgbd_dataset_freiburg1_xyz\depth\1305031113.171088.png,0.0082550048828125,,793,0.012671499998759828,0.003873100000419072,0.004650499999115709,0.008523599999534781,0.006439400000090245,0.014962999999625026,0.027634499998384854,164380672
1117,1305031139.8154292,data\rgbd_dataset_freiburg1_xyz\rgb\1305031113.211259.png,data\rgbd_dataset_freiburg1_xyz\depth\1305031113.207181.png,0.004077911376953125,,802,0.012624300001334632,0.0036895000012009405,0.004491300000154297,0.008180800001355237,0.009280300000682473,0.01746110000203771,0.030085400003372342,164392960
1118,1305031139.8473973,data\rgbd_dataset_freiburg1_xyz\rgb\1305031113.243227.png,data\rgbd_dataset_freiburg1_xyz\depth\1305031113.239732.png,0.0034949779510498047,,804,0.01362390000031155,0.003857700001390185,0.00575600000047416,0.009613700001864345,0.0067845000012312084,0.016398200003095553,0.030022100003407104,161046528
1119,1305031139.8834822,data\rgbd_dataset_freiburg1_xyz\rgb\1305031113.279312.png,data\rgbd_dataset_freiburg1_xyz\depth\1305031113.271470.png,0.007841825485229492,,840,0.013294100001076004,0.003925099999833037,0.005094500000268454,0.009019600000101491,0.007033699999738019,0.01605329999983951,0.029347400000915513,163827712
1120,1305031139.9156222,data\rgbd_dataset_freiburg1_xyz\rgb\1305031113.311452.png,data\rgbd_dataset_freiburg1_xyz\depth\1305031113.307323.png,0.004128932952880859,,833,0.013325800000529853,0.003970799998569419,0.005001999999876716,0.008972799998446135,0.009097800000745337,0.018070599999191472,0.031396399999721325,163848192
1121,1305031139.9474223,data\rgbd_dataset_freiburg1_xyz\rgb\1305031113.343252.png,data\rgbd_dataset_freiburg1_xyz\depth\1305031113.339396.png,0.0038559436798095703,,873,0.012771900001098402,0.003985499999544118,0.005393399998865789,0.009378899998409906,0.006811600000219187,0.016190499998629093,0.028962399999727495,163864576
1122,1305031139.9834824,data\rgbd_dataset_freiburg1_xyz\rgb\1305031113.379312.png,data\rgbd_dataset_freiburg1_xyz\depth\1305031113.371377.png,0.007935047149658203,,922,0.012808399998903042,0.003917699999874458,0.005329699999492732,0.00924739999936719,0.007040500000584871,0.01628789999995206,0.029096299998855102,163880960
1123,1305031140.0157952,data\rgbd_dataset_freiburg1_xyz\rgb\1305031113.411625.png,data\rgbd_dataset_freiburg1_xyz\depth\1305031113.407351.png,0.004273891448974609,,931,0.01253770000039367,0.0036362999999255408,0.004483799999434268,0.008120099999359809,0.00692220000019006,0.015042299999549869,0.02757999999994354,163897344
1124,1305031140.0474362,data\rgbd_dataset_freiburg1_xyz\rgb\1305031113.443266.png,data\rgbd_dataset_freiburg1_xyz\depth\1305031113.439787.png,0.00347900390625,,974,0.012663199999224162,0.003827300000921241,0.005123000000821776,0.008950300001743017,0.006870399998661014,0.01582070000040403,0.028483899999628193,163897344
1125,1305031140.0834813,data\rgbd_dataset_freiburg1_xyz\rgb\1305031113.479311.png,data\rgbd_dataset_freiburg1_xyz\depth\1305031113.475657.png,0.003654003143310547,,971,0.01301909999892814,0.0038896000005479436,0.0049866999997902894,0.008876300000338233,0.010787199998958386,0.01966349999929662,0.03268259999822476,163913728
1126,1305031140.1156933,data\rgbd_dataset_freiburg1_xyz\rgb\1305031113.511523.png,data\rgbd_dataset_freiburg1_xyz\depth\1305031113.507987.png,0.0035359859466552734,,958,0.01521859999957087,0.00464050000118732,0.004811099999642465,0.009451600000829785,0.007476999999198597,0.016928600000028382,0.03214719999959925,163921920
1127,1305031140.1474123,data\rgbd_dataset_freiburg1_xyz\rgb\1305031113.543242.png,data\rgbd_dataset_freiburg1_xyz\depth\1305031113.539417.png,0.003824949264526367,,950,0.015215299999908893,0.0045680999992328,0.004778000000442262,0.009346099999675062,0.0071494000003440306,0.016495500000019092,0.031710799999927985,163926016
1128,1305031140.1834714,data\rgbd_dataset_freiburg1_xyz\rgb\1305031113.579301.png,data\rgbd_dataset_freiburg1_xyz\depth\1305031113.574964.png,0.0043370723724365234,,960,0.01427970000077039,0.0036545000002661254,0.004796299999725306,0.008450799999991432,0.007569999999759602,0.016020799999751034,0.030300500000521424,163934208
1129,1305031140.2154384,data\rgbd_dataset_freiburg1_xyz\rgb\1305031113.611268.png,data\rgbd_dataset_freiburg1_xyz\depth\1305031113.607216.png,0.004052162170410156,,974,0.013308400000823895,0.003772100000787759,0.0051806999999826076,0.008952800000770367,0.007360899999184767,0.016313699999955134,0.029622100000779028,163942400
1130,1305031140.2473924,data\rgbd_dataset_freiburg1_xyz\rgb\1305031113.643222.png,data\rgbd_dataset_freiburg1_xyz\depth\1305031113.638418.png,0.004804134368896484,,954,0.013129299999491195,0.0037859000003663823,0.005334499999662512,0.009120400000028894,0.0068061000001762295,0.015926500000205124,0.02905579999969632,163942400
1131,1305031140.2834582,data\rgbd_dataset_freiburg1_xyz\rgb\1305031113.679288.png,data\rgbd_dataset_freiburg1_xyz\depth\1305031113.674244.png,0.005043983459472656,,932,0.013056699999651755,0.0037104999992152443,0.005250700000033248,0.008961199999248493,0.006465499998739688,0.01542669999798818,0.028483399997639935,163958784
1132,1305031140.3161013,data\rgbd_dataset_freiburg1_xyz\rgb\1305031113.711931.png,data\rgbd_dataset_freiburg1_xyz\depth\1305031113.704256.png,0.0076749324798583984,,952,0.013104199999361299,0.003902999998899759,0.004797399999006302,0.008700399997906061,0.0066185000014229445,0.015318899999329005,0.028423099998690304,163966976
1133,1305031140.3477604,data\rgbd_dataset_freiburg1_xyz\rgb\1305031113.743590.png,data\rgbd_dataset_freiburg1_xyz\depth\1305031113.736263.png,0.007327079772949219,,946,0.01315720000093279,0.0036080000008951174,0.005052599999544327,0.008660600000439445,0.006728799999109469,0.015389399999548914,0.028546600000481703,163971072
1134,1305031140.3834903,data\rgbd_dataset_freiburg1_xyz\rgb\1305031113.779320.png,data\rgbd_dataset_freiburg1_xyz\depth\1305031113.774168.png,0.005151987075805664,,949,0.013125900000886759,0.0036211999995430233,0.005321299999195617,0.00894249999873864,0.00677210000139894,0.01571460000013758,0.02884050000102434,163971072
1135,1305031140.4154074,data\rgbd_dataset_freiburg1_xyz\rgb\1305031113.811237.png,data\rgbd_dataset_freiburg1_xyz\depth\1305031113.805795.png,0.005442142486572266,,963,0.013160700000298675,0.003591200000300887,0.0052453999996942,0.008836599999995087,0.006972700000915211,0.015809300000910298,0.028970000001208973,163991552
1136,1305031140.4474654,data\rgbd_dataset_freiburg1_xyz\rgb\1305031113.843295.png,data\rgbd_dataset_freiburg1_xyz\depth\1305031113.838437.png,0.0048580169677734375,,986,0.013233199999376666,0.003518100000292179,0.005124600000272039,0.008642700000564218,0.006993599999987055,0.015636300000551273,0.02886949999992794,163999744
1137,1305031140.4834514,data\rgbd_dataset_freiburg1_xyz\rgb\1305031113.879281.png,data\rgbd_dataset_freiburg1_xyz\depth\1305031113.874200.png,0.0050809383392333984,,1010,0.01257649999934074,0.003603000001021428,0.005319500000041444,0.008922500001062872,0.0069541000011668075,0.01587660000222968,0.02845310000157042,164003840
1138,1305031140.5154603,data\rgbd_dataset_freiburg1_xyz\rgb\1305031113.911290.png,data\rgbd_dataset_freiburg1_xyz\depth\1305031113.906361.png,0.0049288272857666016,,1037,0.012979700000869343,0.0036615999997593462,0.004971700000169221,0.008633299999928568,0.006711300000461051,0.015344600000389619,0.028324300001258962,164007936
1139,1305031140.5474613,data\rgbd_dataset_freiburg1_xyz\rgb\1305031113.943291.png,data\rgbd_dataset_freiburg1_xyz\depth\1305031113.938561.png,0.0047299861907958984,,1039,0.012916600000608014,0.003722100000231876,0.004772999998749583,0.008495099998981459,0.006894500000271364,0.015389599999252823,0.028306199999860837,164016128
1140,1305031140.5834634,data\rgbd_dataset_freiburg1_xyz\rgb\1305031113.979293.png,data\rgbd_dataset_freiburg1_xyz\depth\1305031113.974245.png,0.005048036575317383,,1043,0.013257099999464117,0.0035176000001229113,0.005316099999618018,0.00883369999974093,0.006683999999950174,0.015517699999691104,0.02877479999915522,164036608
1141,1305031140.6154273,data\rgbd_dataset_freiburg1_xyz\rgb\1305031114.011257.png,data\rgbd_dataset_freiburg1_xyz\depth\1305031114.007082.png,0.004174947738647461,,1082,0.012707699999737088,0.003700100000060047,0.00495260000025155,0.008652700000311597,0.006889800000863033,0.01554250000117463,0.028250200000911718,164044800
1142,1305031140.6474714,data\rgbd_dataset_freiburg1_xyz\rgb\1305031114.043301.png,data\rgbd_dataset_freiburg1_xyz\depth\1305031114.038546.png,0.0047550201416015625,,1115,0.012804899999537156,0.003703700000187382,0.005191599999307073,0.008895299999494455,0.007344800000282703,0.016240099999777158,0.029044999999314314,164081664
1143,1305031140.6834552,data\rgbd_dataset_freiburg1_xyz\rgb\1305031114.079285.png,data\rgbd_dataset_freiburg1_xyz\depth\1305031114.074298.png,0.004987001419067383,,1156,0.013096499998937361,0.003689299999678042,0.0054698000003554625,0.009159100000033504,0.007157599999118247,0.01631669999915175,0.029413199998089112,163684352
1144,1305031140.7154334,data\rgbd_dataset_freiburg1_xyz\rgb\1305031114.111263.png,data\rgbd_dataset_freiburg1_xyz\depth\1305031114.106402.png,0.004861116409301758,,1196,0.013350299999729032,0.003878600000462029,0.005358300000807503,0.009236900001269532,0.008065399999395595,0.017302300000665127,0.03065260000039416,164704256
1145,1305031140.7474544,data\rgbd_dataset_freiburg1_xyz\rgb\1305031114.143284.png,data\rgbd_dataset_freiburg1_xyz\depth\1305031114.138562.png,0.004722118377685547,,1240,0.013102099999741768,0.003707100000610808,0.005143399999724352,0.00885050000033516,0.007736100000329316,0.016586600000664475,0.029688700000406243,164708352
1146,1305031140.7835073,data\rgbd_dataset_freiburg1_xyz\rgb\1305031114.179337.png,data\rgbd_dataset_freiburg1_xyz\depth\1305031114.174114.png,0.00522303581237793,,1300,0.013059000000794185,0.0035783999992418103,0.005132799999046256,0.008711199998288066,0.007858700000724639,0.016569899999012705,0.02962889999980689,164716544
1147,1305031140.8154733,data\rgbd_dataset_freiburg1_xyz\rgb\1305031114.211303.png,data\rgbd_dataset_freiburg1_xyz\depth\1305031114.206255.png,0.005048036575317383,,1319,0.013011600000027101,0.0036975999992137076,0.005070900000646361,0.008768499999860069,0.008508600001732702,0.01727710000159277,0.030288700001619873,164720640
1148,1305031140.8475072,data\rgbd_dataset_freiburg1_xyz\rgb\1305031114.243337.png,data\rgbd_dataset_freiburg1_xyz\depth\1305031114.238473.png,0.0048639774322509766,,1338,0.012906400001156726,0.0036194999993313104,0.005439399999886518,0.009058899999217829,0.006957499999771244,0.016016399998989073,0.0289228000001458,164728832
1149,1305031140.8835604,data\rgbd_dataset_freiburg1_xyz\rgb\1305031114.279390.png,data\rgbd_dataset_freiburg1_xyz\depth\1305031114.271075.png,0.008315086364746094,,1396,0.012797900000805384,0.003628700000263052,0.005018300000301679,0.00864700000056473,0.008163599999534199,0.01681060000009893,0.029608500000904314,164745216
1150,1305031140.9155993,data\rgbd_dataset_freiburg1_xyz\rgb\1305031114.311429.png,data\rgbd_dataset_freiburg1_xyz\depth\1305031114.306710.png,0.0047190189361572266,,1438,0.012911599998915335,0.0037169999995967373,0.005450799999380251,0.009167799998976989,0.008404899999732152,0.01757269999870914,0.030484299997624476,164765696
1151,1305031140.9475014,data\rgbd_dataset_freiburg1_xyz\rgb\1305031114.343331.png,data\rgbd_dataset_freiburg1_xyz\depth\1305031114.338919.png,0.004412174224853516,,1460,0.015350600000601844,0.003900600000633858,0.005263600000034785,0.009164200000668643,0.007853999999497319,0.01701820000016596,0.032368800000767806,164773888
1152,1305031140.9834902,data\rgbd_dataset_freiburg1_xyz\rgb\1305031114.379320.png,data\rgbd_dataset_freiburg1_xyz\depth\1305031114.374307.png,0.005012989044189453,,1485,0.013204400000176975,0.0037092999991727993,0.005411699999967823,0.009120999999140622,0.007703499999479391,0.016824499998620013,0.030028899998796987,164786176
1153,1305031141.0155673,data\rgbd_dataset_freiburg1_xyz\rgb\1305031114.411397.png,data\rgbd_dataset_freiburg1_xyz\depth\1305031114.406591.png,0.004806041717529297,,1500,0.01301690000036615,0.0036849999996775296,0.005081400000563008,0.008766400000240537,0.007796899999448215,0.016563299999688752,0.0295802000000549,164790272
1154,1305031141.0475154,data\rgbd_dataset_freiburg1_xyz\rgb\1305031114.443345.png,data\rgbd_dataset_freiburg1_xyz\depth\1305031114.438540.png,0.004805088043212891,,1548,0.01293430000077933,0.003827300000921241,0.005445000000690925,0.009272300001612166,0.00845120000121824,0.017723500002830406,0.030657800003609736,164806656
1155,1305031141.0835023,data\rgbd_dataset_freiburg1_xyz\rgb\1305031114.479332.png,data\rgbd_dataset_freiburg1_xyz\depth\1305031114.474489.png,0.004842996597290039,,1580,0.012789099999281461,0.0038354000007529976,0.005967999999484164,0.009803400000237161,0.009262999999918975,0.019066400000156136,0.0318554999994376,164352000
1156,1305031141.1154363,data\rgbd_dataset_freiburg1_xyz\rgb\1305031114.511266.png,data\rgbd_dataset_freiburg1_xyz\depth\1305031114.506573.png,0.004693031311035156,,1638,0.013272600001073442,0.003951699998651748,0.005224200000156998,0.009175899998808745,0.008940899999288376,0.01811679999809712,0.031389399999170564,164990976
1157,1305031141.1474063,data\rgbd_dataset_freiburg1_xyz\rgb\1305031114.543236.png,data\rgbd_dataset_freiburg1_xyz\depth\1305031114.539953.png,0.0032830238342285156,,1666,0.013329199999134289,0.004029900001114584,0.006061199999749078,0.010091100000863662,0.009105799999815645,0.019196900000679307,0.032526099999813596,164421632
1158,1305031141.1834073,data\rgbd_dataset_freiburg1_xyz\rgb\1305031114.579237.png,data\rgbd_dataset_freiburg1_xyz\depth\1305031114.575185.png,0.004051923751831055,,1650,0.014132800000879797,0.004007499999715947,0.005879100001038751,0.009886600000754697,0.009222600001521641,0.01910920000227634,0.033242000003156136,165003264
1159,1305031141.2155614,data\rgbd_dataset_freiburg1_xyz\rgb\1305031114.611391.png,data\rgbd_dataset_freiburg1_xyz\depth\1305031114.607560.png,0.003831148147583008,,1634,0.013630599998577964,0.003974999999627471,0.005462299999635434,0.009437299999262905,0.008319900000060443,0.017757199999323348,0.03138779999790131,165003264
1160,1305031141.2483063,data\rgbd_dataset_freiburg1_xyz\rgb\1305031114.644136.png,data\rgbd_dataset_freiburg1_xyz\depth\1305031114.644150.png,1.4066696166992188e-05,,1643,0.01352010000118753,0.003916899999239831,0.005673400000887341,0.009590300000127172,0.012529300000096555,0.022119600000223727,0.035639700001411256,164503552
1161,1305031141.2834213,data\rgbd_dataset_freiburg1_xyz\rgb\1305031114.679251.png,data\rgbd_dataset_freiburg1_xyz\depth\1305031114.675655.png,0.003596067428588867,,1674,0.013712100000702776,0.004090899999937392,0.005195100000491948,0.00928600000042934,0.008816100000331062,0.0181021000007604,0.03181420000146318,165122048
1162,1305031141.3154764,data\rgbd_dataset_freiburg1_xyz\rgb\1305031114.711306.png,data\rgbd_dataset_freiburg1_xyz\depth\1305031114.706141.png,0.00516510009765625,,1702,0.01337959999909799,0.003974499999458203,0.005664199999955599,0.009638699999413802,0.008925199999794131,0.018563899999207933,0.031943499998305924,165134336
1163,1305031141.3473704,data\rgbd_dataset_freiburg1_xyz\rgb\1305031114.743200.png,data\rgbd_dataset_freiburg1_xyz\depth\1305031114.743276.png,7.581710815429688e-05,,1672,0.01582559999951627,0.004659399999582092,0.005462600000100792,0.010121999999682885,0.008203800000046613,0.018325799999729497,0.03415139999924577,164683776
1164,1305031141.3834593,data\rgbd_dataset_freiburg1_xyz\rgb\1305031114.779289.png,data\rgbd_dataset_freiburg1_xyz\depth\1305031114.774847.png,0.004441976547241211,,1671,0.01348389999839128,0.0040304000012838515,0.005508099999133265,0.009538500000417116,0.008519700000761077,0.018058200001178193,0.03154209999956947,165306368
1165,1305031141.4154732,data\rgbd_dataset_freiburg1_xyz\rgb\1305031114.811303.png,data\rgbd_dataset_freiburg1_xyz\depth\1305031114.807310.png,0.003992795944213867,,1646,0.013463299999784795,0.0038325999994412996,0.005303800000547199,0.009136399999988498,0.007833699999537203,0.0169700999995257,0.030433399999310495,164728832
1166,1305031141.4473784,data\rgbd_dataset_freiburg1_xyz\rgb\1305031114.843208.png,data\rgbd_dataset_freiburg1_xyz\depth\1305031114.842137.png,0.0010709762573242188,,1656,0.013585000000603031,0.00378649999947811,0.005655499999193125,0.009441999998671236,0.0077044000008754665,0.017146399999546702,0.030731400000149733,165355520
1167,1305031141.4834514,data\rgbd_dataset_freiburg1_xyz\rgb\1305031114.879281.png,data\rgbd_dataset_freiburg1_xyz\depth\1305031114.875056.png,0.004225015640258789,,1627,0.013450100001136889,0.004582200001095771,0.005387799999880372,0.009970000000976142,0.008007700000234763,0.017977700001210906,0.031427800002347794,165359616
1168,1305031141.5170493,data\rgbd_dataset_freiburg1_xyz\rgb\1305031114.912879.png,data\rgbd_dataset_freiburg1_xyz\depth\1305031114.907504.png,0.005374908447265625,,1630,0.013380599999436527,0.003722800000105053,0.005662599998686346,0.0093853999987914,0.00791649999882793,0.01730189999761933,0.030682499997055857,165371904
1169,1305031141.5474043,data\rgbd_dataset_freiburg1_xyz\rgb\1305031114.943234.png,data\rgbd_dataset_freiburg1_xyz\depth\1305031114.943264.png,3.0040740966796875e-05,,1643,0.01298040000074252,0.0038289999993139645,0.005254699999568402,0.009083699998882366,0.007595899998705136,0.016679599997587502,0.029659999998330022,165371904
1170,1305031141.5834503,data\rgbd_dataset_freiburg1_xyz\rgb\1305031114.979280.png,data\rgbd_dataset_freiburg1_xyz\depth\1305031114.975411.png,0.0038690567016601562,,1660,0.013547800001106225,0.0038699000015185447,0.005054100000052131,0.008924000001570676,0.008043699999689125,0.0169677000012598,0.030515500002366025,164839424
1171,1305031141.6154704,data\rgbd_dataset_freiburg1_xyz\rgb\1305031115.011300.png,data\rgbd_dataset_freiburg1_xyz\depth\1305031115.007179.png,0.004121065139770508,,1608,0.013107099999615457,0.00394869999945513,0.005118999999467633,0.009067699998922762,0.007961199999044766,0.017028899997967528,0.030135999997582985,164327424
1172,1305031141.6476784,data\rgbd_dataset_freiburg1_xyz\rgb\1305031115.043508.png,data\rgbd_dataset_freiburg1_xyz\depth\1305031115.043530.png,2.193450927734375e-05,,1579,0.013360000000830041,0.003905499999746098,0.005246500000794185,0.009152000000540284,0.008016600000701146,0.01716860000124143,0.03052860000207147,164331520
1173,1305031141.6834083,data\rgbd_dataset_freiburg1_xyz\rgb\1305031115.079238.png,data\rgbd_dataset_freiburg1_xyz\depth\1305031115.071577.png,0.007660865783691406,,1549,0.01389750000089407,0.003816000000369968,0.005483700000695535,0.009299700001065503,0.009412600000359816,0.01871230000142532,0.03260980000231939,161742848
1174,1305031141.7154002,data\rgbd_dataset_freiburg1_xyz\rgb\1305031115.111230.png,data\rgbd_dataset_freiburg1_xyz\depth\1305031115.107074.png,0.004155874252319336,,1518,0.014334900000903872,0.004511799999818322,0.005520299999261624,0.010032099999079946,0.008060899999691173,0.01809299999877112,0.03242789999967499,163725312
1175,1305031141.7474453,data\rgbd_dataset_freiburg1_xyz\rgb\1305031115.143275.png,data\rgbd_dataset_freiburg1_xyz\depth\1305031115.143294.png,1.9073486328125e-05,,1453,0.01339430000007269,0.0039378000001306646,0.005006699999285047,0.008944499999415711,0.008321900000737514,0.017266400000153226,0.030660700000225916,164610048
1176,1305031141.7836103,data\rgbd_dataset_freiburg1_xyz\rgb\1305031115.179440.png,data\rgbd_dataset_freiburg1_xyz\depth\1305031115.172642.png,0.0067980289459228516,,1372,0.01353939999899012,0.0037826999996468658,0.005349799999748939,0.009132499999395804,0.00831809999908728,0.017450599998483085,0.030989999997473205,164028416
1177,1305031141.8155444,data\rgbd_dataset_freiburg1_xyz\rgb\1305031115.211374.png,data\rgbd_dataset_freiburg1_xyz\depth\1305031115.206453.png,0.00492095947265625,,1366,0.012850600000092527,0.0037413999998534564,0.005179300000236253,0.00892070000008971,0.00842229999943811,0.01734299999952782,0.030193599999620346,164732928
1178,1305031141.8474674,data\rgbd_dataset_freiburg1_xyz\rgb\1305031115.243297.png,data\rgbd_dataset_freiburg1_xyz\depth\1305031115.240975.png,0.0023221969604492188,,1318,0.012771499999871594,0.003902399999788031,0.00512699999853794,0.009029399998325971,0.0076420000004873145,0.016671399998813285,0.02944289999868488,164749312
1179,1305031141.8841364,data\rgbd_dataset_freiburg1_xyz\rgb\1305031115.279966.png,data\rgbd_dataset_freiburg1_xyz\depth\1305031115.273468.png,0.006498098373413086,,1309,0.012889799998447415,0.003846400000838912,0.004790200000570621,0.008636600001409533,0.007439499999236432,0.016076100000645965,0.02896589999909338,164278272
1180,1305031141.9158742,data\rgbd_dataset_freiburg1_xyz\rgb\1305031115.311704.png,data\rgbd_dataset_freiburg1_xyz\depth\1305031115.305534.png,0.006170034408569336,,1291,0.013165299998945557,0.003854799999317038,0.004963499999576015,0.008818299998893053,0.007987500001036096,0.01680579999992915,0.029971099998874706,164896768
1181,1305031141.9474053,data\rgbd_dataset_freiburg1_xyz\rgb\1305031115.343235.png,data\rgbd_dataset_freiburg1_xyz\depth\1305031115.343426.png,0.00019097328186035156,,1244,0.012806799999452778,0.003831400001217844,0.005298399999446701,0.009129800000664545,0.011188600001332816,0.02031840000199736,0.03312520000145014,164921344
1182,1305031141.9833362,data\rgbd_dataset_freiburg1_xyz\rgb\1305031115.379166.png,data\rgbd_dataset_freiburg1_xyz\depth\1305031115.375054.png,0.0041120052337646484,,1210,0.013170599999284605,0.0038427999988925876,0.0051693000004888745,0.009012099999381462,0.008923800000047777,0.01793589999942924,0.031106499998713844,164978688
1183,1305031142.0154073,data\rgbd_dataset_freiburg1_xyz\rgb\1305031115.411237.png,data\rgbd_dataset_freiburg1_xyz\depth\1305031115.406164.png,0.005073070526123047,,1087,0.013304299998708302,0.0036187999994581332,0.004974100000254111,0.008592899999712245,0.006901300001118216,0.01549420000083046,0.028798499999538762,164995072
1184,1305031142.0473294,data\rgbd_dataset_freiburg1_xyz\rgb\1305031115.443159.png,data\rgbd_dataset_freiburg1_xyz\depth\1305031115.443040.png,0.00011920928955078125,,1083,0.012975999999980559,0.003689200000735582,0.004829500001505949,0.00851870000224153,0.006433999998989748,0.014952700001231278,0.027928700001211837,164995072
1185,1305031142.0834112,data\rgbd_dataset_freiburg1_xyz\rgb\1305031115.479241.png,data\rgbd_dataset_freiburg1_xyz\depth\1305031115.474863.png,0.004377841949462891,,1056,0.012706800000160001,0.003748900000573485,0.005317899998772191,0.009066799999345676,0.007152199999836739,0.016218999999182415,0.028925799999342416,165007360
1186,1305031142.1154234,data\rgbd_dataset_freiburg1_xyz\rgb\1305031115.511253.png,data\rgbd_dataset_freiburg1_xyz\depth\1305031115.507440.png,0.003813028335571289,,1034,0.013797499999782303,0.003747000000657863,0.0051057000000582775,0.00885270000071614,0.007087800000590505,0.015940500001306646,0.02973800000108895,165015552
1187,1305031142.1477742,data\rgbd_dataset_freiburg1_xyz\rgb\1305031115.543604.png,data\rgbd_dataset_freiburg1_xyz\depth\1305031115.543620.png,1.621246337890625e-05,,951,0.012450000000171713,0.00352759999987029,0.005075199998827884,0.008602799998698174,0.007328299998334842,0.015931099997033016,0.02838109999720473,165072896
1188,1305031142.1834853,data\rgbd_dataset_freiburg1_xyz\rgb\1305031115.579315.png,data\rgbd_dataset_freiburg1_xyz\depth\1305031115.575290.png,0.004024982452392578,,912,0.012717999999949825,0.0038567999999941094,0.005258199998934288,0.009114999998928397,0.007165499999246094,0.01628049999817449,0.028998499998124316,165097472
1189,1305031142.2155943,data\rgbd_dataset_freiburg1_xyz\rgb\1305031115.611424.png,data\rgbd_dataset_freiburg1_xyz\depth\1305031115.607428.png,0.0039958953857421875,,871,0.01253530000030878,0.0037975999985064846,0.005217100000663777,0.009014699999170261,0.007550000000264845,0.016564699999435106,0.029099999999743886,165146624
1190,1305031142.2474244,data\rgbd_dataset_freiburg1_xyz\rgb\1305031115.643254.png,data\rgbd_dataset_freiburg1_xyz\depth\1305031115.643254.png,0.0,,848,0.012668999999732478,0.003757999998924788,0.00496000000021013,0.008717999999134918,0.0076289999997243285,0.016346999998859246,0.029015999998591724,165150720
1191,1305031142.2834113,data\rgbd_dataset_freiburg1_xyz\rgb\1305031115.679241.png,data\rgbd_dataset_freiburg1_xyz\depth\1305031115.675106.png,0.0041348934173583984,,790,0.01295389999904728,0.0038829000004625414,0.004493300000831368,0.00837620000129391,0.007094900000083726,0.015471100001377636,0.028425000000424916,165208064
1192,1305031142.3154902,data\rgbd_dataset_freiburg1_xyz\rgb\1305031115.711320.png,data\rgbd_dataset_freiburg1_xyz\depth\1305031115.706301.png,0.005018949508666992,,802,0.012614600000233622,0.003663299999971059,0.00483170000006794,0.008495000000039,0.006604199999856064,0.015099199999895063,0.027713800000128685,165212160
1193,1305031142.3474202,data\rgbd_dataset_freiburg1_xyz\rgb\1305031115.743250.png,data\rgbd_dataset_freiburg1_xyz\depth\1305031115.742905.png,0.00034499168395996094,,813,0.012655599999561673,0.0038071999988460448,0.004940799999531009,0.008747999998377054,0.007154100001571351,0.015902099999948405,0.028557699999510078,165216256
1194,1305031142.3835952,data\rgbd_dataset_freiburg1_xyz\rgb\1305031115.779425.png,data\rgbd_dataset_freiburg1_xyz\depth\1305031115.774329.png,0.005095958709716797,,778,0.015211500000077649,0.004539899999144836,0.005071499999758089,0.009611399998902925,0.009154100000159815,0.01876549999906274,0.03397699999914039,165232640
1195,1305031142.4154472,data\rgbd_dataset_freiburg1_xyz\rgb\1305031115.811277.png,data\rgbd_dataset_freiburg1_xyz\depth\1305031115.806425.png,0.004851818084716797,,799,0.01283030000013241,0.0036987999992561527,0.004813899999135174,0.008512699998391327,0.007946300000185147,0.016458999998576473,0.029289299998708884,165240832
1196,1305031142.4473944,data\rgbd_dataset_freiburg1_xyz\rgb\1305031115.843224.png,data\rgbd_dataset_freiburg1_xyz\depth\1305031115.841936.png,0.0012879371643066406,,780,0.012950800000908202,0.0035779999998339918,0.005480399999214569,0.00905839999904856,0.010077300001285039,0.0191357000003336,0.0320865000012418,165253120
1197,1305031142.4833684,data\rgbd_dataset_freiburg1_xyz\rgb\1305031115.879198.png,data\rgbd_dataset_freiburg1_xyz\depth\1305031115.875347.png,0.003851175308227539,,761,0.013005199998588068,0.003912000000127591,0.004889599998932681,0.008801599999060272,0.006514699998660944,0.015316299997721217,0.028321499996309285,164683776
1198,1305031142.5152884,data\rgbd_dataset_freiburg1_xyz\rgb\1305031115.911118.png,data\rgbd_dataset_freiburg1_xyz\depth\1305031115.910716.png,0.0004019737243652344,,773,0.013356999999814434,0.0038081000002421206,0.005062900001576054,0.008871000001818174,0.007246099999974831,0.016117100001793006,0.02947410000160744,165310464
1199,1305031142.5474813,data\rgbd_dataset_freiburg1_xyz\rgb\1305031115.943311.png,data\rgbd_dataset_freiburg1_xyz\depth\1305031115.942015.png,0.0012960433959960938,,756,0.012833400000090478,0.0038461999993160134,0.005507199999556178,0.009353399998872192,0.006564999999682186,0.015918399998554378,0.028751799998644856,165314560
1200,1305031142.5849104,data\rgbd_dataset_freiburg1_xyz\rgb\1305031115.980740.png,data\rgbd_dataset_freiburg1_xyz\depth\1305031115.973799.png,0.006941080093383789,,739,0.01308950000020559,0.003787699999520555,0.005146900000909227,0.008934600000429782,0.0073154999990947545,0.016250099999524537,0.029339599999730126,165326848
1201,1305031142.6155493,data\rgbd_dataset_freiburg1_xyz\rgb\1305031116.011379.png,data\rgbd_dataset_freiburg1_xyz\depth\1305031116.010843.png,0.0005359649658203125,,709,0.012787300000127289,0.0038039000010030577,0.005243599998721038,0.009047499999724096,0.006487000000561238,0.015534500000285334,0.028321800000412622,165343232
1202,1305031142.6473343,data\rgbd_dataset_freiburg1_xyz\rgb\1305031116.043164.png,data\rgbd_dataset_freiburg1_xyz\depth\1305031116.042618.png,0.0005459785461425781,,680,0.01350060000004305,0.003927399999156478,0.004888499999651685,0.008815899998808163,0.006601799999771174,0.015417699998579337,0.028918299998622388,165355520
1203,1305031142.6842003,data\rgbd_dataset_freiburg1_xyz\rgb\1305031116.080030.png,data\rgbd_dataset_freiburg1_xyz\depth\1305031116.071527.png,0.008502960205078125,,636,0.01226200000019162,0.0038260000001173466,0.004650099999707891,0.008476099999825237,0.006212600001163082,0.01468870000098832,0.02695070000117994,165359616
1204,1305031142.7154703,data\rgbd_dataset_freiburg1_xyz\rgb\1305031116.111300.png,data\rgbd_dataset_freiburg1_xyz\depth\1305031116.108247.png,0.003052949905395508,,614,0.012772199999744771,0.003934600001230137,0.00496960000054969,0.008904200001779827,0.006411499998648651,0.015315700000428478,0.02808790000017325,165363712
1205,1305031142.7476113,data\rgbd_dataset_freiburg1_xyz\rgb\1305031116.143441.png,data\rgbd_dataset_freiburg1_xyz\depth\1305031116.143447.png,5.9604644775390625e-06,,602,0.012929000000440283,0.003867299999910756,0.005025899999964167,0.008893199999874923,0.006523800000650226,0.01541700000052515,0.028346000000965432,165367808
1206,1305031142.7837424,data\rgbd_dataset_freiburg1_xyz\rgb\1305031116.179572.png,data\rgbd_dataset_freiburg1_xyz\depth\1305031116.174891.png,0.004681110382080078,,587,0.012299199999688426,0.0037150000007386552,0.004815299998881528,0.008530299999620183,0.008902800000214484,0.017433099999834667,0.029732299999523093,165367808
1207,1305031142.8154693,data\rgbd_dataset_freiburg1_xyz\rgb\1305031116.211299.png,data\rgbd_dataset_freiburg1_xyz\depth\1305031116.211320.png,2.09808349609375e-05,,562,0.012673500001255888,0.0038354000007529976,0.004674800000429968,0.008510200001182966,0.006503399999928661,0.015013600001111627,0.027687100002367515,165384192
1208,1305031142.8474903,data\rgbd_dataset_freiburg1_xyz\rgb\1305031116.243320.png,data\rgbd_dataset_freiburg1_xyz\depth\1305031116.242720.png,0.0006000995635986328,,568,0.012697699999989709,0.003857000001517008,0.005273199998555356,0.009130200000072364,0.005904300000111107,0.01503450000018347,0.02773220000017318,165388288
1209,1305031142.8835554,data\rgbd_dataset_freiburg1_xyz\rgb\1305031116.279385.png,data\rgbd_dataset_freiburg1_xyz\depth\1305031116.274421.png,0.004964113235473633,,569,0.012462000000596163,0.0037992999987181975,0.004802800000106799,0.008602099998824997,0.006435600000259001,0.015037699999083998,0.02749969999968016,165388288
1210,1305031142.9155064,data\rgbd_dataset_freiburg1_xyz\rgb\1305031116.311336.png,data\rgbd_dataset_freiburg1_xyz\depth\1305031116.310686.png,0.0006499290466308594,,573,0.012780200000634068,0.004075000000739237,0.004823900000701542,0.00889890000144078,0.008477499999571592,0.01737640000101237,0.03015660000164644,165396480
1211,1305031142.9474623,data\rgbd_dataset_freiburg1_xyz\rgb\1305031116.343292.png,data\rgbd_dataset_freiburg1_xyz\depth\1305031116.342459.png,0.0008330345153808594,,576,0.012763099999574479,0.003823799999736366,0.004515900000114925,0.008339699999851291,0.0062878999997337814,0.014627599999585073,0.02739069999915955,165400576
1212,1305031142.9835544,data\rgbd_dataset_freiburg1_xyz\rgb\1305031116.379384.png,data\rgbd_dataset_freiburg1_xyz\depth\1305031116.374490.png,0.0048940181732177734,,558,0.01330480000069656,0.003769099999772152,0.005308899999363348,0.0090779999991355,0.006179699999847799,0.015257699998983298,0.028562499999679858,165408768
1213,1305031143.0155034,data\rgbd_dataset_freiburg1_xyz\rgb\1305031116.411333.png,data\rgbd_dataset_freiburg1_xyz\depth\1305031116.409631.png,0.0017020702362060547,,562,0.013168200001018704,0.003796900000452297,0.004786999999851105,0.008583900000303402,0.006259400000999449,0.01484330000130285,0.028011500002321554,165421056
1214,1305031143.0475392,data\rgbd_dataset_freiburg1_xyz\rgb\1305031116.443369.png,data\rgbd_dataset_freiburg1_xyz\depth\1305031116.442496.png,0.0008728504180908203,,567,0.013005400000110967,0.003936900000553578,0.004857100000663195,0.008794000001216773,0.006210399998963112,0.015004400000179885,0.028009800000290852,165425152
1215,1305031143.0840204,data\rgbd_dataset_freiburg1_xyz\rgb\1305031116.479850.png,data\rgbd_dataset_freiburg1_xyz\depth\1305031116.473394.png,0.006456136703491211,,558,0.013119600000209175,0.003923199999917415,0.004801900000529713,0.008725100000447128,0.00641899999936868,0.015144099999815808,0.028263700000024983,165429248
1216,1305031143.1153753,data\rgbd_dataset_freiburg1_xyz\rgb\1305031116.511205.png,data\rgbd_dataset_freiburg1_xyz\depth\1305031116.510576.png,0.0006289482116699219,,557,0.013082699999358738,0.0038463999990199227,0.004706800000349176,0.008553199999369099,0.00660030000108236,0.015153500000451459,0.028236199999810196,165441536
1217,1305031143.1474323,data\rgbd_dataset_freiburg1_xyz\rgb\1305031116.543262.png,data\rgbd_dataset_freiburg1_xyz\depth\1305031116.542695.png,0.0005669593811035156,,551,0.013240099999165977,0.0038960000001679873,0.005432699999801116,0.009328699999969103,0.00717860000077053,0.016507300000739633,0.02974739999990561,165441536
1218,1305031143.1834834,data\rgbd_dataset_freiburg1_xyz\rgb\1305031116.579313.png,data\rgbd_dataset_freiburg1_xyz\depth\1305031116.574389.png,0.00492405891418457,,543,0.012759499999447144,0.0038062000003264984,0.004611300000760821,0.008417500001087319,0.005510000000867876,0.013927500001955195,0.02668700000140234,165449728
1219,1305031143.2154312,data\rgbd_dataset_freiburg1_xyz\rgb\1305031116.611261.png,data\rgbd_dataset_freiburg1_xyz\depth\1305031116.610891.png,0.00036978721618652344,,552,0.01298760000099719,0.004269400000339374,0.004961200000252575,0.009230600000591949,0.00905860000057146,0.018289200001163408,0.0312768000021606,165453824
1220,1305031143.2475252,data\rgbd_dataset_freiburg1_xyz\rgb\1305031116.643355.png,data\rgbd_dataset_freiburg1_xyz\depth\1305031116.642664.png,0.0006909370422363281,,574,0.013083499999993364,0.0038945999986026436,0.004568799999105977,0.00846339999770862,0.005728599999201833,0.014191999996910454,0.027275499996903818,165453824
1221,1305031143.2834513,data\rgbd_dataset_freiburg1_xyz\rgb\1305031116.679281.png,data\rgbd_dataset_freiburg1_xyz\depth\1305031116.674523.png,0.004757881164550781,,563,0.012710499999229796,0.003941699998904369,0.004665000000386499,0.008606699999290868,0.006076100000427687,0.014682799999718554,0.02739329999894835,165457920
1222,1305031143.3158042,data\rgbd_dataset_freiburg1_xyz\rgb\1305031116.711634.png,data\rgbd_dataset_freiburg1_xyz\depth\1305031116.710942.png,0.0006918907165527344,,591,0.012600100000781822,0.003775000001041917,0.00477590000082273,0.008550900001864647,0.008479600001010112,0.01703050000287476,0.029630600003656582,165466112
1223,1305031143.3474612,data\rgbd_dataset_freiburg1_xyz\rgb\1305031116.743291.png,data\rgbd_dataset_freiburg1_xyz\depth\1305031116.740575.png,0.0027158260345458984,,584,0.012746599999445607,0.0036791000002267538,0.005410499999925378,0.009089600000152132,0.006630500000028405,0.015720100000180537,0.028466699999626144,165466112
1224,1305031143.3834684,data\rgbd_dataset_freiburg1_xyz\rgb\1305031116.779298.png,data\rgbd_dataset_freiburg1_xyz\depth\1305031116.775059.png,0.004239082336425781,,603,0.015451700000994606,0.00484610000057728,0.004803899999387795,0.009649999999965075,0.006332299999485258,0.015982299999450333,0.03143400000044494,165478400
1225,1305031143.4154882,data\rgbd_dataset_freiburg1_xyz\rgb\1305031116.811318.png,data\rgbd_dataset_freiburg1_xyz\depth\1305031116.811343.png,2.5033950805664062e-05,,615,0.012369300000500516,0.0038122000005387235,0.004973799999788753,0.008786000000327476,0.006458700001530815,0.015244700001858291,0.027614000002358807,165490688
1226,1305031143.4502592,data\rgbd_dataset_freiburg1_xyz\rgb\1305031116.846089.png,data\rgbd_dataset_freiburg1_xyz\depth\1305031116.840370.png,0.00571894645690918,,638,0.012571299999763141,0.0036909000009472948,0.005220299999564304,0.008911200000511599,0.006971499999053776,0.015882699999565375,0.028453999999328516,165494784
1227,1305031143.4843354,data\rgbd_dataset_freiburg1_xyz\rgb\1305031116.880165.png,data\rgbd_dataset_freiburg1_xyz\depth\1305031116.871726.png,0.008439064025878906,,639,0.012528499999461928,0.0038586000009672716,0.004821000000447384,0.008679600001414656,0.006465099999331869,0.015144700000746525,0.027673200000208453,165502976
1228,1305031143.5162144,data\rgbd_dataset_freiburg1_xyz\rgb\1305031116.912044.png,data\rgbd_dataset_freiburg1_xyz\depth\1305031116.907955.png,0.0040891170501708984,,661,0.012641299999813782,0.003846599998723832,0.0047998999998526415,0.008646499998576473,0.006782700000258046,0.01542919999883452,0.0280704999986483,165523456
1229,1305031143.5474663,data\rgbd_dataset_freiburg1_xyz\rgb\1305031116.943296.png,data\rgbd_dataset_freiburg1_xyz\depth\1305031116.940626.png,0.0026700496673583984,,665,0.012742900000375812,0.0037323000015021535,0.004730700000436627,0.00846300000193878,0.006741999999576365,0.015205000001515145,0.027947900001890957,165523456
1230,1305031143.5835214,data\rgbd_dataset_freiburg1_xyz\rgb\1305031116.979351.png,data\rgbd_dataset_freiburg1_xyz\depth\1305031116.974656.png,0.004694938659667969,,663,0.01260069999989355,0.0038110000004962785,0.004895800000667805,0.008706800001164083,0.006111099999543512,0.014817900000707596,0.027418600000601145,165523456
1231,1305031143.6155524,data\rgbd_dataset_freiburg1_xyz\rgb\1305031117.011382.png,data\rgbd_dataset_freiburg1_xyz\depth\1305031117.008812.png,0.0025701522827148438,,677,0.012739800000417745,0.0038141999993968057,0.004571200001009856,0.008385400000406662,0.006463800000346964,0.014849200000753626,0.02758900000117137,165527552
1232,1305031143.6474314,data\rgbd_dataset_freiburg1_xyz\rgb\1305031117.043261.png,data\rgbd_dataset_freiburg1_xyz\depth\1305031117.042065.png,0.001196146011352539,,712,0.012742299999445095,0.0038287000006675953,0.004766900001413887,0.008595600002081483,0.006148699998448137,0.01474430000052962,0.027486599999974715,165535744
1233,1305031143.6836903,data\rgbd_dataset_freiburg1_xyz\rgb\1305031117.079520.png,data\rgbd_dataset_freiburg1_xyz\depth\1305031117.071181.png,0.00833892822265625,,737,0.012789799999154638,0.0037879999999859137,0.004678199999034405,0.008466199999020319,0.006830700000136858,0.015296899999157176,0.028086699998311815,164876288
1234,1305031143.7154083,data\rgbd_dataset_freiburg1_xyz\rgb\1305031117.111238.png,data\rgbd_dataset_freiburg1_xyz\depth\1305031117.110454.png,0.0007839202880859375,,716,0.012564700000439188,0.0036576999991666526,0.004853600001297309,0.008511300000463962,0.007169399999838788,0.01568070000030275,0.028245400000741938,165498880
1235,1305031143.7473884,data\rgbd_dataset_freiburg1_xyz\rgb\1305031117.143218.png,data\rgbd_dataset_freiburg1_xyz\depth\1305031117.142383.png,0.0008349418640136719,,706,0.012746600001264596,0.0038153000004967907,0.004858799999055918,0.008674099999552709,0.007042400000500493,0.015716500000053202,0.028463100001317798,164982784
1236,1305031143.7834344,data\rgbd_dataset_freiburg1_xyz\rgb\1305031117.179264.png,data\rgbd_dataset_freiburg1_xyz\depth\1305031117.175059.png,0.004204988479614258,,710,0.015429400000357418,0.004586299999573384,0.004972699998688768,0.009558999998262152,0.007112100000085775,0.016671099998347927,0.032100499998705345,165609472
1237,1305031143.8155313,data\rgbd_dataset_freiburg1_xyz\rgb\1305031117.211361.png,data\rgbd_dataset_freiburg1_xyz\depth\1305031117.207753.png,0.0036079883575439453,,734,0.01515790000121342,0.004486499999984517,0.004861999999775435,0.009348499999759952,0.006849199999123812,0.016197699998883763,0.031355600000097184,165613568
1238,1305031143.8474474,data\rgbd_dataset_freiburg1_xyz\rgb\1305031117.243277.png,data\rgbd_dataset_freiburg1_xyz\depth\1305031117.241340.png,0.0019371509552001953,,734,0.01311580000037793,0.003731599999809987,0.005010400000173831,0.008741999999983818,0.009790199999770266,0.018532199999754084,0.031648000000132015,165617664
1239,1305031143.8834693,data\rgbd_dataset_freiburg1_xyz\rgb\1305031117.279299.png,data\rgbd_dataset_freiburg1_xyz\depth\1305031117.276516.png,0.002783060073852539,,702,0.015190900001471164,0.00471310000102676,0.005081100000097649,0.009794200001124409,0.0063943000004655914,0.01618850000159,0.031379400003061164,165629952
1240,1305031143.9153702,data\rgbd_dataset_freiburg1_xyz\rgb\1305031117.311200.png,data\rgbd_dataset_freiburg1_xyz\depth\1305031117.310121.png,0.0010788440704345703,,678,0.012880500000392203,0.003547199999957229,0.004810999998881016,0.008358199998838245,0.006040399999619694,0.01439859999845794,0.027279099998850143,165634048
1241,1305031143.9474132,data\rgbd_dataset_freiburg1_xyz\rgb\1305031117.343243.png,data\rgbd_dataset_freiburg1_xyz\depth\1305031117.341044.png,0.002198934555053711,,683,0.01301450000028126,0.0036141000000498025,0.004911799998808419,0.008525899998858222,0.006089400001656031,0.014615300000514253,0.027629800000795512,165060608
1242,1305031143.9836242,data\rgbd_dataset_freiburg1_xyz\rgb\1305031117.379454.png,data\rgbd_dataset_freiburg1_xyz\depth\1305031117.375067.png,0.00438690185546875,,684,0.013405600000623963,0.003601899999921443,0.004601500000717351,0.008203400000638794,0.005834800000229734,0.014038200000868528,0.02744380000149249,165683200
1243,1305031144.0153913,data\rgbd_dataset_freiburg1_xyz\rgb\1305031117.411221.png,data\rgbd_dataset_freiburg1_xyz\depth\1305031117.408538.png,0.002682924270629883,,680,0.012794899999789777,0.0037776999997731764,0.004724100001112674,0.00850180000088585,0.006131199999799719,0.01463300000068557,0.027427900000475347,165687296
1244,1305031144.0474443,data\rgbd_dataset_freiburg1_xyz\rgb\1305031117.443274.png,data\rgbd_dataset_freiburg1_xyz\depth\1305031117.442208.png,0.001065969467163086,,707,0.013013499999942724,0.0040960999995149905,0.004870800001299358,0.008966900000814348,0.006233399999473477,0.015200300000287825,0.02821380000023055,165695488
1245,1305031144.0835733,data\rgbd_dataset_freiburg1_xyz\rgb\1305031117.479403.png,data\rgbd_dataset_freiburg1_xyz\depth\1305031117.475651.png,0.003751993179321289,,722,0.013308099998539547,0.003870399999868823,0.004838400000153342,0.008708800000022165,0.006914499999766122,0.015623299999788287,0.028931399998327834,165699584
1246,1305031144.1154952,data\rgbd_dataset_freiburg1_xyz\rgb\1305031117.511325.png,data\rgbd_dataset_freiburg1_xyz\depth\1305031117.508882.png,0.0024428367614746094,,741,0.012841800000387593,0.0037856999988434836,0.004808400000911206,0.00859409999975469,0.006008600001223385,0.014602700000978075,0.027444500001365668,165703680
1247,1305031144.1484554,data\rgbd_dataset_freiburg1_xyz\rgb\1305031117.544285.png,data\rgbd_dataset_freiburg1_xyz\depth\1305031117.539736.png,0.0045490264892578125,,762,0.013022999999520835,0.003973299999415758,0.005007599998862133,0.008980899998277891,0.006683100000373088,0.01566399999865098,0.028686999998171814,165138432
1248,1305031144.1833253,data\rgbd_dataset_freiburg1_xyz\rgb\1305031117.579155.png,data\rgbd_dataset_freiburg1_xyz\depth\1305031117.577860.png,0.001294851303100586,,819,0.013035799998760922,0.00388089999978547,0.005283300000883173,0.009164200000668643,0.0068453000003501074,0.01600950000101875,0.029045299999779672,165765120
1249,1305031144.2153294,data\rgbd_dataset_freiburg1_xyz\rgb\1305031117.611159.png,data\rgbd_dataset_freiburg1_xyz\depth\1305031117.607777.png,0.003381967544555664,,816,0.012933399999383255,0.003708399999595713,0.00472529999933613,0.008433699998931843,0.008829500000501866,0.01726319999943371,0.030196599998816964,165773312
1250,1305031144.2474222,data\rgbd_dataset_freiburg1_xyz\rgb\1305031117.643252.png,data\rgbd_dataset_freiburg1_xyz\depth\1305031117.643284.png,3.218650817871094e-05,,830,0.012894599998617196,0.0038384999988920754,0.004629299999578507,0.008467799998470582,0.006594299999051145,0.015062099997521727,0.027956699996138923,165777408
1251,1305031144.2834322,data\rgbd_dataset_freiburg1_xyz\rgb\1305031117.679262.png,data\rgbd_dataset_freiburg1_xyz\depth\1305031117.675483.png,0.0037789344787597656,,872,0.014993799999501789,0.0038688999993610196,0.005125100000441307,0.008993999999802327,0.006692900000416557,0.015686900000218884,0.030680699999720673,165781504
1252,1305031144.3153543,data\rgbd_dataset_freiburg1_xyz\rgb\1305031117.711184.png,data\rgbd_dataset_freiburg1_xyz\depth\1305031117.711215.png,3.0994415283203125e-05,,890,0.012684499999522814,0.003905800000211457,0.0049254999994445825,0.00883129999965604,0.007064000001264503,0.015895300000920543,0.028579800000443356,165789696
1253,1305031144.3473544,data\rgbd_dataset_freiburg1_xyz\rgb\1305031117.743184.png,data\rgbd_dataset_freiburg1_xyz\depth\1305031117.742995.png,0.00018906593322753906,,920,0.013052000000243424,0.003649099999165628,0.0049629999994067475,0.008612099998572376,0.006825400001616799,0.015437500000189175,0.0284895000004326,165793792
1254,1305031144.3836374,data\rgbd_dataset_freiburg1_xyz\rgb\1305031117.779467.png,data\rgbd_dataset_freiburg1_xyz\depth\1305031117.778969.png,0.0004980564117431641,,926,0.013310899999851245,0.0038879000003362307,0.004991000001609791,0.008878900001946022,0.010150500000236207,0.01902940000218223,0.03234030000203347,165793792
1255,1305031144.4154904,data\rgbd_dataset_freiburg1_xyz\rgb\1305031117.811320.png,data\rgbd_dataset_freiburg1_xyz\depth\1305031117.811060.png,0.0002601146697998047,,925,0.013150200000382029,0.0036655999992945,0.0052459000016824575,0.008911500000976957,0.0070524999991903314,0.01596400000016729,0.029114200000549317,165797888
1256,1305031144.4474614,data\rgbd_dataset_freiburg1_xyz\rgb\1305031117.843291.png,data\rgbd_dataset_freiburg1_xyz\depth\1305031117.843307.png,1.5974044799804688e-05,,927,0.013441699999020784,0.003627500000220607,0.004826200000024983,0.00845370000024559,0.006985800000620657,0.015439500000866246,0.02888119999988703,165810176
1257,1305031144.4836214,data\rgbd_dataset_freiburg1_xyz\rgb\1305031117.879451.png,data\rgbd_dataset_freiburg1_xyz\depth\1305031117.879467.png,1.5974044799804688e-05,,964,0.01293679999980668,0.003791799999817158,0.0050057999997079605,0.008797599999525119,0.007532899999205256,0.016330499998730375,0.029267299998537055,165810176
1258,1305031144.5155773,data\rgbd_dataset_freiburg1_xyz\rgb\1305031117.911407.png,data\rgbd_dataset_freiburg1_xyz\depth\1305031117.908762.png,0.0026450157165527344,,963,0.013258300001325551,0.0035356000007595867,0.005138299999089213,0.0086738999998488,0.007105100001354003,0.015779000001202803,0.029037300002528355,165814272
1259,1305031144.5474234,data\rgbd_dataset_freiburg1_xyz\rgb\1305031117.943253.png,data\rgbd_dataset_freiburg1_xyz\depth\1305031117.943272.png,1.9073486328125e-05,,965,0.015174400001342292,0.00366790000043693,0.005030599999372498,0.008698499999809428,0.00987889999851177,0.018577399998321198,0.03375179999966349,165818368
1260,1305031144.5833983,data\rgbd_dataset_freiburg1_xyz\rgb\1305031117.979228.png,data\rgbd_dataset_freiburg1_xyz\depth\1305031117.979263.png,3.504753112792969e-05,,947,0.01319589999911841,0.003538299999490846,0.004489400000238675,0.00802769999972952,0.006853299999420415,0.014880999999149935,0.028076899998268345,165826560
1261,1305031144.6153984,data\rgbd_dataset_freiburg1_xyz\rgb\1305031118.011228.png,data\rgbd_dataset_freiburg1_xyz\depth\1305031118.011013.png,0.00021505355834960938,,952,0.013054099999862956,0.0035653999984788243,0.004958499999702326,0.00852389999818115,0.009532200001558522,0.018056099999739672,0.031110199999602628,165834752
1262,1305031144.6476912,data\rgbd_dataset_freiburg1_xyz\rgb\1305031118.043521.png,data\rgbd_dataset_freiburg1_xyz\depth\1305031118.043549.png,2.8133392333984375e-05,,936,0.013233100000434206,0.003485299999738345,0.004745000000184518,0.008230299999922863,0.007024700000329176,0.01525500000025204,0.028488100000686245,165842944
1263,1305031144.6835043,data\rgbd_dataset_freiburg1_xyz\rgb\1305031118.079334.png,data\rgbd_dataset_freiburg1_xyz\depth\1305031118.079369.png,3.504753112792969e-05,,967,0.01327569999921252,0.0033953000001929468,0.005651500001476961,0.009046800001669908,0.0069762000002810964,0.016023000001951004,0.029298700001163525,165191680
1264,1305031144.7153873,data\rgbd_dataset_freiburg1_xyz\rgb\1305031118.111217.png,data\rgbd_dataset_freiburg1_xyz\depth\1305031118.110863.png,0.0003540515899658203,,956,0.013424999999188003,0.003578199999537901,0.004750400001285016,0.008328600000822917,0.007428199998685159,0.015756799999508075,0.02918179999869608,165908480
1265,1305031144.7474263,data\rgbd_dataset_freiburg1_xyz\rgb\1305031118.143256.png,data\rgbd_dataset_freiburg1_xyz\depth\1305031118.142285.png,0.0009708404541015625,,933,0.01640380000026198,0.003854000000501401,0.004984700000932207,0.008838700001433608,0.0062694999996892875,0.015108200001122896,0.03151200000138488,165953536
1266,1305031144.7834933,data\rgbd_dataset_freiburg1_xyz\rgb\1305031118.179323.png,data\rgbd_dataset_freiburg1_xyz\depth\1305031118.178170.png,0.0011529922485351562,,922,0.013167899998734356,0.0034470999999030028,0.00513640000099258,0.008583500000895583,0.006791900001189788,0.015375400002085371,0.028543300000819727,165953536
1267,1305031144.8153722,data\rgbd_dataset_freiburg1_xyz\rgb\1305031118.211202.png,data\rgbd_dataset_freiburg1_xyz\depth\1305031118.210782.png,0.00041985511779785156,,934,0.012945799999215524,0.0033956999996007653,0.005045900001277914,0.00844160000087868,0.010704999998779385,0.019146599999658065,0.03209239999887359,165957632
1268,1305031144.8473432,data\rgbd_dataset_freiburg1_xyz\rgb\1305031118.243173.png,data\rgbd_dataset_freiburg1_xyz\depth\1305031118.242948.png,0.00022482872009277344,,930,0.013060499999483,0.0034605999990162672,0.00501079999958165,0.008471399998597917,0.007096799999999348,0.015568199998597265,0.028628699998080265,165965824
1269,1305031144.8833644,data\rgbd_dataset_freiburg1_xyz\rgb\1305031118.279194.png,data\rgbd_dataset_freiburg1_xyz\depth\1305031118.278991.png,0.00020313262939453125,,957,0.013518800000383635,0.0034437000012985663,0.00529389999974228,0.008737600001040846,0.007113899999239948,0.015851500000280794,0.02937030000066443,165965824
1270,1305031144.9154694,data\rgbd_dataset_freiburg1_xyz\rgb\1305031118.311299.png,data\rgbd_dataset_freiburg1_xyz\depth\1305031118.310731.png,0.0005681514739990234,,1000,0.013103499999488122,0.0034450000002834713,0.0049189999990630895,0.00836399999934656,0.006128700000772369,0.01449270000011893,0.02759619999960705,165969920
1271,1305031144.9474943,data\rgbd_dataset_freiburg1_xyz\rgb\1305031118.343324.png,data\rgbd_dataset_freiburg1_xyz\depth\1305031118.342079.png,0.0012450218200683594,,1020,0.012813000001187902,0.003394899998966139,0.004869299998972565,0.008264199997938704,0.007206800000858493,0.015470999998797197,0.0282839999999851,165982208
1272,1305031144.9833784,data\rgbd_dataset_freiburg1_xyz\rgb\1305031118.379208.png,data\rgbd_dataset_freiburg1_xyz\depth\1305031118.377003.png,0.0022051334381103516,,1029,0.013081400000373833,0.003521000000546337,0.005294099999446189,0.008815099999992526,0.0069720999999844935,0.01578719999997702,0.028868600000350852,165986304
1273,1305031145.0154662,data\rgbd_dataset_freiburg1_xyz\rgb\1305031118.411296.png,data\rgbd_dataset_freiburg1_xyz\depth\1305031118.408818.png,0.002477884292602539,,1062,0.013133100001141429,0.003513300000122399,0.005149900000105845,0.008663200000228244,0.010107200001584715,0.01877040000181296,0.03190350000295439,165990400
1274,1305031145.0498624,data\rgbd_dataset_freiburg1_xyz\rgb\1305031118.445692.png,data\rgbd_dataset_freiburg1_xyz\depth\1305031118.445703.png,1.0967254638671875e-05,,1090,0.013223300000390736,0.003411400000914,0.004846499999985099,0.008257900000899099,0.006985699999859207,0.015243600000758306,0.028466900001149043,166002688
1275,1305031145.0834553,data\rgbd_dataset_freiburg1_xyz\rgb\1305031118.479285.png,data\rgbd_dataset_freiburg1_xyz\depth\1305031118.477869.png,0.0014159679412841797,,1078,0.013308400000823895,0.004025099999125814,0.005097600000226521,0.009122699999352335,0.006973999999900116,0.01609669999925245,0.029405100000076345,166010880
1276,1305031145.1154253,data\rgbd_dataset_freiburg1_xyz\rgb\1305031118.511255.png,data\rgbd_dataset_freiburg1_xyz\depth\1305031118.510201.png,0.0010540485382080078,,1088,0.01338229999964824,0.0033435999994253507,0.005230499999015592,0.008574099998440943,0.006876699999338598,0.01545079999777954,0.02883309999742778,166019072
1277,1305031145.1485844,data\rgbd_dataset_freiburg1_xyz\rgb\1305031118.544414.png,data\rgbd_dataset_freiburg1_xyz\depth\1305031118.545199.png,0.0007848739624023438,,1051,0.013174200001230929,0.0035131999993609497,0.005117800001244177,0.008631000000605127,0.006503299999167211,0.015134299999772338,0.028308500001003267,166019072
1278,1305031145.1834552,data\rgbd_dataset_freiburg1_xyz\rgb\1305031118.579285.png,data\rgbd_dataset_freiburg1_xyz\depth\1305031118.576377.png,0.002907991409301758,,1081,0.013114400000631576,0.003379499999937252,0.00494299999991199,0.008322499999849242,0.007090799999787123,0.015413299999636365,0.02852770000026794,166027264
1279,1305031145.2203124,data\rgbd_dataset_freiburg1_xyz\rgb\1305031118.616142.png,data\rgbd_dataset_freiburg1_xyz\depth\1305031118.610869.png,0.005273103713989258,,1031,0.012947400000484777,0.0035023999989789445,0.005552399999942281,0.009054799998921226,0.006865499999548774,0.01592029999847,0.028867699998954777,166031360
1280,1305031145.2494953,data\rgbd_dataset_freiburg1_xyz\rgb\1305031118.645325.png,data\rgbd_dataset_freiburg1_xyz\depth\1305031118.645331.png,5.9604644775390625e-06,,1000,0.013039200001003337,0.0033356000003550434,0.005319200001395075,0.008654800001750118,0.006686300001092604,0.015341100002842722,0.02838030000384606,166035456
1281,1305031145.2834654,data\rgbd_dataset_freiburg1_xyz\rgb\1305031118.679295.png,data\rgbd_dataset_freiburg1_xyz\depth\1305031118.675082.png,0.004213094711303711,,1000,0.013046699999904376,0.003444199999648845,0.004818999999770313,0.008263199999419157,0.006703400000333204,0.014966599999752361,0.028013299999656738,166039552
1282,1305031145.3155913,data\rgbd_dataset_freiburg1_xyz\rgb\1305031118.711421.png,data\rgbd_dataset_freiburg1_xyz\depth\1305031118.710140.png,0.0012810230255126953,,976,0.013314899999386398,0.003492499999993015,0.005189499999687541,0.008681999999680556,0.007225499999549356,0.015907499999229913,0.02922239999861631,166043648
1283,1305031145.3509402,data\rgbd_dataset_freiburg1_xyz\rgb\1305031118.746770.png,data\rgbd_dataset_freiburg1_xyz\depth\1305031118.746801.png,3.0994415283203125e-05,,977,0.013347100000828505,0.003460800000539166,0.0048533000008319505,0.008314100001371116,0.006259399999180459,0.014573500000551576,0.02792060000138008,166047744
1284,1305031145.3834474,data\rgbd_dataset_freiburg1_xyz\rgb\1305031118.779277.png,data\rgbd_dataset_freiburg1_xyz\depth\1305031118.778790.png,0.0004870891571044922,,1026,0.013356800000110525,0.0034214999996038387,0.004990100000213715,0.008411599999817554,0.006709400000545429,0.015121000000362983,0.028477800000473508,166051840
1285,1305031145.4153912,data\rgbd_dataset_freiburg1_xyz\rgb\1305031118.811221.png,data\rgbd_dataset_freiburg1_xyz\depth\1305031118.810703.png,0.0005178451538085938,,980,0.013208300000769668,0.0035819000004266854,0.004925100000036764,0.00850700000046345,0.007364099999904283,0.015871100000367733,0.0290794000011374,166072320
1286,1305031145.4509232,data\rgbd_dataset_freiburg1_xyz\rgb\1305031118.846753.png,data\rgbd_dataset_freiburg1_xyz\depth\1305031118.846774.png,2.1219253540039062e-05,,953,0.01312109999889799,0.0034438000002410263,0.004880799999227747,0.008324599999468774,0.006615300000703428,0.014939900000172202,0.02806099999907019,166072320
1287,1305031145.4833784,data\rgbd_dataset_freiburg1_xyz\rgb\1305031118.879208.png,data\rgbd_dataset_freiburg1_xyz\depth\1305031118.875402.png,0.0038061141967773438,,977,0.012869500000306289,0.003503600000840379,0.004804399999557063,0.008308000000397442,0.006878000000142492,0.015186000000539934,0.028055500000846223,166072320
1288,1305031145.5153472,data\rgbd_dataset_freiburg1_xyz\rgb\1305031118.911177.png,data\rgbd_dataset_freiburg1_xyz\depth\1305031118.909608.png,0.0015690326690673828,,988,0.013162799999918207,0.0033617999997659354,0.004939999998896383,0.008301799998662318,0.006678699999611126,0.014980499998273444,0.02814329999819165,166096896
1289,1305031145.5511444,data\rgbd_dataset_freiburg1_xyz\rgb\1305031118.946974.png,data\rgbd_dataset_freiburg1_xyz\depth\1305031118.947009.png,3.504753112792969e-05,,998,0.013198699998611119,0.0036359000005177222,0.005063099999460974,0.008698999999978696,0.0077961999995750375,0.016495199999553734,0.029693899998164852,166096896
1290,1305031145.5835443,data\rgbd_dataset_freiburg1_xyz\rgb\1305031118.979374.png,data\rgbd_dataset_freiburg1_xyz\depth\1305031118.979394.png,2.002716064453125e-05,,960,0.013134700000591693,0.0034718999995675404,0.005585099999734666,0.009056999999302207,0.006877199999507866,0.015934199998810072,0.029068899999401765,166096896
1291,1305031145.6155334,data\rgbd_dataset_freiburg1_xyz\rgb\1305031119.011363.png,data\rgbd_dataset_freiburg1_xyz\depth\1305031119.009712.png,0.0016510486602783203,,901,0.012999299999137293,0.003780900000492693,0.005328599998392747,0.00910949999888544,0.009609900000214111,0.01871939999909955,0.03171869999823684,166096896
1292,1305031145.6513424,data\rgbd_dataset_freiburg1_xyz\rgb\1305031119.047172.png,data\rgbd_dataset_freiburg1_xyz\depth\1305031119.047180.png,7.867813110351562e-06,,966,0.013216999999713153,0.0036409999993338715,0.004781899999215966,0.008422899998549838,0.006569499999386608,0.014992399997936445,0.028209399997649598,166109184
1293,1305031145.6833932,data\rgbd_dataset_freiburg1_xyz\rgb\1305031119.079223.png,data\rgbd_dataset_freiburg1_xyz\depth\1305031119.078966.png,0.0002570152282714844,,938,0.013124999999490683,0.0037133999994694022,0.00471079999988433,0.008424199999353732,0.0073974000006273855,0.015821599999981117,0.0289465999994718,166113280
1294,1305031145.7154982,data\rgbd_dataset_freiburg1_xyz\rgb\1305031119.111328.png,data\rgbd_dataset_freiburg1_xyz\depth\1305031119.110884.png,0.0004439353942871094,,934,0.013314699999682489,0.0036562999994202983,0.005412099999375641,0.00906839999879594,0.006546000000525964,0.015614399999321904,0.028929099999004393,166113280
1295,1305031145.7517862,data\rgbd_dataset_freiburg1_xyz\rgb\1305031119.147616.png,data\rgbd_dataset_freiburg1_xyz\depth\1305031119.147629.png,1.3113021850585938e-05,,928,0.013435699998808559,0.0038761999985581497,0.0051354000006540446,0.009011599999212194,0.006468300000051386,0.01547989999926358,0.02891559999807214,166735872
1296,1305031145.7833962,data\rgbd_dataset_freiburg1_xyz\rgb\1305031119.179226.png,data\rgbd_dataset_freiburg1_xyz\depth\1305031119.179262.png,3.600120544433594e-05,,925,0.013225200000306359,0.0036200000013195677,0.0055085999993025325,0.0091286000006221,0.0075230000002193265,0.016651600000841427,0.029876800001147785,166739968
1297,1305031145.8155344,data\rgbd_dataset_freiburg1_xyz\rgb\1305031119.211364.png,data\rgbd_dataset_freiburg1_xyz\depth\1305031119.210906.png,0.00045800209045410156,,941,0.01341619999948307,0.003623300000981544,0.004829800000152318,0.008453100001133862,0.006862599999294616,0.015315700000428478,0.028731899999911548,166748160
1298,1305031145.8515694,data\rgbd_dataset_freiburg1_xyz\rgb\1305031119.247399.png,data\rgbd_dataset_freiburg1_xyz\depth\1305031119.247660.png,0.0002608299255371094,,943,0.013473099999828264,0.003564800001186086,0.005180399999517249,0.008745200000703335,0.007295499999599997,0.016040700000303332,0.029513800000131596,166756352
1299,1305031145.8833823,data\rgbd_dataset_freiburg1_xyz\rgb\1305031119.279212.png,data\rgbd_dataset_freiburg1_xyz\depth\1305031119.279244.png,3.1948089599609375e-05,,949,0.013184400000682217,0.003733999999894877,0.005048100001658895,0.008782100001553772,0.006824600000982173,0.015606700002535945,0.028791100003218162,166772736
1300,1305031145.9153824,data\rgbd_dataset_freiburg1_xyz\rgb\1305031119.311212.png,data\rgbd_dataset_freiburg1_xyz\depth\1305031119.310755.png,0.0004570484161376953,,964,0.013402100001258077,0.0038039999999455176,0.0058571999998093816,0.0096611999997549,0.007145499999751337,0.016806699999506236,0.030208800000764313,166772736
1301,1305031145.9519112,data\rgbd_dataset_freiburg1_xyz\rgb\1305031119.347741.png,data\rgbd_dataset_freiburg1_xyz\depth\1305031119.347750.png,9.059906005859375e-06,,968,0.012907099999210914,0.003644000000349479,0.0053116999988560565,0.008955699999205535,0.007079800001520198,0.016035500000725733,0.028942599999936647,166772736
1302,1305031145.9834094,data\rgbd_dataset_freiburg1_xyz\rgb\1305031119.379239.png,data\rgbd_dataset_freiburg1_xyz\depth\1305031119.378631.png,0.0006079673767089844,,979,0.01319100000000617,0.0037193000007391674,0.005204499999308609,0.008923800000047777,0.0068620000001828885,0.015785800000230665,0.028976800000236835,166776832
1303,1305031146.0156543,data\rgbd_dataset_freiburg1_xyz\rgb\1305031119.411484.png,data\rgbd_dataset_freiburg1_xyz\depth\1305031119.411492.png,8.106231689453125e-06,,933,0.013053899998340057,0.0036158999992039753,0.004875500000707689,0.008491399999911664,0.007164300001022639,0.015655700000934303,0.02870959999927436,166780928
1304,1305031146.0518763,data\rgbd_dataset_freiburg1_xyz\rgb\1305031119.447706.png,data\rgbd_dataset_freiburg1_xyz\depth\1305031119.447726.png,2.002716064453125e-05,,913,0.013323899998795241,0.003640000000814325,0.00462830000105896,0.008268300001873286,0.006294599999819184,0.01456290000169247,0.02788680000048771,166785024
1305,1305031146.0834372,data\rgbd_dataset_freiburg1_xyz\rgb\1305031119.479267.png,data\rgbd_dataset_freiburg1_xyz\depth\1305031119.477682.png,0.001584768295288086,,891,0.013019699999858858,0.0035555000013118843,0.005325500000253669,0.008881000001565553,0.006639999999606516,0.01552100000117207,0.028540700001030928,166797312
1306,1305031146.1154103,data\rgbd_dataset_freiburg1_xyz\rgb\1305031119.511240.png,data\rgbd_dataset_freiburg1_xyz\depth\1305031119.511258.png,1.7881393432617188e-05,,906,0.01291029999993043,0.003620299999965937,0.004921899999317247,0.008542199999283184,0.006319500000245171,0.014861699999528355,0.027771999999458785,166805504
1307,1305031146.1515524,data\rgbd_dataset_freiburg1_xyz\rgb\1305031119.547382.png,data\rgbd_dataset_freiburg1_xyz\depth\1305031119.547414.png,3.1948089599609375e-05,,886,0.01323959999899671,0.003604000001359964,0.005308900001182337,0.008912900002542301,0.007106900000508176,0.016019800003050477,0.029259400002047187,166805504
1308,1305031146.1837294,data\rgbd_dataset_freiburg1_xyz\rgb\1305031119.579559.png,data\rgbd_dataset_freiburg1_xyz\depth\1305031119.579569.png,1.0013580322265625e-05,,866,0.012669299998378847,0.0035272000004624715,0.004898900000625872,0.008426100001088344,0.009209199999531847,0.01763530000062019,0.030304599998999038,166813696
1309,1305031146.2191873,data\rgbd_dataset_freiburg1_xyz\rgb\1305031119.615017.png,data\rgbd_dataset_freiburg1_xyz\depth\1305031119.615024.png,7.152557373046875e-06,,865,0.012981800000488875,0.0037861000000702916,0.005083899999590358,0.00886999999966065,0.006596799999897485,0.015466799999558134,0.02844860000004701,166821888
1310,1305031146.2520733,data\rgbd_dataset_freiburg1_xyz\rgb\1305031119.647903.png,data\rgbd_dataset_freiburg1_xyz\depth\1305031119.648889.png,0.0009860992431640625,,866,0.012991800000236253,0.0036767999990843236,0.004769000001033419,0.008445800000117742,0.006891999999425025,0.015337799999542767,0.02832959999977902,166825984
1311,1305031146.2833784,data\rgbd_dataset_freiburg1_xyz\rgb\1305031119.679208.png,data\rgbd_dataset_freiburg1_xyz\depth\1305031119.675566.png,0.0036420822143554688,,859,0.012901100000817678,0.0038418000003730413,0.005386400000134017,0.009228200000507059,0.006601999999475083,0.015830199999982142,0.02873130000079982,166834176
1312,1305031146.3194022,data\rgbd_dataset_freiburg1_xyz\rgb\1305031119.715232.png,data\rgbd_dataset_freiburg1_xyz\depth\1305031119.715249.png,1.71661376953125e-05,,812,0.01299250000010943,0.003748900000573485,0.005323899998984416,0.009072799999557901,0.006605300000956049,0.01567810000051395,0.02867060000062338,166838272
1313,1305031146.3513634,data\rgbd_dataset_freiburg1_xyz\rgb\1305031119.747193.png,data\rgbd_dataset_freiburg1_xyz\depth\1305031119.744886.png,0.0023071765899658203,,800,0.012590399999680812,0.003790400000070804,0.004781200001161778,0.008571600001232582,0.0068191999998816755,0.015390800001114258,0.02798120000079507,166846464
1314,1305031146.3833394,data\rgbd_dataset_freiburg1_xyz\rgb\1305031119.779169.png,data\rgbd_dataset_freiburg1_xyz\depth\1305031119.778628.png,0.0005409717559814453,,786,0.013067299998510862,0.0036595999990822747,0.004757799999424606,0.00841739999850688,0.006573900000148569,0.01499129999865545,0.02805859999716631,166846464
1315,1305031146.4187074,data\rgbd_dataset_freiburg1_xyz\rgb\1305031119.814537.png,data\rgbd_dataset_freiburg1_xyz\depth\1305031119.814571.png,3.3855438232421875e-05,,793,0.012790799999493174,0.003769600001760409,0.004908899998554261,0.00867850000031467,0.006143699998574448,0.014822199998889118,0.027612999998382293,166854656
1316,1305031146.4515994,data\rgbd_dataset_freiburg1_xyz\rgb\1305031119.847429.png,data\rgbd_dataset_freiburg1_xyz\depth\1305031119.847445.png,1.5974044799804688e-05,,803,0.012921399998958805,0.0036464999993768288,0.0047856000001047505,0.00843209999948158,0.006532199999128352,0.014964299998609931,0.027885699997568736,166858752
1317,1305031146.4833844,data\rgbd_dataset_freiburg1_xyz\rgb\1305031119.879214.png,data\rgbd_dataset_freiburg1_xyz\depth\1305031119.879232.png,1.7881393432617188e-05,,764,0.012937499999679858,0.0036020000006828923,0.004944799999066163,0.008546799999749055,0.006301400000666035,0.01484820000041509,0.02778570000009495,166862848
1318,1305031146.5155714,data\rgbd_dataset_freiburg1_xyz\rgb\1305031119.911401.png,data\rgbd_dataset_freiburg1_xyz\depth\1305031119.911424.png,2.288818359375e-05,,748,0.012938500000018394,0.0038336999987222953,0.004699600000094506,0.008533299998816801,0.006209400000443566,0.014742699999260367,0.02768119999927876,166866944
1319,1305031146.5515623,data\rgbd_dataset_freiburg1_xyz\rgb\1305031119.947392.png,data\rgbd_dataset_freiburg1_xyz\depth\1305031119.947462.png,7.009506225585938e-05,,767,0.012911400001030415,0.0037343999993026955,0.004804300000614603,0.008538699999917299,0.0068102000004728325,0.015348900000390131,0.028260300001420546,166879232
1320,1305031146.5837073,data\rgbd_dataset_freiburg1_xyz\rgb\1305031119.979537.png,data\rgbd_dataset_freiburg1_xyz\depth\1305031119.979546.png,9.059906005859375e-06,,755,0.012900399999125511,0.00352999999995518,0.004868900001383736,0.008398900001338916,0.007128899998861016,0.015527800000199932,0.028428199999325443,166883328
1321,1305031146.6194344,data\rgbd_dataset_freiburg1_xyz\rgb\1305031120.015264.png,data\rgbd_dataset_freiburg1_xyz\depth\1305031120.015283.png,1.9073486328125e-05,,753,0.012848099999246188,0.003780800001550233,0.004608000001098844,0.008388800002649077,0.006311500001174863,0.01470030000382394,0.027548400003070128,166887424
1322,1305031146.6514604,data\rgbd_dataset_freiburg1_xyz\rgb\1305031120.047290.png,data\rgbd_dataset_freiburg1_xyz\depth\1305031120.047310.png,2.002716064453125e-05,,757,0.012827599999582162,0.0037856999988434836,0.0049944000002142275,0.008780099999057711,0.00699230000100215,0.01577240000005986,0.028599999999642023,166899712
1323,1305031146.6835883,data\rgbd_dataset_freiburg1_xyz\rgb\1305031120.079418.png,data\rgbd_dataset_freiburg1_xyz\depth\1305031120.075690.png,0.0037279129028320312,,743,0.012764699999024742,0.003764999999475549,0.004779400000188616,0.008544399999664165,0.0060391000006347895,0.014583500000298955,0.027348199999323697,166903808
1324,1305031146.7194023,data\rgbd_dataset_freiburg1_xyz\rgb\1305031120.115232.png,data\rgbd_dataset_freiburg1_xyz\depth\1305031120.115249.png,1.6927719116210938e-05,,756,0.012964300000021467,0.0036195999982737703,0.004274799999620882,0.007894399997894652,0.005918999999266816,0.013813399997161468,0.026777699997182935,166912000
1325,1305031146.7523272,data\rgbd_dataset_freiburg1_xyz\rgb\1305031120.148157.png,data\rgbd_dataset_freiburg1_xyz\depth\1305031120.148175.png,1.811981201171875e-05,,746,0.013049199998931726,0.0037362000002758577,0.004440200000317418,0.008176400000593276,0.007160199998907046,0.015336599999500322,0.02838579999843205,166924288
1326,1305031146.7834163,data\rgbd_dataset_freiburg1_xyz\rgb\1305031120.179246.png,data\rgbd_dataset_freiburg1_xyz\depth\1305031120.179261.png,1.5020370483398438e-05,,734,0.012883000001238543,0.003689400000439491,0.004495000001043081,0.008184400001482572,0.006621700000323472,0.014806100001806044,0.027689100003044587,166924288
1327,1305031146.8194194,data\rgbd_dataset_freiburg1_xyz\rgb\1305031120.215249.png,data\rgbd_dataset_freiburg1_xyz\depth\1305031120.215260.png,1.0967254638671875e-05,,740,0.013102200000503217,0.003817499999058782,0.004755399999339716,0.008572899998398498,0.006842500000857399,0.015415399999255897,0.028517599999759113,166928384
1328,1305031146.8521733,data\rgbd_dataset_freiburg1_xyz\rgb\1305031120.248003.png,data\rgbd_dataset_freiburg1_xyz\depth\1305031120.248018.png,1.5020370483398438e-05,,755,0.015181999999185791,0.004556599998977617,0.0044744000006176066,0.009030999999595224,0.006239400001504691,0.015270400001099915,0.030452400000285706,166936576
1329,1305031146.8836002,data\rgbd_dataset_freiburg1_xyz\rgb\1305031120.279430.png,data\rgbd_dataset_freiburg1_xyz\depth\1305031120.279441.png,1.1205673217773438e-05,,744,0.012762199999997392,0.0035860999996657483,0.00467930000013439,0.008265399999800138,0.006177799999932176,0.014443199999732315,0.027205399999729707,166936576
1330,1305031146.9193664,data\rgbd_dataset_freiburg1_xyz\rgb\1305031120.315196.png,data\rgbd_dataset_freiburg1_xyz\depth\1305031120.315213.png,1.6927719116210938e-05,,756,0.013059599999905913,0.003541600000971812,0.00434789999962959,0.007889500000601402,0.008866599999237224,0.016756099999838625,0.029815699999744538,166940672
1331,1305031146.9519572,data\rgbd_dataset_freiburg1_xyz\rgb\1305031120.347787.png,data\rgbd_dataset_freiburg1_xyz\depth\1305031120.347797.png,1.0013580322265625e-05,,750,0.012909600000057253,0.0036878999999316875,0.004695900001024711,0.008383800000956398,0.006287599999268423,0.014671400000224821,0.027581000000282074,166944768
1332,1305031146.9836073,data\rgbd_dataset_freiburg1_xyz\rgb\1305031120.379437.png,data\rgbd_dataset_freiburg1_xyz\depth\1305031120.379446.png,9.059906005859375e-06,,739,0.013013100000534905,0.003551599998900201,0.004827599999771337,0.008379199998671538,0.00875830000040878,0.01713749999908032,0.030150599999615224,166948864
1333,1305031147.0196154,data\rgbd_dataset_freiburg1_xyz\rgb\1305031120.415445.png,data\rgbd_dataset_freiburg1_xyz\depth\1305031120.415490.png,4.482269287109375e-05,,746,0.012912100000903592,0.003760300000067218,0.004401199999847449,0.008161499999914668,0.006600099999559461,0.014761599999474129,0.02767370000037772,166957056
1334,1305031147.0515873,data\rgbd_dataset_freiburg1_xyz\rgb\1305031120.447417.png,data\rgbd_dataset_freiburg1_xyz\depth\1305031120.447433.png,1.5974044799804688e-05,,761,0.012903900000310387,0.0038294000005407725,0.004913400000077672,0.008742800000618445,0.006116900000051828,0.014859700000670273,0.02776360000098066,166969344
1335,1305031147.0836024,data\rgbd_dataset_freiburg1_xyz\rgb\1305031120.479432.png,data\rgbd_dataset_freiburg1_xyz\depth\1305031120.475582.png,0.003850221633911133,,752,0.013049400000454625,0.0038169999988895142,0.005049100000178441,0.008866099999067956,0.006288799999310868,0.015154899998378824,0.02820429999883345,166977536
1336,1305031147.1189892,data\rgbd_dataset_freiburg1_xyz\rgb\1305031120.514819.png,data\rgbd_dataset_freiburg1_xyz\depth\1305031120.514877.png,5.817413330078125e-05,,747,0.01546520000010787,0.004609700001310557,0.004404400000566966,0.009014100001877523,0.009236600000804174,0.018250700002681697,0.03371590000278957,166985728
1337,1305031147.1519063,data\rgbd_dataset_freiburg1_xyz\rgb\1305031120.547736.png,data\rgbd_dataset_freiburg1_xyz\depth\1305031120.547807.png,7.104873657226562e-05,,786,0.01261020000129065,0.003885000000082073,0.004690600000685663,0.008575600000767736,0.009268100000554114,0.01784370000132185,0.0304539000026125,166985728
1338,1305031147.1837213,data\rgbd_dataset_freiburg1_xyz\rgb\1305031120.579551.png,data\rgbd_dataset_freiburg1_xyz\depth\1305031120.579559.png,8.106231689453125e-06,,824,0.013189200000851997,0.003732799999852432,0.0049539999999979045,0.008686799999850336,0.009189800000967807,0.017876600000818144,0.03106580000167014,166993920
1339,1305031147.2194064,data\rgbd_dataset_freiburg1_xyz\rgb\1305031120.615236.png,data\rgbd_dataset_freiburg1_xyz\depth\1305031120.615271.png,3.504753112792969e-05,,840,0.013225400000010268,0.0036753000003955094,0.0045095999994373415,0.008184899999832851,0.006947799998670234,0.015132699998503085,0.028358099998513353,166993920
1340,1305031147.2515242,data\rgbd_dataset_freiburg1_xyz\rgb\1305031120.647354.png,data\rgbd_dataset_freiburg1_xyz\depth\1305031120.646607.png,0.0007469654083251953,,878,0.013127600001098472,0.0038727999999537133,0.004666799999540672,0.008539599999494385,0.009254299999156501,0.017793899998650886,0.030921499999749358,166998016
1341,1305031147.2834883,data\rgbd_dataset_freiburg1_xyz\rgb\1305031120.679318.png,data\rgbd_dataset_freiburg1_xyz\depth\1305031120.678467.png,0.0008509159088134766,,900,0.013179599998693448,0.0035945999989053234,0.004944000000250526,0.00853859999915585,0.006818800000473857,0.015357399999629706,0.028536999998323154,167002112
1342,1305031147.3186922,data\rgbd_dataset_freiburg1_xyz\rgb\1305031120.714522.png,data\rgbd_dataset_freiburg1_xyz\depth\1305031120.714553.png,3.123283386230469e-05,,901,0.0135586999986117,0.0042917999999190215,0.005874099999346072,0.010165899999265093,0.007087200001478777,0.01725310000074387,0.03081179999935557,167014400
1343,1305031147.3515394,data\rgbd_dataset_freiburg1_xyz\rgb\1305031120.747369.png,data\rgbd_dataset_freiburg1_xyz\depth\1305031120.747396.png,2.6941299438476562e-05,,907,0.013423000000329921,0.0038018000013835263,0.0050408999995852355,0.008842700000968762,0.006926500000190572,0.015769200001159334,0.029192200001489255,167014400
1344,1305031147.3840644,data\rgbd_dataset_freiburg1_xyz\rgb\1305031120.779894.png,data\rgbd_dataset_freiburg1_xyz\depth\1305031120.779908.png,1.3828277587890625e-05,,965,0.013259200000902638,0.003577099998437916,0.005247300001428812,0.008824399999866728,0.007248400001117261,0.01607280000098399,0.029332000001886627,167018496
1345,1305031147.4191144,data\rgbd_dataset_freiburg1_xyz\rgb\1305031120.814944.png,data\rgbd_dataset_freiburg1_xyz\depth\1305031120.814905.png,3.910064697265625e-05,,992,0.013334799999938696,0.0036318000002211193,0.004703299999164301,0.00833509999938542,0.00804480000078911,0.01637990000017453,0.029714700000113226,167030784
1346,1305031147.4520912,data\rgbd_dataset_freiburg1_xyz\rgb\1305031120.847921.png,data\rgbd_dataset_freiburg1_xyz\depth\1305031120.847942.png,2.1219253540039062e-05,,973,0.015609799998856033,0.0043031999994127546,0.005312200000844314,0.009615400000257068,0.007244999998874846,0.016860399999131914,0.03247019999798795,166461440
1347,1305031147.4876053,data\rgbd_dataset_freiburg1_xyz\rgb\1305031120.883435.png,data\rgbd_dataset_freiburg1_xyz\depth\1305031120.883454.png,1.9073486328125e-05,,1018,0.013407399999778136,0.003776100000322913,0.004680300000472926,0.008456400000795838,0.007045000000289292,0.01550140000108513,0.028908800000863266,167088128
1348,1305031147.5196142,data\rgbd_dataset_freiburg1_xyz\rgb\1305031120.915444.png,data\rgbd_dataset_freiburg1_xyz\depth\1305031120.915454.png,1.0013580322265625e-05,,1018,0.015668000000005122,0.004478799999560579,0.004915899999105022,0.009394699998665601,0.007124400000975584,0.016519099999641185,0.03218709999964631,167100416
1349,1305031147.5516584,data\rgbd_dataset_freiburg1_xyz\rgb\1305031120.947488.png,data\rgbd_dataset_freiburg1_xyz\depth\1305031120.947509.png,2.09808349609375e-05,,1027,0.01315950000025623,0.003571500001271488,0.005150300001332653,0.008721800002604141,0.007174000000304659,0.0158958000029088,0.02905530000316503,167100416
1350,1305031147.5875363,data\rgbd_dataset_freiburg1_xyz\rgb\1305031120.983366.png,data\rgbd_dataset_freiburg1_xyz\depth\1305031120.983390.png,2.4080276489257812e-05,,1042,0.012894000001324457,0.0035461000006762333,0.00510250000115775,0.008648600001833984,0.007159900000260677,0.01580850000209466,0.028702500003419118,167100416
1351,1305031147.6191893,data\rgbd_dataset_freiburg1_xyz\rgb\1305031121.015019.png,data\rgbd_dataset_freiburg1_xyz\depth\1305031121.015029.png,1.0013580322265625e-05,,1043,0.01293450000048324,0.0036889000002702232,0.0052404000016395,0.008929300001909724,0.00761160000001837,0.016540900001928094,0.029475400002411334,167104512
1352,1305031147.6516683,data\rgbd_dataset_freiburg1_xyz\rgb\1305031121.047498.png,data\rgbd_dataset_freiburg1_xyz\depth\1305031121.047755.png,0.0002570152282714844,,1055,0.015012300000307732,0.0036421000004338566,0.004585699998642667,0.008227799999076524,0.006985899999563117,0.01521369999863964,0.030225999998947373,166539264
1353,1305031147.6872692,data\rgbd_dataset_freiburg1_xyz\rgb\1305031121.083099.png,data\rgbd_dataset_freiburg1_xyz\depth\1305031121.083117.png,1.811981201171875e-05,,1041,0.013307499999427819,0.003664599998955964,0.00543650000145135,0.009101100000407314,0.00664399999914167,0.015745099999548984,0.029052599998976802,167165952
1354,1305031147.7188663,data\rgbd_dataset_freiburg1_xyz\rgb\1305031121.114696.png,data\rgbd_dataset_freiburg1_xyz\depth\1305031121.114878.png,0.0001819133758544922,,1097,0.01294199999938428,0.0035754000000451924,0.005193099999814876,0.008768499999860069,0.010750999999800115,0.019519499999660184,0.03246149999904446,167170048
1355,1305031147.7515013,data\rgbd_dataset_freiburg1_xyz\rgb\1305031121.147331.png,data\rgbd_dataset_freiburg1_xyz\depth\1305031121.147355.png,2.4080276489257812e-05,,1123,0.013235399999757647,0.0036182000003464054,0.004821399999855203,0.008439600000201608,0.007677800000237767,0.016117400000439375,0.02935280000019702,166604800
1356,1305031147.7874413,data\rgbd_dataset_freiburg1_xyz\rgb\1305031121.183271.png,data\rgbd_dataset_freiburg1_xyz\depth\1305031121.183281.png,1.0013580322265625e-05,,1166,0.013341899999431917,0.0036046999994141515,0.0047493000001850305,0.008353999999599182,0.007241900000735768,0.01559590000033495,0.028937799999766867,167215104
1357,1305031147.8155904,data\rgbd_dataset_freiburg1_xyz\rgb\1305031121.211420.png,data\rgbd_dataset_freiburg1_xyz\depth\1305031121.211431.png,1.0967254638671875e-05,,1160,0.013226999999460531,0.0036344000000099186,0.005379800000810064,0.009014200000819983,0.007896099999925354,0.016910300000745337,0.03013730000020587,167223296
1358,1305031147.8513644,data\rgbd_dataset_freiburg1_xyz\rgb\1305031121.247194.png,data\rgbd_dataset_freiburg1_xyz\depth\1305031121.247201.png,6.9141387939453125e-06,,1186,0.013089000000036322,0.003390699999727076,0.0057667000000947155,0.009157399999821791,0.010928300000159652,0.020085699999981443,0.033174700000017765,167239680
1359,1305031147.8870463,data\rgbd_dataset_freiburg1_xyz\rgb\1305031121.282876.png,data\rgbd_dataset_freiburg1_xyz\depth\1305031121.282822.png,5.412101745605469e-05,,1202,0.01322480000089854,0.003565600000001723,0.005419200000687852,0.008984800000689575,0.006927600001290557,0.01591240000198013,0.02913720000287867,167251968
1360,1305031147.9177384,data\rgbd_dataset_freiburg1_xyz\rgb\1305031121.313568.png,data\rgbd_dataset_freiburg1_xyz\depth\1305031121.313588.png,1.9788742065429688e-05,,1217,0.01318360000004759,0.003770999999687774,0.005083899999590358,0.008854899999278132,0.007449700000506709,0.01630459999978484,0.029488199999832432,167260160
1361,1305031147.9516873,data\rgbd_dataset_freiburg1_xyz\rgb\1305031121.347517.png,data\rgbd_dataset_freiburg1_xyz\depth\1305031121.347540.png,2.288818359375e-05,,1235,0.012984299999516224,0.0035823000016534934,0.005031699998653494,0.008614000000306987,0.007497499998862622,0.01611149999916961,0.029095799998685834,167260160
1362,1305031147.9873962,data\rgbd_dataset_freiburg1_xyz\rgb\1305031121.383226.png,data\rgbd_dataset_freiburg1_xyz\depth\1305031121.383248.png,2.2172927856445312e-05,,1249,0.013265699999465141,0.0035759000002144603,0.005585700000665383,0.009161600000879844,0.0076069999995524995,0.016768600000432343,0.030034299999897485,167268352
1363,1305031148.0184884,data\rgbd_dataset_freiburg1_xyz\rgb\1305031121.414318.png,data\rgbd_dataset_freiburg1_xyz\depth\1305031121.414328.png,1.0013580322265625e-05,,1257,0.013001299999814364,0.003586400000131107,0.005474099998536985,0.009060499998668092,0.0075147999996261206,0.016575299998294213,0.029576599998108577,166785024
1364,1305031148.0514894,data\rgbd_dataset_freiburg1_xyz\rgb\1305031121.447319.png,data\rgbd_dataset_freiburg1_xyz\depth\1305031121.447024.png,0.0002949237823486328,,1296,0.013397499998973217,0.003620599998612306,0.004879300000538933,0.00849989999915124,0.007336900000154856,0.015836799999306095,0.02923429999827931,167403520
1365,1305031148.0871344,data\rgbd_dataset_freiburg1_xyz\rgb\1305031121.482964.png,data\rgbd_dataset_freiburg1_xyz\depth\1305031121.483015.png,5.1021575927734375e-05,,1343,0.013319800000317628,0.003741700000318815,0.005723599999328144,0.009465299999646959,0.008067000000664848,0.017532300000311807,0.030852100000629434,167415808
1366,1305031148.1182773,data\rgbd_dataset_freiburg1_xyz\rgb\1305031121.514107.png,data\rgbd_dataset_freiburg1_xyz\depth\1305031121.514164.png,5.698204040527344e-05,,1340,0.013187200000174926,0.0035594999990280485,0.0053728000002593035,0.008932299999287352,0.007614899999680347,0.0165471999989677,0.029734399999142624,167419904
1367,1305031148.1514404,data\rgbd_dataset_freiburg1_xyz\rgb\1305031121.547270.png,data\rgbd_dataset_freiburg1_xyz\depth\1305031121.546810.png,0.0004601478576660156,,1328,0.013128399999914109,0.0034195000007457566,0.005791400000816793,0.00921090000156255,0.007874599999922793,0.017085500001485343,0.030213900001399452,167424000
1368,1305031148.1873744,data\rgbd_dataset_freiburg1_xyz\rgb\1305031121.583204.png,data\rgbd_dataset_freiburg1_xyz\depth\1305031121.583213.png,9.059906005859375e-06,,1316,0.013208100001065759,0.003431700000874116,0.005554100000153994,0.00898580000102811,0.007369199998720433,0.016354999999748543,0.029563100000814302,167432192
1369,1305031148.2188704,data\rgbd_dataset_freiburg1_xyz\rgb\1305031121.614700.png,data\rgbd_dataset_freiburg1_xyz\depth\1305031121.614719.png,1.8835067749023438e-05,,1312,0.013115100000504754,0.0034243000009155367,0.004985499999747844,0.008409800000663381,0.00713010000072245,0.015539900001385831,0.028655000001890585,167444480
1370,1305031148.2513533,data\rgbd_dataset_freiburg1_xyz\rgb\1305031121.647183.png,data\rgbd_dataset_freiburg1_xyz\depth\1305031121.646966.png,0.00021696090698242188,,1358,0.01317650000055437,0.0034577999995235587,0.005342899999959627,0.008800699999483186,0.0071494999992864905,0.015950199998769676,0.029126699999324046,167452672
1371,1305031148.2873702,data\rgbd_dataset_freiburg1_xyz\rgb\1305031121.683200.png,data\rgbd_dataset_freiburg1_xyz\depth\1305031121.683211.png,1.1205673217773438e-05,,1351,0.012845400000514928,0.00348649999978079,0.0052116999995632796,0.00869819999934407,0.0074927999994542915,0.01619099999879836,0.02903639999931329,167456768
1372,1305031148.3186903,data\rgbd_dataset_freiburg1_xyz\rgb\1305031121.714520.png,data\rgbd_dataset_freiburg1_xyz\depth\1305031121.714528.png,8.106231689453125e-06,,1336,0.013532499999200809,0.0035129999996570405,0.005101000000649947,0.008614000000306987,0.007441199999448145,0.016055199999755132,0.02958769999895594,167460864
1373,1305031148.3513153,data\rgbd_dataset_freiburg1_xyz\rgb\1305031121.747145.png,data\rgbd_dataset_freiburg1_xyz\depth\1305031121.746484.png,0.0006608963012695312,,1317,0.013097400000333437,0.003455599999142578,0.005371899998863228,0.008827499998005806,0.010051200000816607,0.018878699998822412,0.03197609999915585,167473152
1374,1305031148.3870053,data\rgbd_dataset_freiburg1_xyz\rgb\1305031121.782835.png,data\rgbd_dataset_freiburg1_xyz\depth\1305031121.782871.png,3.600120544433594e-05,,1306,0.016108399999211542,0.0041401999988011084,0.0051693999994313344,0.009309599998232443,0.011236799999096547,0.02054639999732899,0.03665479999654053,167493632
1375,1305031148.4157102,data\rgbd_dataset_freiburg1_xyz\rgb\1305031121.811540.png,data\rgbd_dataset_freiburg1_xyz\depth\1305031121.811545.png,5.0067901611328125e-06,,1304,0.013340399998924113,0.00337519999993674,0.005311800001436495,0.008687000001373235,0.007158999998864601,0.015846000000237837,0.02918639999916195,167497728
1376,1305031148.4515054,data\rgbd_dataset_freiburg1_xyz\rgb\1305031121.847335.png,data\rgbd_dataset_freiburg1_xyz\depth\1305031121.846870.png,0.00046515464782714844,,1297,0.013088199999401695,0.0033213000006071525,0.005082900001070811,0.008404200001677964,0.007644199999049306,0.01604840000072727,0.029136600000128965,167497728
1377,1305031148.4862304,data\rgbd_dataset_freiburg1_xyz\rgb\1305031121.882060.png,data\rgbd_dataset_freiburg1_xyz\depth\1305031121.882123.png,6.29425048828125e-05,,1297,0.0156394999994518,0.004440799999429146,0.005060200001025805,0.009501000000454951,0.007145699999455246,0.016646699999910197,0.032286199999362,167505920
1378,1305031148.5191014,data\rgbd_dataset_freiburg1_xyz\rgb\1305031121.914931.png,data\rgbd_dataset_freiburg1_xyz\depth\1305031121.914943.png,1.1920928955078125e-05,,1271,0.012889200001154677,0.003463499999270425,0.005295799999657902,0.008759299998928327,0.006921700000020792,0.01568099999894912,0.028570200000103796,167514112
1379,1305031148.5514584,data\rgbd_dataset_freiburg1_xyz\rgb\1305031121.947288.png,data\rgbd_dataset_freiburg1_xyz\depth\1305031121.947318.png,3.0040740966796875e-05,,1273,0.013318199999048375,0.0034367999996902654,0.005404699999417062,0.008841499999107327,0.0073701000001165085,0.016211599999223836,0.02952979999827221,167514112
1380,1305031148.5870962,data\rgbd_dataset_freiburg1_xyz\rgb\1305031121.982926.png,data\rgbd_dataset_freiburg1_xyz\depth\1305031121.982935.png,9.059906005859375e-06,,1272,0.01352009999936854,0.0033476000007794937,0.005581900000834139,0.008929500001613633,0.007059600000502542,0.015989100002116174,0.029509200001484714,167526400
1381,1305031148.6184263,data\rgbd_dataset_freiburg1_xyz\rgb\1305031122.014256.png,data\rgbd_dataset_freiburg1_xyz\depth\1305031122.014424.png,0.00016808509826660156,,1265,0.01341130000037083,0.003378000001248438,0.005278000000544125,0.008656000001792563,0.007311499999559601,0.015967500001352164,0.029378800001722993,167526400
1382,1305031148.6514764,data\rgbd_dataset_freiburg1_xyz\rgb\1305031122.047306.png,data\rgbd_dataset_freiburg1_xyz\depth\1305031122.046908.png,0.0003981590270996094,,1280,0.013447999999698368,0.003523299999869778,0.005378399999244721,0.008901699999114498,0.0075283000005583744,0.016429999999672873,0.02987799999937124,167534592
1383,1305031148.6871293,data\rgbd_dataset_freiburg1_xyz\rgb\1305031122.082959.png,data\rgbd_dataset_freiburg1_xyz\depth\1305031122.082969.png,1.0013580322265625e-05,,1288,0.012850799999796436,0.003545300000041607,0.005459199999677367,0.009004499999718973,0.0075075000004289905,0.016512000000147964,0.0293627999999444,167542784
1384,1305031148.7188423,data\rgbd_dataset_freiburg1_xyz\rgb\1305031122.114672.png,data\rgbd_dataset_freiburg1_xyz\depth\1305031122.114688.png,1.5974044799804688e-05,,1301,0.013353999998798827,0.0034173000003647758,0.0053960000004735775,0.008813300000838353,0.008377800000744173,0.017191100001582527,0.030545100000381353,167550976
1385,1305031148.7548952,data\rgbd_dataset_freiburg1_xyz\rgb\1305031122.150725.png,data\rgbd_dataset_freiburg1_xyz\depth\1305031122.150748.png,2.3126602172851562e-05,,1256,0.013380300000790157,0.00336790000073961,0.0055779000012989854,0.008945800002038595,0.0074157000017294195,0.016361500003768015,0.029741800004558172,167563264
1386,1305031148.7872124,data\rgbd_dataset_freiburg1_xyz\rgb\1305031122.183042.png,data\rgbd_dataset_freiburg1_xyz\depth\1305031122.183052.png,1.0013580322265625e-05,,1235,0.01312580000012531,0.003429499998674146,0.0056757999991532415,0.009105299997827387,0.007215300000098068,0.016320599997925456,0.029446399998050765,167563264
1387,1305031148.8191292,data\rgbd_dataset_freiburg1_xyz\rgb\1305031122.214959.png,data\rgbd_dataset_freiburg1_xyz\depth\1305031122.214969.png,1.0013580322265625e-05,,1245,0.013017899998885696,0.004094300000360818,0.005314399999406305,0.009408699999767123,0.008654999999635038,0.01806369999940216,0.031081599998287857,167571456
1388,1305031148.8554893,data\rgbd_dataset_freiburg1_xyz\rgb\1305031122.251319.png,data\rgbd_dataset_freiburg1_xyz\depth\1305031122.251355.png,3.600120544433594e-05,,1211,0.01275290000012319,0.0034791999987646705,0.005252000000837143,0.008731199999601813,0.006872899999507354,0.015604099999109167,0.028356999999232357,167575552
1389,1305031148.8877304,data\rgbd_dataset_freiburg1_xyz\rgb\1305031122.283560.png,data\rgbd_dataset_freiburg1_xyz\depth\1305031122.283866.png,0.0003058910369873047,,1159,0.013179999999920256,0.0034849000003305264,0.005684300000211806,0.009169200000542332,0.0073838999996951316,0.016553100000237464,0.02973310000015772,167579648
1390,1305031148.9184594,data\rgbd_dataset_freiburg1_xyz\rgb\1305031122.314289.png,data\rgbd_dataset_freiburg1_xyz\depth\1305031122.314309.png,1.9788742065429688e-05,,1111,0.012809600000764476,0.003422800000407733,0.004672900000514346,0.00809570000092208,0.007548199999291683,0.015643900000213762,0.028453500000978238,167579648
1391,1305031148.9554973,data\rgbd_dataset_freiburg1_xyz\rgb\1305031122.351327.png,data\rgbd_dataset_freiburg1_xyz\depth\1305031122.351351.png,2.4080276489257812e-05,,1119,0.014210699999239296,0.004068499998538755,0.005694700001185993,0.009763199999724748,0.008127400000375928,0.017890600000100676,0.03210129999933997,167587840
1392,1305031148.9868004,data\rgbd_dataset_freiburg1_xyz\rgb\1305031122.382630.png,data\rgbd_dataset_freiburg1_xyz\depth\1305031122.382678.png,4.792213439941406e-05,,1088,0.01407660000040778,0.003509699999995064,0.005849400000442984,0.009359100000438048,0.007878400001573027,0.017237500002011075,0.031314100002418854,167591936
1393,1305031149.0191674,data\rgbd_dataset_freiburg1_xyz\rgb\1305031122.414997.png,data\rgbd_dataset_freiburg1_xyz\depth\1305031122.415008.png,1.0967254638671875e-05,,1092,0.014659099999335012,0.003695800000059535,0.005124299999806681,0.008820099999866216,0.008313899999848218,0.017133999999714433,0.031793099999049446,167591936
1394,1305031149.0554273,data\rgbd_dataset_freiburg1_xyz\rgb\1305031122.451257.png,data\rgbd_dataset_freiburg1_xyz\depth\1305031122.451272.png,1.5020370483398438e-05,,1072,0.013923599999543512,0.0036142999997537117,0.005090900000141119,0.00870519999989483,0.007574299999760115,0.016279499999654945,0.030203099999198457,167612416
1395,1305031149.0875304,data\rgbd_dataset_freiburg1_xyz\rgb\1305031122.483360.png,data\rgbd_dataset_freiburg1_xyz\depth\1305031122.483388.png,2.7894973754882812e-05,,1102,0.013305500000569737,0.003651499999250518,0.004813800000192714,0.008465299999443232,0.007642200000191224,0.016107499999634456,0.029413000000204192,167616512
1396,1305031149.1192672,data\rgbd_dataset_freiburg1_xyz\rgb\1305031122.515097.png,data\rgbd_dataset_freiburg1_xyz\depth\1305031122.515135.png,3.814697265625e-05,,1092,0.013259299999845098,0.0037718999992648605,0.004602699998940807,0.008374599998205667,0.0072273999994649785,0.015601999997670646,0.028861299997515744,167645184
1397,1305031149.1556604,data\rgbd_dataset_freiburg1_xyz\rgb\1305031122.551490.png,data\rgbd_dataset_freiburg1_xyz\depth\1305031122.551510.png,2.002716064453125e-05,,1105,0.013101100001222221,0.003568500000255881,0.005040400001234957,0.008608900001490838,0.007248099998832913,0.01585700000032375,0.028958100001545972,167653376
1398,1305031149.1873784,data\rgbd_dataset_freiburg1_xyz\rgb\1305031122.583208.png,data\rgbd_dataset_freiburg1_xyz\depth\1305031122.583217.png,8.821487426757812e-06,,1080,0.01303879999977653,0.003773800000999472,0.005086400000436697,0.00886020000143617,0.00787789999958477,0.01673810000102094,0.029776900000797468,167661568
1399,1305031149.2191503,data\rgbd_dataset_freiburg1_xyz\rgb\1305031122.614980.png,data\rgbd_dataset_freiburg1_xyz\depth\1305031122.615017.png,3.695487976074219e-05,,1039,0.013079300000754301,0.003634599999713828,0.005111999998916872,0.0087465999986307,0.008010199999262113,0.016756799997892813,0.029836099998647114,167661568
1400,1305031149.2529583,data\rgbd_dataset_freiburg1_xyz\rgb\1305031122.648788.png,data\rgbd_dataset_freiburg1_xyz\depth\1305031122.648810.png,2.193450927734375e-05,,1054,0.013306500000908272,0.003622899999754736,0.004845800000111922,0.008468699999866658,0.007130399999368819,0.015599099999235477,0.02890560000014375,167661568
1401,1305031149.2875724,data\rgbd_dataset_freiburg1_xyz\rgb\1305031122.683402.png,data\rgbd_dataset_freiburg1_xyz\depth\1305031122.683420.png,1.7881393432617188e-05,,1023,0.01308430000062799,0.0035323000010976102,0.005123099999764236,0.008655400000861846,0.006824600000982173,0.015480000001844019,0.02856430000247201,167661568
1402,1305031149.3193784,data\rgbd_dataset_freiburg1_xyz\rgb\1305031122.715208.png,data\rgbd_dataset_freiburg1_xyz\depth\1305031122.715219.png,1.0967254638671875e-05,,1040,0.013037500000791624,0.0036339999987831106,0.004891299999144394,0.008525299997927505,0.006146000001535867,0.014671299999463372,0.027708800000254996,167186432
1403,1305031149.3554683,data\rgbd_dataset_freiburg1_xyz\rgb\1305031122.751298.png,data\rgbd_dataset_freiburg1_xyz\depth\1305031122.751309.png,1.0967254638671875e-05,,1051,0.013013499999942724,0.0037455000001500593,0.005045200001404737,0.008790700001554796,0.00630749999982072,0.015098200001375517,0.02811170000131824,167809024
1404,1305031149.3875933,data\rgbd_dataset_freiburg1_xyz\rgb\1305031122.783423.png,data\rgbd_dataset_freiburg1_xyz\depth\1305031122.783438.png,1.5020370483398438e-05,,1027,0.013230000000476139,0.003807700000834302,0.005614100000457256,0.009421800001291558,0.007609899999806657,0.017031700001098216,0.030261700001574354,167284736
1405,1305031149.4167254,data\rgbd_dataset_freiburg1_xyz\rgb\1305031122.812555.png,data\rgbd_dataset_freiburg1_xyz\depth\1305031122.812565.png,1.0013580322265625e-05,,982,0.013335300000107964,0.003774900000280468,0.005500200000824407,0.009275100001104875,0.007577099999252823,0.016852200000357698,0.03018750000046566,164265984
1406,1305031149.4555883,data\rgbd_dataset_freiburg1_xyz\rgb\1305031122.851418.png,data\rgbd_dataset_freiburg1_xyz\depth\1305031122.851486.png,6.794929504394531e-05,,960,0.013343099999474362,0.003821500000412925,0.004993099999410333,0.008814599999823258,0.00677949999953853,0.015594099999361788,0.02893719999883615,166273024
1407,1305031149.4879243,data\rgbd_dataset_freiburg1_xyz\rgb\1305031122.883754.png,data\rgbd_dataset_freiburg1_xyz\depth\1305031122.883775.png,2.09808349609375e-05,,932,0.01319090000106371,0.0036564000001817476,0.004804299998795614,0.008460699998977361,0.009988499999963096,0.018449199998940458,0.03164010000000417,167337984
1408,1305031149.5187414,data\rgbd_dataset_freiburg1_xyz\rgb\1305031122.914571.png,data\rgbd_dataset_freiburg1_xyz\depth\1305031122.914585.png,1.4066696166992188e-05,,893,0.013131800000337535,0.0036806000007345574,0.005063700000391691,0.008744300001126248,0.007565200001408812,0.01630950000253506,0.029441300002872595,166862848
1409,1305031149.5555112,data\rgbd_dataset_freiburg1_xyz\rgb\1305031122.951341.png,data\rgbd_dataset_freiburg1_xyz\depth\1305031122.951413.png,7.200241088867188e-05,,898,0.013558200000261422,0.0036564000001817476,0.004994500000975677,0.008650900001157424,0.006734800001140684,0.015385700002298108,0.02894390000255953,167485440
1410,1305031149.5869853,data\rgbd_dataset_freiburg1_xyz\rgb\1305031122.982815.png,data\rgbd_dataset_freiburg1_xyz\depth\1305031122.983000.png,0.0001850128173828125,,883,0.01583059999938996,0.004424599999765633,0.004973099999915576,0.009397699999681208,0.006690199999866309,0.016087899999547517,0.03191849999893748,167485440
1411,1305031149.6196203,data\rgbd_dataset_freiburg1_xyz\rgb\1305031123.015450.png,data\rgbd_dataset_freiburg1_xyz\depth\1305031123.015462.png,1.1920928955078125e-05,,870,0.012951099999554572,0.0037747999995190185,0.004477000000406406,0.008251799999925424,0.007269600000654464,0.015521400000579888,0.02847250000013446,167485440
1412,1305031149.6559973,data\rgbd_dataset_freiburg1_xyz\rgb\1305031123.051827.png,data\rgbd_dataset_freiburg1_xyz\depth\1305031123.051838.png,1.0967254638671875e-05,,862,0.01543390000006184,0.004322300001149415,0.004654600001231302,0.008976900002380717,0.0063330000011774246,0.015309900003558141,0.03074380000361998,167510016
1413,1305031149.6871452,data\rgbd_dataset_freiburg1_xyz\rgb\1305031123.082975.png,data\rgbd_dataset_freiburg1_xyz\depth\1305031123.082992.png,1.71661376953125e-05,,870,0.013356900000871974,0.0036208999990776647,0.004954800000632531,0.008575699999710196,0.006464599999162601,0.015040299998872797,0.02839719999974477,166985728
1414,1305031149.7180433,data\rgbd_dataset_freiburg1_xyz\rgb\1305031123.113873.png,data\rgbd_dataset_freiburg1_xyz\depth\1305031123.113939.png,6.604194641113281e-05,,887,0.013039100000241888,0.003709599999638158,0.004690699999628123,0.00840029999926628,0.006440900000598049,0.01484119999986433,0.027880300000106217,167616512
1415,1305031149.7549922,data\rgbd_dataset_freiburg1_xyz\rgb\1305031123.150822.png,data\rgbd_dataset_freiburg1_xyz\depth\1305031123.150840.png,1.811981201171875e-05,,889,0.012834200000725104,0.0036956000003556255,0.004222599998684018,0.007918199999039643,0.0068346000007295515,0.014752799999769195,0.0275870000004943,167620608
1416,1305031149.7863252,data\rgbd_dataset_freiburg1_xyz\rgb\1305031123.182155.png,data\rgbd_dataset_freiburg1_xyz\depth\1305031123.182176.png,2.1219253540039062e-05,,853,0.012728399999105022,0.003748499999346677,0.004584299998896313,0.00833279999824299,0.006506199999421369,0.01483899999766436,0.02756739999676938,167624704
1417,1305031149.8188744,data\rgbd_dataset_freiburg1_xyz\rgb\1305031123.214704.png,data\rgbd_dataset_freiburg1_xyz\depth\1305031123.214724.png,2.002716064453125e-05,,854,0.012847099998907652,0.0037169000006542774,0.0046743000002607005,0.008391200000914978,0.006582600000911043,0.014973800001826021,0.027820900000733673,167628800
1418,1305031149.8547883,data\rgbd_dataset_freiburg1_xyz\rgb\1305031123.250618.png,data\rgbd_dataset_freiburg1_xyz\depth\1305031123.250641.png,2.3126602172851562e-05,,813,0.012501999999585678,0.0036701999997603707,0.004659399999582092,0.008329599999342463,0.007026900000710157,0.01535650000005262,0.027858499999638298,167682048
1419,1305031149.8865173,data\rgbd_dataset_freiburg1_xyz\rgb\1305031123.282347.png,data\rgbd_dataset_freiburg1_xyz\depth\1305031123.282363.png,1.5974044799804688e-05,,756,0.015260500000294996,0.004562299998724484,0.004779799999596435,0.009342099998320919,0.007366200001342804,0.016708299999663723,0.03196879999995872,167723008
1420,1305031149.9154973,data\rgbd_dataset_freiburg1_xyz\rgb\1305031123.311327.png,data\rgbd_dataset_freiburg1_xyz\depth\1305031123.320992.png,0.00966501235961914,,759,0.014276900001277681,0.0037752999996882863,0.004515200000241748,0.008290499999930034,0.00861819999954605,0.016908699999476084,0.031185600000753766,167731200
1421,1305031149.9546514,data\rgbd_dataset_freiburg1_xyz\rgb\1305031123.350481.png,data\rgbd_dataset_freiburg1_xyz\depth\1305031123.350493.png,1.1920928955078125e-05,,734,0.01257629999963683,0.0037921000002825167,0.0046184000002540415,0.008410500000536558,0.006171499999254593,0.014581999999791151,0.02715829999942798,167735296
1422,1305031149.9864254,data\rgbd_dataset_freiburg1_xyz\rgb\1305031123.382255.png,data\rgbd_dataset_freiburg1_xyz\depth\1305031123.382263.png,7.867813110351562e-06,,731,0.012707800000498537,0.003916899999239831,0.004471899999771267,0.008388799999011098,0.006151799998406204,0.014540599997417303,0.02724839999791584,167743488
1423,1305031150.0155332,data\rgbd_dataset_freiburg1_xyz\rgb\1305031123.411363.png,data\rgbd_dataset_freiburg1_xyz\depth\1305031123.421343.png,0.009980201721191406,,737,0.012476600000809412,0.0037259999990055803,0.004487399999561603,0.008213399998567184,0.006298599999354337,0.01451199999792152,0.026988599998730933,167751680
1424,1305031150.0554254,data\rgbd_dataset_freiburg1_xyz\rgb\1305031123.451255.png,data\rgbd_dataset_freiburg1_xyz\depth\1305031123.451266.png,1.0967254638671875e-05,,713,0.012839299999541254,0.003654199999800767,0.004433499998413026,0.008087699998213793,0.005847399999765912,0.013935099997979705,0.02677439999752096,167751680
1425,1305031150.0877643,data\rgbd_dataset_freiburg1_xyz\rgb\1305031123.483594.png,data\rgbd_dataset_freiburg1_xyz\depth\1305031123.483605.png,1.0967254638671875e-05,,709,0.012537299999166862,0.003651299999546609,0.0050539000003482215,0.00870519999989483,0.006672299999991083,0.015377499999885913,0.027914799999052775,167772160
1426,1305031150.1155303,data\rgbd_dataset_freiburg1_xyz\rgb\1305031123.511360.png,data\rgbd_dataset_freiburg1_xyz\depth\1305031123.519725.png,0.008365154266357422,,734,0.012349799999356037,0.0037253000009513926,0.004538799999863841,0.008264100000815233,0.005780200001026969,0.014044300001842203,0.02639410000119824,167776256
1427,1305031150.1556833,data\rgbd_dataset_freiburg1_xyz\rgb\1305031123.551513.png,data\rgbd_dataset_freiburg1_xyz\depth\1305031123.551573.png,6.008148193359375e-05,,729,0.012633100001039566,0.0037402999987534713,0.004682600001615356,0.008422900000368827,0.006541599999764003,0.01496450000013283,0.027597600001172395,167776256
1428,1305031150.1837533,data\rgbd_dataset_freiburg1_xyz\rgb\1305031123.579583.png,data\rgbd_dataset_freiburg1_xyz\depth\1305031123.579616.png,3.314018249511719e-05,,717,0.012694500001089182,0.0037035999994259328,0.004647199999453733,0.008350799998879666,0.006658700000116369,0.015009499998996034,0.027704000000085216,167784448
1429,1305031150.2155054,data\rgbd_dataset_freiburg1_xyz\rgb\1305031123.611335.png,data\rgbd_dataset_freiburg1_xyz\depth\1305031123.620387.png,0.009052038192749023,,736,0.012771699999575503,0.00384940000003553,0.004537800001344294,0.008387200001379824,0.006569699999090517,0.014956900000470341,0.027728600000045844,167124992
1430,1305031150.2565813,data\rgbd_dataset_freiburg1_xyz\rgb\1305031123.652411.png,data\rgbd_dataset_freiburg1_xyz\depth\1305031123.652430.png,1.9073486328125e-05,,733,0.012831199999709497,0.003991100000348524,0.004639500000848784,0.008630600001197308,0.006682199998977012,0.01531280000017432,0.028143999999883818,167755776
1431,1305031150.2879233,data\rgbd_dataset_freiburg1_xyz\rgb\1305031123.683753.png,data\rgbd_dataset_freiburg1_xyz\depth\1305031123.683785.png,3.1948089599609375e-05,,735,0.012893199998870841,0.0039243000010174,0.004691899999670568,0.008616200000687968,0.006219400000190944,0.014835600000878912,0.027728799999749754,167759872
1432,1305031150.3154933,data\rgbd_dataset_freiburg1_xyz\rgb\1305031123.711323.png,data\rgbd_dataset_freiburg1_xyz\depth\1305031123.719975.png,0.008651971817016602,,737,0.012772600000971579,0.003754100000151084,0.004738899999210844,0.008492999999361928,0.006685599999400438,0.015178599998762365,0.027951199999733944,167768064
1433,1305031150.3558934,data\rgbd_dataset_freiburg1_xyz\rgb\1305031123.751723.png,data\rgbd_dataset_freiburg1_xyz\depth\1305031123.751980.png,0.0002570152282714844,,715,0.01262010000027658,0.0038067000004957663,0.005274799999824609,0.009081500000320375,0.006087100000513601,0.015168600000833976,0.027788700001110556,167784448
1434,1305031150.3880284,data\rgbd_dataset_freiburg1_xyz\rgb\1305031123.783858.png,data\rgbd_dataset_freiburg1_xyz\depth\1305031123.784138.png,0.0002799034118652344,,732,0.012685899999269168,0.0037270000011631055,0.004560000001220033,0.008287000002383138,0.0060415000007196795,0.014328500003102818,0.027014400002371985,167784448
1435,1305031150.4157784,data\rgbd_dataset_freiburg1_xyz\rgb\1305031123.811608.png,data\rgbd_dataset_freiburg1_xyz\depth\1305031123.819696.png,0.008087873458862305,,724,0.012555499999507447,0.0036872000000585103,0.004388600000311271,0.008075800000369782,0.006047999999282183,0.014123799999651965,0.02667929999915941,167788544
1436,1305031150.4556143,data\rgbd_dataset_freiburg1_xyz\rgb\1305031123.851444.png,data\rgbd_dataset_freiburg1_xyz\depth\1305031123.851551.png,0.00010704994201660156,,728,0.012780799999745796,0.0036308999988250434,0.005053500000940403,0.008684399999765446,0.0061826000001019565,0.014866999999867403,0.0276477999996132,167260160
1437,1305031150.4879563,data\rgbd_dataset_freiburg1_xyz\rgb\1305031123.883786.png,data\rgbd_dataset_freiburg1_xyz\depth\1305031123.883819.png,3.314018249511719e-05,,733,0.012820399999327492,0.003757200000109151,0.004584100001011393,0.008341300001120544,0.006237800000235438,0.014579100001355982,0.027399500000683474,167886848
1438,1305031150.5154133,data\rgbd_dataset_freiburg1_xyz\rgb\1305031123.911243.png,data\rgbd_dataset_freiburg1_xyz\depth\1305031123.915794.png,0.004550933837890625,,731,0.012659699999858276,0.003707700001541525,0.004758899998705601,0.008466600000247126,0.0059791999992739875,0.014445799999521114,0.02710549999937939,167890944
1439,1305031150.5556123,data\rgbd_dataset_freiburg1_xyz\rgb\1305031123.951442.png,data\rgbd_dataset_freiburg1_xyz\depth\1305031123.951530.png,8.797645568847656e-05,,737,0.012948699999469682,0.00365580000107002,0.004522900000665686,0.008178700001735706,0.005816700000650599,0.013995400002386305,0.026944100001855986,167895040
1440,1305031150.5875852,data\rgbd_dataset_freiburg1_xyz\rgb\1305031123.983415.png,data\rgbd_dataset_freiburg1_xyz\depth\1305031123.983421.png,6.198883056640625e-06,,723,0.01291270000001532,0.00367529999857652,0.004598699999405653,0.008273999997982173,0.0057952000006480375,0.01406919999863021,0.02698189999864553,167899136
1441,1305031150.6154723,data\rgbd_dataset_freiburg1_xyz\rgb\1305031124.011302.png,data\rgbd_dataset_freiburg1_xyz\depth\1305031124.019737.png,0.00843501091003418,,727,0.013006499999391963,0.003795499998886953,0.004779299999427167,0.00857479999831412,0.006889800000863033,0.015464599999177153,0.028471099998569116,167903232
1442,1305031150.6556754,data\rgbd_dataset_freiburg1_xyz\rgb\1305031124.051505.png,data\rgbd_dataset_freiburg1_xyz\depth\1305031124.051531.png,2.5987625122070312e-05,,738,0.013492699999915203,0.0037772999985463684,0.005108900000777794,0.008886199999324162,0.0067364000005909475,0.01562259999991511,0.029115299999830313,167911424
1443,1305031150.6880074,data\rgbd_dataset_freiburg1_xyz\rgb\1305031124.083837.png,data\rgbd_dataset_freiburg1_xyz\depth\1305031124.083902.png,6.4849853515625e-05,,729,0.012664699999731965,0.003825400001005619,0.004530899999735993,0.008356300000741612,0.006263500001296052,0.014619800002037664,0.02728450000176963,167919616
1444,1305031150.7155013,data\rgbd_dataset_freiburg1_xyz\rgb\1305031124.111331.png,data\rgbd_dataset_freiburg1_xyz\depth\1305031124.119669.png,0.008337974548339844,,723,0.012776300000041374,0.003755599998839898,0.005007699999623583,0.00876329999846348,0.006025500000760076,0.014788799999223556,0.02756509999926493,167927808
1445,1305031150.7516162,data\rgbd_dataset_freiburg1_xyz\rgb\1305031124.147446.png,data\rgbd_dataset_freiburg1_xyz\depth\1305031124.147458.png,1.2159347534179688e-05,,738,0.01274089999969874,0.003656599999885657,0.005047200000262819,0.008703800000148476,0.008959999999206048,0.017663799999354524,0.030404699999053264,167936000
1446,1305031150.7868643,data\rgbd_dataset_freiburg1_xyz\rgb\1305031124.182694.png,data\rgbd_dataset_freiburg1_xyz\depth\1305031124.182707.png,1.3113021850585938e-05,,729,0.01295150000078138,0.0036772999992535915,0.004834600000322098,0.00851189999957569,0.005964200001471909,0.014476100001047598,0.027427600001828978,167940096
1447,1305031150.8155663,data\rgbd_dataset_freiburg1_xyz\rgb\1305031124.211396.png,data\rgbd_dataset_freiburg1_xyz\depth\1305031124.217179.png,0.0057830810546875,,720,0.012633899999855203,0.003828099999736878,0.004901299998891773,0.00872939999862865,0.006142599999293452,0.014871999997922103,0.027505899997777306,167944192
1448,1305031150.8534973,data\rgbd_dataset_freiburg1_xyz\rgb\1305031124.249327.png,data\rgbd_dataset_freiburg1_xyz\depth\1305031124.249340.png,1.3113021850585938e-05,,726,0.012926800000059302,0.003768500000660424,0.004947399998854962,0.008715899999515386,0.006244800000786199,0.014960700000301586,0.027887500000360887,167948288
1449,1305031150.8867154,data\rgbd_dataset_freiburg1_xyz\rgb\1305031124.282545.png,data\rgbd_dataset_freiburg1_xyz\depth\1305031124.282555.png,1.0013580322265625e-05,,755,0.012378299999909359,0.0037231999995128717,0.004704700000729645,0.008427900000242516,0.006033999999999651,0.014461900000242167,0.026840200000151526,167948288
1450,1305031150.9155314,data\rgbd_dataset_freiburg1_xyz\rgb\1305031124.311361.png,data\rgbd_dataset_freiburg1_xyz\depth\1305031124.316782.png,0.0054209232330322266,,718,0.012463400000342517,0.0037314999990485376,0.004678400000557303,0.008409899999605841,0.006657599999016384,0.015067499998622225,0.027530899998964742,167956480
1451,1305031150.9545243,data\rgbd_dataset_freiburg1_xyz\rgb\1305031124.350354.png,data\rgbd_dataset_freiburg1_xyz\depth\1305031124.350371.png,1.6927719116210938e-05,,730,0.012965099998837104,0.0038638000005448703,0.004295400000046357,0.008159200000591227,0.005973199999061762,0.01413239999965299,0.027097499998490093,167964672
1452,1305031150.9865904,data\rgbd_dataset_freiburg1_xyz\rgb\1305031124.382420.png,data\rgbd_dataset_freiburg1_xyz\depth\1305031124.382432.png,1.1920928955078125e-05,,749,0.012909799999761162,0.003768599999602884,0.0049058999993576435,0.008674499998960528,0.0066144000011263415,0.015288900000086869,0.02819869999984803,167968768
1453,1305031151.0156093,data\rgbd_dataset_freiburg1_xyz\rgb\1305031124.411439.png,data\rgbd_dataset_freiburg1_xyz\depth\1305031124.418555.png,0.007116079330444336,,750,0.012386399999741116,0.0036473000000114553,0.004891500000667293,0.008538800000678748,0.008672300000398536,0.017211100001077284,0.0295975000008184,167968768
1454,1305031151.0544152,data\rgbd_dataset_freiburg1_xyz\rgb\1305031124.450245.png,data\rgbd_dataset_freiburg1_xyz\depth\1305031124.450256.png,1.1205673217773438e-05,,766,0.012996499999644584,0.0038074000003689434,0.004601099999490543,0.008408499999859487,0.008988800000224728,0.017397300000084215,0.0303937999997288,167985152
1455,1305031151.0842693,data\rgbd_dataset_freiburg1_xyz\rgb\1305031124.480099.png,data\rgbd_dataset_freiburg1_xyz\depth\1305031124.480126.png,2.6941299438476562e-05,,797,0.012765400000716909,0.003775199998926837,0.00459699999919394,0.008372199998120777,0.00611399999979767,0.014486199997918447,0.027251599998635356,167993344
1456,1305031151.1154943,data\rgbd_dataset_freiburg1_xyz\rgb\1305031124.511324.png,data\rgbd_dataset_freiburg1_xyz\depth\1305031124.516737.png,0.005413055419921875,,810,0.012829399998736335,0.003806199998507509,0.004620800000338932,0.00842699999884644,0.006715200001053745,0.015142199999900186,0.02797159999863652,167997440
1457,1305031151.1546073,data\rgbd_dataset_freiburg1_xyz\rgb\1305031124.550437.png,data\rgbd_dataset_freiburg1_xyz\depth\1305031124.550503.png,6.604194641113281e-05,,819,0.013220799999544397,0.003789800000959076,0.004643800000849296,0.008433600001808372,0.0091456999998627,0.017579300001671072,0.03080010000121547,168001536
1458,1305031151.1835744,data\rgbd_dataset_freiburg1_xyz\rgb\1305031124.579404.png,data\rgbd_dataset_freiburg1_xyz\depth\1305031124.584606.png,0.005201816558837891,,840,0.012908299999253359,0.0037848000010853866,0.004562499998428393,0.00834729999951378,0.009974600001442013,0.018321900000955793,0.031230200000209152,167485440
1459,1305031151.2155282,data\rgbd_dataset_freiburg1_xyz\rgb\1305031124.611358.png,data\rgbd_dataset_freiburg1_xyz\depth\1305031124.617653.png,0.006294965744018555,,845,0.015589499998895917,0.004430200000570039,0.004527299999608658,0.008957500000178698,0.006773099999918486,0.015730600000097184,0.0313200999989931,168108032
1460,1305031151.2554414,data\rgbd_dataset_freiburg1_xyz\rgb\1305031124.651271.png,data\rgbd_dataset_freiburg1_xyz\depth\1305031124.651313.png,4.1961669921875e-05,,879,0.012972400001672213,0.0037039000017102808,0.0052305000008345814,0.008934400002544862,0.006337599999824306,0.015272000002369168,0.02824440000404138,168108032
1461,1305031151.2835324,data\rgbd_dataset_freiburg1_xyz\rgb\1305031124.679362.png,data\rgbd_dataset_freiburg1_xyz\depth\1305031124.685473.png,0.0061109066009521484,,933,0.012739300000248477,0.0037234999999782303,0.005077900001197122,0.008801400001175352,0.006868399999802932,0.015669800000978285,0.02840910000122676,168112128
1462,1305031151.3154213,data\rgbd_dataset_freiburg1_xyz\rgb\1305031124.711251.png,data\rgbd_dataset_freiburg1_xyz\depth\1305031124.715791.png,0.004539966583251953,,956,0.012672099999690545,0.0036077999993722187,0.005005199998777243,0.008612999998149462,0.006558099999892875,0.015171099998042337,0.02784319999773288,168124416
1463,1305031151.3540604,data\rgbd_dataset_freiburg1_xyz\rgb\1305031124.749890.png,data\rgbd_dataset_freiburg1_xyz\depth\1305031124.749941.png,5.1021575927734375e-05,,957,0.013035199999649194,0.0036041000003024237,0.005370800001401221,0.008974900001703645,0.006938900000022841,0.015913800001726486,0.02894900000137568,167550976
1464,1305031151.3835354,data\rgbd_dataset_freiburg1_xyz\rgb\1305031124.779365.png,data\rgbd_dataset_freiburg1_xyz\depth\1305031124.785178.png,0.005812883377075195,,999,0.013055199999143952,0.003788199999689823,0.0054679999993823,0.009256199999072123,0.007053799999994226,0.01630999999906635,0.0293651999982103,168165376
1465,1305031151.4155302,data\rgbd_dataset_freiburg1_xyz\rgb\1305031124.811360.png,data\rgbd_dataset_freiburg1_xyz\depth\1305031124.816641.png,0.005281209945678711,,1022,0.013480699999490753,0.0038187999998626765,0.005469300000186195,0.009288100000048871,0.007332499999392894,0.016620599999441765,0.030101299998932518,168177664
1466,1305031151.4547052,data\rgbd_dataset_freiburg1_xyz\rgb\1305031124.850535.png,data\rgbd_dataset_freiburg1_xyz\depth\1305031124.850559.png,2.4080276489257812e-05,,1050,0.012758500000927597,0.003744699999515433,0.005347599999367958,0.00909229999888339,0.01087809999989986,0.01997039999878325,0.03272889999971085,168181760
1467,1305031151.4835253,data\rgbd_dataset_freiburg1_xyz\rgb\1305031124.879355.png,data\rgbd_dataset_freiburg1_xyz\depth\1305031124.883594.png,0.004239082336425781,,1105,0.013133599999491707,0.004081999999471009,0.00518259999989823,0.009264599999369239,0.006624700001339079,0.015889300000708317,0.029022900000200025,168189952
1468,1305031151.5156183,data\rgbd_dataset_freiburg1_xyz\rgb\1305031124.911448.png,data\rgbd_dataset_freiburg1_xyz\depth\1305031124.918770.png,0.007322072982788086,,1099,0.013150200000382029,0.0037449999999807915,0.004547399999864865,0.008292399999845657,0.006574899998668116,0.014867299998513772,0.0280174999988958,167133184
1469,1305031151.5549004,data\rgbd_dataset_freiburg1_xyz\rgb\1305031124.950730.png,data\rgbd_dataset_freiburg1_xyz\depth\1305031124.950748.png,1.7881393432617188e-05,,1075,0.013749400000961032,0.003714899999977206,0.004597399998601759,0.008312299998578965,0.010363100000176928,0.018675399998755893,0.032424799999716925,167911424
1470,1305031151.5836084,data\rgbd_dataset_freiburg1_xyz\rgb\1305031124.979438.png,data\rgbd_dataset_freiburg1_xyz\depth\1305031124.986460.png,0.007021903991699219,,1084,0.013403199998720083,0.004006199998912052,0.005236200000581448,0.0092423999994935,0.01134500000080152,0.02058740000029502,0.0339905999990151,167489536
1471,1305031151.6156244,data\rgbd_dataset_freiburg1_xyz\rgb\1305031125.011454.png,data\rgbd_dataset_freiburg1_xyz\depth\1305031125.019467.png,0.008013010025024414,,1121,0.013505900000382098,0.003744000001461245,0.004982499998732237,0.008726500000193482,0.0074247000011382625,0.016151200001331745,0.029657100001713843,168108032
1472,1305031151.6549332,data\rgbd_dataset_freiburg1_xyz\rgb\1305031125.050763.png,data\rgbd_dataset_freiburg1_xyz\depth\1305031125.050798.png,3.504753112792969e-05,,1166,0.013514899999790941,0.003605500000048778,0.004902500000753207,0.008508000000801985,0.007181599999967148,0.015689600000769133,0.029204500000560074,167575552
1473,1305031151.6835344,data\rgbd_dataset_freiburg1_xyz\rgb\1305031125.079364.png,data\rgbd_dataset_freiburg1_xyz\depth\1305031125.083480.png,0.0041158199310302734,,1176,0.013478100001520943,0.0035473999996611383,0.005139200000485289,0.008686600000146427,0.007050099999105441,0.01573669999925187,0.02921480000077281,167055360
1474,1305031151.7155342,data\rgbd_dataset_freiburg1_xyz\rgb\1305031125.111364.png,data\rgbd_dataset_freiburg1_xyz\depth\1305031125.119029.png,0.007665157318115234,,1205,0.013639599999805796,0.0035314999986439943,0.0053287999999156455,0.00886029999855964,0.007201100001111627,0.016061399999671266,0.029700999999477062,167837696
1475,1305031151.7551832,data\rgbd_dataset_freiburg1_xyz\rgb\1305031125.151013.png,data\rgbd_dataset_freiburg1_xyz\depth\1305031125.151037.png,2.4080276489257812e-05,,1194,0.013389099998676102,0.0037689000000682427,0.004970400001184316,0.008739300001252559,0.011322300000756513,0.020061600002009072,0.033450700000685174,168226816
1476,1305031151.7835233,data\rgbd_dataset_freiburg1_xyz\rgb\1305031125.179353.png,data\rgbd_dataset_freiburg1_xyz\depth\1305031125.187064.png,0.007710933685302734,,1197,0.013233100000434206,0.003700600000229315,0.005140699999174103,0.008841299999403418,0.007596299999931944,0.01643759999933536,0.029670699999769568,168407040
1477,1305031151.8154902,data\rgbd_dataset_freiburg1_xyz\rgb\1305031125.211320.png,data\rgbd_dataset_freiburg1_xyz\depth\1305031125.219018.png,0.00769805908203125,,1175,0.013123500000801869,0.003463299999566516,0.0047272000010707416,0.008190500000637257,0.007452400001056958,0.015642900001694215,0.028766400002496084,168415232
1478,1305031151.8548024,data\rgbd_dataset_freiburg1_xyz\rgb\1305031125.250632.png,data\rgbd_dataset_freiburg1_xyz\depth\1305031125.250642.png,1.0013580322265625e-05,,1180,0.013042199998380966,0.003561900000931928,0.004977399999916088,0.008539300000848016,0.00759470000048168,0.016134000001329696,0.02917619999971066,168472576
1479,1305031151.8836374,data\rgbd_dataset_freiburg1_xyz\rgb\1305031125.279467.png,data\rgbd_dataset_freiburg1_xyz\depth\1305031125.286396.png,0.006928920745849609,,1203,0.015271499998561922,0.003604000001359964,0.005650399998557987,0.00925439999991795,0.006765300000552088,0.01601970000047004,0.03129119999903196,167370752
1480,1305031151.9156632,data\rgbd_dataset_freiburg1_xyz\rgb\1305031125.311493.png,data\rgbd_dataset_freiburg1_xyz\depth\1305031125.319140.png,0.007647037506103516,,1206,0.013120400000843802,0.003684600000269711,0.005220300001383293,0.008904900001653004,0.006875999999465421,0.015780900001118425,0.028901300001962227,168087552
1481,1305031151.9530504,data\rgbd_dataset_freiburg1_xyz\rgb\1305031125.348880.png,data\rgbd_dataset_freiburg1_xyz\depth\1305031125.348899.png,1.8835067749023438e-05,,1226,0.01302419999956328,0.003773299999011215,0.006632099999478669,0.010405399998489884,0.007478199999241042,0.017883599997730926,0.030907799997294205,167694336
1482,1305031151.9835713,data\rgbd_dataset_freiburg1_xyz\rgb\1305031125.379401.png,data\rgbd_dataset_freiburg1_xyz\depth\1305031125.386792.png,0.0073909759521484375,,1196,0.015543800000159536,0.0035903000007238006,0.005447400000775815,0.009037700001499616,0.007088899999871501,0.016126600001371116,0.03167040000153065,168419328
1483,1305031152.0155053,data\rgbd_dataset_freiburg1_xyz\rgb\1305031125.411335.png,data\rgbd_dataset_freiburg1_xyz\depth\1305031125.419574.png,0.008239030838012695,,1217,0.012922799998705159,0.0036007000016979873,0.005203700000492972,0.00880440000219096,0.0076355999990482815,0.01644000000123924,0.0293627999999444,168456192
1484,1305031152.0553653,data\rgbd_dataset_freiburg1_xyz\rgb\1305031125.451195.png,data\rgbd_dataset_freiburg1_xyz\depth\1305031125.451232.png,3.695487976074219e-05,,1196,0.0127290999989782,0.0036927999990439275,0.005170800000996678,0.008863600000040606,0.0071136000005935784,0.015977200000634184,0.028706299999612384,168456192
1485,1305031152.0835943,data\rgbd_dataset_freiburg1_xyz\rgb\1305031125.479424.png,data\rgbd_dataset_freiburg1_xyz\depth\1305031125.486999.png,0.007575035095214844,,1165,0.013029199999436969,0.0034089999990101205,0.0050360000004729955,0.008444999999483116,0.007226699999591801,0.015671699999074917,0.028700899998511886,168460288
1486,1305031152.1154864,data\rgbd_dataset_freiburg1_xyz\rgb\1305031125.511316.png,data\rgbd_dataset_freiburg1_xyz\depth\1305031125.519354.png,0.008038043975830078,,1153,0.013451000000713975,0.0036939999990863726,0.005486300000484334,0.009180299999570707,0.006902699999045581,0.016082999998616287,0.029533999999330263,168464384
1487,1305031152.1551902,data\rgbd_dataset_freiburg1_xyz\rgb\1305031125.551020.png,data\rgbd_dataset_freiburg1_xyz\depth\1305031125.551050.png,3.0040740966796875e-05,,1138,0.013163500001610373,0.0034087000003637513,0.004528999999820371,0.007937700000184122,0.010728400000516558,0.01866610000070068,0.031829600002311054,168472576
1488,1305031152.1834784,data\rgbd_dataset_freiburg1_xyz\rgb\1305031125.579308.png,data\rgbd_dataset_freiburg1_xyz\depth\1305031125.585303.png,0.005995035171508789,,1133,0.013309999998455169,0.00362440000026254,0.0051146999994671205,0.00873909999972966,0.010716200000388199,0.01945530000011786,0.03276529999857303,168480768
1489,1305031152.2157032,data\rgbd_dataset_freiburg1_xyz\rgb\1305031125.611533.png,data\rgbd_dataset_freiburg1_xyz\depth\1305031125.617870.png,0.006337165832519531,,1148,0.013164600000891369,0.0036305000012362143,0.005176599999686005,0.008807100000922219,0.007312499999898137,0.016119600000820355,0.029284200001711724,168484864
1490,1305031152.2547452,data\rgbd_dataset_freiburg1_xyz\rgb\1305031125.650575.png,data\rgbd_dataset_freiburg1_xyz\depth\1305031125.650354.png,0.00022101402282714844,,1113,0.012849200000346173,0.0034938999997393694,0.004753899998831912,0.008247799998571281,0.011112499998489511,0.019360299997060793,0.032209499997406965,168493056
1491,1305031152.2834983,data\rgbd_dataset_freiburg1_xyz\rgb\1305031125.679328.png,data\rgbd_dataset_freiburg1_xyz\depth\1305031125.684602.png,0.005274057388305664,,1176,0.013258400000268011,0.0034613999996508937,0.0047403999997186475,0.008201799999369541,0.007505900000978727,0.015707700000348268,0.02896610000061628,167436288
1492,1305031152.3156133,data\rgbd_dataset_freiburg1_xyz\rgb\1305031125.711443.png,data\rgbd_dataset_freiburg1_xyz\depth\1305031125.715669.png,0.004225969314575195,,1203,0.013514599999325583,0.0035533999998733634,0.005648399999699905,0.009201799999573268,0.00806879999981902,0.01727059999939229,0.03078519999871787,168349696
1493,1305031152.3554304,data\rgbd_dataset_freiburg1_xyz\rgb\1305031125.751260.png,data\rgbd_dataset_freiburg1_xyz\depth\1305031125.751292.png,3.1948089599609375e-05,,1207,0.013299100000949693,0.0035148000006302027,0.0050784999984898604,0.008593299999120063,0.007158599999456783,0.015751899998576846,0.02905099999952654,168407040
1494,1305031152.3835182,data\rgbd_dataset_freiburg1_xyz\rgb\1305031125.779348.png,data\rgbd_dataset_freiburg1_xyz\depth\1305031125.786805.png,0.00745701789855957,,1222,0.015109199999642442,0.0034243000009155367,0.005127500000526197,0.008551800001441734,0.007416300000841147,0.01596810000228288,0.031077300001925323,168419328
1495,1305031152.4157434,data\rgbd_dataset_freiburg1_xyz\rgb\1305031125.811573.png,data\rgbd_dataset_freiburg1_xyz\depth\1305031125.819450.png,0.007876873016357422,,1191,0.013516200000594836,0.00341879999905359,0.004961900000125752,0.008380699999179342,0.007237800000439165,0.015618499999618507,0.029134700000213343,167464960
1496,1305031152.4515824,data\rgbd_dataset_freiburg1_xyz\rgb\1305031125.847412.png,data\rgbd_dataset_freiburg1_xyz\depth\1305031125.854774.png,0.007361888885498047,,1192,0.013764000001174281,0.0034730999996099854,0.00521149999985937,0.008684599999469356,0.007567800001197611,0.016252400000666967,0.030016400001841248,167464960
1497,1305031152.4834883,data\rgbd_dataset_freiburg1_xyz\rgb\1305031125.879318.png,data\rgbd_dataset_freiburg1_xyz\depth\1305031125.886645.png,0.007327079772949219,,1164,0.013998799999171752,0.003550899999027024,0.005210899998928653,0.008761799997955677,0.007112100000085775,0.015873899998041452,0.029872699997213203,167469056
1498,1305031152.5154753,data\rgbd_dataset_freiburg1_xyz\rgb\1305031125.911305.png,data\rgbd_dataset_freiburg1_xyz\depth\1305031125.919334.png,0.008028984069824219,,1209,0.013381100001424784,0.003550299999915296,0.005517499999768916,0.009067799999684212,0.007276000000274507,0.01634379999995872,0.029724900001383503,168386560
1499,1305031152.5515134,data\rgbd_dataset_freiburg1_xyz\rgb\1305031125.947343.png,data\rgbd_dataset_freiburg1_xyz\depth\1305031125.955252.png,0.007908821105957031,,1186,0.013048999999227817,0.0037439999996422557,0.005167199999050354,0.00891119999869261,0.007827299999917159,0.016738499998609768,0.029787499997837585,168427520
1500,1305031152.5834944,data\rgbd_dataset_freiburg1_xyz\rgb\1305031125.979324.png,data\rgbd_dataset_freiburg1_xyz\depth\1305031125.987094.png,0.00776982307434082,,1195,0.012992300000405521,0.003679299999930663,0.005504799999471288,0.009184099999401951,0.007157500000175787,0.01634159999957774,0.02933389999998326,167927808
1501,1305031152.6155033,data\rgbd_dataset_freiburg1_xyz\rgb\1305031126.011333.png,data\rgbd_dataset_freiburg1_xyz\depth\1305031126.019572.png,0.008239030838012695,,1208,0.01429689999895345,0.0035927000008086907,0.00512689999959548,0.00871960000040417,0.007353000000875909,0.01607260000128008,0.03036950000023353,168505344
1502,1305031152.6514943,data\rgbd_dataset_freiburg1_xyz\rgb\1305031126.047324.png,data\rgbd_dataset_freiburg1_xyz\depth\1305031126.055038.png,0.007714033126831055,,1227,0.013296499999341904,0.0038034999997762498,0.005418200000349316,0.009221700000125566,0.007608899999468122,0.016830599999593687,0.03012709999893559,168517632
1503,1305031152.6835263,data\rgbd_dataset_freiburg1_xyz\rgb\1305031126.079356.png,data\rgbd_dataset_freiburg1_xyz\depth\1305031126.087076.png,0.007719993591308594,,1185,0.01337239999884332,0.0036277999988669762,0.005002500000045984,0.00863029999891296,0.006933200000275974,0.015563499999188934,0.028935899998032255,168042496
1504,1305031152.7155404,data\rgbd_dataset_freiburg1_xyz\rgb\1305031126.111370.png,data\rgbd_dataset_freiburg1_xyz\depth\1305031126.119452.png,0.008081912994384766,,1122,0.013676200000190875,0.003819600000497303,0.004783000000315951,0.008602600000813254,0.00739649999923131,0.015999100000044564,0.02967530000023544,168632320
1505,1305031152.7516024,data\rgbd_dataset_freiburg1_xyz\rgb\1305031126.147432.png,data\rgbd_dataset_freiburg1_xyz\depth\1305031126.155000.png,0.007567882537841797,,1108,0.013130100000125822,0.0035850000003847526,0.0052883999996993225,0.008873400000084075,0.008557199998904252,0.017430599998988328,0.03056069999911415,168665088
1506,1305031152.7835543,data\rgbd_dataset_freiburg1_xyz\rgb\1305031126.179384.png,data\rgbd_dataset_freiburg1_xyz\depth\1305031126.187174.png,0.007790088653564453,,1080,0.015696899999966263,0.004514199999903212,0.0052015000001119915,0.009715700000015204,0.0069590000002790475,0.01667470000029425,0.032371600000260514,168665088
1507,1305031152.8154893,data\rgbd_dataset_freiburg1_xyz\rgb\1305031126.211319.png,data\rgbd_dataset_freiburg1_xyz\depth\1305031126.219473.png,0.008153915405273438,,1024,0.012715899998511304,0.0035807999993267003,0.004888600000413135,0.008469399999739835,0.007181799999671057,0.015651199999410892,0.028367099997922196,168665088
1508,1305031152.8514683,data\rgbd_dataset_freiburg1_xyz\rgb\1305031126.247298.png,data\rgbd_dataset_freiburg1_xyz\depth\1305031126.255236.png,0.007937908172607422,,947,0.013062599999102531,0.0036009000014018966,0.004828900000575231,0.008429800001977128,0.00681819999954314,0.015248000001520268,0.0283106000006228,168673280
1509,1305031152.8835332,data\rgbd_dataset_freiburg1_xyz\rgb\1305031126.279363.png,data\rgbd_dataset_freiburg1_xyz\depth\1305031126.287105.png,0.007742166519165039,,940,0.013134500000887783,0.003746599999431055,0.004602500001055887,0.008349100000486942,0.006384700000126031,0.014733800000612973,0.027868300001500756,168673280
1510,1305031152.9155023,data\rgbd_dataset_freiburg1_xyz\rgb\1305031126.311332.png,data\rgbd_dataset_freiburg1_xyz\depth\1305031126.319787.png,0.008455038070678711,,903,0.012904100000014296,0.0037276999992172932,0.004716600000392646,0.008444299999609939,0.006223300000783638,0.014667600000393577,0.027571700000407873,168677376
1511,1305031152.9515333,data\rgbd_dataset_freiburg1_xyz\rgb\1305031126.347363.png,data\rgbd_dataset_freiburg1_xyz\depth\1305031126.355415.png,0.00805211067199707,,837,0.012887400000181515,0.0036533000002236804,0.004641800000172225,0.008295100000395905,0.00657389999832958,0.014868999998725485,0.027756399998907,168693760
1512,1305031152.9835932,data\rgbd_dataset_freiburg1_xyz\rgb\1305031126.379423.png,data\rgbd_dataset_freiburg1_xyz\depth\1305031126.387483.png,0.008059978485107422,,854,0.012765699999363278,0.0037675999992643483,0.004876299999523326,0.008643899998787674,0.006960000000617583,0.015603899999405257,0.028369599998768535,168701952
1513,1305031153.0156353,data\rgbd_dataset_freiburg1_xyz\rgb\1305031126.411465.png,data\rgbd_dataset_freiburg1_xyz\depth\1305031126.419793.png,0.008327960968017578,,773,0.015384300000732765,0.0045214000001578825,0.004969199999322882,0.009490599999480764,0.006252499999391148,0.015743099998871912,0.031127399999604677,168710144
1514,1305031153.0515313,data\rgbd_dataset_freiburg1_xyz\rgb\1305031126.447361.png,data\rgbd_dataset_freiburg1_xyz\depth\1305031126.455380.png,0.008018970489501953,,749,0.012844400000176392,0.0036176000012346776,0.004643299998861039,0.008260900000095717,0.006124199999248958,0.014385099999344675,0.027229499999521067,168714240
1515,1305031153.0837033,data\rgbd_dataset_freiburg1_xyz\rgb\1305031126.479533.png,data\rgbd_dataset_freiburg1_xyz\depth\1305031126.490386.png,0.010853052139282227,,725,0.01269030000003113,0.003767899999729707,0.005113899998832494,0.008881799998562201,0.006011299999954645,0.014893099998516846,0.027583399998547975,168730624
1516,1305031153.1155803,data\rgbd_dataset_freiburg1_xyz\rgb\1305031126.511410.png,data\rgbd_dataset_freiburg1_xyz\depth\1305031126.522321.png,0.010910987854003906,,718,0.013061999999990803,0.0036872000000585103,0.004424800001288531,0.008112000001347042,0.0065936000009969575,0.014705600002344,0.027767600002334802,168738816
1517,1305031153.1515443,data\rgbd_dataset_freiburg1_xyz\rgb\1305031126.547374.png,data\rgbd_dataset_freiburg1_xyz\depth\1305031126.558209.png,0.010834932327270508,,727,0.012646299999687471,0.003731500000867527,0.004773399999976391,0.008504900000843918,0.006476199998360244,0.014981099999204162,0.027627399998891633,168747008
1518,1305031153.1836243,data\rgbd_dataset_freiburg1_xyz\rgb\1305031126.579454.png,data\rgbd_dataset_freiburg1_xyz\depth\1305031126.590176.png,0.010722160339355469,,703,0.012475199999244069,0.0035446000001684297,0.005057200000010198,0.008601800000178628,0.007015999999566702,0.01561779999974533,0.0280929999989894,168755200
1519,1305031153.2156982,data\rgbd_dataset_freiburg1_xyz\rgb\1305031126.611528.png,data\rgbd_dataset_freiburg1_xyz\depth\1305031126.618687.png,0.007158994674682617,,695,0.01291999999921245,0.0036753999993379693,0.0045642000004590955,0.008239599999797065,0.006431900001189206,0.01467150000098627,0.02759150000019872,168759296
1520,1305031153.2515464,data\rgbd_dataset_freiburg1_xyz\rgb\1305031126.647376.png,data\rgbd_dataset_freiburg1_xyz\depth\1305031126.654474.png,0.007097959518432617,,694,0.013000100001590909,0.0037389000008261064,0.004940900000292459,0.008679800001118565,0.006512800000564312,0.015192600001682877,0.028192700003273785,168759296
1521,1305031153.2836492,data\rgbd_dataset_freiburg1_xyz\rgb\1305031126.679479.png,data\rgbd_dataset_freiburg1_xyz\depth\1305031126.690022.png,0.010543107986450195,,677,0.012790499999027816,0.0037563999994745245,0.004907700000330806,0.00866409999980533,0.006341199999951641,0.015005299999756971,0.027795799998784787,168759296
1522,1305031153.3157532,data\rgbd_dataset_freiburg1_xyz\rgb\1305031126.711583.png,data\rgbd_dataset_freiburg1_xyz\depth\1305031126.715770.png,0.004187107086181641,,678,0.014814699999988079,0.004555100000288803,0.00512689999959548,0.009681999999884283,0.006650499999523163,0.016332499999407446,0.031147199999395525,168771584
1523,1305031153.3514862,data\rgbd_dataset_freiburg1_xyz\rgb\1305031126.747316.png,data\rgbd_dataset_freiburg1_xyz\depth\1305031126.755374.png,0.00805807113647461,,645,0.013037599999734084,0.003704999999172287,0.004569100001390325,0.008274100000562612,0.006010699999023927,0.01428479999958654,0.027322399999320623,168779776
1524,1305031153.3835492,data\rgbd_dataset_freiburg1_xyz\rgb\1305031126.779379.png,data\rgbd_dataset_freiburg1_xyz\depth\1305031126.787565.png,0.008186101913452148,,650,0.012735000000247965,0.0036611000014090678,0.004767399999764166,0.008428500001173234,0.008531299999958719,0.016959800001131953,0.029694800001379917,167632896
1525,1305031153.4157724,data\rgbd_dataset_freiburg1_xyz\rgb\1305031126.811602.png,data\rgbd_dataset_freiburg1_xyz\depth\1305031126.819929.png,0.00832676887512207,,663,0.013465199999700417,0.0038938999987294665,0.005249800000456162,0.009143699999185628,0.005778400000053807,0.014922099999239435,0.028387299998939852,168390656
1526,1305031153.4515133,data\rgbd_dataset_freiburg1_xyz\rgb\1305031126.847343.png,data\rgbd_dataset_freiburg1_xyz\depth\1305031126.858378.png,0.011034965515136719,,679,0.012739600000713835,0.0034415999998600455,0.004780600000231061,0.008222200000091107,0.0061128000015742145,0.014335000001665321,0.027074600002379157,168394752
1527,1305031153.4835274,data\rgbd_dataset_freiburg1_xyz\rgb\1305031126.879357.png,data\rgbd_dataset_freiburg1_xyz\depth\1305031126.888154.png,0.008796930313110352,,681,0.012929200000144192,0.003645200000391924,0.004551399999400019,0.008196599999791943,0.006011699999362463,0.014208299999154406,0.027137499999298598,167841792
1528,1305031153.5155344,data\rgbd_dataset_freiburg1_xyz\rgb\1305031126.911364.png,data\rgbd_dataset_freiburg1_xyz\depth\1305031126.919409.png,0.008044958114624023,,677,0.013082899999062647,0.003493500000331551,0.004822299999432289,0.00831579999976384,0.005860299999767449,0.014176099999531289,0.027258999998593936,168497152
1529,1305031153.5516074,data\rgbd_dataset_freiburg1_xyz\rgb\1305031126.947437.png,data\rgbd_dataset_freiburg1_xyz\depth\1305031126.955501.png,0.008064031600952148,,686,0.012778600001183804,0.003488499998638872,0.004720000000816071,0.008208499999454943,0.006052099999578786,0.01426059999903373,0.027039200000217534,168538112
1530,1305031153.5835073,data\rgbd_dataset_freiburg1_xyz\rgb\1305031126.979337.png,data\rgbd_dataset_freiburg1_xyz\depth\1305031126.987316.png,0.00797891616821289,,685,0.012478099999498227,0.003554499999154359,0.004646399998819106,0.008200899997973465,0.005822300001455005,0.01402319999942847,0.026501299998926697,168542208
1531,1305031153.6155412,data\rgbd_dataset_freiburg1_xyz\rgb\1305031127.011371.png,data\rgbd_dataset_freiburg1_xyz\depth\1305031127.019524.png,0.008153200149536133,,693,0.012773599999491125,0.003613999999288353,0.004510600001594867,0.00812460000088322,0.006154899998364272,0.014279499999247491,0.027053099998738617,168546304
1532,1305031153.6514673,data\rgbd_dataset_freiburg1_xyz\rgb\1305031127.047297.png,data\rgbd_dataset_freiburg1_xyz\depth\1305031127.053318.png,0.006021022796630859,,684,0.012692899999819929,0.0035623000003397465,0.004735600001367857,0.008297900001707603,0.005847100001119543,0.014145000002827146,0.026837900002647075,168550400
1533,1305031153.6834693,data\rgbd_dataset_freiburg1_xyz\rgb\1305031127.079299.png,data\rgbd_dataset_freiburg1_xyz\depth\1305031127.088649.png,0.009350061416625977,,688,0.012770399998771609,0.00348640000083833,0.004861600000367616,0.008348000001205946,0.005849600000146893,0.01419760000135284,0.026968000000124448,168050688
1534,1305031153.7156053,data\rgbd_dataset_freiburg1_xyz\rgb\1305031127.111435.png,data\rgbd_dataset_freiburg1_xyz\depth\1305031127.120963.png,0.009528160095214844,,702,0.01315210000029765,0.003665099999125232,0.0046975000004749745,0.008362599999600207,0.005850999999893247,0.014213599999493454,0.027365699999791104,168624128
1535,1305031153.7514772,data\rgbd_dataset_freiburg1_xyz\rgb\1305031127.147307.png,data\rgbd_dataset_freiburg1_xyz\depth\1305031127.157692.png,0.01038503646850586,,689,0.012657700001000194,0.0036889000002702232,0.0046987000005174195,0.008387600000787643,0.006133999999292428,0.01452160000008007,0.027179300001080264,168681472
1536,1305031153.7835193,data\rgbd_dataset_freiburg1_xyz\rgb\1305031127.179349.png,data\rgbd_dataset_freiburg1_xyz\depth\1305031127.187500.png,0.008151054382324219,,701,0.012499700000262237,0.0035240000015619444,0.004596599999786122,0.008120600001348066,0.006752200000846642,0.014872800002194708,0.027372500002456945,168689664
1537,1305031153.8158703,data\rgbd_dataset_freiburg1_xyz\rgb\1305031127.211700.png,data\rgbd_dataset_freiburg1_xyz\depth\1305031127.221831.png,0.010131120681762695,,686,0.01276279999910912,0.00371639999866602,0.004940900000292459,0.008657299998958479,0.0060761999993701465,0.014733499998328625,0.027496299997437745,168689664
1538,1305031153.8515444,data\rgbd_dataset_freiburg1_xyz\rgb\1305031127.247374.png,data\rgbd_dataset_freiburg1_xyz\depth\1305031127.259761.png,0.01238703727722168,,683,0.012715900000330294,0.003666299999167677,0.004832399999941117,0.008498699999108794,0.006227599998965161,0.014726299998073955,0.02744219999840425,168693760
1539,1305031153.8836353,data\rgbd_dataset_freiburg1_xyz\rgb\1305031127.279465.png,data\rgbd_dataset_freiburg1_xyz\depth\1305031127.287038.png,0.007573127746582031,,689,0.013326099999176222,0.0037991000008332776,0.0047904999992169905,0.008589600000050268,0.00857469999937166,0.017164299999421928,0.03049039999859815,168706048
1540,1305031153.9155324,data\rgbd_dataset_freiburg1_xyz\rgb\1305031127.311362.png,data\rgbd_dataset_freiburg1_xyz\depth\1305031127.320468.png,0.009105920791625977,,661,0.015432399999554036,0.00349370000003546,0.00493810000079975,0.00843180000083521,0.006566899999597808,0.014998700000433018,0.030431099999987055,168718336
1541,1305031153.9515264,data\rgbd_dataset_freiburg1_xyz\rgb\1305031127.347356.png,data\rgbd_dataset_freiburg1_xyz\depth\1305031127.353407.png,0.006050825119018555,,689,0.013062299998637172,0.0035986999992019264,0.00512689999959548,0.008725599998797406,0.005902200000491575,0.014627799999288982,0.027690099997926154,168722432
1542,1305031153.9834323,data\rgbd_dataset_freiburg1_xyz\rgb\1305031127.379262.png,data\rgbd_dataset_freiburg1_xyz\depth\1305031127.383713.png,0.00445103645324707,,720,0.012759299999743234,0.0038853999994898913,0.0049581000002945075,0.008843499999784399,0.008650699999634526,0.017494199999418925,0.03025349999916216,168730624
1543,1305031154.0155413,data\rgbd_dataset_freiburg1_xyz\rgb\1305031127.411371.png,data\rgbd_dataset_freiburg1_xyz\depth\1305031127.419650.png,0.008279085159301758,,717,0.013073000000076718,0.0035594000000855885,0.004483299999265,0.008042699999350589,0.006110799999078154,0.014153499998428742,0.02722649999850546,168730624
1544,1305031154.0515034,data\rgbd_dataset_freiburg1_xyz\rgb\1305031127.447333.png,data\rgbd_dataset_freiburg1_xyz\depth\1305031127.454246.png,0.006912946701049805,,700,0.012990600000193808,0.0036380000001372537,0.004648599999200087,0.00828659999933734,0.006707700000333716,0.014994299999671057,0.027984899999864865,168734720
1545,1305031154.0835323,data\rgbd_dataset_freiburg1_xyz\rgb\1305031127.479362.png,data\rgbd_dataset_freiburg1_xyz\depth\1305031127.487200.png,0.007838010787963867,,706,0.012933500000144704,0.0035237000010965858,0.004026999999041436,0.007550700000138022,0.006649799999649986,0.014200499999788008,0.027133999999932712,168738816
1546,1305031154.1155264,data\rgbd_dataset_freiburg1_xyz\rgb\1305031127.511356.png,data\rgbd_dataset_freiburg1_xyz\depth\1305031127.521900.png,0.0105438232421875,,697,0.013180800000554882,0.0036195000011503,0.00458009999965725,0.00819960000080755,0.008621700000730925,0.016821300001538475,0.030002100002093357,168738816
1547,1305031154.1515183,data\rgbd_dataset_freiburg1_xyz\rgb\1305031127.547348.png,data\rgbd_dataset_freiburg1_xyz\depth\1305031127.553725.png,0.006376981735229492,,711,0.013133599999491707,0.003536599999279133,0.005042699998739408,0.008579299998018541,0.0062833000010869,0.014862599999105441,0.02799619999859715,168751104
1548,1305031154.1835153,data\rgbd_dataset_freiburg1_xyz\rgb\1305031127.579345.png,data\rgbd_dataset_freiburg1_xyz\depth\1305031127.586632.png,0.007287025451660156,,704,0.013569099999585887,0.0036307999998825835,0.005013899999539717,0.0086446999994223,0.0065223000001424225,0.015166999999564723,0.02873609999915061,168755200
1549,1305031154.2154412,data\rgbd_dataset_freiburg1_xyz\rgb\1305031127.611271.png,data\rgbd_dataset_freiburg1_xyz\depth\1305031127.620657.png,0.009386062622070312,,699,0.013212500000008731,0.0035991999993711943,0.005053300001236494,0.008652500000607688,0.0059547000000748085,0.014607200000682496,0.027819700000691228,168763392
1550,1305031154.2515283,data\rgbd_dataset_freiburg1_xyz\rgb\1305031127.647358.png,data\rgbd_dataset_freiburg1_xyz\depth\1305031127.654656.png,0.007297992706298828,,687,0.013327399999980116,0.0036505999996734317,0.0048194999999395804,0.008470099999613012,0.005816500000946689,0.014286600000559702,0.027614000000539818,168767488
1551,1305031154.2834682,data\rgbd_dataset_freiburg1_xyz\rgb\1305031127.679298.png,data\rgbd_dataset_freiburg1_xyz\depth\1305031127.687110.png,0.007812023162841797,,708,0.01314249999995809,0.0037314000001060776,0.005594899999778136,0.009326299999884213,0.0060064999997848645,0.015332799999669078,0.02847529999962717,168775680
1552,1305031154.3155453,data\rgbd_dataset_freiburg1_xyz\rgb\1305031127.711375.png,data\rgbd_dataset_freiburg1_xyz\depth\1305031127.723210.png,0.011835098266601562,,727,0.012897599999632803,0.0037826999996468658,0.004703200000221841,0.008485899999868707,0.006183299999975134,0.01466919999984384,0.027566799999476643,168787968
1553,1305031154.3514743,data\rgbd_dataset_freiburg1_xyz\rgb\1305031127.747304.png,data\rgbd_dataset_freiburg1_xyz\depth\1305031127.754694.png,0.007390022277832031,,703,0.013067099998806952,0.0035170000010111835,0.004779499999131076,0.00829650000014226,0.008653200000480865,0.016949700000623125,0.030016799999430077,168800256
1554,1305031154.3835163,data\rgbd_dataset_freiburg1_xyz\rgb\1305031127.779346.png,data\rgbd_dataset_freiburg1_xyz\depth\1305031127.787641.png,0.008295059204101562,,719,0.012705799999821465,0.0036808000004384667,0.004605200001606136,0.008286000002044602,0.008293599999888102,0.016579600001932704,0.02928540000175417,168804352
1555,1305031154.4159994,data\rgbd_dataset_freiburg1_xyz\rgb\1305031127.811829.png,data\rgbd_dataset_freiburg1_xyz\depth\1305031127.820128.png,0.008298873901367188,,734,0.013383599998633144,0.003668199999083299,0.004768299999341252,0.008436499998424551,0.008474899999782792,0.016911399998207344,0.030294999996840488,168808448
1556,1305031154.4515364,data\rgbd_dataset_freiburg1_xyz\rgb\1305031127.847366.png,data\rgbd_dataset_freiburg1_xyz\depth\1305031127.855132.png,0.007766008377075195,,725,0.012882800001534633,0.003617899999881047,0.005075400000350783,0.00869330000023183,0.0058523999996396014,0.014545699999871431,0.027428500001406064,168808448
1557,1305031154.4835503,data\rgbd_dataset_freiburg1_xyz\rgb\1305031127.879380.png,data\rgbd_dataset_freiburg1_xyz\depth\1305031127.887122.png,0.0077419281005859375,,723,0.013006099999984144,0.00373579999904905,0.004489599999942584,0.008225399998991634,0.006514400000014575,0.014739799999006209,0.027745899998990353,168808448
1558,1305031154.5156462,data\rgbd_dataset_freiburg1_xyz\rgb\1305031127.911476.png,data\rgbd_dataset_freiburg1_xyz\depth\1305031127.922560.png,0.01108407974243164,,710,0.013363400001253467,0.003724099999089958,0.00493829999868467,0.008662399997774628,0.00588669999888225,0.014549099996656878,0.027912499997910345,168820736
1559,1305031154.5515363,data\rgbd_dataset_freiburg1_xyz\rgb\1305031127.947366.png,data\rgbd_dataset_freiburg1_xyz\depth\1305031127.955088.png,0.007721900939941406,,711,0.012680899999395479,0.00411559999884048,0.004270100000212551,0.008385699999053031,0.006802800000514253,0.015188499999567284,0.027869399998962763,168828928
1560,1305031154.5835414,data\rgbd_dataset_freiburg1_xyz\rgb\1305031127.979371.png,data\rgbd_dataset_freiburg1_xyz\depth\1305031127.987093.png,0.007721900939941406,,714,0.015943300000799354,0.004561600000670296,0.004874500000369153,0.009436100001039449,0.008784399999058223,0.018220500000097672,0.03416380000089703,168255488
1561,1305031154.6155972,data\rgbd_dataset_freiburg1_xyz\rgb\1305031128.011427.png,data\rgbd_dataset_freiburg1_xyz\depth\1305031128.021776.png,0.010349035263061523,,683,0.013716399998884299,0.0037427000006573508,0.004921499999909429,0.00866420000056678,0.006383400001141126,0.015047600001707906,0.028764000000592205,168873984
1562,1305031154.6515393,data\rgbd_dataset_freiburg1_xyz\rgb\1305031128.047369.png,data\rgbd_dataset_freiburg1_xyz\depth\1305031128.055718.png,0.008348941802978516,,699,0.01316939999924216,0.0038466000005428214,0.004522299999734969,0.00836890000027779,0.008601600000474718,0.01697050000075251,0.030139899999994668,168882176
1563,1305031154.6835043,data\rgbd_dataset_freiburg1_xyz\rgb\1305031128.079334.png,data\rgbd_dataset_freiburg1_xyz\depth\1305031128.087206.png,0.007871866226196289,,698,0.013095000000248547,0.003764999999475549,0.0048268000009557,0.008591800000431249,0.005797599998913938,0.014389399999345187,0.027484399999593734,168321024
1564,1305031154.7155614,data\rgbd_dataset_freiburg1_xyz\rgb\1305031128.111391.png,data\rgbd_dataset_freiburg1_xyz\depth\1305031128.124746.png,0.013355016708374023,,689,0.013191599999117898,0.003703099999256665,0.004125600000406848,0.007828699999663513,0.006486899999799789,0.014315599999463302,0.0275071999985812,168943616
1565,1305031154.7515883,data\rgbd_dataset_freiburg1_xyz\rgb\1305031128.147418.png,data\rgbd_dataset_freiburg1_xyz\depth\1305031128.157782.png,0.010364055633544922,,692,0.013433100000838749,0.0035938999990321463,0.004625199999281904,0.00821909999831405,0.006090200000471668,0.014309299998785718,0.027742399999624467,168960000
1566,1305031154.7835202,data\rgbd_dataset_freiburg1_xyz\rgb\1305031128.179350.png,data\rgbd_dataset_freiburg1_xyz\depth\1305031128.187221.png,0.007871150970458984,,699,0.012873400000898982,0.0036073999999644,0.005113699999128585,0.008721099999092985,0.006118299999798182,0.014839399998891167,0.02771279999979015,168386560
1567,1305031154.8156173,data\rgbd_dataset_freiburg1_xyz\rgb\1305031128.211447.png,data\rgbd_dataset_freiburg1_xyz\depth\1305031128.225442.png,0.013994932174682617,,678,0.01290089999929478,0.0037933999992674217,0.004393399998662062,0.008186799997929484,0.00615990000005695,0.014346699997986434,0.027247599997281213,169013248
1568,1305031154.8516502,data\rgbd_dataset_freiburg1_xyz\rgb\1305031128.247480.png,data\rgbd_dataset_freiburg1_xyz\depth\1305031128.256007.png,0.008527040481567383,,682,0.012725799999316223,0.003620299999965937,0.00468410000030417,0.008304400000270107,0.006092599998737569,0.014396999999007676,0.0271227999983239,169017344
1569,1305031154.8835063,data\rgbd_dataset_freiburg1_xyz\rgb\1305031128.279336.png,data\rgbd_dataset_freiburg1_xyz\depth\1305031128.291275.png,0.011939048767089844,,679,0.01314500000080443,0.003794000000198139,0.0049349000000802334,0.008728900000278372,0.0058575999992172,0.014586499999495572,0.027731500000300002,169021440
1570,1305031154.9156532,data\rgbd_dataset_freiburg1_xyz\rgb\1305031128.311483.png,data\rgbd_dataset_freiburg1_xyz\depth\1305031128.324170.png,0.012687206268310547,,676,0.012906099998872378,0.003617300000769319,0.004833900000448921,0.00845120000121824,0.006056500000340748,0.014507700001558987,0.027413800000431365,169021440
1571,1305031154.9515934,data\rgbd_dataset_freiburg1_xyz\rgb\1305031128.347423.png,data\rgbd_dataset_freiburg1_xyz\depth\1305031128.355206.png,0.007782936096191406,,670,0.012753800001519267,0.003476900001260219,0.00443009999980859,0.007907000001068809,0.008741600000576,0.01664860000164481,0.029402400003164075,169025536
1572,1305031154.9835744,data\rgbd_dataset_freiburg1_xyz\rgb\1305031128.379404.png,data\rgbd_dataset_freiburg1_xyz\depth\1305031128.391397.png,0.011992931365966797,,680,0.013137500000084401,0.0037270000011631055,0.00501799999983632,0.008745000000999426,0.005495600000358536,0.014240600001357961,0.027378100001442363,169033728
1573,1305031155.0155072,data\rgbd_dataset_freiburg1_xyz\rgb\1305031128.411337.png,data\rgbd_dataset_freiburg1_xyz\depth\1305031128.423609.png,0.012272119522094727,,688,0.013002700001379708,0.003844000000754022,0.004946699998981785,0.008790699999735807,0.005842599999596132,0.014633299999331939,0.027636000000711647,169037824
1574,1305031155.0514662,data\rgbd_dataset_freiburg1_xyz\rgb\1305031128.447296.png,data\rgbd_dataset_freiburg1_xyz\depth\1305031128.455499.png,0.00820302963256836,,655,0.013589300000603544,0.0035884000008081784,0.004662900000766967,0.008251300001575146,0.009339699998236028,0.017590999999811174,0.031180300000414718,169041920
1575,1305031155.0834663,data\rgbd_dataset_freiburg1_xyz\rgb\1305031128.479296.png,data\rgbd_dataset_freiburg1_xyz\depth\1305031128.489523.png,0.010226964950561523,,672,0.015261399999872083,0.004438699999809614,0.004745700000057695,0.00918439999986731,0.008682899999257643,0.017867299999124953,0.033128699998997035,169046016
1576,1305031155.1156032,data\rgbd_dataset_freiburg1_xyz\rgb\1305031128.511433.png,data\rgbd_dataset_freiburg1_xyz\depth\1305031128.523604.png,0.012171030044555664,,670,0.013552300000810646,0.003648800000519259,0.004508400001213886,0.008157200001733145,0.006203999999343068,0.014361200001076213,0.02791350000188686,169066496
1577,1305031155.1515694,data\rgbd_dataset_freiburg1_xyz\rgb\1305031128.547399.png,data\rgbd_dataset_freiburg1_xyz\depth\1305031128.555639.png,0.008239984512329102,,679,0.013276899999254965,0.003656099999716389,0.004226499999276712,0.0078825999989931,0.006152299998575472,0.014034899997568573,0.027311799996823538,169066496
1578,1305031155.1836252,data\rgbd_dataset_freiburg1_xyz\rgb\1305031128.579455.png,data\rgbd_dataset_freiburg1_xyz\depth\1305031128.591460.png,0.012005090713500977,,665,0.01295150000078138,0.0037520999994740123,0.004469100000278559,0.008221199999752571,0.00853810000080557,0.01675930000055814,0.02971080000133952,168509440
1579,1305031155.2155652,data\rgbd_dataset_freiburg1_xyz\rgb\1305031128.611395.png,data\rgbd_dataset_freiburg1_xyz\depth\1305031128.623368.png,0.011973142623901367,,684,0.013154599999325,0.00364129999979923,0.004815000000235159,0.008456300000034389,0.0062499999985448085,0.014706299998579198,0.027860899997904198,169132032
1580,1305031155.2515223,data\rgbd_dataset_freiburg1_xyz\rgb\1305031128.647352.png,data\rgbd_dataset_freiburg1_xyz\depth\1305031128.655554.png,0.008202075958251953,,689,0.013257600001452374,0.005035899999711546,0.004720200000519981,0.009756100000231527,0.006212700000105542,0.01596880000033707,0.029226400001789443,169132032
1581,1305031155.2834523,data\rgbd_dataset_freiburg1_xyz\rgb\1305031128.679282.png,data\rgbd_dataset_freiburg1_xyz\depth\1305031128.690449.png,0.011167049407958984,,676,0.013334100000065519,0.003655599999547121,0.004953199999363278,0.0086087999989104,0.0059183000012126286,0.014527100000123028,0.027861200000188546,168558592
1582,1305031155.3156273,data\rgbd_dataset_freiburg1_xyz\rgb\1305031128.711457.png,data\rgbd_dataset_freiburg1_xyz\depth\1305031128.722976.png,0.01151895523071289,,680,0.013183199998820783,0.0037140999993425794,0.004491800000323565,0.008205899999666144,0.005920300000070711,0.014126199999736855,0.027309399998557637,169181184
1583,1305031155.3515334,data\rgbd_dataset_freiburg1_xyz\rgb\1305031128.747363.png,data\rgbd_dataset_freiburg1_xyz\depth\1305031128.754646.png,0.00728297233581543,,697,0.013400300000284915,0.0037960999998176703,0.0046755000003031455,0.008471600000120816,0.0064562999996269355,0.014927899999747751,0.028328200000032666,168615936
1584,1305031155.3836446,data\rgbd_dataset_freiburg1_xyz\rgb\1305031102.175304.png,data\rgbd_dataset_freiburg1_xyz\depth\1305031102.160407.png,0.014896869659423828,,1286,0.01360460000068997,0.00371629999972356,0.00510270000086166,0.00881900000058522,0.01310150000063004,0.02192050000121526,0.03552510000190523,169193472
1585,1305031155.4195547,data\rgbd_dataset_freiburg1_xyz\rgb\1305031102.211214.png,data\rgbd_dataset_freiburg1_xyz\depth\1305031102.226738.png,0.015523910522460938,,1294,0.013960700000097859,0.0037414999987959163,0.004887600000074599,0.008629099998870515,0.011108400000011898,0.019737499998882413,0.03369819999898027,169222144
1586,1305031155.4836667,data\rgbd_dataset_freiburg1_xyz\rgb\1305031102.275326.png,data\rgbd_dataset_freiburg1_xyz\depth\1305031102.262886.png,0.012439966201782227,,1181,0.013500399998520152,0.0036581999993359204,0.0050069999997504056,0.008665199999086326,0.0071274000001722015,0.015792599999258528,0.02929299999777868,169234432
1587,1305031155.5196075,data\rgbd_dataset_freiburg1_xyz\rgb\1305031102.311267.png,data\rgbd_dataset_freiburg1_xyz\depth\1305031102.295279.png,0.015987873077392578,,1158,0.013532700000723707,0.0037026000009063864,0.005132099999173079,0.008834700000079465,0.006898999999975786,0.01573370000005525,0.029266400000778958,169254912
1588,1305031155.5515738,data\rgbd_dataset_freiburg1_xyz\rgb\1305031102.343233.png,data\rgbd_dataset_freiburg1_xyz\depth\1305031102.329195.png,0.0140380859375,,1047,0.01304590000108874,0.0035754000000451924,0.00473720000081812,0.008312600000863313,0.006564700001035817,0.01487730000189913,0.02792320000298787,169267200
1589,1305031155.5836697,data\rgbd_dataset_freiburg1_xyz\rgb\1305031102.375329.png,data\rgbd_dataset_freiburg1_xyz\depth\1305031102.363013.png,0.012315988540649414,,1067,0.013160799999241135,0.003625600000304985,0.004907900000034715,0.0085335000003397,0.007431599999108585,0.015965099999448285,0.02912589999868942,169263104
1590,1305031155.6195986,data\rgbd_dataset_freiburg1_xyz\rgb\1305031102.411258.png,data\rgbd_dataset_freiburg1_xyz\depth\1305031102.394772.png,0.016485929489135742,,1031,0.014662399998996989,0.0036228000008122763,0.004679100000430481,0.008301900001242757,0.007143799999539624,0.01544570000078238,0.03010809999977937,169279488
1591,1305031155.6516116,data\rgbd_dataset_freiburg1_xyz\rgb\1305031102.443271.png,data\rgbd_dataset_freiburg1_xyz\depth\1305031102.427815.png,0.015455961227416992,,1005,0.013216299999839975,0.003515000000334112,0.004926200001136749,0.008441200001470861,0.006754500000170083,0.015195700001640944,0.02841200000148092,169279488
1592,1305031155.6836586,data\rgbd_dataset_freiburg1_xyz\rgb\1305031102.475318.png,data\rgbd_dataset_freiburg1_xyz\depth\1305031102.462395.png,0.012923002243041992,,1017,0.012889100000393228,0.004015000000435975,0.0051487000000634,0.009163700000499375,0.007598799998959294,0.01676249999945867,0.029651599999851896,168804352
1593,1305031155.7195597,data\rgbd_dataset_freiburg1_xyz\rgb\1305031102.511219.png,data\rgbd_dataset_freiburg1_xyz\depth\1305031102.526330.png,0.015110969543457031,,930,0.013109400000757887,0.003812400000242633,0.004627199999958975,0.008439600000201608,0.006557200000315788,0.014996800000517396,0.028106200001275283,169422848
1594,1305031155.7836266,data\rgbd_dataset_freiburg1_xyz\rgb\1305031102.575286.png,data\rgbd_dataset_freiburg1_xyz\depth\1305031102.562224.png,0.013062000274658203,,883,0.013411500000074739,0.00360250000085216,0.005143399999724352,0.008745900000576512,0.007488599998396239,0.01623449999897275,0.02964599999904749,169426944
1595,1305031155.8195736,data\rgbd_dataset_freiburg1_xyz\rgb\1305031102.611233.png,data\rgbd_dataset_freiburg1_xyz\depth\1305031102.626818.png,0.015584945678710938,,842,0.013961500000732485,0.0037505999989662087,0.004244800000378746,0.007995399999344954,0.009455999999772757,0.01745139999911771,0.0314128999998502,169439232
1596,1305031155.8836257,data\rgbd_dataset_freiburg1_xyz\rgb\1305031102.675285.png,data\rgbd_dataset_freiburg1_xyz\depth\1305031102.663273.png,0.012012004852294922,,794,0.013664300000527874,0.0035069999994448153,0.005001999999876716,0.008508999999321532,0.006524800000988762,0.015033800000310293,0.028698100000838167,169439232
1597,1305031155.9196036,data\rgbd_dataset_freiburg1_xyz\rgb\1305031102.711263.png,data\rgbd_dataset_freiburg1_xyz\depth\1305031102.695165.png,0.0160980224609375,,779,0.01342810000096506,0.0034998999999515945,0.004622200000085286,0.00812210000003688,0.006099700000049779,0.01422180000008666,0.02764990000105172,169443328
1598,1305031155.9515746,data\rgbd_dataset_freiburg1_xyz\rgb\1305031102.743234.png,data\rgbd_dataset_freiburg1_xyz\depth\1305031102.728423.png,0.014810800552368164,,747,0.013326799999049399,0.003515700000207289,0.004958600000463775,0.008474300000671064,0.006119699999544537,0.014594000000215601,0.027920799999265,169451520
1599,1305031155.9838126,data\rgbd_dataset_freiburg1_xyz\rgb\1305031102.775472.png,data\rgbd_dataset_freiburg1_xyz\depth\1305031102.763549.png,0.011922836303710938,,791,0.012888199998997152,0.0036752000014530495,0.00498650000008638,0.00866170000153943,0.006636900001467438,0.015298600003006868,0.02818680000200402,169455616
1600,1305031156.0195727,data\rgbd_dataset_freiburg1_xyz\rgb\1305031102.811232.png,data\rgbd_dataset_freiburg1_xyz\depth\1305031102.794978.png,0.016254186630249023,,765,0.014964000001782551,0.00362440000026254,0.004341200001363177,0.007965600001625717,0.006341199999951641,0.014306800001577358,0.02927080000335991,169463808
1601,1305031156.0516307,data\rgbd_dataset_freiburg1_xyz\rgb\1305031102.843290.png,data\rgbd_dataset_freiburg1_xyz\depth\1305031102.828537.png,0.014753103256225586,,698,0.014765500000066822,0.0036183000011078548,0.004765199999383185,0.00838350000049104,0.006139099999927566,0.014522600000418606,0.02928810000048543,169476096
1602,1305031156.0837038,data\rgbd_dataset_freiburg1_xyz\rgb\1305031102.875363.png,data\rgbd_dataset_freiburg1_xyz\depth\1305031102.862808.png,0.012555122375488281,,718,0.014354099999764003,0.00433809999958612,0.004773099999511032,0.009111199999097153,0.005975000000034925,0.015086199999132077,0.02944029999889608,169484288
1603,1305031156.1195257,data\rgbd_dataset_freiburg1_xyz\rgb\1305031102.911185.png,data\rgbd_dataset_freiburg1_xyz\depth\1305031102.926851.png,0.01566600799560547,,679,0.013192399999752524,0.003705900000568363,0.005110800000693416,0.008816700001261779,0.006859700000859448,0.015676400002121227,0.02886880000187375,169488384
1604,1305031156.1835437,data\rgbd_dataset_freiburg1_xyz\rgb\1305031102.975203.png,data\rgbd_dataset_freiburg1_xyz\depth\1305031102.962137.png,0.01306605339050293,,649,0.013605199999801698,0.0035022000010940246,0.004662599998482619,0.008164799999576644,0.006044300000212388,0.014209099999789032,0.02781429999959073,169492480
1605,1305031156.2195556,data\rgbd_dataset_freiburg1_xyz\rgb\1305031103.011215.png,data\rgbd_dataset_freiburg1_xyz\depth\1305031102.994164.png,0.017050981521606445,,671,0.012970199999472243,0.0036264999998820713,0.004752299999381648,0.00837879999926372,0.006396999999196851,0.01477579999846057,0.027745999997932813,169496576
1606,1305031156.2515676,data\rgbd_dataset_freiburg1_xyz\rgb\1305031103.043227.png,data\rgbd_dataset_freiburg1_xyz\depth\1305031103.027881.png,0.015346050262451172,,653,0.013195199999245233,0.003648399999292451,0.004307499999413267,0.007955899998705718,0.0056448999985150294,0.013600799997220747,0.02679599999646598,169500672
1607,1305031156.2836597,data\rgbd_dataset_freiburg1_xyz\rgb\1305031103.075319.png,data\rgbd_dataset_freiburg1_xyz\depth\1305031103.062273.png,0.013046026229858398,,632,0.012938699999722303,0.003621099998781574,0.004641000001356588,0.008262100000138162,0.005717599999115919,0.01397969999925408,0.026918399998976383,169508864
1608,1305031156.3195806,data\rgbd_dataset_freiburg1_xyz\rgb\1305031103.111240.png,data\rgbd_dataset_freiburg1_xyz\depth\1305031103.094040.png,0.017199993133544922,,623,0.015661999999792897,0.003736300001037307,0.004856600000493927,0.008592900001531234,0.005912200000238954,0.014505100001770188,0.030167100001563085,169512960
1609,1305031156.3516586,data\rgbd_dataset_freiburg1_xyz\rgb\1305031103.143318.png,data\rgbd_dataset_freiburg1_xyz\depth\1305031103.129109.png,0.01420903205871582,,623,0.015998000000763568,0.004017799999928684,0.004793100000824779,0.008810900000753463,0.0059077999994769925,0.014718700000230456,0.030716700000994024,169517056
1610,1305031156.3837926,data\rgbd_dataset_freiburg1_xyz\rgb\1305031103.175452.png,data\rgbd_dataset_freiburg1_xyz\depth\1305031103.162795.png,0.012656927108764648,,594,0.01331690000006347,0.003566899998986628,0.005267300000923569,0.008834199999910197,0.006449300000895164,0.015283500000805361,0.02860040000086883,169517056
1611,1305031156.4515567,data\rgbd_dataset_freiburg1_xyz\rgb\1305031103.243216.png,data\rgbd_dataset_freiburg1_xyz\depth\1305031103.227845.png,0.015371084213256836,,581,0.013151500001185923,0.0037195999993855366,0.004525100001046667,0.008244700000432204,0.006330899999738904,0.014575600000171107,0.02772710000135703,169521152
1612,1305031156.4837105,data\rgbd_dataset_freiburg1_xyz\rgb\1305031103.275370.png,data\rgbd_dataset_freiburg1_xyz\depth\1305031103.262576.png,0.012793779373168945,,545,0.015351199999713572,0.004364099999293103,0.004328600000008009,0.008692699999301112,0.005915300000197021,0.014607999999498134,0.029959199999211705,169537536
1613,1305031156.5195506,data\rgbd_dataset_freiburg1_xyz\rgb\1305031103.311210.png,data\rgbd_dataset_freiburg1_xyz\depth\1305031103.294208.png,0.017001867294311523,,532,0.013675199999852339,0.0036955000014131656,0.004474599998502526,0.008170099999915692,0.005946799999946961,0.014116899999862653,0.027792099999714992,169545728
1614,1305031156.5515637,data\rgbd_dataset_freiburg1_xyz\rgb\1305031103.343223.png,data\rgbd_dataset_freiburg1_xyz\depth\1305031103.327550.png,0.015673160552978516,,531,0.013311599999724422,0.003765599998587277,0.004842500000449945,0.008608099999037222,0.006082899999455549,0.01469099999849277,0.028002599998217192,169558016
1615,1305031156.5836678,data\rgbd_dataset_freiburg1_xyz\rgb\1305031103.375327.png,data\rgbd_dataset_freiburg1_xyz\depth\1305031103.362405.png,0.012922048568725586,,511,0.013156299999536714,0.003910899999027606,0.0044267000012041535,0.00833760000023176,0.005726000001232023,0.014063600001463783,0.027219900001000497,169562112
1616,1305031156.6196005,data\rgbd_dataset_freiburg1_xyz\rgb\1305031103.411260.png,data\rgbd_dataset_freiburg1_xyz\depth\1305031103.394162.png,0.017097949981689453,,503,0.013018200001170044,0.003669800000352552,0.004582399998980691,0.008252199999333243,0.005644299999403302,0.013896499998736545,0.02691469999990659,169562112
1617,1305031156.6516206,data\rgbd_dataset_freiburg1_xyz\rgb\1305031103.443280.png,data\rgbd_dataset_freiburg1_xyz\depth\1305031103.428437.png,0.014842987060546875,,502,0.013023100000282284,0.0036326000008557457,0.004616500000338419,0.008249100001194165,0.005700800000340678,0.013949900001534843,0.026973000001817127,169562112
1618,1305031156.6836147,data\rgbd_dataset_freiburg1_xyz\rgb\1305031103.475274.png,data\rgbd_dataset_freiburg1_xyz\depth\1305031103.463886.png,0.011388063430786133,,519,0.01288369999929273,0.0037858000014239224,0.004753600000185543,0.008539400001609465,0.006176799999593641,0.014716200001203106,0.027599900000495836,169570304
1619,1305031156.7196736,data\rgbd_dataset_freiburg1_xyz\rgb\1305031103.511333.png,data\rgbd_dataset_freiburg1_xyz\depth\1305031103.494472.png,0.0168609619140625,,525,0.012870500000644824,0.003915399998732028,0.004947099998389604,0.008862499997121631,0.005929099999775644,0.014791599996897276,0.0276620999975421,169578496
1620,1305031156.7517846,data\rgbd_dataset_freiburg1_xyz\rgb\1305031103.543444.png,data\rgbd_dataset_freiburg1_xyz\depth\1305031103.531502.png,0.011941909790039062,,536,0.01385169999957725,0.003945000000385335,0.004553999999188818,0.008498999999574153,0.006121999998867977,0.01462099999844213,0.02847269999801938,169586688
1621,1305031156.7838147,data\rgbd_dataset_freiburg1_xyz\rgb\1305031103.575474.png,data\rgbd_dataset_freiburg1_xyz\depth\1305031103.562651.png,0.012823104858398438,,544,0.013919900000473717,0.003720900000189431,0.0046148000001267064,0.008335700000316137,0.005932899999606889,0.014268599999923026,0.028188500000396743,169594880
1622,1305031156.8195636,data\rgbd_dataset_freiburg1_xyz\rgb\1305031103.611223.png,data\rgbd_dataset_freiburg1_xyz\depth\1305031103.595310.png,0.015913009643554688,,570,0.01276770000004035,0.0037220999984128866,0.0048969999988912605,0.008619099997304147,0.006114399999205489,0.014733499996509636,0.027501199996549985,169598976
1623,1305031156.8517857,data\rgbd_dataset_freiburg1_xyz\rgb\1305031103.643445.png,data\rgbd_dataset_freiburg1_xyz\depth\1305031103.631376.png,0.012068986892700195,,615,0.012934099999256432,0.003744100000403705,0.004530600001089624,0.00827470000149333,0.0062152999998943415,0.01449000000138767,0.027424100000644103,169607168
1624,1305031156.8838637,data\rgbd_dataset_freiburg1_xyz\rgb\1305031103.675523.png,data\rgbd_dataset_freiburg1_xyz\depth\1305031103.663594.png,0.011929035186767578,,644,0.015348699998867232,0.0045743999999103835,0.004541800000879448,0.009116200000789831,0.006311900000582682,0.015428100001372513,0.030776800000239746,169619456
1625,1305031156.9199507,data\rgbd_dataset_freiburg1_xyz\rgb\1305031103.711610.png,data\rgbd_dataset_freiburg1_xyz\depth\1305031103.694695.png,0.016915082931518555,,662,0.015532200000961893,0.004467800001293654,0.0047505999991699355,0.009218400000463589,0.006395899999915855,0.015614300000379444,0.031146500001341337,169623552
1626,1305031156.9516666,data\rgbd_dataset_freiburg1_xyz\rgb\1305031103.743326.png,data\rgbd_dataset_freiburg1_xyz\depth\1305031103.731542.png,0.011783838272094727,,679,0.013654899999892223,0.003790500000832253,0.004637299998648814,0.008427799999481067,0.006071699999665725,0.014499499999146792,0.028154399999039015,169627648
1627,1305031156.9836826,data\rgbd_dataset_freiburg1_xyz\rgb\1305031103.775342.png,data\rgbd_dataset_freiburg1_xyz\depth\1305031103.762865.png,0.012476921081542969,,734,0.0130871000001207,0.0035950000001321314,0.004927299998598755,0.008522299998730887,0.0060713999992003664,0.014593699997931253,0.027680799998051953,169631744
1628,1305031157.0195827,data\rgbd_dataset_freiburg1_xyz\rgb\1305031103.811242.png,data\rgbd_dataset_freiburg1_xyz\depth\1305031103.794329.png,0.016913175582885742,,727,0.013131100000464357,0.0037558000003627967,0.004756099999212893,0.00851189999957569,0.005972199998723227,0.014484099998298916,0.027615199998763273,169631744
1629,1305031157.0515916,data\rgbd_dataset_freiburg1_xyz\rgb\1305031103.843251.png,data\rgbd_dataset_freiburg1_xyz\depth\1305031103.830367.png,0.012883901596069336,,742,0.012958000001162873,0.0035219000001234235,0.005148099999132683,0.008669999999256106,0.006707200000164448,0.015377199999420554,0.028335200000583427,169635840
1630,1305031157.0837016,data\rgbd_dataset_freiburg1_xyz\rgb\1305031103.875361.png,data\rgbd_dataset_freiburg1_xyz\depth\1305031103.862379.png,0.012981891632080078,,760,0.013265000001410954,0.0036397000003489666,0.005135800000061863,0.00877550000041083,0.006554600000526989,0.015330100000937819,0.028595100002348772,169639936
1631,1305031157.1195617,data\rgbd_dataset_freiburg1_xyz\rgb\1305031103.911221.png,data\rgbd_dataset_freiburg1_xyz\depth\1305031103.894237.png,0.016983985900878906,,774,0.012890300000435673,0.0037872000011702767,0.004945200000292971,0.008732400001463247,0.006898899999214336,0.015631300000677584,0.028521600001113256,169648128
1632,1305031157.1515517,data\rgbd_dataset_freiburg1_xyz\rgb\1305031103.943211.png,data\rgbd_dataset_freiburg1_xyz\depth\1305031103.930503.png,0.012708187103271484,,818,0.013768000000709435,0.0039598999992449535,0.005051000000094064,0.009010899999339017,0.007194600000730134,0.01620550000006915,0.029973500000778586,169660416
1633,1305031157.1837137,data\rgbd_dataset_freiburg1_xyz\rgb\1305031103.975373.png,data\rgbd_dataset_freiburg1_xyz\depth\1305031103.962461.png,0.01291203498840332,,853,0.013312499999301508,0.0035141999996994855,0.004936400000588037,0.008450600000287523,0.006862199999886798,0.01531280000017432,0.02862529999947583,169660416
1634,1305031157.2195725,data\rgbd_dataset_freiburg1_xyz\rgb\1305031104.011232.png,data\rgbd_dataset_freiburg1_xyz\depth\1305031103.994365.png,0.01686692237854004,,921,0.013030699999944773,0.003669100000479375,0.005635199999233009,0.009304299999712384,0.007121700000425335,0.01642600000013772,0.029456700000082492,169664512
1635,1305031157.2515895,data\rgbd_dataset_freiburg1_xyz\rgb\1305031104.043249.png,data\rgbd_dataset_freiburg1_xyz\depth\1305031104.030279.png,0.012969970703125,,913,0.013031799999225768,0.003570300001229043,0.005230200000369223,0.008800500001598266,0.006910400001288508,0.015710900002886774,0.028742700002112542,169676800
1636,1305031157.2837656,data\rgbd_dataset_freiburg1_xyz\rgb\1305031104.075425.png,data\rgbd_dataset_freiburg1_xyz\depth\1305031104.062542.png,0.01288294792175293,,981,0.01339679999910004,0.0035795999992842553,0.005303800000547199,0.008883399999831454,0.010120900000401889,0.019004300000233343,0.03240109999933338,169680896
1637,1305031157.3195755,data\rgbd_dataset_freiburg1_xyz\rgb\1305031104.111235.png,data\rgbd_dataset_freiburg1_xyz\depth\1305031104.095305.png,0.0159299373626709,,990,0.013421699999526027,0.00374299999930372,0.005297100000461796,0.009040099999765516,0.006621399999858113,0.01566149999962363,0.029083199999149656,169689088
1638,1305031157.3515706,data\rgbd_dataset_freiburg1_xyz\rgb\1305031104.143230.png,data\rgbd_dataset_freiburg1_xyz\depth\1305031104.131292.png,0.011937856674194336,,1020,0.014061299998502363,0.003601200000048266,0.005070399998658104,0.00867159999870637,0.007182599998486694,0.015854199997193064,0.029915499995695427,169701376
1639,1305031157.3837647,data\rgbd_dataset_freiburg1_xyz\rgb\1305031104.175424.png,data\rgbd_dataset_freiburg1_xyz\depth\1305031104.163440.png,0.011984109878540039,,1053,0.013114900000800844,0.003663299999971059,0.004616100000930601,0.00827940000090166,0.007306100000278093,0.015585500001179753,0.028700400001980597,169709568
1640,1305031157.4196236,data\rgbd_dataset_freiburg1_xyz\rgb\1305031104.211283.png,data\rgbd_dataset_freiburg1_xyz\depth\1305031104.194053.png,0.01723003387451172,,1026,0.014208299999154406,0.0035143999994033948,0.005346399999325513,0.008860799998728908,0.007057300001179101,0.01591809999990801,0.030126399999062414,169709568
1641,1305031157.4515367,data\rgbd_dataset_freiburg1_xyz\rgb\1305031104.243196.png,data\rgbd_dataset_freiburg1_xyz\depth\1305031104.227247.png,0.015949010848999023,,1104,0.01297349999913422,0.003658999999970547,0.004814099998839083,0.00847309999880963,0.007956100000228616,0.016429199999038246,0.029402699998172466,169709568
1642,1305031157.4838867,data\rgbd_dataset_freiburg1_xyz\rgb\1305031104.275546.png,data\rgbd_dataset_freiburg1_xyz\depth\1305031104.263335.png,0.012211084365844727,,1131,0.014022499999555293,0.0037069999998493586,0.00533739999991667,0.009044399999766028,0.007059100000333274,0.016103500000099302,0.030125999999654596,169717760
1643,1305031157.5195596,data\rgbd_dataset_freiburg1_xyz\rgb\1305031104.311219.png,data\rgbd_dataset_freiburg1_xyz\depth\1305031104.294957.png,0.016262054443359375,,1159,0.01305780000075174,0.003714100001161569,0.004635299999790732,0.0083494000009523,0.007716500000242377,0.016065900001194677,0.029123700001946418,169721856
1644,1305031157.5516827,data\rgbd_dataset_freiburg1_xyz\rgb\1305031104.343342.png,data\rgbd_dataset_freiburg1_xyz\depth\1305031104.331403.png,0.011939048767089844,,1205,0.01323709999996936,0.00355429999945045,0.004894100000456092,0.008448399999906542,0.007497599999624072,0.015945999999530613,0.029183099999499973,169725952
1645,1305031157.5841777,data\rgbd_dataset_freiburg1_xyz\rgb\1305031104.375837.png,data\rgbd_dataset_freiburg1_xyz\depth\1305031104.363345.png,0.012492179870605469,,1215,0.013501400000677677,0.0037021000007371185,0.005179100000532344,0.008881200001269463,0.007198499999503838,0.0160797000007733,0.029581100001450977,169156608
1646,1305031157.6198497,data\rgbd_dataset_freiburg1_xyz\rgb\1305031104.411509.png,data\rgbd_dataset_freiburg1_xyz\depth\1305031104.395019.png,0.01648998260498047,,1216,0.013105699999869103,0.003467599999567028,0.004892799999652198,0.008360399999219226,0.007132400000045891,0.015492799999265117,0.02859849999913422,169779200
1647,1305031157.6516287,data\rgbd_dataset_freiburg1_xyz\rgb\1305031104.443288.png,data\rgbd_dataset_freiburg1_xyz\depth\1305031104.431435.png,0.01185297966003418,,1255,0.013290499999129679,0.003641000001152861,0.005136300000231131,0.008777300001383992,0.007836900000256719,0.01661420000164071,0.02990470000077039,169779200
1648,1305031157.6837966,data\rgbd_dataset_freiburg1_xyz\rgb\1305031104.475456.png,data\rgbd_dataset_freiburg1_xyz\depth\1305031104.463413.png,0.012042999267578125,,1233,0.014489400000456953,0.00363409999954456,0.004994500000975677,0.008628600000520237,0.006987000000663102,0.015615600001183338,0.030105000001640292,169222144
1649,1305031157.7196696,data\rgbd_dataset_freiburg1_xyz\rgb\1305031104.511329.png,data\rgbd_dataset_freiburg1_xyz\depth\1305031104.495673.png,0.015655994415283203,,1245,0.013337899999896763,0.0034783999999490334,0.004725300001155119,0.008203700001104153,0.007681099999899743,0.015884800001003896,0.02922270000090066,169848832
1650,1305031157.7517087,data\rgbd_dataset_freiburg1_xyz\rgb\1305031104.543368.png,data\rgbd_dataset_freiburg1_xyz\depth\1305031104.531450.png,0.011918067932128906,,1315,0.014075799999773153,0.0037021999996795785,0.005295100001603714,0.008997300001283293,0.007854900000893394,0.016852200002176687,0.03092800000194984,169852928
1651,1305031157.7836835,data\rgbd_dataset_freiburg1_xyz\rgb\1305031104.575343.png,data\rgbd_dataset_freiburg1_xyz\depth\1305031104.563149.png,0.012193918228149414,,1399,0.013299000000188244,0.003702500000144937,0.00496240000029502,0.008664900000439957,0.007891899998867302,0.01655679999930726,0.029855799999495503,169857024
1652,1305031157.8196766,data\rgbd_dataset_freiburg1_xyz\rgb\1305031104.611336.png,data\rgbd_dataset_freiburg1_xyz\depth\1305031104.595033.png,0.016303062438964844,,1447,0.013001200000871904,0.003619000000981032,0.005154599999514176,0.008773600000495207,0.008009500001207925,0.016783100001703133,0.029784300002575037,169861120
1653,1305031157.8515837,data\rgbd_dataset_freiburg1_xyz\rgb\1305031104.643243.png,data\rgbd_dataset_freiburg1_xyz\depth\1305031104.631368.png,0.011875152587890625,,1565,0.015014599999631173,0.0037486999990505865,0.00531319999936386,0.009061899998414447,0.008743599999434082,0.01780549999784853,0.0328200999974797,169336832
1654,1305031157.8838656,data\rgbd_dataset_freiburg1_xyz\rgb\1305031104.675525.png,data\rgbd_dataset_freiburg1_xyz\depth\1305031104.659863.png,0.015661954879760742,,1622,0.01483370000096329,0.0036629999995057005,0.005442300000140676,0.009105299999646377,0.00861070000064501,0.017716000000291388,0.03254970000125468,169947136
1655,1305031157.9196177,data\rgbd_dataset_freiburg1_xyz\rgb\1305031104.711277.png,data\rgbd_dataset_freiburg1_xyz\depth\1305031104.695185.png,0.01609206199645996,,1683,0.013377999999647727,0.003891199999998207,0.005421600000772742,0.009312800000770949,0.008721700000023702,0.01803450000079465,0.03141250000044238,169951232
1656,1305031157.9516206,data\rgbd_dataset_freiburg1_xyz\rgb\1305031104.743280.png,data\rgbd_dataset_freiburg1_xyz\depth\1305031104.730936.png,0.012343883514404297,,1781,0.013501199999154778,0.0036712000000989065,0.005713499998819316,0.009384699998918222,0.00949649999893154,0.018881199997849762,0.03238239999700454,169508864
1657,1305031157.9836676,data\rgbd_dataset_freiburg1_xyz\rgb\1305031104.775327.png,data\rgbd_dataset_freiburg1_xyz\depth\1305031104.763178.png,0.012148857116699219,,1870,0.01365069999883417,0.003769299999476061,0.005939599999692291,0.009708899999168352,0.00923039999906905,0.018939299998237402,0.03258999999707157,170139648
1658,1305031158.0198057,data\rgbd_dataset_freiburg1_xyz\rgb\1305031104.811465.png,data\rgbd_dataset_freiburg1_xyz\depth\1305031104.799499.png,0.01196599006652832,,1952,0.013277699999889592,0.003649599999334896,0.005766300000686897,0.009415900000021793,0.010434900001200731,0.019850800001222524,0.033128500001112116,169680896
1659,1305031158.0515985,data\rgbd_dataset_freiburg1_xyz\rgb\1305031104.843258.png,data\rgbd_dataset_freiburg1_xyz\depth\1305031104.830961.png,0.012296915054321289,,1990,0.013823900000716094,0.00378160000036587,0.0059392000002844725,0.009720800000650343,0.009578099999998813,0.019298900000649155,0.03312280000136525,170094592
1660,1305031158.0836906,data\rgbd_dataset_freiburg1_xyz\rgb\1305031104.875350.png,data\rgbd_dataset_freiburg1_xyz\depth\1305031104.863256.png,0.01209402084350586,,2111,0.015102999999726308,0.003580099999453523,0.005601899998509907,0.00918199999796343,0.009029799999552779,0.01821179999751621,0.03331479999724252,170143744
1661,1305031158.1198747,data\rgbd_dataset_freiburg1_xyz\rgb\1305031104.911534.png,data\rgbd_dataset_freiburg1_xyz\depth\1305031104.899165.png,0.012369155883789062,,2097,0.015268099999957485,0.003735800000868039,0.005707300000722171,0.00944310000159021,0.011692000000039116,0.021135100001629326,0.03640320000158681,170319872
1662,1305031158.1516027,data\rgbd_dataset_freiburg1_xyz\rgb\1305031104.943262.png,data\rgbd_dataset_freiburg1_xyz\depth\1305031104.931091.png,0.012171030044555664,,2067,0.015520699998887721,0.003542300000844989,0.005448900001283619,0.008991200002128608,0.009092100000998471,0.01808330000312708,0.0336040000020148,169308160
1663,1305031158.1835427,data\rgbd_dataset_freiburg1_xyz\rgb\1305031104.975202.png,data\rgbd_dataset_freiburg1_xyz\depth\1305031104.959750.png,0.015452146530151367,,2051,0.013830199999574688,0.0034887000001617707,0.0058083000003534835,0.009297000000515254,0.009837800000241259,0.019134800000756513,0.0329650000003312,170065920
1664,1305031158.2196307,data\rgbd_dataset_freiburg1_xyz\rgb\1305031105.011290.png,data\rgbd_dataset_freiburg1_xyz\depth\1305031104.998342.png,0.012948036193847656,,2077,0.013732100000197534,0.0036528000000544125,0.005807600000480306,0.009460400000534719,0.008449999999356805,0.017910399999891524,0.03164250000008906,169312256
1665,1305031158.2517138,data\rgbd_dataset_freiburg1_xyz\rgb\1305031105.043373.png,data\rgbd_dataset_freiburg1_xyz\depth\1305031105.030427.png,0.012946128845214844,,2053,0.01359000000047672,0.003856199999063392,0.005400599999120459,0.009256799998183851,0.00951580000037211,0.01877259999855596,0.03236259999903268,169934848
1666,1305031158.2836607,data\rgbd_dataset_freiburg1_xyz\rgb\1305031105.075320.png,data\rgbd_dataset_freiburg1_xyz\depth\1305031105.062445.png,0.012875080108642578,,1994,0.01327339999988908,0.003705900000568363,0.0056162000000767875,0.00932210000064515,0.009640100000979146,0.018962200001624296,0.032235600001513376,169500672
1667,1305031158.3196397,data\rgbd_dataset_freiburg1_xyz\rgb\1305031105.111299.png,data\rgbd_dataset_freiburg1_xyz\depth\1305031105.097639.png,0.013659954071044922,,1953,0.01424829999996291,0.0038949999998294516,0.00572439999996277,0.009619399999792222,0.008323699999891687,0.01794309999968391,0.03219139999964682,170123264
1668,1305031158.3514466,data\rgbd_dataset_freiburg1_xyz\rgb\1305031105.143106.png,data\rgbd_dataset_freiburg1_xyz\depth\1305031105.130269.png,0.012836933135986328,,1907,0.013347200001589954,0.0037163000015425496,0.005570799999986775,0.009287100001529325,0.008072999999058084,0.01736010000058741,0.030707300002177362,170131456
1669,1305031158.3834996,data\rgbd_dataset_freiburg1_xyz\rgb\1305031105.175159.png,data\rgbd_dataset_freiburg1_xyz\depth\1305031105.159979.png,0.015179872512817383,,1816,0.013386099999479484,0.003720999999131891,0.00541960000009567,0.009140599999227561,0.008261599999968894,0.017402199999196455,0.03078829999867594,170135552
1670,1305031158.4196086,data\rgbd_dataset_freiburg1_xyz\rgb\1305031105.211268.png,data\rgbd_dataset_freiburg1_xyz\depth\1305031105.198212.png,0.013056039810180664,,1733,0.01360239999849,0.0038014000001567183,0.005562900001677917,0.009364300001834636,0.010282199998982833,0.01964650000081747,0.03324889999930747,169607168
1671,1305031158.4516106,data\rgbd_dataset_freiburg1_xyz\rgb\1305031105.243270.png,data\rgbd_dataset_freiburg1_xyz\depth\1305031105.228250.png,0.015019893646240234,,1631,0.013504900000043563,0.003654399999504676,0.004758500001116772,0.008412900000621448,0.009283100000175182,0.01769600000079663,0.031200900000840193,170180608
1672,1305031158.4836287,data\rgbd_dataset_freiburg1_xyz\rgb\1305031105.275288.png,data\rgbd_dataset_freiburg1_xyz\depth\1305031105.262389.png,0.012899160385131836,,1578,0.013261500000226079,0.0038224999989324715,0.004919900000459165,0.008742399999391637,0.012698900000032154,0.02144129999942379,0.03470279999964987,170188800
1673,1305031158.5196307,data\rgbd_dataset_freiburg1_xyz\rgb\1305031105.311290.png,data\rgbd_dataset_freiburg1_xyz\depth\1305031105.298501.png,0.012789011001586914,,1484,0.01367740000023332,0.0037711000004492234,0.005872300000191899,0.009643400000641122,0.008419300000241492,0.018062700000882614,0.031740100001115934,170201088
1674,1305031158.5516427,data\rgbd_dataset_freiburg1_xyz\rgb\1305031105.343302.png,data\rgbd_dataset_freiburg1_xyz\depth\1305031105.328878.png,0.01442408561706543,,1403,0.013175699999919743,0.0036528999989968725,0.005305700000462821,0.008958599999459693,0.007878500000515487,0.01683709999997518,0.030012799999894924,170209280
1675,1305031158.5836787,data\rgbd_dataset_freiburg1_xyz\rgb\1305031105.375338.png,data\rgbd_dataset_freiburg1_xyz\depth\1305031105.362286.png,0.013051986694335938,,1277,0.013885899999877438,0.0036353000014059944,0.005149200000232668,0.008784500001638662,0.007859899998948094,0.016644400000586757,0.030530300000464194,170221568
1676,1305031158.6196268,data\rgbd_dataset_freiburg1_xyz\rgb\1305031105.411286.png,data\rgbd_dataset_freiburg1_xyz\depth\1305031105.398191.png,0.01309514045715332,,1246,0.013381400000071153,0.004099000001588138,0.0050318000012339326,0.00913080000282207,0.00706239999999525,0.01619320000281732,0.029574600002888474,170221568
1677,1305031158.6516566,data\rgbd_dataset_freiburg1_xyz\rgb\1305031105.443316.png,data\rgbd_dataset_freiburg1_xyz\depth\1305031105.430336.png,0.012979984283447266,,1202,0.013153699999747914,0.0036134000001766253,0.0046033000016905135,0.008216700001867139,0.007699499999944237,0.015916200001811376,0.02906990000155929,170221568
1678,1305031158.6836207,data\rgbd_dataset_freiburg1_xyz\rgb\1305031105.475280.png,data\rgbd_dataset_freiburg1_xyz\depth\1305031105.461421.png,0.013859033584594727,,1143,0.012706800000160001,0.0038069000001996756,0.004841600000872859,0.008648500001072534,0.007206899999800953,0.015855400000873487,0.02856220000103349,170229760
1679,1305031158.7196727,data\rgbd_dataset_freiburg1_xyz\rgb\1305031105.511332.png,data\rgbd_dataset_freiburg1_xyz\depth\1305031105.497931.png,0.013401031494140625,,1111,0.013047899999946821,0.003541800000675721,0.004445500000656466,0.007987300001332187,0.0071837000014056684,0.015171000002737856,0.028218900002684677,170229760
1680,1305031158.7516227,data\rgbd_dataset_freiburg1_xyz\rgb\1305031105.543282.png,data\rgbd_dataset_freiburg1_xyz\depth\1305031105.529583.png,0.013699054718017578,,1047,0.013376800001424272,0.003545400000803056,0.005195800000365125,0.008741200001168181,0.006846600001154002,0.015587800002322183,0.028964600003746455,170242048
1681,1305031158.7837896,data\rgbd_dataset_freiburg1_xyz\rgb\1305031105.575449.png,data\rgbd_dataset_freiburg1_xyz\depth\1305031105.562109.png,0.013339996337890625,,1003,0.01283549999971001,0.0036557000003085705,0.0050967999995918944,0.008752499999900465,0.006664200000159326,0.015416700000059791,0.0282521999997698,170242048
1682,1305031158.8197186,data\rgbd_dataset_freiburg1_xyz\rgb\1305031105.611378.png,data\rgbd_dataset_freiburg1_xyz\depth\1305031105.597193.png,0.014184951782226562,,982,0.013225999999121996,0.003593600000385777,0.0047493999991274904,0.008342999999513268,0.007070899999234825,0.015413899998748093,0.02863989999787009,170250240
1683,1305031158.8516138,data\rgbd_dataset_freiburg1_xyz\rgb\1305031105.643273.png,data\rgbd_dataset_freiburg1_xyz\depth\1305031105.659104.png,0.01583099365234375,,918,0.015563299999485025,0.004451499999049702,0.005106000000523636,0.009557499999573338,0.007099699998434517,0.016657199998007854,0.03222049999749288,170250240
1684,1305031158.9196496,data\rgbd_dataset_freiburg1_xyz\rgb\1305031105.711309.png,data\rgbd_dataset_freiburg1_xyz\depth\1305031105.698235.png,0.013073921203613281,,909,0.015531299999565817,0.004365500000858447,0.004913500000839122,0.009279000001697568,0.009710899999845424,0.018989900001542992,0.03452120000110881,170262528
1685,1305031158.9516525,data\rgbd_dataset_freiburg1_xyz\rgb\1305031105.743312.png,data\rgbd_dataset_freiburg1_xyz\depth\1305031105.730336.png,0.012975931167602539,,908,0.013006799999857321,0.003653699999631499,0.004467899998417124,0.008121599998048623,0.006751799999619834,0.014873399997668457,0.02788019999752578,170274816
1686,1305031158.9836795,data\rgbd_dataset_freiburg1_xyz\rgb\1305031105.775339.png,data\rgbd_dataset_freiburg1_xyz\depth\1305031105.762384.png,0.012954950332641602,,892,0.014774700000998564,0.0034950999997818144,0.005084000000351807,0.008579100000133622,0.006658299998889561,0.015237399999023182,0.030012100000021746,170283008
1687,1305031159.0196238,data\rgbd_dataset_freiburg1_xyz\rgb\1305031105.811283.png,data\rgbd_dataset_freiburg1_xyz\depth\1305031105.798056.png,0.013227224349975586,,848,0.012520099999164813,0.0035183999989385484,0.004992500000298605,0.008510899999237154,0.006736699999237317,0.01524759999847447,0.027767699997639284,170287104
1688,1305031159.0516117,data\rgbd_dataset_freiburg1_xyz\rgb\1305031105.843271.png,data\rgbd_dataset_freiburg1_xyz\depth\1305031105.830008.png,0.01326298713684082,,797,0.012810800000806921,0.003662899998744251,0.005307499999616994,0.008970399998361245,0.006959799999094685,0.01593019999745593,0.02874099999826285,170315776
1689,1305031159.0836775,data\rgbd_dataset_freiburg1_xyz\rgb\1305031105.875337.png,data\rgbd_dataset_freiburg1_xyz\depth\1305031105.862238.png,0.013098955154418945,,809,0.015435399998750654,0.004434700000274461,0.0045482999994419515,0.008982999999716412,0.006446699999287375,0.015429699999003788,0.03086509999775444,170315776
1690,1305031159.1196027,data\rgbd_dataset_freiburg1_xyz\rgb\1305031105.911262.png,data\rgbd_dataset_freiburg1_xyz\depth\1305031105.898018.png,0.013244152069091797,,809,0.012769099999786704,0.003591999999116524,0.0051676999992196215,0.008759699998336146,0.006033300000126474,0.01479299999846262,0.027562099998249323,170315776
1691,1305031159.1516128,data\rgbd_dataset_freiburg1_xyz\rgb\1305031105.943272.png,data\rgbd_dataset_freiburg1_xyz\depth\1305031105.929855.png,0.01341700553894043,,760,0.013085100001262617,0.003793200001382502,0.004634700000679004,0.008427900002061506,0.006343099999867263,0.014771000001928769,0.027856100003191386,170315776
1692,1305031159.1836696,data\rgbd_dataset_freiburg1_xyz\rgb\1305031105.975329.png,data\rgbd_dataset_freiburg1_xyz\depth\1305031105.966193.png,0.009135961532592773,,760,0.012707300000329269,0.003571600000213948,0.004767899999933434,0.008339500000147382,0.008904799999072566,0.017244299999219947,0.029951599999549217,170360832
1693,1305031159.2196257,data\rgbd_dataset_freiburg1_xyz\rgb\1305031106.011285.png,data\rgbd_dataset_freiburg1_xyz\depth\1305031105.998271.png,0.013014078140258789,,695,0.013206400000854046,0.0036361999991640914,0.004416300000229967,0.008052499999394058,0.009039399999892339,0.017091899999286397,0.030298300000140443,170364928
1694,1305031159.2516956,data\rgbd_dataset_freiburg1_xyz\rgb\1305031106.043355.png,data\rgbd_dataset_freiburg1_xyz\depth\1305031106.030147.png,0.01320791244506836,,661,0.013221299999713665,0.0034737000005407026,0.004500799999732408,0.00797450000027311,0.008795799998551956,0.016770299998825067,0.02999159999853873,170369024
1695,1305031159.2836707,data\rgbd_dataset_freiburg1_xyz\rgb\1305031106.075330.png,data\rgbd_dataset_freiburg1_xyz\depth\1305031106.066060.png,0.009269952774047852,,620,0.013282500000059372,0.0036136999988229945,0.00488730000142823,0.008501000000251224,0.006476399999883142,0.014977400000134367,0.02825990000019374,170381312
1696,1305031159.3196676,data\rgbd_dataset_freiburg1_xyz\rgb\1305031106.111327.png,data\rgbd_dataset_freiburg1_xyz\depth\1305031106.096295.png,0.015031814575195312,,573,0.013064400000075693,0.0035926000000472413,0.004856300000028568,0.00844890000007581,0.0057446999999228865,0.014193599999998696,0.02725800000007439,170385408
1697,1305031159.3516955,data\rgbd_dataset_freiburg1_xyz\rgb\1305031106.143355.png,data\rgbd_dataset_freiburg1_xyz\depth\1305031106.130445.png,0.012909889221191406,,569,0.013288000000102329,0.0038086999993538484,0.004533299999820883,0.008341999999174732,0.006004499999107793,0.014346499998282525,0.027634499998384854,170389504
1698,1305031159.3838747,data\rgbd_dataset_freiburg1_xyz\rgb\1305031106.175534.png,data\rgbd_dataset_freiburg1_xyz\depth\1305031106.166330.png,0.009203910827636719,,557,0.013308399999004905,0.003473900000244612,0.004999199998565018,0.00847309999880963,0.005676700000549317,0.014149799999358947,0.027458199998363853,170405888
1699,1305031159.4196157,data\rgbd_dataset_freiburg1_xyz\rgb\1305031106.211275.png,data\rgbd_dataset_freiburg1_xyz\depth\1305031106.195074.png,0.016201019287109375,,542,0.012786600000254111,0.0037101999987498857,0.0052353999999468215,0.008945599998696707,0.005349200000637211,0.014294799999333918,0.02708139999958803,170405888
1700,1305031159.4516077,data\rgbd_dataset_freiburg1_xyz\rgb\1305031106.243267.png,data\rgbd_dataset_freiburg1_xyz\depth\1305031106.230058.png,0.013209104537963867,,519,0.013538700000935933,0.0033989999992627418,0.0046832000007270835,0.008082199999989825,0.005515200000445475,0.0135974000004353,0.027136100001371233,170405888
1701,1305031159.4847257,data\rgbd_dataset_freiburg1_xyz\rgb\1305031106.276385.png,data\rgbd_dataset_freiburg1_xyz\depth\1305031106.265976.png,0.010409116744995117,,493,0.013346600000659237,0.003990699999121716,0.0042192999990220414,0.008209999998143758,0.0059648999995260965,0.014174899997669854,0.02752149999832909,170405888
1702,1305031159.5195787,data\rgbd_dataset_freiburg1_xyz\rgb\1305031106.311238.png,data\rgbd_dataset_freiburg1_xyz\depth\1305031106.298174.png,0.013064146041870117,,498,0.013017999999647145,0.003532299999278621,0.004673199999160715,0.008205499998439336,0.008183199999621138,0.016388699998060474,0.02940669999770762,170418176
1703,1305031159.5515985,data\rgbd_dataset_freiburg1_xyz\rgb\1305031106.343258.png,data\rgbd_dataset_freiburg1_xyz\depth\1305031106.330215.png,0.013042926788330078,,495,0.012940499998876476,0.0035915999997087056,0.004734000000098604,0.00832559999980731,0.005270199999358738,0.013595799999166047,0.026536299998042523,170418176
1704,1305031159.5837286,data\rgbd_dataset_freiburg1_xyz\rgb\1305031106.375388.png,data\rgbd_dataset_freiburg1_xyz\depth\1305031106.366158.png,0.009229898452758789,,494,0.0127386000003753,0.0037365999996836763,0.004351499999756925,0.008088099999440601,0.005988699998852098,0.0140767999982927,0.026815399998668,170426368
1705,1305031159.6196606,data\rgbd_dataset_freiburg1_xyz\rgb\1305031106.411320.png,data\rgbd_dataset_freiburg1_xyz\depth\1305031106.398281.png,0.013038873672485352,,470,0.012858500000220374,0.003554499999154359,0.005066000001534121,0.00862050000068848,0.005732300000090618,0.014352800000779098,0.027211300000999472,170430464
1706,1305031159.6516187,data\rgbd_dataset_freiburg1_xyz\rgb\1305031106.443278.png,data\rgbd_dataset_freiburg1_xyz\depth\1305031106.430639.png,0.012639045715332031,,434,0.013216100000136066,0.003629999999247957,0.004718600001069717,0.008348600000317674,0.005619800000204123,0.013968400000521797,0.027184500000657863,170434560
1707,1305031159.6836855,data\rgbd_dataset_freiburg1_xyz\rgb\1305031106.475345.png,data\rgbd_dataset_freiburg1_xyz\depth\1305031106.466046.png,0.00929880142211914,,413,0.013112600001477404,0.003414400000110618,0.004206999999951222,0.00762140000006184,0.005490399998961948,0.013111799999023788,0.02622440000050119,170438656
1708,1305031159.7194695,data\rgbd_dataset_freiburg1_xyz\rgb\1305031106.511129.png,data\rgbd_dataset_freiburg1_xyz\depth\1305031106.498096.png,0.013032913208007812,,425,0.01563259999966249,0.004250100000717794,0.004307899998821085,0.008557999999538879,0.005724299999201321,0.0142822999987402,0.02991489999840269,170450944
1709,1305031159.7516427,data\rgbd_dataset_freiburg1_xyz\rgb\1305031106.543302.png,data\rgbd_dataset_freiburg1_xyz\depth\1305031106.528267.png,0.015035152435302734,,452,0.0128619000006438,0.0036313000000518514,0.004327799999373383,0.007959099999425234,0.006645399998888024,0.014604499998313258,0.02746639999895706,170459136
1710,1305031159.7836227,data\rgbd_dataset_freiburg1_xyz\rgb\1305031106.575282.png,data\rgbd_dataset_freiburg1_xyz\depth\1305031106.564414.png,0.010868072509765625,,471,0.013778099999399274,0.0038211999999475665,0.004910699999527424,0.00873189999947499,0.0060052999997424195,0.01473719999921741,0.028515299998616683,170471424
1711,1305031159.8194916,data\rgbd_dataset_freiburg1_xyz\rgb\1305031106.611151.png,data\rgbd_dataset_freiburg1_xyz\depth\1305031106.597879.png,0.01327204704284668,,467,0.013497300000381074,0.003652900000815862,0.004596500000843662,0.008249400001659524,0.005464399999254965,0.013713800000914489,0.027211100001295563,170475520
1712,1305031159.8515477,data\rgbd_dataset_freiburg1_xyz\rgb\1305031106.643207.png,data\rgbd_dataset_freiburg1_xyz\depth\1305031106.630776.png,0.012431144714355469,,514,0.013256899999760208,0.003809499999988475,0.004094700001587626,0.0079042000015761,0.005777800000942079,0.01368200000251818,0.026938900002278388,170479616
1713,1305031159.8836195,data\rgbd_dataset_freiburg1_xyz\rgb\1305031106.675279.png,data\rgbd_dataset_freiburg1_xyz\depth\1305031106.667282.png,0.007996797561645508,,525,0.012785099999746308,0.0036208000001352048,0.004877499999565771,0.008498299999700976,0.006487599999672966,0.014985899999373942,0.02777099999912025,170487808
1714,1305031159.9198487,data\rgbd_dataset_freiburg1_xyz\rgb\1305031106.711508.png,data\rgbd_dataset_freiburg1_xyz\depth\1305031106.699110.png,0.012398004531860352,,522,0.013078500000119675,0.003671099999337457,0.004654000000300584,0.008325099999638041,0.005370099999709055,0.013695199999347096,0.02677369999946677,169598976
1715,1305031159.9516816,data\rgbd_dataset_freiburg1_xyz\rgb\1305031106.743341.png,data\rgbd_dataset_freiburg1_xyz\depth\1305031106.729550.png,0.013791084289550781,,562,0.01383929999974498,0.0037198999998508953,0.004684899999119807,0.008404799998970702,0.0062319999997271225,0.014636799998697825,0.028476099998442805,170512384
1716,1305031159.9837306,data\rgbd_dataset_freiburg1_xyz\rgb\1305031106.775390.png,data\rgbd_dataset_freiburg1_xyz\depth\1305031106.767126.png,0.008263826370239258,,588,0.013637799998832634,0.003729100000782637,0.004991800000425428,0.008720900001208065,0.008798200000455836,0.0175191000016639,0.031156900000496535,170573824
1717,1305031160.0196297,data\rgbd_dataset_freiburg1_xyz\rgb\1305031106.811289.png,data\rgbd_dataset_freiburg1_xyz\depth\1305031106.798309.png,0.012979984283447266,,623,0.013549699999202858,0.003765699999348726,0.004926600000544568,0.008692299999893294,0.005844399998750305,0.014536699998643599,0.028086399997846456,170577920
1718,1305031160.0517566,data\rgbd_dataset_freiburg1_xyz\rgb\1305031106.843416.png,data\rgbd_dataset_freiburg1_xyz\depth\1305031106.830652.png,0.01276397705078125,,640,0.013234300000476651,0.003763299999263836,0.0050551000003906665,0.008818399999654503,0.0059950000013486715,0.014813400001003174,0.028047700001479825,170590208
1719,1305031160.0842457,data\rgbd_dataset_freiburg1_xyz\rgb\1305031106.875905.png,data\rgbd_dataset_freiburg1_xyz\depth\1305031106.866893.png,0.009011983871459961,,641,0.013136399998984416,0.0037909999991825316,0.005013600000893348,0.00880460000007588,0.005789300001197262,0.014593900001273141,0.027730300000257557,170590208
1720,1305031160.1195836,data\rgbd_dataset_freiburg1_xyz\rgb\1305031106.911243.png,data\rgbd_dataset_freiburg1_xyz\depth\1305031106.897828.png,0.013414859771728516,,700,0.013255699999717763,0.003736399999979767,0.0052223000002413755,0.008958700000221143,0.006165500000861357,0.0151242000010825,0.028379900000800262,170598400
1721,1305031160.1517797,data\rgbd_dataset_freiburg1_xyz\rgb\1305031106.943439.png,data\rgbd_dataset_freiburg1_xyz\depth\1305031106.930797.png,0.01264190673828125,,687,0.01321759999882488,0.003747099999600323,0.004833000000871834,0.008580100000472157,0.006481399999756832,0.015061500000228989,0.02827909999905387,170610688
1722,1305031160.1838877,data\rgbd_dataset_freiburg1_xyz\rgb\1305031106.975547.png,data\rgbd_dataset_freiburg1_xyz\depth\1305031106.967232.png,0.008315086364746094,,721,0.013027599999986705,0.0036546999999700347,0.005077699999674223,0.008732399999644258,0.009598699998605298,0.018331099998249556,0.03135869999823626,170614784
1723,1305031160.2199166,data\rgbd_dataset_freiburg1_xyz\rgb\1305031107.011576.png,data\rgbd_dataset_freiburg1_xyz\depth\1305031106.998876.png,0.01269984245300293,,782,0.013766399999440182,0.0035439000002952525,0.004997899999580113,0.008541799999875366,0.006230999999388587,0.014772799999263952,0.028539199998704134,169656320
1724,1305031160.2516217,data\rgbd_dataset_freiburg1_xyz\rgb\1305031107.043281.png,data\rgbd_dataset_freiburg1_xyz\depth\1305031107.030348.png,0.012933015823364258,,796,0.013281700001243735,0.003719799999089446,0.004641599998649326,0.008361399997738772,0.006660699998974451,0.015022099996713223,0.028303799997956958,169664512
1725,1305031160.2837727,data\rgbd_dataset_freiburg1_xyz\rgb\1305031107.075432.png,data\rgbd_dataset_freiburg1_xyz\depth\1305031107.066405.png,0.00902700424194336,,834,0.01339659999939613,0.0037972999998601153,0.004430500001035398,0.008227800000895513,0.0064688999991631135,0.014696700000058627,0.028093299999454757,169668608
1726,1305031160.3195696,data\rgbd_dataset_freiburg1_xyz\rgb\1305031107.111229.png,data\rgbd_dataset_freiburg1_xyz\depth\1305031107.098268.png,0.01296091079711914,,859,0.013661200000569806,0.003541399999448913,0.004738200001156656,0.00827960000060557,0.006287999998676241,0.01456759999928181,0.028228799999851617,169668608
1727,1305031160.3516006,data\rgbd_dataset_freiburg1_xyz\rgb\1305031107.143260.png,data\rgbd_dataset_freiburg1_xyz\depth\1305031107.130308.png,0.012952089309692383,,892,0.01402340000095137,0.0036158000002615154,0.004646700001103454,0.00826250000136497,0.006477299999460229,0.014739800000825198,0.028763200001776568,169672704
1728,1305031160.3837397,data\rgbd_dataset_freiburg1_xyz\rgb\1305031107.175399.png,data\rgbd_dataset_freiburg1_xyz\depth\1305031107.165964.png,0.009435176849365234,,955,0.0135178000000451,0.003685800000312156,0.0049932000001717824,0.008679000000483938,0.006574400000317837,0.015253400000801776,0.028771200000846875,169680896
1729,1305031160.4196987,data\rgbd_dataset_freiburg1_xyz\rgb\1305031107.211358.png,data\rgbd_dataset_freiburg1_xyz\depth\1305031107.198208.png,0.01314997673034668,,912,0.013706200001252,0.003640099999756785,0.005288700000164681,0.008928799999921466,0.007110300000931602,0.016039100000853068,0.02974530000210507,169689088
1730,1305031160.4517186,data\rgbd_dataset_freiburg1_xyz\rgb\1305031107.243378.png,data\rgbd_dataset_freiburg1_xyz\depth\1305031107.235026.png,0.008352041244506836,,1019,0.016421600001194747,0.004511500001171953,0.004975699999704375,0.009487200000876328,0.006765100000848179,0.016252300001724507,0.032673900002919254,169693184
1731,1305031160.4837387,data\rgbd_dataset_freiburg1_xyz\rgb\1305031107.275398.png,data\rgbd_dataset_freiburg1_xyz\depth\1305031107.267071.png,0.008327007293701172,,1041,0.013865300001270953,0.003796599999986938,0.005458499999804189,0.009255099999791128,0.007017699999778415,0.016272799999569543,0.030138100000840495,169697280
1732,1305031160.5195665,data\rgbd_dataset_freiburg1_xyz\rgb\1305031107.311226.png,data\rgbd_dataset_freiburg1_xyz\depth\1305031107.299273.png,0.011952877044677734,,1160,0.013401000000158092,0.0038378000008378876,0.005035399999542278,0.008873200000380166,0.007616299999426701,0.016489499999806867,0.02989049999996496,169701376
1733,1305031160.5518496,data\rgbd_dataset_freiburg1_xyz\rgb\1305031107.343509.png,data\rgbd_dataset_freiburg1_xyz\depth\1305031107.334800.png,0.008708953857421875,,1135,0.014013499998327461,0.003693199998451746,0.00563730000067153,0.009330499999123276,0.007508800001232885,0.01683930000035616,0.030852799998683622,169709568
1734,1305031160.5837536,data\rgbd_dataset_freiburg1_xyz\rgb\1305031107.375413.png,data\rgbd_dataset_freiburg1_xyz\depth\1305031107.367183.png,0.008229970932006836,,1229,0.014031900000190944,0.0036456000016187318,0.0053116999988560565,0.008957300000474788,0.007235999999466003,0.01619329999994079,0.030225200000131736,169717760
1735,1305031160.6196117,data\rgbd_dataset_freiburg1_xyz\rgb\1305031107.411271.png,data\rgbd_dataset_freiburg1_xyz\depth\1305031107.399345.png,0.01192617416381836,,1302,0.01398229999904288,0.003546799998730421,0.005344400000467431,0.008891199999197852,0.007494699999369914,0.016385899998567766,0.030368199997610645,169725952
1736,1305031160.6517596,data\rgbd_dataset_freiburg1_xyz\rgb\1305031107.443419.png,data\rgbd_dataset_freiburg1_xyz\depth\1305031107.434926.png,0.00849294662475586,,1387,0.013684000001376262,0.0039969999997993,0.005403299999670708,0.009400299999470008,0.0071315999994112644,0.016531899998881272,0.030215900000257534,169734144
1737,1305031160.6837177,data\rgbd_dataset_freiburg1_xyz\rgb\1305031107.475377.png,data\rgbd_dataset_freiburg1_xyz\depth\1305031107.467141.png,0.008236169815063477,,1425,0.013667100000020582,0.0036606000012398,0.005238800000370247,0.008899400001610047,0.007419999999910942,0.01631940000152099,0.02998650000154157,169734144
1738,1305031160.7196927,data\rgbd_dataset_freiburg1_xyz\rgb\1305031107.511352.png,data\rgbd_dataset_freiburg1_xyz\depth\1305031107.498426.png,0.012926101684570312,,1433,0.013752699998804019,0.003751299998839386,0.005277800000840216,0.009029099999679602,0.011653300000034506,0.020682399999714107,0.034435099998518126,169742336
1739,1305031160.7519457,data\rgbd_dataset_freiburg1_xyz\rgb\1305031107.543605.png,data\rgbd_dataset_freiburg1_xyz\depth\1305031107.534830.png,0.008774995803833008,,1422,0.013845999999830383,0.003560200000720215,0.004997499998353305,0.00855769999907352,0.007450600000083796,0.016008299999157316,0.0298542999989877,169742336
1740,1305031160.7837946,data\rgbd_dataset_freiburg1_xyz\rgb\1305031107.575454.png,data\rgbd_dataset_freiburg1_xyz\depth\1305031107.567015.png,0.008439064025878906,,1389,0.014406899999812595,0.0036481999995885417,0.005546899999899324,0.009195099999487866,0.0074451000000408385,0.016640199999528704,0.0310470999993413,169742336
1741,1305031160.8196115,data\rgbd_dataset_freiburg1_xyz\rgb\1305031107.611271.png,data\rgbd_dataset_freiburg1_xyz\depth\1305031107.598904.png,0.012367010116577148,,1379,0.014034800000445102,0.0037169000006542774,0.005311900000378955,0.009028800001033233,0.007118900000932626,0.01614770000196586,0.03018250000241096,169750528
1742,1305031160.8516636,data\rgbd_dataset_freiburg1_xyz\rgb\1305031107.643323.png,data\rgbd_dataset_freiburg1_xyz\depth\1305031107.634944.png,0.008378982543945312,,1379,0.013820500000292668,0.0037725000001955777,0.005190400001083617,0.008962900001279195,0.007536900000559399,0.016499800001838594,0.030320300002131262,169762816
1743,1305031160.8839087,data\rgbd_dataset_freiburg1_xyz\rgb\1305031107.675568.png,data\rgbd_dataset_freiburg1_xyz\depth\1305031107.667179.png,0.008388996124267578,,1356,0.013795500000924221,0.0037055000011605443,0.005273000000670436,0.00897850000183098,0.007231300000057672,0.016209800001888652,0.030005300002812874,169766912
1744,1305031160.9196477,data\rgbd_dataset_freiburg1_xyz\rgb\1305031107.711307.png,data\rgbd_dataset_freiburg1_xyz\depth\1305031107.699390.png,0.0119171142578125,,1311,0.013728800000535557,0.0036116999999649124,0.005677099999957136,0.009288799999922048,0.00728750000052969,0.016576300000451738,0.030305100000987295,169771008
1745,1305031160.9518785,data\rgbd_dataset_freiburg1_xyz\rgb\1305031107.743538.png,data\rgbd_dataset_freiburg1_xyz\depth\1305031107.735041.png,0.008496999740600586,,1291,0.013674499999979162,0.0036460000010265503,0.0046665999998367624,0.008312600000863313,0.006921899999724701,0.015234500000588014,0.028909000000567175,169783296
1746,1305031160.9841425,data\rgbd_dataset_freiburg1_xyz\rgb\1305031107.775802.png,data\rgbd_dataset_freiburg1_xyz\depth\1305031107.767895.png,0.007906913757324219,,1305,0.013947499999630963,0.003870999998980551,0.005012499999793363,0.008883499998773914,0.011585700000068755,0.02046919999884267,0.03441669999847363,169791488
1747,1305031161.0199366,data\rgbd_dataset_freiburg1_xyz\rgb\1305031107.811596.png,data\rgbd_dataset_freiburg1_xyz\depth\1305031107.799544.png,0.012051820755004883,,1281,0.014297400000941707,0.0035903999996662606,0.005341699999917182,0.008932099999583443,0.007935499999803142,0.016867599999386584,0.03116500000032829,169803776
1748,1305031161.0516727,data\rgbd_dataset_freiburg1_xyz\rgb\1305031107.843332.png,data\rgbd_dataset_freiburg1_xyz\depth\1305031107.835751.png,0.007580995559692383,,1238,0.013569599999755155,0.0035123999987263232,0.004602099999829079,0.008114499998555402,0.00688330000048154,0.014997799999036943,0.028567399998792098,169811968
1749,1305031161.0836987,data\rgbd_dataset_freiburg1_xyz\rgb\1305031107.875358.png,data\rgbd_dataset_freiburg1_xyz\depth\1305031107.863505.png,0.011853218078613281,,1226,0.013362099998630583,0.003536500000336673,0.005128299999341834,0.008664799999678507,0.0064884000003075926,0.0151531999999861,0.028515299998616683,169811968
1750,1305031161.1198816,data\rgbd_dataset_freiburg1_xyz\rgb\1305031107.911541.png,data\rgbd_dataset_freiburg1_xyz\depth\1305031107.899222.png,0.012319087982177734,,1191,0.013171900000088499,0.003771499999857042,0.0048850999992282595,0.008656599999085302,0.00685209999937797,0.015508699998463271,0.02868059999855177,169811968
1751,1305031161.1514626,data\rgbd_dataset_freiburg1_xyz\rgb\1305031107.943122.png,data\rgbd_dataset_freiburg1_xyz\depth\1305031107.933609.png,0.009512901306152344,,1201,0.013754400000834721,0.0036017000002175337,0.004796699999133125,0.008398399999350659,0.006904899999426561,0.01530329999877722,0.02905769999961194,169811968
1752,1305031161.1841476,data\rgbd_dataset_freiburg1_xyz\rgb\1305031107.975807.png,data\rgbd_dataset_freiburg1_xyz\depth\1305031107.964840.png,0.010967016220092773,,1190,0.013592999999673339,0.003747599999769591,0.004676199998357333,0.008423799998126924,0.006990600000790437,0.01541439999891736,0.0290073999985907,169824256
1753,1305031161.2196608,data\rgbd_dataset_freiburg1_xyz\rgb\1305031108.011320.png,data\rgbd_dataset_freiburg1_xyz\depth\1305031107.998469.png,0.01285099983215332,,1250,0.013433699999950477,0.0035987999999633757,0.005007499999919673,0.00860629999988305,0.006871100000353181,0.01547740000023623,0.028911100000186707,169828352
1754,1305031161.2517586,data\rgbd_dataset_freiburg1_xyz\rgb\1305031108.043418.png,data\rgbd_dataset_freiburg1_xyz\depth\1305031108.034824.png,0.008594036102294922,,1263,0.01323680000132299,0.0037634000000252854,0.004971399999703863,0.008734799999729148,0.006876600000396138,0.015611400000125286,0.028848200001448276,169828352
1755,1305031161.2836926,data\rgbd_dataset_freiburg1_xyz\rgb\1305031108.075352.png,data\rgbd_dataset_freiburg1_xyz\depth\1305031108.067271.png,0.00808095932006836,,1274,0.012987399999474292,0.0037967999996908475,0.005589599999439088,0.009386399999129935,0.010524100000111503,0.019910499999241438,0.03289789999871573,169836544
1756,1305031161.3197186,data\rgbd_dataset_freiburg1_xyz\rgb\1305031108.111378.png,data\rgbd_dataset_freiburg1_xyz\depth\1305031108.099365.png,0.012012958526611328,,1234,0.01358059999984107,0.0036080000008951174,0.004857300000367104,0.008465300001262221,0.007214100000055623,0.015679400001317845,0.029260000001158915,169844736
1757,1305031161.3516746,data\rgbd_dataset_freiburg1_xyz\rgb\1305031108.143334.png,data\rgbd_dataset_freiburg1_xyz\depth\1305031108.135281.png,0.008052825927734375,,1252,0.013350299999729032,0.003707199999553268,0.005155300001206342,0.00886250000075961,0.007224700000733719,0.01608720000149333,0.02943750000122236,169852928
1758,1305031161.3843987,data\rgbd_dataset_freiburg1_xyz\rgb\1305031108.176058.png,data\rgbd_dataset_freiburg1_xyz\depth\1305031108.167357.png,0.008701086044311523,,1263,0.013168000001314795,0.0037655000014638063,0.005207400001381757,0.008972900002845563,0.0070928000004641945,0.016065700003309757,0.029233700004624552,169869312
1759,1305031161.4198155,data\rgbd_dataset_freiburg1_xyz\rgb\1305031108.211475.png,data\rgbd_dataset_freiburg1_xyz\depth\1305031108.199225.png,0.012249946594238281,,1226,0.01319080000030226,0.003928199999791104,0.0050580000006448245,0.008986200000435929,0.006976799999392824,0.015962999999828753,0.029153800000131014,169873408
1760,1305031161.4516876,data\rgbd_dataset_freiburg1_xyz\rgb\1305031108.243347.png,data\rgbd_dataset_freiburg1_xyz\depth\1305031108.235213.png,0.008133888244628906,,1170,0.013255300000309944,0.0037606999994750367,0.004953100000420818,0.008713799999895855,0.010548000000198954,0.01926180000009481,0.03251710000040475,169873408
1761,1305031161.4836986,data\rgbd_dataset_freiburg1_xyz\rgb\1305031108.275358.png,data\rgbd_dataset_freiburg1_xyz\depth\1305031108.267660.png,0.00769805908203125,,1172,0.013506399998732377,0.0038748000006307848,0.004866600000241306,0.00874140000087209,0.006602099998417543,0.015343499999289634,0.02884989999802201,169873408
1762,1305031161.5196726,data\rgbd_dataset_freiburg1_xyz\rgb\1305031108.311332.png,data\rgbd_dataset_freiburg1_xyz\depth\1305031108.299547.png,0.011785030364990234,,1144,0.013404499999523978,0.003686500000185333,0.0046583999992435565,0.00834489999942889,0.007456199999069213,0.015801099998498103,0.02920559999802208,169881600
1763,1305031161.5516186,data\rgbd_dataset_freiburg1_xyz\rgb\1305031108.343278.png,data\rgbd_dataset_freiburg1_xyz\depth\1305031108.335019.png,0.008258819580078125,,1094,0.013642800000525312,0.003803100000368431,0.005391400000007707,0.009194500000376138,0.006832499999291031,0.01602699999966717,0.02966980000019248,169881600
1764,1305031161.5837507,data\rgbd_dataset_freiburg1_xyz\rgb\1305031108.375410.png,data\rgbd_dataset_freiburg1_xyz\depth\1305031108.367285.png,0.008125066757202148,,1061,0.013327099999514758,0.003927200001271558,0.005028600000514416,0.008955800001785974,0.0072963000002346234,0.016252100002020597,0.029579200001535355,169885696
1765,1305031161.6197016,data\rgbd_dataset_freiburg1_xyz\rgb\1305031108.411361.png,data\rgbd_dataset_freiburg1_xyz\depth\1305031108.399284.png,0.012077093124389648,,1003,0.014359100001456682,0.0037897999991400866,0.004755100000693346,0.008544899999833433,0.006702900000163936,0.015247799999997369,0.02960690000145405,169897984
1766,1305031161.6519506,data\rgbd_dataset_freiburg1_xyz\rgb\1305031108.443610.png,data\rgbd_dataset_freiburg1_xyz\depth\1305031108.435023.png,0.008586883544921875,,985,0.013336600000911858,0.0039484999997512205,0.004491899999266025,0.008440399999017245,0.006875799999761512,0.015316199998778757,0.028652799999690615,169902080
1767,1305031161.6838117,data\rgbd_dataset_freiburg1_xyz\rgb\1305031108.475471.png,data\rgbd_dataset_freiburg1_xyz\depth\1305031108.467680.png,0.007791042327880859,,954,0.013298200001372606,0.0037664999999833526,0.0050123000000894535,0.008778800000072806,0.0066478999997343635,0.01542669999980717,0.028724900001179776,169906176
1768,1305031161.7197187,data\rgbd_dataset_freiburg1_xyz\rgb\1305031108.511378.png,data\rgbd_dataset_freiburg1_xyz\depth\1305031108.503548.png,0.007830142974853516,,956,0.012842000000091502,0.003828699998848606,0.005408499999248306,0.009237199998096912,0.006805600000006962,0.016042799998103874,0.028884799998195376,169914368
1769,1305031161.7520776,data\rgbd_dataset_freiburg1_xyz\rgb\1305031108.543737.png,data\rgbd_dataset_freiburg1_xyz\depth\1305031108.534811.png,0.008925914764404297,,933,0.013066299999991315,0.0038400000012188684,0.004313299999921583,0.008153300001140451,0.0068232000012358185,0.01497650000237627,0.028042800002367585,169918464
1770,1305031161.7837546,data\rgbd_dataset_freiburg1_xyz\rgb\1305031108.575414.png,data\rgbd_dataset_freiburg1_xyz\depth\1305031108.567154.png,0.008260011672973633,,961,0.012851100000261795,0.003720200000316254,0.004319400000895257,0.008039600001211511,0.006925900001078844,0.014965500002290355,0.02781660000255215,169934848
1771,1305031161.8197477,data\rgbd_dataset_freiburg1_xyz\rgb\1305031108.611407.png,data\rgbd_dataset_freiburg1_xyz\depth\1305031108.603547.png,0.007859945297241211,,919,0.01565409999966505,0.004685600000811974,0.004232499999488937,0.00891810000030091,0.006618700001126854,0.015536800001427764,0.031190900001092814,169934848
1772,1305031161.8516436,data\rgbd_dataset_freiburg1_xyz\rgb\1305031108.643303.png,data\rgbd_dataset_freiburg1_xyz\depth\1305031108.634212.png,0.009090900421142578,,903,0.013277100000777864,0.003832999998849118,0.004839600000195787,0.008672599999044905,0.0066157000001112465,0.015288299999156152,0.028565399999934016,169951232
1773,1305031161.8837156,data\rgbd_dataset_freiburg1_xyz\rgb\1305031108.675375.png,data\rgbd_dataset_freiburg1_xyz\depth\1305031108.667189.png,0.008186101913452148,,869,0.013453499999741325,0.0038740999989386182,0.004823000001124456,0.008697100000063074,0.006236999999600812,0.014934099999663886,0.02838759999940521,169955328
1774,1305031161.9197516,data\rgbd_dataset_freiburg1_xyz\rgb\1305031108.711411.png,data\rgbd_dataset_freiburg1_xyz\depth\1305031108.703346.png,0.008064985275268555,,853,0.013290499999129679,0.0038001000011718133,0.004387299999507377,0.00818740000067919,0.006292100000791834,0.014479500001471024,0.027770000000600703,169959424
1775,1305031161.9518425,data\rgbd_dataset_freiburg1_xyz\rgb\1305031108.743502.png,data\rgbd_dataset_freiburg1_xyz\depth\1305031108.735052.png,0.008449792861938477,,819,0.013562800000727293,0.0038997000010567717,0.004901799999061041,0.008801500000117812,0.006420100000468665,0.015221600000586477,0.02878440000131377,169963520
1776,1305031161.9838336,data\rgbd_dataset_freiburg1_xyz\rgb\1305031108.775493.png,data\rgbd_dataset_freiburg1_xyz\depth\1305031108.767031.png,0.008461952209472656,,815,0.013532400000258349,0.0038772999996581348,0.004941999999573454,0.008819299999231589,0.0060284999999566935,0.014847799999188283,0.02838019999944663,169963520
1777,1305031162.0195847,data\rgbd_dataset_freiburg1_xyz\rgb\1305031108.811244.png,data\rgbd_dataset_freiburg1_xyz\depth\1305031108.803370.png,0.007874011993408203,,824,0.01344520000020566,0.003950300000724383,0.005028700001275865,0.008979000002000248,0.006665200000497862,0.01564420000249811,0.02908940000270377,169971712
1778,1305031162.0516047,data\rgbd_dataset_freiburg1_xyz\rgb\1305031108.843264.png,data\rgbd_dataset_freiburg1_xyz\depth\1305031108.835163.png,0.00810098648071289,,800,0.01328069999908621,0.003550600000380655,0.004324399998949957,0.007874999999330612,0.006242800000109128,0.01411779999943974,0.02739849999852595,169984000
1779,1305031162.0848556,data\rgbd_dataset_freiburg1_xyz\rgb\1305031108.876515.png,data\rgbd_dataset_freiburg1_xyz\depth\1305031108.867534.png,0.008980989456176758,,789,0.01314509999974689,0.003873300000122981,0.004317599999922095,0.008190900000045076,0.0060088999998697545,0.01419979999991483,0.02734489999966172,167587840
1780,1305031162.1197047,data\rgbd_dataset_freiburg1_xyz\rgb\1305031108.911364.png,data\rgbd_dataset_freiburg1_xyz\depth\1305031108.903540.png,0.007824182510375977,,810,0.013925600000220584,0.004007300000012037,0.004200699999273638,0.008207999999285676,0.006215100000190432,0.014423099999476108,0.02834869999969669,169472000
1781,1305031162.1515837,data\rgbd_dataset_freiburg1_xyz\rgb\1305031108.943243.png,data\rgbd_dataset_freiburg1_xyz\depth\1305031108.935116.png,0.008126974105834961,,803,0.01312570000118285,0.003911099998731515,0.00445179999951506,0.008362899998246576,0.0060374999993655365,0.014400399997612112,0.02752609999879496,169775104
1782,1305031162.1836085,data\rgbd_dataset_freiburg1_xyz\rgb\1305031108.975268.png,data\rgbd_dataset_freiburg1_xyz\depth\1305031108.967245.png,0.008022785186767578,,850,0.016225699999267817,0.0049307999997836305,0.004752799999550916,0.009683599999334547,0.006293200000072829,0.015976799999407376,0.032202499998675194,169832448
1783,1305031162.2196097,data\rgbd_dataset_freiburg1_xyz\rgb\1305031109.011269.png,data\rgbd_dataset_freiburg1_xyz\depth\1305031109.003064.png,0.008205175399780273,,860,0.013802699999359902,0.0037016000005678507,0.004922300000544055,0.008623900001111906,0.006778800001484342,0.015402700002596248,0.02920540000195615,169922560
1784,1305031162.2516177,data\rgbd_dataset_freiburg1_xyz\rgb\1305031109.043277.png,data\rgbd_dataset_freiburg1_xyz\depth\1305031109.034955.png,0.008322000503540039,,851,0.015734599999632337,0.004287499999918509,0.00492859999940265,0.009216099999321159,0.006137200000011944,0.015353299999333103,0.03108789999896544,169934848
1785,1305031162.2837505,data\rgbd_dataset_freiburg1_xyz\rgb\1305031109.075410.png,data\rgbd_dataset_freiburg1_xyz\depth\1305031109.067091.png,0.008318901062011719,,864,0.013246999998955289,0.003741600001376355,0.004661599999963073,0.008403200001339428,0.006144599999970524,0.014547800001309952,0.02779480000026524,169938944
1786,1305031162.3196228,data\rgbd_dataset_freiburg1_xyz\rgb\1305031109.111282.png,data\rgbd_dataset_freiburg1_xyz\depth\1305031109.103294.png,0.007988214492797852,,869,0.013047599999481463,0.0037361999984568683,0.004687500000727596,0.008423699999184464,0.0063669999999547144,0.014790699999139179,0.02783829999862064,169938944
1787,1305031162.3516746,data\rgbd_dataset_freiburg1_xyz\rgb\1305031109.143334.png,data\rgbd_dataset_freiburg1_xyz\depth\1305031109.134968.png,0.008365869522094727,,861,0.012995700000828947,0.0037812000009580515,0.004796799999894574,0.008578000000852626,0.005861900001036702,0.014439900001889328,0.027435600002718274,169951232
1788,1305031162.3838046,data\rgbd_dataset_freiburg1_xyz\rgb\1305031109.175464.png,data\rgbd_dataset_freiburg1_xyz\depth\1305031109.165848.png,0.009615898132324219,,857,0.012695400000666268,0.0037622999989253003,0.004479199998968397,0.008241499997893698,0.0065585000011196826,0.01479999999901338,0.02749539999967965,169955328
1789,1305031162.4197197,data\rgbd_dataset_freiburg1_xyz\rgb\1305031109.211379.png,data\rgbd_dataset_freiburg1_xyz\depth\1305031109.203388.png,0.00799107551574707,,895,0.01293479999912961,0.003713199999765493,0.004716299999927287,0.00842949999969278,0.006488600000011502,0.014918099999704282,0.02785289999883389,169984000
1790,1305031162.4516306,data\rgbd_dataset_freiburg1_xyz\rgb\1305031109.243290.png,data\rgbd_dataset_freiburg1_xyz\depth\1305031109.234324.png,0.00896596908569336,,888,0.012950199999977485,0.003927499999917927,0.004380899999887333,0.00830839999980526,0.006483299999672454,0.014791699999477714,0.0277418999994552,170008576
1791,1305031162.4836485,data\rgbd_dataset_freiburg1_xyz\rgb\1305031109.275308.png,data\rgbd_dataset_freiburg1_xyz\depth\1305031109.266325.png,0.00898289680480957,,869,0.013068000000203028,0.0036068999997951323,0.0050473999999667285,0.00865429999976186,0.006408299999748124,0.015062599999509985,0.028130599999713013,170012672
1792,1305031162.5196695,data\rgbd_dataset_freiburg1_xyz\rgb\1305031109.311329.png,data\rgbd_dataset_freiburg1_xyz\depth\1305031109.303457.png,0.007871866226196289,,889,0.012701999999990221,0.003936900000553578,0.004723399999420508,0.008660299999974086,0.006518999998661457,0.015179299998635543,0.027881299998625764,170024960
1793,1305031162.5515885,data\rgbd_dataset_freiburg1_xyz\rgb\1305031109.343248.png,data\rgbd_dataset_freiburg1_xyz\depth\1305031109.334602.png,0.008645772933959961,,918,0.012726900000416208,0.00377200000002631,0.004333799999585608,0.008105799999611918,0.006633400000282563,0.014739199999894481,0.02746610000031069,170033152
1794,1305031162.5837376,data\rgbd_dataset_freiburg1_xyz\rgb\1305031109.375397.png,data\rgbd_dataset_freiburg1_xyz\depth\1305031109.364882.png,0.010514974594116211,,919,0.013235899999926914,0.003826699999990524,0.004986799998732749,0.008813499998723273,0.006832400000348571,0.015645899999071844,0.02888179999899876,170045440
1795,1305031162.6196697,data\rgbd_dataset_freiburg1_xyz\rgb\1305031109.411329.png,data\rgbd_dataset_freiburg1_xyz\depth\1305031109.403386.png,0.007942914962768555,,905,0.01323439999941911,0.003981500000008964,0.004754999999931897,0.008736499999940861,0.009479099999225582,0.018215599999166443,0.031449999998585554,170053632
1796,1305031162.6516426,data\rgbd_dataset_freiburg1_xyz\rgb\1305031109.443302.png,data\rgbd_dataset_freiburg1_xyz\depth\1305031109.434469.png,0.008832931518554688,,922,0.013543600000048173,0.003700699999171775,0.004677000000810949,0.008377699999982724,0.006776299998819013,0.015153999998801737,0.02869759999884991,170053632
1797,1305031162.6837037,data\rgbd_dataset_freiburg1_xyz\rgb\1305031109.475363.png,data\rgbd_dataset_freiburg1_xyz\depth\1305031109.467362.png,0.008001089096069336,,919,0.013367200001084711,0.003726799999640207,0.004190800000287709,0.007917599999927916,0.006760399999620859,0.014677999999548774,0.028045200000633486,170053632
1798,1305031162.7196136,data\rgbd_dataset_freiburg1_xyz\rgb\1305031109.511273.png,data\rgbd_dataset_freiburg1_xyz\depth\1305031109.503193.png,0.008080005645751953,,914,0.013404700001046876,0.0037549000007857103,0.004786199999216478,0.008541100000002189,0.00938010000027134,0.01792120000027353,0.031325900001320406,170061824
1799,1305031162.7516346,data\rgbd_dataset_freiburg1_xyz\rgb\1305031109.543294.png,data\rgbd_dataset_freiburg1_xyz\depth\1305031109.535715.png,0.007578849792480469,,957,0.013235700000223005,0.0037585000009130454,0.005198099999688566,0.008956600000601611,0.006949200000235578,0.01590580000083719,0.029141500001060194,170061824
1800,1305031162.7837026,data\rgbd_dataset_freiburg1_xyz\rgb\1305031109.575362.png,data\rgbd_dataset_freiburg1_xyz\depth\1305031109.567452.png,0.007910013198852539,,994,0.0160197999994125,0.004654300000765943,0.004498199999943608,0.009152500000709551,0.00649630000043544,0.01564880000114499,0.03166860000055749,170061824
1801,1305031162.8196507,data\rgbd_dataset_freiburg1_xyz\rgb\1305031109.611310.png,data\rgbd_dataset_freiburg1_xyz\depth\1305031109.603601.png,0.007709026336669922,,980,0.01359039999988454,0.003725799999301671,0.00548499999968044,0.009210799998982111,0.006155600000056438,0.01536639999903855,0.02895679999892309,170078208
1802,1305031162.8515697,data\rgbd_dataset_freiburg1_xyz\rgb\1305031109.643229.png,data\rgbd_dataset_freiburg1_xyz\depth\1305031109.635323.png,0.007905960083007812,,996,0.01331919999938691,0.0037818999990122393,0.004673199999160715,0.008455099998172955,0.006854900000689668,0.015309999998862622,0.028629199998249533,170082304
1803,1305031162.8836036,data\rgbd_dataset_freiburg1_xyz\rgb\1305031109.675263.png,data\rgbd_dataset_freiburg1_xyz\depth\1305031109.667570.png,0.007692813873291016,,986,0.013825199999700999,0.0038316000009217532,0.0052390000000741566,0.00907060000099591,0.0066381000015098834,0.015708700002505793,0.029533900002206792,170086400
1804,1305031162.9196527,data\rgbd_dataset_freiburg1_xyz\rgb\1305031109.711312.png,data\rgbd_dataset_freiburg1_xyz\depth\1305031109.703265.png,0.008047103881835938,,995,0.013104600000588107,0.003826600001048064,0.004881700000623823,0.008708300001671887,0.00640190000012808,0.015110200001799967,0.028214800002388074,170090496
1805,1305031162.9516146,data\rgbd_dataset_freiburg1_xyz\rgb\1305031109.743274.png,data\rgbd_dataset_freiburg1_xyz\depth\1305031109.735059.png,0.008214950561523438,,975,0.013150799999493756,0.003687000000354601,0.004713800000899937,0.008400800001254538,0.007210399999166839,0.015611200000421377,0.028761999999915133,170102784
1806,1305031162.9836175,data\rgbd_dataset_freiburg1_xyz\rgb\1305031109.775277.png,data\rgbd_dataset_freiburg1_xyz\depth\1305031109.767470.png,0.007807016372680664,,967,0.012940799999341834,0.004039499999635154,0.004660699998566997,0.008700199998202152,0.006608199999391218,0.01530839999759337,0.028249199996935204,170115072
1807,1305031163.0197117,data\rgbd_dataset_freiburg1_xyz\rgb\1305031109.811371.png,data\rgbd_dataset_freiburg1_xyz\depth\1305031109.803396.png,0.007975101470947266,,950,0.013206900001023314,0.003620999999839114,0.004197399999611662,0.007818399999450776,0.006018599999151775,0.01383699999860255,0.027043899999625864,170119168
1808,1305031163.0516367,data\rgbd_dataset_freiburg1_xyz\rgb\1305031109.843296.png,data\rgbd_dataset_freiburg1_xyz\depth\1305031109.834910.png,0.00838613510131836,,939,0.013051899999481975,0.0034708000002865447,0.004871099999945727,0.008341900000232272,0.008692400000654743,0.017034300000887015,0.03008620000036899,170131456
1809,1305031163.0836465,data\rgbd_dataset_freiburg1_xyz\rgb\1305031109.875306.png,data\rgbd_dataset_freiburg1_xyz\depth\1305031109.871271.png,0.004034996032714844,,942,0.012848399999711546,0.0037343000003602356,0.004974299999958021,0.008708600000318256,0.0061010999997961335,0.01480970000011439,0.027658099999825936,170131456
1810,1305031163.1196055,data\rgbd_dataset_freiburg1_xyz\rgb\1305031109.911265.png,data\rgbd_dataset_freiburg1_xyz\depth\1305031109.900535.png,0.010729789733886719,,911,0.013296799999807263,0.0038586000009672716,0.0044405999997252366,0.008299200000692508,0.00629300000036892,0.014592200001061428,0.02788900000086869,170135552
1811,1305031163.1516397,data\rgbd_dataset_freiburg1_xyz\rgb\1305031109.943299.png,data\rgbd_dataset_freiburg1_xyz\depth\1305031109.934960.png,0.008339166641235352,,927,0.01320559999840043,0.0037068000001454493,0.005036300000938354,0.008743100001083803,0.0065121000006911345,0.015255200001774938,0.028460800000175368,170135552
1812,1305031163.1835988,data\rgbd_dataset_freiburg1_xyz\rgb\1305031109.975258.png,data\rgbd_dataset_freiburg1_xyz\depth\1305031109.970213.png,0.005045175552368164,,903,0.013200100000176462,0.0037582999993901467,0.004627700000128243,0.00838599999951839,0.006821000000854838,0.015207000000373228,0.02840710000054969,170147840
1813,1305031163.2195966,data\rgbd_dataset_freiburg1_xyz\rgb\1305031110.011256.png,data\rgbd_dataset_freiburg1_xyz\depth\1305031109.999657.png,0.011599063873291016,,961,0.01316200000110257,0.003810100000919192,0.004365200000393088,0.00817530000131228,0.006018900001436123,0.014194200002748403,0.027356200003850972,170147840
1814,1305031163.2516396,data\rgbd_dataset_freiburg1_xyz\rgb\1305031110.043299.png,data\rgbd_dataset_freiburg1_xyz\depth\1305031110.031356.png,0.011942863464355469,,938,0.012929999998959829,0.003803600000537699,0.0045731999998679385,0.008376800000405638,0.00630769999952463,0.014684499999930267,0.027614499998890096,170151936
1815,1305031163.2836597,data\rgbd_dataset_freiburg1_xyz\rgb\1305031110.075319.png,data\rgbd_dataset_freiburg1_xyz\depth\1305031110.068125.png,0.007194042205810547,,930,0.012793899999451241,0.003596599999582395,0.004807000001164852,0.008403600000747247,0.006591599998500897,0.014995199999248143,0.027789099998699385,170164224
1816,1305031163.3196657,data\rgbd_dataset_freiburg1_xyz\rgb\1305031110.111325.png,data\rgbd_dataset_freiburg1_xyz\depth\1305031110.101397.png,0.009927988052368164,,954,0.013445900000078836,0.0036146999991615303,0.004609899999195477,0.008224599998357007,0.006557700000485056,0.014782299998842063,0.0282281999989209,170160128
1817,1305031163.3517725,data\rgbd_dataset_freiburg1_xyz\rgb\1305031110.143432.png,data\rgbd_dataset_freiburg1_xyz\depth\1305031110.132317.png,0.011114835739135742,,972,0.013342800000827992,0.003791899998759618,0.004609300000083749,0.008401199998843367,0.007389300000795629,0.015790499999638996,0.02913330000046699,170168320
1818,1305031163.3839817,data\rgbd_dataset_freiburg1_xyz\rgb\1305031110.175641.png,data\rgbd_dataset_freiburg1_xyz\depth\1305031110.168323.png,0.007318019866943359,,976,0.014007800000399584,0.004431299999851035,0.004290799999580486,0.00872209999943152,0.006288800001129857,0.015010900000561378,0.029018700000960962,170184704
1819,1305031163.4199777,data\rgbd_dataset_freiburg1_xyz\rgb\1305031110.211637.png,data\rgbd_dataset_freiburg1_xyz\depth\1305031110.203162.png,0.008475065231323242,,965,0.013080799999443116,0.003726700000697747,0.004910599998765974,0.008637299999463721,0.006734200000209967,0.015371499999673688,0.028452299999116804,170205184
1820,1305031163.4516637,data\rgbd_dataset_freiburg1_xyz\rgb\1305031110.243323.png,data\rgbd_dataset_freiburg1_xyz\depth\1305031110.234909.png,0.008414030075073242,,970,0.012943499999892083,0.003791099999943981,0.00483419999909529,0.008625299999039271,0.008841599999868777,0.017466899998908048,0.03041039999880013,170205184
1821,1305031163.4876616,data\rgbd_dataset_freiburg1_xyz\rgb\1305031110.279321.png,data\rgbd_dataset_freiburg1_xyz\depth\1305031110.271394.png,0.00792694091796875,,1024,0.012977600001249812,0.0036747000012837816,0.004405300000144052,0.008080000001427834,0.005980699999781791,0.014060700001209625,0.027038300002459437,170205184
1822,1305031163.5197446,data\rgbd_dataset_freiburg1_xyz\rgb\1305031110.311404.png,data\rgbd_dataset_freiburg1_xyz\depth\1305031110.303648.png,0.00775599479675293,,1051,0.012771499999871594,0.003414599999814527,0.004743199999211356,0.008157799999025883,0.009531899999274174,0.017689699998300057,0.03046119999817165,170213376
1823,1305031163.5516956,data\rgbd_dataset_freiburg1_xyz\rgb\1305031110.343355.png,data\rgbd_dataset_freiburg1_xyz\depth\1305031110.331570.png,0.011785030364990234,,1105,0.012920999999550986,0.003770999999687774,0.0053251000008458504,0.009096100000533625,0.006650400000580703,0.015746500001114327,0.028667500000665314,170213376
1824,1305031163.5876217,data\rgbd_dataset_freiburg1_xyz\rgb\1305031110.379281.png,data\rgbd_dataset_freiburg1_xyz\depth\1305031110.371607.png,0.007673978805541992,,1152,0.013415100000202074,0.0036974000013287878,0.00516079999943031,0.008858200000759098,0.007723900000200956,0.016582100000960054,0.029997200001162128,170217472
1825,1305031163.6198096,data\rgbd_dataset_freiburg1_xyz\rgb\1305031110.411469.png,data\rgbd_dataset_freiburg1_xyz\depth\1305031110.403480.png,0.007988929748535156,,1162,0.013220999999248306,0.0037585999998555053,0.005035199999838369,0.008793799999693874,0.010409300000901567,0.01920310000059544,0.03242409999984375,170221568
1826,1305031163.6516006,data\rgbd_dataset_freiburg1_xyz\rgb\1305031110.443260.png,data\rgbd_dataset_freiburg1_xyz\depth\1305031110.435647.png,0.007612943649291992,,1206,0.01593990000037593,0.004522299999734969,0.004965500000253087,0.009487799999988056,0.00696330000027956,0.016451100000267616,0.032391000000643544,170229760
1827,1305031163.6876717,data\rgbd_dataset_freiburg1_xyz\rgb\1305031110.479331.png,data\rgbd_dataset_freiburg1_xyz\depth\1305031110.470588.png,0.008743047714233398,,1269,0.013680899999599205,0.003713799998877221,0.004785999999512569,0.00849979999838979,0.007268300001669559,0.01576810000005935,0.029448999999658554,170233856
1828,1305031163.7197697,data\rgbd_dataset_freiburg1_xyz\rgb\1305031110.511429.png,data\rgbd_dataset_freiburg1_xyz\depth\1305031110.502539.png,0.008890151977539062,,1310,0.012987000000066473,0.003826199999821256,0.0053496000000450294,0.009175799999866285,0.007343499999478809,0.016519299999345094,0.029506299999411567,170246144
1829,1305031163.7517486,data\rgbd_dataset_freiburg1_xyz\rgb\1305031110.543408.png,data\rgbd_dataset_freiburg1_xyz\depth\1305031110.534532.png,0.008875846862792969,,1349,0.013205100000050152,0.003808400000707479,0.004888100000243867,0.008696500000951346,0.0068477000004349975,0.015544200001386344,0.028749300001436495,170254336
1830,1305031163.7877667,data\rgbd_dataset_freiburg1_xyz\rgb\1305031110.579426.png,data\rgbd_dataset_freiburg1_xyz\depth\1305031110.571676.png,0.007750034332275391,,1360,0.013122000000294065,0.003777400001126807,0.0053638000008504605,0.009141200001977268,0.00746900000012829,0.016610200002105557,0.029732200002399622,170258432
1831,1305031163.8196476,data\rgbd_dataset_freiburg1_xyz\rgb\1305031110.611307.png,data\rgbd_dataset_freiburg1_xyz\depth\1305031110.604289.png,0.007017850875854492,,1355,0.013221299999713665,0.0039042000007611932,0.004944999998770072,0.008849199999531265,0.011084499999924446,0.019933699999455712,0.03315499999916938,170274816
1832,1305031163.8517587,data\rgbd_dataset_freiburg1_xyz\rgb\1305031110.643418.png,data\rgbd_dataset_freiburg1_xyz\depth\1305031110.635485.png,0.00793313980102539,,1382,0.013658900001246366,0.003944500000216067,0.0053287999999156455,0.009273300000131712,0.0071987999999691965,0.01647210000010091,0.030131000001347275,170295296
1833,1305031163.8879466,data\rgbd_dataset_freiburg1_xyz\rgb\1305031110.679606.png,data\rgbd_dataset_freiburg1_xyz\depth\1305031110.671775.png,0.00783085823059082,,1381,0.013682699998753378,0.0040022999983193586,0.005273499999020714,0.009275799997340073,0.0077134000002843095,0.016989199997624382,0.03067189999637776,170299392
1834,1305031163.9197526,data\rgbd_dataset_freiburg1_xyz\rgb\1305031110.711412.png,data\rgbd_dataset_freiburg1_xyz\depth\1305031110.699957.png,0.011455059051513672,,1399,0.01360949999980221,0.004072499999892898,0.005101999999169493,0.009174499999062391,0.007507199999963632,0.016681699999026023,0.030291199998828233,170299392
1835,1305031163.9515896,data\rgbd_dataset_freiburg1_xyz\rgb\1305031110.743249.png,data\rgbd_dataset_freiburg1_xyz\depth\1305031110.735440.png,0.0078089237213134766,,1370,0.013420600000245031,0.003877999999531312,0.005153899999640998,0.00903189999917231,0.007441499999913503,0.016473399999085814,0.029893999999330845,170303488
1836,1305031163.9875336,data\rgbd_dataset_freiburg1_xyz\rgb\1305031110.779193.png,data\rgbd_dataset_freiburg1_xyz\depth\1305031110.769734.png,0.00945901870727539,,1392,0.013751800001045922,0.0038197000012587523,0.0053091999998287065,0.009128900001087459,0.007493600000088918,0.016622500001176377,0.0303743000022223,170307584
1837,1305031164.0197268,data\rgbd_dataset_freiburg1_xyz\rgb\1305031110.811386.png,data\rgbd_dataset_freiburg1_xyz\depth\1305031110.799684.png,0.01170206069946289,,1335,0.01332170000023325,0.0037145999995118473,0.0044887000003654975,0.008203299999877345,0.0069553000012092525,0.015158600001086597,0.028480300001319847,170311680
1838,1305031164.0515587,data\rgbd_dataset_freiburg1_xyz\rgb\1305031110.843218.png,data\rgbd_dataset_freiburg1_xyz\depth\1305031110.835248.png,0.007970094680786133,,1367,0.013438500000120257,0.0037943000006634975,0.005251800001133233,0.00904610000179673,0.008896100000129081,0.017942200001925812,0.03138070000204607,170323968
1839,1305031164.0876536,data\rgbd_dataset_freiburg1_xyz\rgb\1305031110.879313.png,data\rgbd_dataset_freiburg1_xyz\depth\1305031110.871293.png,0.00801992416381836,,1365,0.015744799999083625,0.004833699998926022,0.005185799998798757,0.010019499997724779,0.007617999999638414,0.017637499997363193,0.03338229999644682,170323968
1840,1305031164.1196737,data\rgbd_dataset_freiburg1_xyz\rgb\1305031110.911333.png,data\rgbd_dataset_freiburg1_xyz\depth\1305031110.901900.png,0.00943303108215332,,1353,0.01489670000046317,0.0037103000013303244,0.005022500001359731,0.008732800002690055,0.007310799999686424,0.01604360000237648,0.03094030000283965,170328064
1841,1305031164.1522026,data\rgbd_dataset_freiburg1_xyz\rgb\1305031110.943862.png,data\rgbd_dataset_freiburg1_xyz\depth\1305031110.938668.png,0.005193948745727539,,1351,0.013000799999645096,0.003585200000088662,0.0049997000005532755,0.008584900000641937,0.006510399998660432,0.01509529999930237,0.028096099998947466,170332160
1842,1305031164.1876857,data\rgbd_dataset_freiburg1_xyz\rgb\1305031110.979345.png,data\rgbd_dataset_freiburg1_xyz\depth\1305031110.971316.png,0.008028984069824219,,1340,0.013261999998576357,0.003798700001425459,0.004854200000409037,0.008652900001834496,0.0071535999995830934,0.01580650000141759,0.029068499999993946,170336256
1843,1305031164.2197716,data\rgbd_dataset_freiburg1_xyz\rgb\1305031111.011431.png,data\rgbd_dataset_freiburg1_xyz\depth\1305031111.003669.png,0.007761955261230469,,1363,0.013351699999475386,0.003912599999239319,0.005198400000153924,0.009110999999393243,0.007380099999863887,0.01649109999925713,0.029842799998732517,170348544
1844,1305031164.2516677,data\rgbd_dataset_freiburg1_xyz\rgb\1305031111.043327.png,data\rgbd_dataset_freiburg1_xyz\depth\1305031111.039669.png,0.0036580562591552734,,1378,0.013515599999664119,0.005316400000083377,0.005286399999022251,0.010602799999105628,0.014941499999622465,0.025544299998728093,0.03905989999839221,170360832
1845,1305031164.2876236,data\rgbd_dataset_freiburg1_xyz\rgb\1305031111.079283.png,data\rgbd_dataset_freiburg1_xyz\depth\1305031111.071605.png,0.007678031921386719,,1364,0.017459400000007008,0.005640600000333507,0.006447499999922002,0.012088100000255508,0.00991520000025048,0.022003300000505988,0.039462700000512996,170364928
1846,1305031164.3198485,data\rgbd_dataset_freiburg1_xyz\rgb\1305031111.111508.png,data\rgbd_dataset_freiburg1_xyz\depth\1305031111.103658.png,0.007849931716918945,,1342,0.01552819999960775,0.004455199999938486,0.005848500000865897,0.010303700000804383,0.008077200000116136,0.01838090000092052,0.03390910000052827,170369024
1847,1305031164.3515975,data\rgbd_dataset_freiburg1_xyz\rgb\1305031111.143257.png,data\rgbd_dataset_freiburg1_xyz\depth\1305031111.139211.png,0.004045963287353516,,1331,0.016393100000641425,0.004333700000643148,0.005958699999609962,0.01029240000025311,0.007638699999006349,0.01793109999925946,0.034324199999900884,170373120
1848,1305031164.3876667,data\rgbd_dataset_freiburg1_xyz\rgb\1305031111.179326.png,data\rgbd_dataset_freiburg1_xyz\depth\1305031111.170937.png,0.008388996124267578,,1328,0.013605500000267057,0.00383970000075351,0.005299699998431606,0.009139399999185116,0.007930100000521634,0.01706949999970675,0.030674999999973807,170377216
1849,1305031164.4197736,data\rgbd_dataset_freiburg1_xyz\rgb\1305031111.211433.png,data\rgbd_dataset_freiburg1_xyz\depth\1305031111.199395.png,0.012037992477416992,,1323,0.01375960000041232,0.003930799999579904,0.00528889999986859,0.009219699999448494,0.006966099999772268,0.016185799999220762,0.029945399999633082,170381312
1850,1305031164.4515767,data\rgbd_dataset_freiburg1_xyz\rgb\1305031111.243236.png,data\rgbd_dataset_freiburg1_xyz\depth\1305031111.236670.png,0.006566047668457031,,1268,0.013122700000167242,0.0036992000004829606,0.005186899999898742,0.008886100000381703,0.007665099999940139,0.016551200000321842,0.029673900000489084,170385408
1851,1305031164.4876487,data\rgbd_dataset_freiburg1_xyz\rgb\1305031111.279308.png,data\rgbd_dataset_freiburg1_xyz\depth\1305031111.269939.png,0.009369134902954102,,1224,0.013090500000544125,0.00395580000076734,0.004898699999102973,0.008854499999870313,0.00720519999958924,0.016059699999459554,0.02915020000000368,170389504
1852,1305031164.5198877,data\rgbd_dataset_freiburg1_xyz\rgb\1305031111.311547.png,data\rgbd_dataset_freiburg1_xyz\depth\1305031111.302311.png,0.00923609733581543,,1241,0.015732700001535704,0.004555499999696622,0.005430799999885494,0.009986299999582116,0.007312600000659586,0.0172989000002417,0.033031600001777406,170397696
1853,1305031164.5517375,data\rgbd_dataset_freiburg1_xyz\rgb\1305031111.343397.png,data\rgbd_dataset_freiburg1_xyz\depth\1305031111.339460.png,0.0039370059967041016,,1200,0.01347890000033658,0.0036888000013277633,0.004863899999691057,0.00855270000101882,0.0067285000004631,0.01528120000148192,0.0287601000018185,170401792
1854,1305031164.5874746,data\rgbd_dataset_freiburg1_xyz\rgb\1305031111.379134.png,data\rgbd_dataset_freiburg1_xyz\depth\1305031111.370908.png,0.00822591781616211,,1185,0.013523599998734426,0.0037338999991334276,0.004760300000270945,0.008494199999404373,0.0070287999988067895,0.015522999998211162,0.029046599996945588,170405888
1855,1305031164.6196365,data\rgbd_dataset_freiburg1_xyz\rgb\1305031111.411296.png,data\rgbd_dataset_freiburg1_xyz\depth\1305031111.402911.png,0.008384943008422852,,1188,0.0132685999997193,0.00391239999953541,0.004587800000081188,0.008500199999616598,0.0072416000002704095,0.015741799999887007,0.029010399999606307,170422272
1856,1305031164.6517267,data\rgbd_dataset_freiburg1_xyz\rgb\1305031111.443386.png,data\rgbd_dataset_freiburg1_xyz\depth\1305031111.438948.png,0.004438161849975586,,1165,0.013911699999880511,0.0037219999994704267,0.004712699999799952,0.008434699999270379,0.010133899999345886,0.018568599998616264,0.032480299998496776,170422272
1857,1305031164.6875997,data\rgbd_dataset_freiburg1_xyz\rgb\1305031111.479259.png,data\rgbd_dataset_freiburg1_xyz\depth\1305031111.470919.png,0.008340120315551758,,1197,0.013247499999124557,0.0037704000005760463,0.0051456999990477925,0.008916099999623839,0.007600000000820728,0.016516100000444567,0.029763599999569124,170426368
1858,1305031164.7196047,data\rgbd_dataset_freiburg1_xyz\rgb\1305031111.511264.png,data\rgbd_dataset_freiburg1_xyz\depth\1305031111.503531.png,0.00773310661315918,,1121,0.013220699998782948,0.003935600001568673,0.004676200000176323,0.008611800001744996,0.007034399999611196,0.015646200001356192,0.02886690000013914,170434560
1859,1305031164.7515907,data\rgbd_dataset_freiburg1_xyz\rgb\1305031111.543250.png,data\rgbd_dataset_freiburg1_xyz\depth\1305031111.539482.png,0.0037679672241210938,,1073,0.012913399999888497,0.003726900000401656,0.0050224999995407416,0.008749399999942398,0.00708180000037828,0.015831200000320678,0.028744600000209175,170434560
1860,1305031164.7875776,data\rgbd_dataset_freiburg1_xyz\rgb\1305031111.579237.png,data\rgbd_dataset_freiburg1_xyz\depth\1305031111.571320.png,0.007916927337646484,,1059,0.012593699999342789,0.0035996000005980022,0.004980300000170246,0.008579900000768248,0.009991499999159714,0.018571399999927962,0.03116509999927075,170434560
1861,1305031164.8196115,data\rgbd_dataset_freiburg1_xyz\rgb\1305031111.611271.png,data\rgbd_dataset_freiburg1_xyz\depth\1305031111.603391.png,0.007879972457885742,,1018,0.013203499998780899,0.0037377999997261213,0.00514149999980873,0.008879299999534851,0.009183599999232683,0.018062899998767534,0.03126639999754843,170438656
1862,1305031164.8517356,data\rgbd_dataset_freiburg1_xyz\rgb\1305031111.643395.png,data\rgbd_dataset_freiburg1_xyz\depth\1305031111.639405.png,0.0039899349212646484,,1004,0.01333639999938896,0.0037319999992178055,0.005173100000320119,0.008905099999537924,0.007255700000314391,0.016160799999852316,0.029497199999241275,170446848
1863,1305031164.8876607,data\rgbd_dataset_freiburg1_xyz\rgb\1305031111.679320.png,data\rgbd_dataset_freiburg1_xyz\depth\1305031111.671252.png,0.008068084716796875,,1029,0.012957499999174615,0.0037783999996463535,0.004711199999292148,0.008489599998938502,0.006643200000326033,0.015132799999264535,0.02809029999843915,170455040
1864,1305031164.9201007,data\rgbd_dataset_freiburg1_xyz\rgb\1305031111.711760.png,data\rgbd_dataset_freiburg1_xyz\depth\1305031111.703791.png,0.007969141006469727,,970,0.012718699999823002,0.0036289999989094213,0.0049230000004172325,0.008551999999326654,0.007245599999805563,0.015797599999132217,0.02851629999895522,170459136
1865,1305031164.9517267,data\rgbd_dataset_freiburg1_xyz\rgb\1305031111.743386.png,data\rgbd_dataset_freiburg1_xyz\depth\1305031111.739504.png,0.0038819313049316406,,947,0.012854299999162322,0.003642300000137766,0.005430700000943034,0.0090730000010808,0.007129300000087824,0.016202300001168624,0.029056600000330945,170467328
1866,1305031164.9877636,data\rgbd_dataset_freiburg1_xyz\rgb\1305031111.779423.png,data\rgbd_dataset_freiburg1_xyz\depth\1305031111.771228.png,0.008194923400878906,,925,0.01295380000010482,0.003720600001543062,0.00465519999852404,0.008375800000067102,0.007119399999282905,0.015495199999350007,0.028448999999454827,170471424
1867,1305031165.0197465,data\rgbd_dataset_freiburg1_xyz\rgb\1305031111.811406.png,data\rgbd_dataset_freiburg1_xyz\depth\1305031111.800077.png,0.011328935623168945,,903,0.013170199999876786,0.00367999999980384,0.004386700000395649,0.00806670000019949,0.007355599998845719,0.015422299999045208,0.028592499998921994,170487808
1868,1305031165.0516396,data\rgbd_dataset_freiburg1_xyz\rgb\1305031111.843299.png,data\rgbd_dataset_freiburg1_xyz\depth\1305031111.839333.png,0.003965854644775391,,838,0.012999300000956282,0.0036968000003980706,0.004501200000959216,0.008198000001357286,0.006587099998796475,0.014785100000153761,0.027784400001110043,170491904
1869,1305031165.0877826,data\rgbd_dataset_freiburg1_xyz\rgb\1305031111.879442.png,data\rgbd_dataset_freiburg1_xyz\depth\1305031111.870985.png,0.008456945419311523,,868,0.013597099999969942,0.0036718999999720836,0.004744899999423069,0.008416799999395153,0.0072808000004442874,0.01569759999983944,0.02929469999980938,170500096
1870,1305031165.1196947,data\rgbd_dataset_freiburg1_xyz\rgb\1305031111.911354.png,data\rgbd_dataset_freiburg1_xyz\depth\1305031111.903356.png,0.007997989654541016,,866,0.013240599999335245,0.0036755999990418786,0.004754900000989437,0.008430500000031316,0.006187799999679555,0.014618299999710871,0.027858899999046116,170500096
1871,1305031165.1516407,data\rgbd_dataset_freiburg1_xyz\rgb\1305031111.943300.png,data\rgbd_dataset_freiburg1_xyz\depth\1305031111.939680.png,0.0036199092864990234,,805,0.013326700000106939,0.0037241999998514075,0.004539499999737018,0.008263699999588425,0.005887499999516876,0.014151199999105302,0.02747789999921224,170500096
1872,1305031165.1877897,data\rgbd_dataset_freiburg1_xyz\rgb\1305031111.979449.png,data\rgbd_dataset_freiburg1_xyz\depth\1305031111.971494.png,0.007955074310302734,,875,0.012923299998874427,0.0035527000000001863,0.004181300000709598,0.007734000000709784,0.005858099999386468,0.013592100000096252,0.02651539999897068,170508288
1873,1305031165.2197735,data\rgbd_dataset_freiburg1_xyz\rgb\1305031112.011433.png,data\rgbd_dataset_freiburg1_xyz\depth\1305031112.003596.png,0.00783681869506836,,847,0.013272599999254453,0.0036559000000124797,0.00422930000058841,0.00788520000060089,0.006398100000296836,0.014283300000897725,0.027555900000152178,170512384
1874,1305031165.2516108,data\rgbd_dataset_freiburg1_xyz\rgb\1305031112.043270.png,data\rgbd_dataset_freiburg1_xyz\depth\1305031112.039412.png,0.0038580894470214844,,868,0.012806900000214227,0.003770200000872137,0.004799400001502363,0.0085696000023745,0.007312099998671329,0.01588170000104583,0.028688600001260056,170520576
1875,1305031165.2876797,data\rgbd_dataset_freiburg1_xyz\rgb\1305031112.079339.png,data\rgbd_dataset_freiburg1_xyz\depth\1305031112.070731.png,0.008608102798461914,,888,0.012962699998752214,0.0037807000007887837,0.00501550000080897,0.008796200001597754,0.007447200001479359,0.016243400003077113,0.029206100001829327,170528768
1876,1305031165.3197637,data\rgbd_dataset_freiburg1_xyz\rgb\1305031112.111423.png,data\rgbd_dataset_freiburg1_xyz\depth\1305031112.102495.png,0.008928060531616211,,849,0.013617200000226148,0.003865399999995134,0.004953500001647626,0.00881890000164276,0.0072892999996838626,0.016108200001326622,0.02972540000155277,170528768
1877,1305031165.3526826,data\rgbd_dataset_freiburg1_xyz\rgb\1305031112.144342.png,data\rgbd_dataset_freiburg1_xyz\depth\1305031112.139107.png,0.005234956741333008,,835,0.013093999999910011,0.003831099998933496,0.005090000000564032,0.008921099999497528,0.006966000000829808,0.015887100000327337,0.028981100000237348,170532864
1878,1305031165.3877306,data\rgbd_dataset_freiburg1_xyz\rgb\1305031112.179390.png,data\rgbd_dataset_freiburg1_xyz\depth\1305031112.169345.png,0.010045051574707031,,825,0.013148899999578134,0.0035640999994939193,0.00494069999876956,0.00850479999826348,0.006384099999195314,0.014888899997458793,0.028037799997036927,170549248
1879,1305031165.4195945,data\rgbd_dataset_freiburg1_xyz\rgb\1305031112.211254.png,data\rgbd_dataset_freiburg1_xyz\depth\1305031112.207733.png,0.003520965576171875,,842,0.013224199999967823,0.0040442000008624746,0.0044166000006953254,0.0084608000015578,0.0065496999995957594,0.01501050000115356,0.028234700001121382,170557440
1880,1305031165.4517097,data\rgbd_dataset_freiburg1_xyz\rgb\1305031112.243369.png,data\rgbd_dataset_freiburg1_xyz\depth\1305031112.235657.png,0.007712125778198242,,839,0.013357100000575883,0.0037492999999813037,0.00477119999959541,0.008520499999576714,0.007683400001042173,0.016203900000618887,0.02956100000119477,170561536
1881,1305031165.4876935,data\rgbd_dataset_freiburg1_xyz\rgb\1305031112.279353.png,data\rgbd_dataset_freiburg1_xyz\depth\1305031112.269488.png,0.00986480712890625,,858,0.01621320000049309,0.004462900000362424,0.00538099999903352,0.009843899999395944,0.009842800000114948,0.019686699999510893,0.03589990000000398,170565632
1882,1305031165.5196526,data\rgbd_dataset_freiburg1_xyz\rgb\1305031112.311312.png,data\rgbd_dataset_freiburg1_xyz\depth\1305031112.303591.png,0.007720947265625,,845,0.013146700001016143,0.003699699998833239,0.004985900000974652,0.008685599999807891,0.006160200000522309,0.0148458000003302,0.027992500001346343,170573824
1883,1305031165.5516636,data\rgbd_dataset_freiburg1_xyz\rgb\1305031112.343323.png,data\rgbd_dataset_freiburg1_xyz\depth\1305031112.335789.png,0.007534027099609375,,848,0.013548200000514043,0.0036135999998805346,0.004272000000128173,0.007885600000008708,0.006221300000106567,0.014106900000115274,0.027655100000629318,170577920
1884,1305031165.5877006,data\rgbd_dataset_freiburg1_xyz\rgb\1305031112.379360.png,data\rgbd_dataset_freiburg1_xyz\depth\1305031112.371231.png,0.008128881454467773,,850,0.013670499998625019,0.003669399999125744,0.005810499998915475,0.009479899998041219,0.006059899998945184,0.015539799996986403,0.029210299995611422,170577920
1885,1305031165.6197827,data\rgbd_dataset_freiburg1_xyz\rgb\1305031112.411442.png,data\rgbd_dataset_freiburg1_xyz\depth\1305031112.407491.png,0.003951072692871094,,832,0.013402499998846906,0.00360490000093705,0.004648299998734728,0.008253199999671779,0.006008500000461936,0.014261700000133715,0.02766419999898062,170582016
1886,1305031165.6517317,data\rgbd_dataset_freiburg1_xyz\rgb\1305031112.443391.png,data\rgbd_dataset_freiburg1_xyz\depth\1305031112.439064.png,0.004327058792114258,,864,0.013279400000101305,0.0035659999994095415,0.005099100000734325,0.008665100000143866,0.007041400000161957,0.015706500000305823,0.028985900000407128,170594304
1887,1305031165.6877587,data\rgbd_dataset_freiburg1_xyz\rgb\1305031112.479418.png,data\rgbd_dataset_freiburg1_xyz\depth\1305031112.471066.png,0.008352041244506836,,884,0.01455320000059146,0.003751999998712563,0.004997800000637653,0.008749799999350216,0.006649900000411435,0.015399699999761651,0.02995290000035311,170594304
1888,1305031165.7198446,data\rgbd_dataset_freiburg1_xyz\rgb\1305031112.511504.png,data\rgbd_dataset_freiburg1_xyz\depth\1305031112.506669.png,0.004834890365600586,,862,0.013252500000817236,0.0037317000005714362,0.00427529999979015,0.008007000000361586,0.005993200000375509,0.014000200000737095,0.02725270000155433,170602496
1889,1305031165.7515526,data\rgbd_dataset_freiburg1_xyz\rgb\1305031112.543212.png,data\rgbd_dataset_freiburg1_xyz\depth\1305031112.538310.png,0.004901885986328125,,867,0.013402199998381548,0.003912000000127591,0.0044035000009898795,0.00831550000111747,0.006116900000051828,0.014432400001169299,0.027834599999550846,170606592
1890,1305031165.7875926,data\rgbd_dataset_freiburg1_xyz\rgb\1305031112.579252.png,data\rgbd_dataset_freiburg1_xyz\depth\1305031112.567470.png,0.011781930923461914,,883,0.014155400000163354,0.003574699998353026,0.004365099999631639,0.007939799997984665,0.006175299999085837,0.014115099997070502,0.028270499997233856,170610688
1891,1305031165.8196015,data\rgbd_dataset_freiburg1_xyz\rgb\1305031112.611261.png,data\rgbd_dataset_freiburg1_xyz\depth\1305031112.606742.png,0.004518985748291016,,878,0.013276300000143237,0.0036034000004292466,0.004437099998540361,0.008040499998969608,0.0061088000002200715,0.01414929999918968,0.027425599999332917,170622976
1892,1305031165.8515866,data\rgbd_dataset_freiburg1_xyz\rgb\1305031112.643246.png,data\rgbd_dataset_freiburg1_xyz\depth\1305031112.639418.png,0.0038280487060546875,,911,0.013171999999030959,0.0037508999994315673,0.0054959000008238945,0.009246800000255462,0.009531600000627805,0.018778400000883266,0.031950399999914225,170635264
1893,1305031165.8882926,data\rgbd_dataset_freiburg1_xyz\rgb\1305031112.679952.png,data\rgbd_dataset_freiburg1_xyz\depth\1305031112.671325.png,0.008626937866210938,,883,0.013103100000080303,0.003698900000017602,0.004900899999483954,0.008599799999501556,0.007211099999040016,0.015810899998541572,0.028913999998621875,170639360
1894,1305031165.9195917,data\rgbd_dataset_freiburg1_xyz\rgb\1305031112.711251.png,data\rgbd_dataset_freiburg1_xyz\depth\1305031112.707325.png,0.00392603874206543,,855,0.01588850000007369,0.00430659999983618,0.0049748999990697484,0.009281499998905929,0.0062890999997762265,0.015570599998682155,0.031459099998755846,170639360
1895,1305031165.9515855,data\rgbd_dataset_freiburg1_xyz\rgb\1305031112.743245.png,data\rgbd_dataset_freiburg1_xyz\depth\1305031112.739546.png,0.0036988258361816406,,844,0.013236799999504001,0.0037171000003581867,0.005003899999792338,0.008721000000150525,0.006567200000063167,0.015288200000213692,0.028524999999717693,170643456
1896,1305031165.9876506,data\rgbd_dataset_freiburg1_xyz\rgb\1305031112.779310.png,data\rgbd_dataset_freiburg1_xyz\depth\1305031112.771523.png,0.007786989212036133,,807,0.013480900001013651,0.003632300000390387,0.005142899999555084,0.008775199999945471,0.00626639999973122,0.015041599999676691,0.028522500000690343,170643456
1897,1305031166.0196507,data\rgbd_dataset_freiburg1_xyz\rgb\1305031112.811310.png,data\rgbd_dataset_freiburg1_xyz\depth\1305031112.807539.png,0.003771066665649414,,771,0.013024800000493997,0.00370420000035665,0.004560599998512771,0.008264799998869421,0.0058927000009134645,0.014157499999782885,0.027182300000276882,170651648
1898,1305031166.0516267,data\rgbd_dataset_freiburg1_xyz\rgb\1305031112.843286.png,data\rgbd_dataset_freiburg1_xyz\depth\1305031112.839560.png,0.0037260055541992188,,765,0.013011500001084642,0.0036368000000948086,0.005408999999417574,0.009045799999512383,0.0056435999995301245,0.014689399999042507,0.02770090000012715,170655744
1899,1305031166.0877616,data\rgbd_dataset_freiburg1_xyz\rgb\1305031112.879421.png,data\rgbd_dataset_freiburg1_xyz\depth\1305031112.871083.png,0.008337974548339844,,783,0.013170099999115337,0.0038687999985995702,0.004757599999720696,0.008626399998320267,0.006426300000384799,0.015052699998705066,0.028222799997820402,170659840
1900,1305031166.1197517,data\rgbd_dataset_freiburg1_xyz\rgb\1305031112.911411.png,data\rgbd_dataset_freiburg1_xyz\depth\1305031112.907246.png,0.004164934158325195,,743,0.014443799998844042,0.0037925000015093246,0.004695999999967171,0.008488500001476496,0.006226900000910973,0.014715400002387469,0.02915920000123151,170672128
1901,1305031166.1516616,data\rgbd_dataset_freiburg1_xyz\rgb\1305031112.943321.png,data\rgbd_dataset_freiburg1_xyz\depth\1305031112.939323.png,0.0039980411529541016,,749,0.013511200000721146,0.0038414999999076826,0.004731500001071254,0.008573000000978936,0.007494200001019635,0.01606720000199857,0.029578400002719718,170676224
1902,1305031166.1876187,data\rgbd_dataset_freiburg1_xyz\rgb\1305031112.979278.png,data\rgbd_dataset_freiburg1_xyz\depth\1305031112.971164.png,0.008114099502563477,,717,0.015770899999552057,0.004439000000274973,0.004257000000507105,0.008696000000782078,0.006443700000090757,0.015139700000872836,0.030910600000424893,170688512
1903,1305031166.2196937,data\rgbd_dataset_freiburg1_xyz\rgb\1305031113.011353.png,data\rgbd_dataset_freiburg1_xyz\depth\1305031113.007166.png,0.004187107086181641,,728,0.012999599999602651,0.0035212000002502464,0.004769600000145147,0.008290800000395393,0.006843099999969127,0.01513390000036452,0.02813349999996717,170700800
1904,1305031166.2515717,data\rgbd_dataset_freiburg1_xyz\rgb\1305031113.043231.png,data\rgbd_dataset_freiburg1_xyz\depth\1305031113.039492.png,0.0037391185760498047,,727,0.01475399999981164,0.003607100001318031,0.004599699999744189,0.00820680000106222,0.006424100000003818,0.014630900001066038,0.02938490000087768,170704896
1905,1305031166.2875917,data\rgbd_dataset_freiburg1_xyz\rgb\1305031113.079251.png,data\rgbd_dataset_freiburg1_xyz\depth\1305031113.071210.png,0.008041143417358398,,737,0.013109900000927155,0.0036183000011078548,0.004599600000801729,0.008217900001909584,0.00590100000044913,0.014118900002358714,0.02722880000328587,170708992
1906,1305031166.3196566,data\rgbd_dataset_freiburg1_xyz\rgb\1305031113.111316.png,data\rgbd_dataset_freiburg1_xyz\depth\1305031113.107662.png,0.003654003143310547,,756,0.012984400000277674,0.003726999999344116,0.00486310000087542,0.008590100000219536,0.008122799999910058,0.016712900000129594,0.029697300000407267,170708992
1907,1305031166.3516467,data\rgbd_dataset_freiburg1_xyz\rgb\1305031113.143306.png,data\rgbd_dataset_freiburg1_xyz\depth\1305031113.139664.png,0.0036420822143554688,,804,0.013625599998704274,0.0037546000003203517,0.004285400000298978,0.00804000000061933,0.006401799999366631,0.01444179999998596,0.028067399998690234,170713088
1908,1305031166.3876836,data\rgbd_dataset_freiburg1_xyz\rgb\1305031113.179343.png,data\rgbd_dataset_freiburg1_xyz\depth\1305031113.171088.png,0.0082550048828125,,793,0.013093399998979294,0.003930000000764267,0.004530600001089624,0.00846060000185389,0.006672499999694992,0.015133100001548883,0.028226500000528176,170717184
1909,1305031166.4195995,data\rgbd_dataset_freiburg1_xyz\rgb\1305031113.211259.png,data\rgbd_dataset_freiburg1_xyz\depth\1305031113.207181.png,0.004077911376953125,,802,0.013240399999631336,0.0037937000015517697,0.00428000000101747,0.00807370000256924,0.00899799999933748,0.01707170000190672,0.030312100001538056,170725376
1910,1305031166.4515676,data\rgbd_dataset_freiburg1_xyz\rgb\1305031113.243227.png,data\rgbd_dataset_freiburg1_xyz\depth\1305031113.239732.png,0.0034949779510498047,,804,0.01584039999943343,0.004638899999918067,0.004571000001305947,0.009209900001224014,0.006649299999480718,0.015859200000704732,0.03169960000013816,170725376
1911,1305031166.4876525,data\rgbd_dataset_freiburg1_xyz\rgb\1305031113.279312.png,data\rgbd_dataset_freiburg1_xyz\depth\1305031113.271470.png,0.007841825485229492,,840,0.014512499999909778,0.004342600001109531,0.0051163000007363735,0.009458900001845905,0.006480000000010477,0.015938900001856382,0.03045140000176616,170733568
1912,1305031166.5197926,data\rgbd_dataset_freiburg1_xyz\rgb\1305031113.311452.png,data\rgbd_dataset_freiburg1_xyz\depth\1305031113.307323.png,0.004128932952880859,,833,0.013255300000309944,0.003912599999239319,0.0045678000005864305,0.00848039999982575,0.008525999999619671,0.01700639999944542,0.030261699999755365,170741760
1913,1305031166.5515926,data\rgbd_dataset_freiburg1_xyz\rgb\1305031113.343252.png,data\rgbd_dataset_freiburg1_xyz\depth\1305031113.339396.png,0.0038559436798095703,,873,0.013055100000201492,0.0038870999997016042,0.004539800000202376,0.00842689999990398,0.0065491999994264916,0.014976099999330472,0.028031199999531964,170745856
1914,1305031166.5876527,data\rgbd_dataset_freiburg1_xyz\rgb\1305031113.379312.png,data\rgbd_dataset_freiburg1_xyz\depth\1305031113.371377.png,0.007935047149658203,,922,0.015284899998732726,0.004540099998848746,0.0050658000000112224,0.009605899998859968,0.006730700000844081,0.01633659999970405,0.031621499998436775,170745856
1915,1305031166.6199656,data\rgbd_dataset_freiburg1_xyz\rgb\1305031113.411625.png,data\rgbd_dataset_freiburg1_xyz\depth\1305031113.407351.png,0.004273891448974609,,931,0.015410800000609015,0.004625599998689722,0.004668200001106015,0.009293799999795738,0.0071600999999645865,0.016453899999760324,0.03186470000036934,170762240
1916,1305031166.6516066,data\rgbd_dataset_freiburg1_xyz\rgb\1305031113.443266.png,data\rgbd_dataset_freiburg1_xyz\depth\1305031113.439787.png,0.00347900390625,,974,0.015394699999887962,0.004519899999650079,0.00439379999988887,0.008913699999538949,0.006455400000049849,0.015369099999588798,0.03076379999947676,170766336
1917,1305031166.6876516,data\rgbd_dataset_freiburg1_xyz\rgb\1305031113.479311.png,data\rgbd_dataset_freiburg1_xyz\depth\1305031113.475657.png,0.003654003143310547,,971,0.013992200001666788,0.0038746000009268755,0.004869500000495464,0.008744100001422339,0.009800499999983003,0.018544600001405342,0.03253680000307213,170770432
1918,1305031166.7198637,data\rgbd_dataset_freiburg1_xyz\rgb\1305031113.511523.png,data\rgbd_dataset_freiburg1_xyz\depth\1305031113.507987.png,0.0035359859466552734,,958,0.014011899998877198,0.0038275000006251503,0.004443900001206202,0.008271400001831353,0.006807900001149392,0.015079300002980744,0.029091200001857942,170778624
1919,1305031166.7515826,data\rgbd_dataset_freiburg1_xyz\rgb\1305031113.543242.png,data\rgbd_dataset_freiburg1_xyz\depth\1305031113.539417.png,0.003824949264526367,,950,0.013668800000232295,0.003632300000390387,0.004538699999102391,0.008170999999492778,0.007118999999875086,0.015289999999367865,0.02895879999960016,170778624
1920,1305031166.7876418,data\rgbd_dataset_freiburg1_xyz\rgb\1305031113.579301.png,data\rgbd_dataset_freiburg1_xyz\depth\1305031113.574964.png,0.0043370723724365234,,960,0.014440599999943515,0.0037154000001464738,0.004813100000319537,0.00852850000046601,0.007497599999624072,0.016026100000090082,0.030466700000033597,170782720
1921,1305031166.8196087,data\rgbd_dataset_freiburg1_xyz\rgb\1305031113.611268.png,data\rgbd_dataset_freiburg1_xyz\depth\1305031113.607216.png,0.004052162170410156,,974,0.015669600001274375,0.004411400001117727,0.004633000000467291,0.009044400001585018,0.007013200000073994,0.01605760000165901,0.03172720000293339,170786816
1922,1305031166.8515627,data\rgbd_dataset_freiburg1_xyz\rgb\1305031113.643222.png,data\rgbd_dataset_freiburg1_xyz\depth\1305031113.638418.png,0.004804134368896484,,954,0.01538799999980256,0.004511099999945145,0.004585599999700207,0.009096699999645352,0.0069149000009929296,0.016011600000638282,0.03139960000044084,170790912
1923,1305031166.8876286,data\rgbd_dataset_freiburg1_xyz\rgb\1305031113.679288.png,data\rgbd_dataset_freiburg1_xyz\depth\1305031113.674244.png,0.005043983459472656,,932,0.01577009999891743,0.004359599999588681,0.004392599999846425,0.008752199999435106,0.006289200000537676,0.015041399999972782,0.030811499998890213,170803200
1924,1305031166.9202716,data\rgbd_dataset_freiburg1_xyz\rgb\1305031113.711931.png,data\rgbd_dataset_freiburg1_xyz\depth\1305031113.704256.png,0.0076749324798583984,,952,0.013872600000468083,0.00364129999979923,0.004753499999424093,0.008394799999223324,0.0064793000001373,0.014874099999360624,0.028746699999828706,170803200
1925,1305031166.9519308,data\rgbd_dataset_freiburg1_xyz\rgb\1305031113.743590.png,data\rgbd_dataset_freiburg1_xyz\depth\1305031113.736263.png,0.007327079772949219,,946,0.013853000000381144,0.003619199998865952,0.004759700001159217,0.008378900000025169,0.006208599999808939,0.014587499999834108,0.028440500000215252,170811392
1926,1305031166.9876606,data\rgbd_dataset_freiburg1_xyz\rgb\1305031113.779320.png,data\rgbd_dataset_freiburg1_xyz\depth\1305031113.774168.png,0.005151987075805664,,949,0.013017200000831508,0.0033994000004895497,0.004618299999492592,0.008017699999982142,0.006275800000366871,0.014293500000349013,0.02731070000118052,170815488
1927,1305031167.0195777,data\rgbd_dataset_freiburg1_xyz\rgb\1305031113.811237.png,data\rgbd_dataset_freiburg1_xyz\depth\1305031113.805795.png,0.005442142486572266,,963,0.015106000000741915,0.003962900000260561,0.004541999998764368,0.008504899999024929,0.007090000000971486,0.015594899999996414,0.03070090000073833,170827776
1928,1305031167.0516357,data\rgbd_dataset_freiburg1_xyz\rgb\1305031113.843295.png,data\rgbd_dataset_freiburg1_xyz\depth\1305031113.838437.png,0.0048580169677734375,,986,0.014813300000241725,0.003847299998597009,0.0051223999998910585,0.008969699998488068,0.005965099999230006,0.014934799997718073,0.029748099997959798,170848256
1929,1305031167.0876217,data\rgbd_dataset_freiburg1_xyz\rgb\1305031113.879281.png,data\rgbd_dataset_freiburg1_xyz\depth\1305031113.874200.png,0.0050809383392333984,,1010,0.014632399999754853,0.0039003000001684995,0.004579599999487982,0.008479899999656482,0.006930800000191084,0.015410699999847566,0.03004309999960242,170856448
1930,1305031167.1196306,data\rgbd_dataset_freiburg1_xyz\rgb\1305031113.911290.png,data\rgbd_dataset_freiburg1_xyz\depth\1305031113.906361.png,0.0049288272857666016,,1037,0.013834199999109842,0.0036366000003908994,0.004705000001195003,0.008341600001585903,0.0062283000006573275,0.01456990000224323,0.028404100001353072,170856448
1931,1305031167.1516316,data\rgbd_dataset_freiburg1_xyz\rgb\1305031113.943291.png,data\rgbd_dataset_freiburg1_xyz\depth\1305031113.938561.png,0.0047299861907958984,,1039,0.014534699999785516,0.0038567999999941094,0.0053103999998711515,0.009167199999865261,0.0061724999995931285,0.01533969999945839,0.029874399999243906,170856448
1932,1305031167.1876338,data\rgbd_dataset_freiburg1_xyz\rgb\1305031113.979293.png,data\rgbd_dataset_freiburg1_xyz\depth\1305031113.974245.png,0.005048036575317383,,1043,0.013228399999206886,0.003652699999292963,0.004517999999734457,0.00817069999902742,0.006055199999536853,0.014225899998564273,0.02745429999777116,170864640
1933,1305031167.2195976,data\rgbd_dataset_freiburg1_xyz\rgb\1305031114.011257.png,data\rgbd_dataset_freiburg1_xyz\depth\1305031114.007082.png,0.004174947738647461,,1082,0.013213899999755085,0.004107799999474082,0.005006299999877228,0.00911409999935131,0.006998599999860744,0.016112699999212055,0.02932659999896714,170864640
1934,1305031167.2516418,data\rgbd_dataset_freiburg1_xyz\rgb\1305031114.043301.png,data\rgbd_dataset_freiburg1_xyz\depth\1305031114.038546.png,0.0047550201416015625,,1115,0.012720900000203983,0.003612599999541999,0.004758000000947504,0.008370600000489503,0.007695100001001265,0.016065700001490768,0.02878660000169475,170864640
1935,1305031167.2876256,data\rgbd_dataset_freiburg1_xyz\rgb\1305031114.079285.png,data\rgbd_dataset_freiburg1_xyz\depth\1305031114.074298.png,0.004987001419067383,,1156,0.012862800000220886,0.0037498000001505716,0.004816700000446872,0.008566500000597443,0.0068668999992951285,0.015433399999892572,0.02829620000011346,170881024
1936,1305031167.3196037,data\rgbd_dataset_freiburg1_xyz\rgb\1305031114.111263.png,data\rgbd_dataset_freiburg1_xyz\depth\1305031114.106402.png,0.004861116409301758,,1196,0.013496199999281089,0.003906699999788543,0.0051075999999739,0.009014299999762443,0.007432899999912479,0.016447199999674922,0.02994339999895601,170885120
1937,1305031167.3516247,data\rgbd_dataset_freiburg1_xyz\rgb\1305031114.143284.png,data\rgbd_dataset_freiburg1_xyz\depth\1305031114.138562.png,0.004722118377685547,,1240,0.013638200000059442,0.003703000000314205,0.004550599998765392,0.008253599999079597,0.00782230000004347,0.016075899999123067,0.02971409999918251,170889216
1938,1305031167.3876777,data\rgbd_dataset_freiburg1_xyz\rgb\1305031114.179337.png,data\rgbd_dataset_freiburg1_xyz\depth\1305031114.174114.png,0.00522303581237793,,1300,0.01549429999977292,0.003817700000581681,0.0047742000006110175,0.008591900001192698,0.008487099999911152,0.01707900000110385,0.03257330000087677,170897408
1939,1305031167.4196436,data\rgbd_dataset_freiburg1_xyz\rgb\1305031114.211303.png,data\rgbd_dataset_freiburg1_xyz\depth\1305031114.206255.png,0.005048036575317383,,1319,0.015831500000786036,0.003698200000144425,0.004964399999153102,0.008662599999297527,0.008601699999417178,0.017264299998714705,0.03309579999950074,170901504
1940,1305031167.4516776,data\rgbd_dataset_freiburg1_xyz\rgb\1305031114.243337.png,data\rgbd_dataset_freiburg1_xyz\depth\1305031114.238473.png,0.0048639774322509766,,1338,0.015600099999574013,0.004314899999371846,0.00495510000109789,0.009270000000469736,0.007247300000017276,0.016517300000487012,0.032117400000061025,170913792
1941,1305031167.4877307,data\rgbd_dataset_freiburg1_xyz\rgb\1305031114.279390.png,data\rgbd_dataset_freiburg1_xyz\depth\1305031114.271075.png,0.008315086364746094,,1396,0.012969999999768334,0.003624199998739641,0.005178800000066985,0.008802999998806627,0.007335199999943143,0.01613819999874977,0.029108199998518103,170913792
1942,1305031167.5197697,data\rgbd_dataset_freiburg1_xyz\rgb\1305031114.311429.png,data\rgbd_dataset_freiburg1_xyz\depth\1305031114.306710.png,0.0047190189361572266,,1438,0.013018999999985681,0.0037527999993471894,0.005153899999640998,0.008906699998988188,0.00737699999990582,0.016283699998894008,0.02930269999887969,170917888
1943,1305031167.5516717,data\rgbd_dataset_freiburg1_xyz\rgb\1305031114.343331.png,data\rgbd_dataset_freiburg1_xyz\depth\1305031114.338919.png,0.004412174224853516,,1460,0.013756799999100622,0.003917899999578367,0.005044400000770111,0.008962300000348478,0.00750040000093577,0.016462700001284247,0.03021950000038487,170926080
1944,1305031167.5876606,data\rgbd_dataset_freiburg1_xyz\rgb\1305031114.379320.png,data\rgbd_dataset_freiburg1_xyz\depth\1305031114.374307.png,0.005012989044189453,,1485,0.013239700001577148,0.0037077999986649957,0.005395700000008219,0.009103499998673215,0.007360700001299847,0.01646419999997306,0.02970390000155021,170926080
1945,1305031167.6197376,data\rgbd_dataset_freiburg1_xyz\rgb\1305031114.411397.png,data\rgbd_dataset_freiburg1_xyz\depth\1305031114.406591.png,0.004806041717529297,,1500,0.013434999998935382,0.003564699998605647,0.00525999999990745,0.008824699998513097,0.007383000000118045,0.016207699998631142,0.029642699997566524,170934272
1946,1305031167.6516857,data\rgbd_dataset_freiburg1_xyz\rgb\1305031114.443345.png,data\rgbd_dataset_freiburg1_xyz\depth\1305031114.438540.png,0.004805088043212891,,1548,0.013384399999267771,0.003776399998969282,0.0055799000001570676,0.00935629999912635,0.007832400000552298,0.017188699999678647,0.030573099998946418,170942464
1947,1305031167.6876726,data\rgbd_dataset_freiburg1_xyz\rgb\1305031114.479332.png,data\rgbd_dataset_freiburg1_xyz\depth\1305031114.474489.png,0.004842996597290039,,1580,0.012911799998619244,0.003819699999439763,0.005015700000512879,0.008835399999952642,0.009385900000779657,0.0182213000007323,0.031133099999351543,170946560
1948,1305031167.7196066,data\rgbd_dataset_freiburg1_xyz\rgb\1305031114.511266.png,data\rgbd_dataset_freiburg1_xyz\depth\1305031114.506573.png,0.004693031311035156,,1638,0.013144500000635162,0.0040977000007842435,0.005050300000220886,0.00914800000100513,0.008019999999305583,0.017168000000310712,0.030312500000945874,170954752
1949,1305031167.7515767,data\rgbd_dataset_freiburg1_xyz\rgb\1305031114.543236.png,data\rgbd_dataset_freiburg1_xyz\depth\1305031114.539953.png,0.0032830238342285156,,1666,0.013986400001158472,0.0037878000002820045,0.005978799999866169,0.009766600000148173,0.008185499998944579,0.017952099999092752,0.031938500000251224,170958848
1950,1305031167.7875776,data\rgbd_dataset_freiburg1_xyz\rgb\1305031114.579237.png,data\rgbd_dataset_freiburg1_xyz\depth\1305031114.575185.png,0.004051923751831055,,1650,0.013881799999580835,0.0038557999996555736,0.005409200000940473,0.009265000000596046,0.00787769999988086,0.017142700000476907,0.031024500000057742,170962944
1951,1305031167.8197317,data\rgbd_dataset_freiburg1_xyz\rgb\1305031114.611391.png,data\rgbd_dataset_freiburg1_xyz\depth\1305031114.607560.png,0.003831148147583008,,1634,0.013282299998536473,0.0037121999994269572,0.005026999999245163,0.00873919999867212,0.007942599999296363,0.016681799997968483,0.029964099996504956,170962944
1952,1305031167.8524766,data\rgbd_dataset_freiburg1_xyz\rgb\1305031114.644136.png,data\rgbd_dataset_freiburg1_xyz\depth\1305031114.644150.png,1.4066696166992188e-05,,1643,0.013319400000909809,0.0038688000004185596,0.005270700001346995,0.009139500001765555,0.01227899999867077,0.021418500000436325,0.034737900001346134,170979328
1953,1305031167.8875916,data\rgbd_dataset_freiburg1_xyz\rgb\1305031114.679251.png,data\rgbd_dataset_freiburg1_xyz\depth\1305031114.675655.png,0.003596067428588867,,1674,0.013473299999532173,0.003902300000845571,0.005600400001640082,0.009502700002485653,0.009509999999863794,0.019012700002349447,0.03248600000188162,170983424
1954,1305031167.9196467,data\rgbd_dataset_freiburg1_xyz\rgb\1305031114.711306.png,data\rgbd_dataset_freiburg1_xyz\depth\1305031114.706141.png,0.00516510009765625,,1702,0.01627319999897736,0.004891999999017571,0.005600200000117184,0.010492199999134755,0.008143600000039442,0.018635799999174196,0.03490899999815156,170991616
1955,1305031167.9515407,data\rgbd_dataset_freiburg1_xyz\rgb\1305031114.743200.png,data\rgbd_dataset_freiburg1_xyz\depth\1305031114.743276.png,7.581710815429688e-05,,1672,0.013781699999526609,0.003727999999682652,0.005272399999739719,0.00900039999942237,0.008213700000851532,0.017214100000273902,0.03099579999980051,170995712
1956,1305031167.9876297,data\rgbd_dataset_freiburg1_xyz\rgb\1305031114.779289.png,data\rgbd_dataset_freiburg1_xyz\depth\1305031114.774847.png,0.004441976547241211,,1671,0.01409100000091712,0.003982700000051409,0.005715200000850018,0.009697900000901427,0.008798900000329013,0.01849680000123044,0.03258780000214756,170995712
1957,1305031168.0196435,data\rgbd_dataset_freiburg1_xyz\rgb\1305031114.811303.png,data\rgbd_dataset_freiburg1_xyz\depth\1305031114.807310.png,0.003992795944213867,,1646,0.014144700000542798,0.003699199998663971,0.00566150000122434,0.009360699999888311,0.008181999999578693,0.017542699999467004,0.0316874000000098,170999808
1958,1305031168.0515487,data\rgbd_dataset_freiburg1_xyz\rgb\1305031114.843208.png,data\rgbd_dataset_freiburg1_xyz\depth\1305031114.842137.png,0.0010709762573242188,,1656,0.014797300000282121,0.0037264000002323883,0.0058499000006122515,0.00957630000084464,0.008699500000147964,0.018275800000992604,0.033073100001274724,171008000
1959,1305031168.0876217,data\rgbd_dataset_freiburg1_xyz\rgb\1305031114.879281.png,data\rgbd_dataset_freiburg1_xyz\depth\1305031114.875056.png,0.004225015640258789,,1627,0.014219799999409588,0.003797100000156206,0.005530200000066543,0.009327300000222749,0.007426300000588526,0.016753600000811275,0.030973400000220863,171008000
1960,1305031168.1212196,data\rgbd_dataset_freiburg1_xyz\rgb\1305031114.912879.png,data\rgbd_dataset_freiburg1_xyz\depth\1305031114.907504.png,0.005374908447265625,,1630,0.01420719999987341,0.003632399999332847,0.004933000000164611,0.008565399999497458,0.007732100000794162,0.01629750000029162,0.03050470000016503,171634688
1961,1305031168.1515746,data\rgbd_dataset_freiburg1_xyz\rgb\1305031114.943234.png,data\rgbd_dataset_freiburg1_xyz\depth\1305031114.943264.png,3.0040740966796875e-05,,1643,0.013665899999978137,0.003818499999397318,0.005315000000337022,0.00913349999973434,0.007720399999016081,0.01685389999875042,0.03051979999872856,171638784
1962,1305031168.1876206,data\rgbd_dataset_freiburg1_xyz\rgb\1305031114.979280.png,data\rgbd_dataset_freiburg1_xyz\depth\1305031114.975411.png,0.0038690567016601562,,1660,0.0137789000000339,0.00366550000035204,0.005292699999699835,0.008958200000051875,0.00828420000107144,0.017242400001123315,0.031021300001157215,169795584
1963,1305031168.2196407,data\rgbd_dataset_freiburg1_xyz\rgb\1305031115.011300.png,data\rgbd_dataset_freiburg1_xyz\depth\1305031115.007179.png,0.004121065139770508,,1608,0.014184700001351302,0.004088499999852502,0.005752299999585375,0.009840799999437877,0.008280699999886565,0.018121499999324442,0.032306200000675744,171069440
1964,1305031168.2518487,data\rgbd_dataset_freiburg1_xyz\rgb\1305031115.043508.png,data\rgbd_dataset_freiburg1_xyz\depth\1305031115.043530.png,2.193450927734375e-05,,1579,0.013419400000202586,0.0038389999990613433,0.005079399999885936,0.00891839999894728,0.008409600000959472,0.01732799999990675,0.030747400000109337,171511808
1965,1305031168.2875786,data\rgbd_dataset_freiburg1_xyz\rgb\1305031115.079238.png,data\rgbd_dataset_freiburg1_xyz\depth\1305031115.071577.png,0.007660865783691406,,1549,0.013487700000041514,0.0038991000001260545,0.005777899999884539,0.009677000000010594,0.008264300000519142,0.017941300000529736,0.03142900000057125,171515904
1966,1305031168.3195705,data\rgbd_dataset_freiburg1_xyz\rgb\1305031115.111230.png,data\rgbd_dataset_freiburg1_xyz\depth\1305031115.107074.png,0.004155874252319336,,1518,0.016255900000032852,0.005028699999456876,0.005505799999809824,0.0105344999992667,0.007659400000193273,0.018193899999459973,0.034449799999492825,171536384
1967,1305031168.3516157,data\rgbd_dataset_freiburg1_xyz\rgb\1305031115.143275.png,data\rgbd_dataset_freiburg1_xyz\depth\1305031115.143294.png,1.9073486328125e-05,,1453,0.015040999998745974,0.004377799999929266,0.004821400001674192,0.009199200001603458,0.008196999999199761,0.01739620000080322,0.03243719999954919,171479040
1968,1305031168.3877807,data\rgbd_dataset_freiburg1_xyz\rgb\1305031115.179440.png,data\rgbd_dataset_freiburg1_xyz\depth\1305031115.172642.png,0.0067980289459228516,,1372,0.014400300000488642,0.003893999999490916,0.005009200000131386,0.008903199999622302,0.007604899999932968,0.01650809999955527,0.030908400000043912,171528192
1969,1305031168.4197147,data\rgbd_dataset_freiburg1_xyz\rgb\1305031115.211374.png,data\rgbd_dataset_freiburg1_xyz\depth\1305031115.206453.png,0.00492095947265625,,1366,0.014110699999946519,0.003945899999962421,0.005369000000428059,0.00931490000039048,0.0075902999997197185,0.0169052000001102,0.031015900000056718,171532288
1970,1305031168.4516377,data\rgbd_dataset_freiburg1_xyz\rgb\1305031115.243297.png,data\rgbd_dataset_freiburg1_xyz\depth\1305031115.240975.png,0.0023221969604492188,,1318,0.013206899999204325,0.0037978000000293832,0.005191199999899254,0.008988999999928637,0.0075711000008595875,0.016560100000788225,0.02976699999999255,171548672
1971,1305031168.4883068,data\rgbd_dataset_freiburg1_xyz\rgb\1305031115.279966.png,data\rgbd_dataset_freiburg1_xyz\depth\1305031115.273468.png,0.006498098373413086,,1309,0.01324410000052012,0.0038134000005811686,0.004963299999872106,0.008776700000453275,0.007577000000310363,0.016353700000763638,0.02959780000128376,171556864
1972,1305031168.5200446,data\rgbd_dataset_freiburg1_xyz\rgb\1305031115.311704.png,data\rgbd_dataset_freiburg1_xyz\depth\1305031115.305534.png,0.006170034408569336,,1291,0.013076100000034785,0.0038838000000396278,0.005042699998739408,0.008926499998779036,0.007172900001023663,0.0160993999998027,0.029175499999837484,171581440
1973,1305031168.5515757,data\rgbd_dataset_freiburg1_xyz\rgb\1305031115.343235.png,data\rgbd_dataset_freiburg1_xyz\depth\1305031115.343426.png,0.00019097328186035156,,1244,0.013386399999944842,0.0037662000013369834,0.0050902000002679415,0.008856400001604925,0.010782200000903686,0.01963860000250861,0.03302500000245345,171585536
1974,1305031168.5875065,data\rgbd_dataset_freiburg1_xyz\rgb\1305031115.379166.png,data\rgbd_dataset_freiburg1_xyz\depth\1305031115.375054.png,0.0041120052337646484,,1210,0.013502399999197223,0.0038352999999915482,0.005204899998716428,0.009040199998707976,0.00861799999984214,0.017658199998550117,0.03116059999774734,171589632
1975,1305031168.6195776,data\rgbd_dataset_freiburg1_xyz\rgb\1305031115.411237.png,data\rgbd_dataset_freiburg1_xyz\depth\1305031115.406164.png,0.005073070526123047,,1087,0.01399170000149752,0.0036743999989994336,0.004759699999340228,0.008434099998339661,0.006808000000091852,0.015242099998431513,0.029233799999929033,171606016
1976,1305031168.6514997,data\rgbd_dataset_freiburg1_xyz\rgb\1305031115.443159.png,data\rgbd_dataset_freiburg1_xyz\depth\1305031115.443040.png,0.00011920928955078125,,1083,0.013839100000041071,0.003639900000052876,0.004941299999700277,0.008581199999753153,0.006502500000351574,0.015083700000104727,0.0289228000001458,171622400
1977,1305031168.6875815,data\rgbd_dataset_freiburg1_xyz\rgb\1305031115.479241.png,data\rgbd_dataset_freiburg1_xyz\depth\1305031115.474863.png,0.004377841949462891,,1056,0.013364999998884741,0.004077300000062678,0.00469860000157496,0.008775900001637638,0.007001199999649543,0.01577710000128718,0.029142100000171922,171638784
1978,1305031168.7195938,data\rgbd_dataset_freiburg1_xyz\rgb\1305031115.511253.png,data\rgbd_dataset_freiburg1_xyz\depth\1305031115.507440.png,0.003813028335571289,,1034,0.014825000000200816,0.0039032999993651174,0.004892300001301919,0.008795600000667037,0.0064207999985228525,0.015216399999189889,0.030041399999390705,171646976
1979,1305031168.7519445,data\rgbd_dataset_freiburg1_xyz\rgb\1305031115.543604.png,data\rgbd_dataset_freiburg1_xyz\depth\1305031115.543620.png,1.621246337890625e-05,,951,0.013071999999738182,0.0036498000008577947,0.0045988000001671026,0.008248600001024897,0.007586800000353833,0.01583540000137873,0.028907400001116912,171646976
1980,1305031168.7876556,data\rgbd_dataset_freiburg1_xyz\rgb\1305031115.579315.png,data\rgbd_dataset_freiburg1_xyz\depth\1305031115.575290.png,0.004024982452392578,,912,0.015904399999271845,0.004568199999994249,0.004690099998697406,0.009258299998691655,0.006444500000725384,0.01570279999941704,0.031607199998688884,171646976
1981,1305031168.8197646,data\rgbd_dataset_freiburg1_xyz\rgb\1305031115.611424.png,data\rgbd_dataset_freiburg1_xyz\depth\1305031115.607428.png,0.0039958953857421875,,871,0.01477589999922202,0.003786900000704918,0.0044577000007848255,0.008244600001489744,0.00721499999963271,0.015459600001122453,0.030235500000344473,169320448
1982,1305031168.8515947,data\rgbd_dataset_freiburg1_xyz\rgb\1305031115.643254.png,data\rgbd_dataset_freiburg1_xyz\depth\1305031115.643254.png,0.0,,848,0.016069200000856654,0.004598999999871012,0.0049450999995315215,0.009544099999402533,0.007204399998954614,0.016748499998357147,0.0328176999992138,170979328
1983,1305031168.8875816,data\rgbd_dataset_freiburg1_xyz\rgb\1305031115.679241.png,data\rgbd_dataset_freiburg1_xyz\depth\1305031115.675106.png,0.0041348934173583984,,790,0.015171200000622775,0.003713699999934761,0.004491200001211837,0.008204900001146598,0.006760599999324768,0.014965500000471366,0.03013670000109414,171032576
1984,1305031168.9196606,data\rgbd_dataset_freiburg1_xyz\rgb\1305031115.711320.png,data\rgbd_dataset_freiburg1_xyz\depth\1305031115.706301.png,0.005018949508666992,,802,0.014031800001248484,0.0036153999990347074,0.004592999999658787,0.008208399998693494,0.00623989999985497,0.014448299998548464,0.02848009999979695,171270144
1985,1305031168.9515905,data\rgbd_dataset_freiburg1_xyz\rgb\1305031115.743250.png,data\rgbd_dataset_freiburg1_xyz\depth\1305031115.742905.png,0.00034499168395996094,,813,0.0139143000014883,0.0038134999995236285,0.004107399998247274,0.007920899997770903,0.006118599998444552,0.014039499996215454,0.027953799997703754,171315200
1986,1305031168.9877656,data\rgbd_dataset_freiburg1_xyz\rgb\1305031115.779425.png,data\rgbd_dataset_freiburg1_xyz\depth\1305031115.774329.png,0.005095958709716797,,778,0.01279199999953562,0.0036561000015353784,0.0046187000007194,0.008274800002254779,0.008769400001256145,0.017044200003510923,0.029836200003046542,171413504
1987,1305031169.0196176,data\rgbd_dataset_freiburg1_xyz\rgb\1305031115.811277.png,data\rgbd_dataset_freiburg1_xyz\depth\1305031115.806425.png,0.004851818084716797,,799,0.01311359999999695,0.0036675999999715714,0.004558999999062507,0.008226599999034079,0.006731200001013349,0.014957800000047428,0.028071400000044378,171421696
1988,1305031169.0515647,data\rgbd_dataset_freiburg1_xyz\rgb\1305031115.843224.png,data\rgbd_dataset_freiburg1_xyz\depth\1305031115.841936.png,0.0012879371643066406,,780,0.013527600000088569,0.0035967000003438443,0.0048850000002858,0.008481700000629644,0.008769000000029337,0.01725070000065898,0.03077830000074755,171515904
1989,1305031169.0875387,data\rgbd_dataset_freiburg1_xyz\rgb\1305031115.879198.png,data\rgbd_dataset_freiburg1_xyz\depth\1305031115.875347.png,0.003851175308227539,,761,0.013299599999299971,0.003696400000990252,0.004762200000186567,0.00845860000117682,0.006315700000413926,0.014774300001590746,0.028073900000890717,171565056
1990,1305031169.1194587,data\rgbd_dataset_freiburg1_xyz\rgb\1305031115.911118.png,data\rgbd_dataset_freiburg1_xyz\depth\1305031115.910716.png,0.0004019737243652344,,773,0.013316099999428843,0.0039876000009826384,0.00392680000004475,0.007914400001027388,0.006449200000133715,0.014363600001161103,0.027679700000589946,171569152
1991,1305031169.1516516,data\rgbd_dataset_freiburg1_xyz\rgb\1305031115.943311.png,data\rgbd_dataset_freiburg1_xyz\depth\1305031115.942015.png,0.0012960433959960938,,756,0.014409700001124293,0.004199999999400461,0.004566899999190355,0.008766899998590816,0.006210999999893829,0.014977899998484645,0.029387599999608938,171610112
1992,1305031169.1890807,data\rgbd_dataset_freiburg1_xyz\rgb\1305031115.980740.png,data\rgbd_dataset_freiburg1_xyz\depth\1305031115.973799.png,0.006941080093383789,,739,0.013016099999731523,0.0038284999991446966,0.004768299999341252,0.008596799998485949,0.006224499999007094,0.014821299997493043,0.027837399997224566,171626496
1993,1305031169.2197196,data\rgbd_dataset_freiburg1_xyz\rgb\1305031116.011379.png,data\rgbd_dataset_freiburg1_xyz\depth\1305031116.010843.png,0.0005359649658203125,,709,0.01259349999963888,0.0037321999989217147,0.004861600000367616,0.008593799999289331,0.006179599999086349,0.01477339999837568,0.02736689999801456,171651072
1994,1305031169.2515047,data\rgbd_dataset_freiburg1_xyz\rgb\1305031116.043164.png,data\rgbd_dataset_freiburg1_xyz\depth\1305031116.042618.png,0.0005459785461425781,,680,0.01348590000088734,0.0037229999998089625,0.004527400000370108,0.00825040000017907,0.007649099999980535,0.015899500000159605,0.029385400001046946,171700224
1995,1305031169.2883706,data\rgbd_dataset_freiburg1_xyz\rgb\1305031116.080030.png,data\rgbd_dataset_freiburg1_xyz\depth\1305031116.071527.png,0.008502960205078125,,636,0.013016299999435432,0.0037769999998999992,0.004555100000288803,0.008332100000188802,0.0064436000011482975,0.0147757000013371,0.027792000000772532,171704320
1996,1305031169.3196406,data\rgbd_dataset_freiburg1_xyz\rgb\1305031116.111300.png,data\rgbd_dataset_freiburg1_xyz\depth\1305031116.108247.png,0.003052949905395508,,614,0.013968699999168166,0.004413499998918269,0.0045458999993570615,0.00895939999827533,0.005822100001751096,0.014781500000026426,0.028750199999194592,171724800
1997,1305031169.3517816,data\rgbd_dataset_freiburg1_xyz\rgb\1305031116.143441.png,data\rgbd_dataset_freiburg1_xyz\depth\1305031116.143447.png,5.9604644775390625e-06,,602,0.01292740000099002,0.003948000001400942,0.0041478999992250465,0.008095900000625988,0.005868700000064564,0.013964600000690552,0.02689200000168057,171724800
1998,1305031169.3879128,data\rgbd_dataset_freiburg1_xyz\rgb\1305031116.179572.png,data\rgbd_dataset_freiburg1_xyz\depth\1305031116.174891.png,0.004681110382080078,,587,0.015176200000496465,0.004669100000683102,0.004747999999381136,0.009417100000064238,0.008701099999598227,0.018118199999662465,0.03329440000015893,171745280
1999,1305031169.4196396,data\rgbd_dataset_freiburg1_xyz\rgb\1305031116.211299.png,data\rgbd_dataset_freiburg1_xyz\depth\1305031116.211320.png,2.09808349609375e-05,,562,0.013057699999990291,0.0037463999997271458,0.00433329999941634,0.008079699999143486,0.005574700000579469,0.013654399999722955,0.026712099999713246,171757568
2000,1305031169.4516606,data\rgbd_dataset_freiburg1_xyz\rgb\1305031116.243320.png,data\rgbd_dataset_freiburg1_xyz\depth\1305031116.242720.png,0.0006000995635986328,,568,0.013142300000254181,0.003744699999515433,0.004559399998470326,0.008304099997985759,0.005435300001408905,0.013739399999394664,0.026881699999648845,171765760
2001,1305031169.4877257,data\rgbd_dataset_freiburg1_xyz\rgb\1305031116.279385.png,data\rgbd_dataset_freiburg1_xyz\depth\1305031116.274421.png,0.004964113235473633,,569,0.012941299999511102,0.00389530000029481,0.00430650000089372,0.00820180000118853,0.0061022999998385785,0.014304100001027109,0.02724540000053821,171778048
2002,1305031169.5196767,data\rgbd_dataset_freiburg1_xyz\rgb\1305031116.311336.png,data\rgbd_dataset_freiburg1_xyz\depth\1305031116.310686.png,0.0006499290466308594,,573,0.013100600001052953,0.0038425000002462184,0.004783899999893038,0.008626400000139256,0.00828449999971781,0.016910899999857065,0.03001150000091002,171786240
2003,1305031169.5516326,data\rgbd_dataset_freiburg1_xyz\rgb\1305031116.343292.png,data\rgbd_dataset_freiburg1_xyz\depth\1305031116.342459.png,0.0008330345153808594,,576,0.01324670000030892,0.0037713999990955926,0.004810899999938556,0.008582299999034149,0.005684900001142523,0.014267200000176672,0.02751390000048559,171798528
2004,1305031169.5877247,data\rgbd_dataset_freiburg1_xyz\rgb\1305031116.379384.png,data\rgbd_dataset_freiburg1_xyz\depth\1305031116.374490.png,0.0048940181732177734,,558,0.014292900001237285,0.004224899999826448,0.004674000001614331,0.00889890000144078,0.005782099999123602,0.014681000000564381,0.028973900001801667,171798528
2005,1305031169.6196737,data\rgbd_dataset_freiburg1_xyz\rgb\1305031116.411333.png,data\rgbd_dataset_freiburg1_xyz\depth\1305031116.409631.png,0.0017020702362060547,,562,0.013206499999796506,0.003918899999916903,0.004462700000658515,0.008381600000575418,0.0054787999997643055,0.013860400000339723,0.02706690000013623,171802624
2006,1305031169.6517096,data\rgbd_dataset_freiburg1_xyz\rgb\1305031116.443369.png,data\rgbd_dataset_freiburg1_xyz\depth\1305031116.442496.png,0.0008728504180908203,,567,0.01355150000017602,0.003950799999074661,0.004419099999722675,0.008369899998797337,0.005665299999236595,0.014035199998033931,0.02758669999820995,171806720
2007,1305031169.6881907,data\rgbd_dataset_freiburg1_xyz\rgb\1305031116.479850.png,data\rgbd_dataset_freiburg1_xyz\depth\1305031116.473394.png,0.006456136703491211,,558,0.013525300000765128,0.0038729000007151626,0.004105500000150641,0.007978400000865804,0.0058286000003136,0.013807000001179404,0.02733230000194453,171810816
2008,1305031169.7195456,data\rgbd_dataset_freiburg1_xyz\rgb\1305031116.511205.png,data\rgbd_dataset_freiburg1_xyz\depth\1305031116.510576.png,0.0006289482116699219,,557,0.014643499998783227,0.003865599999699043,0.003910800000085146,0.007776399999784189,0.005766199999925448,0.013542599999709637,0.028186099998492864,171823104
2009,1305031169.7516026,data\rgbd_dataset_freiburg1_xyz\rgb\1305031116.543262.png,data\rgbd_dataset_freiburg1_xyz\depth\1305031116.542695.png,0.0005669593811035156,,551,0.013960600001155399,0.0039104999996197876,0.004483099999561091,0.008393599999180879,0.005474199999298435,0.013867799998479313,0.027828399999634712,171827200
2010,1305031169.7876537,data\rgbd_dataset_freiburg1_xyz\rgb\1305031116.579313.png,data\rgbd_dataset_freiburg1_xyz\depth\1305031116.574389.png,0.00492405891418457,,543,0.0142747000008967,0.0037713999990955926,0.004672999999456806,0.008444399998552399,0.005482200000187731,0.01392659999874013,0.02820129999963683,171835392
2011,1305031169.8196015,data\rgbd_dataset_freiburg1_xyz\rgb\1305031116.611261.png,data\rgbd_dataset_freiburg1_xyz\depth\1305031116.610891.png,0.00036978721618652344,,552,0.012697699999989709,0.0037951999984215945,0.00468890000047395,0.008484099998895545,0.007665200000701589,0.016149299999597133,0.028846999999586842,171835392
2012,1305031169.8516955,data\rgbd_dataset_freiburg1_xyz\rgb\1305031116.643355.png,data\rgbd_dataset_freiburg1_xyz\depth\1305031116.642664.png,0.0006909370422363281,,574,0.013060799999948358,0.003779799999392708,0.004378999999971711,0.008158799999364419,0.0052924000010534655,0.013451200000417884,0.026512000000366243,171847680
2013,1305031169.8876216,data\rgbd_dataset_freiburg1_xyz\rgb\1305031116.679281.png,data\rgbd_dataset_freiburg1_xyz\depth\1305031116.674523.png,0.004757881164550781,,563,0.013423799999145558,0.00400909999916621,0.003924699998606229,0.00793379999777244,0.005844999999681022,0.013778799997453461,0.02720259999659902,171859968
2014,1305031169.9199746,data\rgbd_dataset_freiburg1_xyz\rgb\1305031116.711634.png,data\rgbd_dataset_freiburg1_xyz\depth\1305031116.710942.png,0.0006918907165527344,,591,0.012894899999082554,0.0037343999993026955,0.00423640000008163,0.007970799999384326,0.008113899999443674,0.016084699998828,0.028979599997910555,171864064
2015,1305031169.9516315,data\rgbd_dataset_freiburg1_xyz\rgb\1305031116.743291.png,data\rgbd_dataset_freiburg1_xyz\depth\1305031116.740575.png,0.0027158260345458984,,584,0.013756399999692803,0.004301000000850763,0.0041841000002023065,0.00848510000105307,0.005828399998790701,0.01431349999984377,0.028069899999536574,171868160
2016,1305031169.9876387,data\rgbd_dataset_freiburg1_xyz\rgb\1305031116.779298.png,data\rgbd_dataset_freiburg1_xyz\depth\1305031116.775059.png,0.004239082336425781,,603,0.01285719999941648,0.003686500000185333,0.004286400000637514,0.007972900000822847,0.00550189999921713,0.013474800000039977,0.026331999999456457,171868160
2017,1305031170.0196586,data\rgbd_dataset_freiburg1_xyz\rgb\1305031116.811318.png,data\rgbd_dataset_freiburg1_xyz\depth\1305031116.811343.png,2.5033950805664062e-05,,615,0.012570800001412863,0.0038074999993114034,0.004612000000633998,0.008419499999945401,0.005587199999354198,0.014006699999299599,0.026577500000712462,171876352
2018,1305031170.0544295,data\rgbd_dataset_freiburg1_xyz\rgb\1305031116.846089.png,data\rgbd_dataset_freiburg1_xyz\depth\1305031116.840370.png,0.00571894645690918,,638,0.013018700001339312,0.003543099999660626,0.004564700000628363,0.00810780000028899,0.005853100001331768,0.013960900001620757,0.02697960000296007,171884544
2019,1305031170.0885057,data\rgbd_dataset_freiburg1_xyz\rgb\1305031116.880165.png,data\rgbd_dataset_freiburg1_xyz\depth\1305031116.871726.png,0.008439064025878906,,639,0.012868099998740945,0.003794199999902048,0.004027299999506795,0.007821499999408843,0.006082200001401361,0.013903700000810204,0.02677179999955115,171884544
2020,1305031170.1203847,data\rgbd_dataset_freiburg1_xyz\rgb\1305031116.912044.png,data\rgbd_dataset_freiburg1_xyz\depth\1305031116.907955.png,0.0040891170501708984,,661,0.01274830000147631,0.0038483000007545343,0.00420019999910437,0.008048499999858905,0.006025599999702536,0.01407409999956144,0.02682240000103775,171892736
2021,1305031170.1516366,data\rgbd_dataset_freiburg1_xyz\rgb\1305031116.943296.png,data\rgbd_dataset_freiburg1_xyz\depth\1305031116.940626.png,0.0026700496673583984,,665,0.012518500001533539,0.0036547999989124946,0.004610900001353002,0.008265700000265497,0.006100999999034684,0.014366699999300181,0.02688520000083372,171892736
2022,1305031170.1876917,data\rgbd_dataset_freiburg1_xyz\rgb\1305031116.979351.png,data\rgbd_dataset_freiburg1_xyz\depth\1305031116.974656.png,0.004694938659667969,,663,0.013335600000573322,0.0039042000007611932,0.0047921000004862435,0.008696300001247437,0.006222399999387562,0.014918700000634999,0.02825430000120832,171900928
2023,1305031170.2197227,data\rgbd_dataset_freiburg1_xyz\rgb\1305031117.011382.png,data\rgbd_dataset_freiburg1_xyz\depth\1305031117.008812.png,0.0025701522827148438,,677,0.013263299999380251,0.0037984999999025604,0.004231499999150401,0.008029999999052961,0.006117800001447904,0.014147800000500865,0.027411099999881117,171905024
2024,1305031170.2516017,data\rgbd_dataset_freiburg1_xyz\rgb\1305031117.043261.png,data\rgbd_dataset_freiburg1_xyz\depth\1305031117.042065.png,0.001196146011352539,,712,0.013264999999591964,0.0037117000010766787,0.004358900001534494,0.008070600002611172,0.005916699999943376,0.013987300002554548,0.027252300002146512,171917312
2025,1305031170.2878606,data\rgbd_dataset_freiburg1_xyz\rgb\1305031117.079520.png,data\rgbd_dataset_freiburg1_xyz\depth\1305031117.071181.png,0.00833892822265625,,737,0.013020599999435944,0.0036663999999291264,0.00460180000118271,0.008268200001111836,0.0065218999989156146,0.01479010000002745,0.027810699999463395,171929600
2026,1305031170.3195786,data\rgbd_dataset_freiburg1_xyz\rgb\1305031117.111238.png,data\rgbd_dataset_freiburg1_xyz\depth\1305031117.110454.png,0.0007839202880859375,,716,0.012858199999755016,0.0035759999991569202,0.004465399999389774,0.008041399998546694,0.00643099999979313,0.014472399998339824,0.02733059999809484,171933696
2027,1305031170.3515587,data\rgbd_dataset_freiburg1_xyz\rgb\1305031117.143218.png,data\rgbd_dataset_freiburg1_xyz\depth\1305031117.142383.png,0.0008349418640136719,,706,0.01284490000034566,0.003687500000523869,0.00428720000127214,0.007974700001796009,0.0065641000001051,0.014538800001901109,0.02738370000224677,171937792
2028,1305031170.3876047,data\rgbd_dataset_freiburg1_xyz\rgb\1305031117.179264.png,data\rgbd_dataset_freiburg1_xyz\depth\1305031117.175059.png,0.004204988479614258,,710,0.01427010000043083,0.004170599999270053,0.005286999999952968,0.00945759999922302,0.00674319999961881,0.01620079999884183,0.03047089999927266,171941888
2029,1305031170.4197016,data\rgbd_dataset_freiburg1_xyz\rgb\1305031117.211361.png,data\rgbd_dataset_freiburg1_xyz\depth\1305031117.207753.png,0.0036079883575439453,,734,0.01345480000054522,0.003600899999582907,0.004106999998839456,0.007707899998422363,0.006768399998691166,0.014476299997113529,0.027931099997658748,171962368
2030,1305031170.4516177,data\rgbd_dataset_freiburg1_xyz\rgb\1305031117.243277.png,data\rgbd_dataset_freiburg1_xyz\depth\1305031117.241340.png,0.0019371509552001953,,734,0.013405499999862514,0.00367030000052182,0.005131500000061351,0.008801800000583171,0.00943129999905068,0.01823309999963385,0.031638599999496364,171966464
2031,1305031170.4876397,data\rgbd_dataset_freiburg1_xyz\rgb\1305031117.279299.png,data\rgbd_dataset_freiburg1_xyz\depth\1305031117.276516.png,0.002783060073852539,,702,0.014500699999189237,0.0036029000002599787,0.004355999999461346,0.007958899999721325,0.006299099999523605,0.01425799999924493,0.028758699998434167,171970560
2032,1305031170.5195405,data\rgbd_dataset_freiburg1_xyz\rgb\1305031117.311200.png,data\rgbd_dataset_freiburg1_xyz\depth\1305031117.310121.png,0.0010788440704345703,,678,0.013586400000349386,0.0036003999994136393,0.004214499998852261,0.0078148999982659,0.0057226000008085975,0.013537499999074498,0.027123899999423884,171978752
2033,1305031170.5515835,data\rgbd_dataset_freiburg1_xyz\rgb\1305031117.343243.png,data\rgbd_dataset_freiburg1_xyz\depth\1305031117.341044.png,0.002198934555053711,,683,0.014125200001217308,0.003563600001143641,0.00459450000016659,0.008158100001310231,0.005876299999727053,0.014034400001037284,0.028159600002254592,171986944
2034,1305031170.5877945,data\rgbd_dataset_freiburg1_xyz\rgb\1305031117.379454.png,data\rgbd_dataset_freiburg1_xyz\depth\1305031117.375067.png,0.00438690185546875,,684,0.013608600000225124,0.003543599999829894,0.005008000000088941,0.008551599999918835,0.006135999999969499,0.014687599999888334,0.02829620000011346,171991040
2035,1305031170.6195617,data\rgbd_dataset_freiburg1_xyz\rgb\1305031117.411221.png,data\rgbd_dataset_freiburg1_xyz\depth\1305031117.408538.png,0.002682924270629883,,680,0.013206899999204325,0.0036235999996279133,0.004591800001435331,0.008215400001063244,0.006593400001293048,0.014808800002356293,0.028015700001560617,172007424
2036,1305031170.6516147,data\rgbd_dataset_freiburg1_xyz\rgb\1305031117.443274.png,data\rgbd_dataset_freiburg1_xyz\depth\1305031117.442208.png,0.001065969467163086,,707,0.015572899999824585,0.004351800000222283,0.004667999999583117,0.0090197999998054,0.005830600000990671,0.014850400000796071,0.030423300000620657,172007424
2037,1305031170.6877437,data\rgbd_dataset_freiburg1_xyz\rgb\1305031117.479403.png,data\rgbd_dataset_freiburg1_xyz\depth\1305031117.475651.png,0.003751993179321289,,722,0.013337700000192854,0.0037498000001505716,0.00476140000137093,0.008511200001521502,0.006437099998947815,0.014948300000469317,0.02828600000066217,172015616
2038,1305031170.7196655,data\rgbd_dataset_freiburg1_xyz\rgb\1305031117.511325.png,data\rgbd_dataset_freiburg1_xyz\depth\1305031117.508882.png,0.0024428367614746094,,741,0.014323099998364341,0.003574599999410566,0.004909299999781069,0.008483899999191635,0.006606199998714146,0.015090099997905781,0.029413199996270123,172032000
2039,1305031170.7526257,data\rgbd_dataset_freiburg1_xyz\rgb\1305031117.544285.png,data\rgbd_dataset_freiburg1_xyz\depth\1305031117.539736.png,0.0045490264892578125,,762,0.013259199999083648,0.0035451999992801575,0.0050151000014011515,0.008560300000681309,0.006234500000573462,0.014794800001254771,0.02805400000033842,172032000
2040,1305031170.7874956,data\rgbd_dataset_freiburg1_xyz\rgb\1305031117.579155.png,data\rgbd_dataset_freiburg1_xyz\depth\1305031117.577860.png,0.001294851303100586,,819,0.013446499999190564,0.003648800000519259,0.00492119999944407,0.00856999999996333,0.006314199999906123,0.014884199999869452,0.028330699999060016,172032000
2041,1305031170.8194997,data\rgbd_dataset_freiburg1_xyz\rgb\1305031117.611159.png,data\rgbd_dataset_freiburg1_xyz\depth\1305031117.607777.png,0.003381967544555664,,816,0.013450200000079349,0.003818600000158767,0.004468199998882483,0.00828679999904125,0.009134899999480695,0.017421699998521945,0.030871899998601293,172036096
2042,1305031170.8515925,data\rgbd_dataset_freiburg1_xyz\rgb\1305031117.643252.png,data\rgbd_dataset_freiburg1_xyz\depth\1305031117.643284.png,3.218650817871094e-05,,830,0.0146788000001834,0.0040847000000212574,0.004869400001553004,0.008954100001574261,0.006690399999570218,0.01564450000114448,0.03032330000132788,172040192
2043,1305031170.8876026,data\rgbd_dataset_freiburg1_xyz\rgb\1305031117.679262.png,data\rgbd_dataset_freiburg1_xyz\depth\1305031117.675483.png,0.0037789344787597656,,872,0.014312700001028134,0.003867299999910756,0.005099300000438234,0.00896660000034899,0.006617099999857601,0.01558370000020659,0.029896400001234724,172040192
2044,1305031170.9195247,data\rgbd_dataset_freiburg1_xyz\rgb\1305031117.711184.png,data\rgbd_dataset_freiburg1_xyz\depth\1305031117.711215.png,3.0994415283203125e-05,,890,0.01329529999929946,0.003764900000533089,0.00513890000001993,0.00890380000055302,0.006934900000487687,0.015838700001040706,0.029134000000340166,172052480
2045,1305031170.9515247,data\rgbd_dataset_freiburg1_xyz\rgb\1305031117.743184.png,data\rgbd_dataset_freiburg1_xyz\depth\1305031117.742995.png,0.00018906593322753906,,920,0.013386799999352661,0.0037517000000661938,0.005402200000389712,0.009153900000455906,0.006457200001023011,0.015611100001478917,0.028997900000831578,172064768
2046,1305031170.9878078,data\rgbd_dataset_freiburg1_xyz\rgb\1305031117.779467.png,data\rgbd_dataset_freiburg1_xyz\depth\1305031117.778969.png,0.0004980564117431641,,926,0.01323699999920791,0.003661499998997897,0.005005200000596233,0.00866669999959413,0.0088964999995369,0.01756319999913103,0.03080019999833894,172064768
2047,1305031171.0196607,data\rgbd_dataset_freiburg1_xyz\rgb\1305031117.811320.png,data\rgbd_dataset_freiburg1_xyz\depth\1305031117.811060.png,0.0002601146697998047,,925,0.013783599999442231,0.0037854000001971144,0.005100700000184588,0.008886100000381703,0.006599299998924835,0.015485399999306537,0.029268999998748768,172068864
2048,1305031171.0516317,data\rgbd_dataset_freiburg1_xyz\rgb\1305031117.843291.png,data\rgbd_dataset_freiburg1_xyz\depth\1305031117.843307.png,1.5974044799804688e-05,,927,0.013544699999329168,0.003688000000693137,0.00487529999918479,0.008563299999877927,0.006271099999139551,0.014834399999017478,0.028379099998346646,172081152
2049,1305031171.0877917,data\rgbd_dataset_freiburg1_xyz\rgb\1305031117.879451.png,data\rgbd_dataset_freiburg1_xyz\depth\1305031117.879467.png,1.5974044799804688e-05,,964,0.01314730000012787,0.0036431999997148523,0.005033899999034475,0.008677099998749327,0.006872399999338086,0.015549499998087413,0.028696799998215283,172089344
2050,1305031171.1197476,data\rgbd_dataset_freiburg1_xyz\rgb\1305031117.911407.png,data\rgbd_dataset_freiburg1_xyz\depth\1305031117.908762.png,0.0026450157165527344,,963,0.013063200000033248,0.003484700000626617,0.004649900000003981,0.008134600000630599,0.006756199998562806,0.014890799999193405,0.027953999999226653,172093440
2051,1305031171.1515937,data\rgbd_dataset_freiburg1_xyz\rgb\1305031117.943253.png,data\rgbd_dataset_freiburg1_xyz\depth\1305031117.943272.png,1.9073486328125e-05,,965,0.013716600000407198,0.0036986999984947033,0.005140999999639462,0.008839699998134165,0.009461999999984982,0.018301699998119147,0.032018299998526345,172093440
2052,1305031171.1875687,data\rgbd_dataset_freiburg1_xyz\rgb\1305031117.979228.png,data\rgbd_dataset_freiburg1_xyz\depth\1305031117.979263.png,3.504753112792969e-05,,947,0.01350559999991674,0.0034290000003238674,0.005072799998742994,0.008501799999066861,0.006875400000353693,0.015377199999420554,0.028882799999337294,172101632
2053,1305031171.2195687,data\rgbd_dataset_freiburg1_xyz\rgb\1305031118.011228.png,data\rgbd_dataset_freiburg1_xyz\depth\1305031118.011013.png,0.00021505355834960938,,952,0.013029699999606237,0.003444199999648845,0.004504999998971471,0.007949199998620315,0.009973900001568836,0.01792310000018915,0.03095279999979539,172105728
2054,1305031171.2518616,data\rgbd_dataset_freiburg1_xyz\rgb\1305031118.043521.png,data\rgbd_dataset_freiburg1_xyz\depth\1305031118.043549.png,2.8133392333984375e-05,,936,0.013918699998612283,0.0034897000005003065,0.004922299998725066,0.008411999999225372,0.0068133000004309,0.015225299999656272,0.029143999998268555,172105728
2055,1305031171.2876747,data\rgbd_dataset_freiburg1_xyz\rgb\1305031118.079334.png,data\rgbd_dataset_freiburg1_xyz\depth\1305031118.079369.png,3.504753112792969e-05,,967,0.013774500001090928,0.0035303999993629986,0.005145299999639974,0.008675699999002973,0.006915100000696839,0.015590799999699811,0.02936530000079074,172113920
2056,1305031171.3195577,data\rgbd_dataset_freiburg1_xyz\rgb\1305031118.111217.png,data\rgbd_dataset_freiburg1_xyz\depth\1305031118.110863.png,0.0003540515899658203,,956,0.012989099999686005,0.003422899999350193,0.004450800000995514,0.007873700000345707,0.007154900000386988,0.015028600000732695,0.0280177000004187,172122112
2057,1305031171.3515966,data\rgbd_dataset_freiburg1_xyz\rgb\1305031118.143256.png,data\rgbd_dataset_freiburg1_xyz\depth\1305031118.142285.png,0.0009708404541015625,,933,0.013844600000084029,0.003444899999522022,0.004601599999659811,0.008046499999181833,0.006238800000573974,0.014285299999755807,0.028129899999839836,172142592
2058,1305031171.3876636,data\rgbd_dataset_freiburg1_xyz\rgb\1305031118.179323.png,data\rgbd_dataset_freiburg1_xyz\depth\1305031118.178170.png,0.0011529922485351562,,922,0.013188200000513461,0.0033114999987446936,0.0047892999991745455,0.008100799997919239,0.0062307000007422175,0.014331499998661457,0.027519699999174918,172150784
2059,1305031171.4195426,data\rgbd_dataset_freiburg1_xyz\rgb\1305031118.211202.png,data\rgbd_dataset_freiburg1_xyz\depth\1305031118.210782.png,0.00041985511779785156,,934,0.01305559999855177,0.0033760999995138263,0.004929700000502635,0.008305800000016461,0.009434900000997004,0.017740700001013465,0.030796299999565235,172163072
2060,1305031171.4515135,data\rgbd_dataset_freiburg1_xyz\rgb\1305031118.243173.png,data\rgbd_dataset_freiburg1_xyz\depth\1305031118.242948.png,0.00022482872009277344,,930,0.013618999999380321,0.0033434999986639014,0.004931899999064626,0.008275399997728528,0.0066817000006267335,0.014957099998355261,0.028576099997735582,172163072
2061,1305031171.4875348,data\rgbd_dataset_freiburg1_xyz\rgb\1305031118.279194.png,data\rgbd_dataset_freiburg1_xyz\depth\1305031118.278991.png,0.00020313262939453125,,957,0.013233899999249843,0.0033899999998538988,0.004749100000481121,0.00813910000033502,0.00672840000152064,0.01486750000185566,0.028101400001105503,172175360
2062,1305031171.5196397,data\rgbd_dataset_freiburg1_xyz\rgb\1305031118.311299.png,data\rgbd_dataset_freiburg1_xyz\depth\1305031118.310731.png,0.0005681514739990234,,1000,0.01373799999964831,0.003388999999515363,0.004567100000713253,0.007956100000228616,0.0065426999990449985,0.014498799999273615,0.028236799998921924,172187648
2063,1305031171.5516646,data\rgbd_dataset_freiburg1_xyz\rgb\1305031118.343324.png,data\rgbd_dataset_freiburg1_xyz\depth\1305031118.342079.png,0.0012450218200683594,,1020,0.013026899998294539,0.00349129999995057,0.00467199999911827,0.00816329999906884,0.007479100000637118,0.015642399999705958,0.028669299998000497,172187648
2064,1305031171.5875487,data\rgbd_dataset_freiburg1_xyz\rgb\1305031118.379208.png,data\rgbd_dataset_freiburg1_xyz\depth\1305031118.377003.png,0.0022051334381103516,,1029,0.013939200000095298,0.0033641999998508254,0.0045422000002872664,0.007906400000138092,0.0068037000000913395,0.014710100000229431,0.02864930000032473,172187648
2065,1305031171.6196365,data\rgbd_dataset_freiburg1_xyz\rgb\1305031118.411296.png,data\rgbd_dataset_freiburg1_xyz\depth\1305031118.408818.png,0.002477884292602539,,1062,0.01347140000143554,0.003281200000856188,0.005153100000825361,0.00843430000168155,0.011005999998815241,0.01944030000049679,0.03291170000193233,172195840
2066,1305031171.6540327,data\rgbd_dataset_freiburg1_xyz\rgb\1305031118.445692.png,data\rgbd_dataset_freiburg1_xyz\depth\1305031118.445703.png,1.0967254638671875e-05,,1090,0.01561519999995653,0.0033243999987462303,0.004951299999447656,0.008275699998193886,0.007007800000792486,0.015283499998986372,0.030898699998942902,172199936
2067,1305031171.6876256,data\rgbd_dataset_freiburg1_xyz\rgb\1305031118.479285.png,data\rgbd_dataset_freiburg1_xyz\depth\1305031118.477869.png,0.0014159679412841797,,1078,0.013177300001188996,0.0034009999999398133,0.004566499999782536,0.00796749999972235,0.00711320000118576,0.01508070000090811,0.028258000002097106,172204032
2068,1305031171.7195957,data\rgbd_dataset_freiburg1_xyz\rgb\1305031118.511255.png,data\rgbd_dataset_freiburg1_xyz\depth\1305031118.510201.png,0.0010540485382080078,,1088,0.015880900000411202,0.003272700001616613,0.00490420000096492,0.008176900002581533,0.007161800000176299,0.015338700002757832,0.031219600003169035,172216320
2069,1305031171.7527547,data\rgbd_dataset_freiburg1_xyz\rgb\1305031118.544414.png,data\rgbd_dataset_freiburg1_xyz\depth\1305031118.545199.png,0.0007848739624023438,,1051,0.01345709999986866,0.003347100000610226,0.004854900000282214,0.00820200000089244,0.006751899998562294,0.014953899999454734,0.028410999999323394,172216320
2070,1305031171.7876256,data\rgbd_dataset_freiburg1_xyz\rgb\1305031118.579285.png,data\rgbd_dataset_freiburg1_xyz\depth\1305031118.576377.png,0.002907991409301758,,1081,0.013528800000131014,0.003398400000151014,0.0052615000004152535,0.008659900000566267,0.006693299999824376,0.015353200000390643,0.028882000000521657,172220416
2071,1305031171.8244827,data\rgbd_dataset_freiburg1_xyz\rgb\1305031118.616142.png,data\rgbd_dataset_freiburg1_xyz\depth\1305031118.610869.png,0.005273103713989258,,1031,0.014936400000806316,0.003408599999602302,0.004822799999601557,0.008231399999203859,0.0073701000001165085,0.015601499999320367,0.030537900000126683,172224512
2072,1305031171.8536656,data\rgbd_dataset_freiburg1_xyz\rgb\1305031118.645325.png,data\rgbd_dataset_freiburg1_xyz\depth\1305031118.645331.png,5.9604644775390625e-06,,1000,0.014949399999750312,0.0037766999994346406,0.005085400000098161,0.008862099999532802,0.0062343999998120125,0.015096499999344815,0.030045899999095127,172244992
2073,1305031171.8876357,data\rgbd_dataset_freiburg1_xyz\rgb\1305031118.679295.png,data\rgbd_dataset_freiburg1_xyz\depth\1305031118.675082.png,0.004213094711303711,,1000,0.013527500001146109,0.003412999998545274,0.005180599999221158,0.008593599997766432,0.006199999999807915,0.014793599997574347,0.028321099998720456,172253184
2074,1305031171.9197617,data\rgbd_dataset_freiburg1_xyz\rgb\1305031118.711421.png,data\rgbd_dataset_freiburg1_xyz\depth\1305031118.710140.png,0.0012810230255126953,,976,0.014826200000243261,0.003695900000820984,0.005556000000069616,0.0092519000008906,0.008348200000909856,0.017600100001800456,0.03242630000204372,172253184
2075,1305031171.9551105,data\rgbd_dataset_freiburg1_xyz\rgb\1305031118.746770.png,data\rgbd_dataset_freiburg1_xyz\depth\1305031118.746801.png,3.0994415283203125e-05,,977,0.01671109999915643,0.004139499998927931,0.004869399999734014,0.009008899998661946,0.006086700001105783,0.015095599999767728,0.03180669999892416,172257280
2076,1305031171.9876177,data\rgbd_dataset_freiburg1_xyz\rgb\1305031118.779277.png,data\rgbd_dataset_freiburg1_xyz\depth\1305031118.778790.png,0.0004870891571044922,,1026,0.01336020000053395,0.003428699999858509,0.00483170000006794,0.008260399999926449,0.007024700000329176,0.015285100000255625,0.028645300000789575,172261376
2077,1305031172.0195615,data\rgbd_dataset_freiburg1_xyz\rgb\1305031118.811221.png,data\rgbd_dataset_freiburg1_xyz\depth\1305031118.810703.png,0.0005178451538085938,,980,0.014325199999802862,0.003482899999653455,0.004911300000458141,0.008394200000111596,0.006924700001036399,0.015318900001147995,0.029644100000950857,172261376
2078,1305031172.0550935,data\rgbd_dataset_freiburg1_xyz\rgb\1305031118.846753.png,data\rgbd_dataset_freiburg1_xyz\depth\1305031118.846774.png,2.1219253540039062e-05,,953,0.013543600000048173,0.003363899999385467,0.0046832000007270835,0.00804710000011255,0.006389100000887993,0.014436200001000543,0.027979800001048716,172269568
2079,1305031172.0875487,data\rgbd_dataset_freiburg1_xyz\rgb\1305031118.879208.png,data\rgbd_dataset_freiburg1_xyz\depth\1305031118.875402.png,0.0038061141967773438,,977,0.013814299998557544,0.0034265000012965174,0.004971000000296044,0.008397500001592562,0.0065818000002764165,0.014979300001868978,0.028793600000426522,172269568
2080,1305031172.1195176,data\rgbd_dataset_freiburg1_xyz\rgb\1305031118.911177.png,data\rgbd_dataset_freiburg1_xyz\depth\1305031118.909608.png,0.0015690326690673828,,988,0.013425199998891912,0.0035123999987263232,0.005273800001305062,0.008786200000031386,0.006572599999344675,0.01535879999937606,0.028783999998267973,172277760
2081,1305031172.1553147,data\rgbd_dataset_freiburg1_xyz\rgb\1305031118.946974.png,data\rgbd_dataset_freiburg1_xyz\depth\1305031118.947009.png,3.504753112792969e-05,,998,0.013018800000281772,0.003471299998636823,0.005035500000303728,0.00850679999894055,0.007229599999845959,0.01573639999878651,0.02875519999906828,172285952
2082,1305031172.1877146,data\rgbd_dataset_freiburg1_xyz\rgb\1305031118.979374.png,data\rgbd_dataset_freiburg1_xyz\depth\1305031118.979394.png,2.002716064453125e-05,,960,0.013310899999851245,0.0035710000011022203,0.005521900000530877,0.009092900001633097,0.006695099998978549,0.015788000000611646,0.02909890000046289,172290048
2083,1305031172.2197037,data\rgbd_dataset_freiburg1_xyz\rgb\1305031119.011363.png,data\rgbd_dataset_freiburg1_xyz\depth\1305031119.009712.png,0.0016510486602783203,,901,0.013586899998699664,0.0035434999990684446,0.005563400000028196,0.00910689999909664,0.009962600001017563,0.019069500000114203,0.03265639999881387,172298240
2084,1305031172.2555127,data\rgbd_dataset_freiburg1_xyz\rgb\1305031119.047172.png,data\rgbd_dataset_freiburg1_xyz\depth\1305031119.047180.png,7.867813110351562e-06,,966,0.013740899999902467,0.004053399999975227,0.005534900001293863,0.00958830000126909,0.006730400000378722,0.016318700001647812,0.03005960000155028,172306432
2085,1305031172.2875636,data\rgbd_dataset_freiburg1_xyz\rgb\1305031119.079223.png,data\rgbd_dataset_freiburg1_xyz\depth\1305031119.078966.png,0.0002570152282714844,,938,0.013347799998882692,0.0035345999986020615,0.005425200000900077,0.008959799999502138,0.007073700000546523,0.01603350000004866,0.029381299998931354,172314624
2086,1305031172.3196685,data\rgbd_dataset_freiburg1_xyz\rgb\1305031119.111328.png,data\rgbd_dataset_freiburg1_xyz\depth\1305031119.110884.png,0.0004439353942871094,,934,0.013150500000847387,0.003522299999531242,0.004663100000470877,0.008185400000002119,0.0064265000000887085,0.014611900000090827,0.027762400000938214,172331008
2087,1305031172.3559566,data\rgbd_dataset_freiburg1_xyz\rgb\1305031119.147616.png,data\rgbd_dataset_freiburg1_xyz\depth\1305031119.147629.png,1.3113021850585938e-05,,928,0.013100300000587595,0.0038022999997338047,0.004943600000842707,0.008745900000576512,0.006586099998457939,0.015331999999034451,0.028432299999622046,172343296
2088,1305031172.3875666,data\rgbd_dataset_freiburg1_xyz\rgb\1305031119.179226.png,data\rgbd_dataset_freiburg1_xyz\depth\1305031119.179262.png,3.600120544433594e-05,,925,0.013375200000155019,0.00367039999946428,0.005062100000941427,0.008732500000405707,0.0076563000002352055,0.016388800000640913,0.02976400000079593,172347392
2089,1305031172.4197047,data\rgbd_dataset_freiburg1_xyz\rgb\1305031119.211364.png,data\rgbd_dataset_freiburg1_xyz\depth\1305031119.210906.png,0.00045800209045410156,,941,0.013635600000270642,0.003573399999368121,0.005210400000578375,0.008783799999946496,0.006601099999897997,0.015384899999844492,0.029020500000115135,172998656
2090,1305031172.4557397,data\rgbd_dataset_freiburg1_xyz\rgb\1305031119.247399.png,data\rgbd_dataset_freiburg1_xyz\depth\1305031119.247660.png,0.0002608299255371094,,943,0.013352199999644654,0.003564399999959278,0.00475199999891629,0.008316399998875568,0.006708000000799075,0.015024399999674642,0.028376599999319296,173305856
2091,1305031172.4875526,data\rgbd_dataset_freiburg1_xyz\rgb\1305031119.279212.png,data\rgbd_dataset_freiburg1_xyz\depth\1305031119.279244.png,3.1948089599609375e-05,,949,0.012933099998917896,0.0037329000006138813,0.005102099999930942,0.008835000000544824,0.006552699998792377,0.015387699999337201,0.028320799998255097,173993984
2092,1305031172.5195527,data\rgbd_dataset_freiburg1_xyz\rgb\1305031119.311212.png,data\rgbd_dataset_freiburg1_xyz\depth\1305031119.310755.png,0.0004570484161376953,,964,0.012909999999465072,0.0038664999992761295,0.005164599999261554,0.009031099998537684,0.006665299999440322,0.015696399997978006,0.028606399997443077,173379584
2093,1305031172.5560815,data\rgbd_dataset_freiburg1_xyz\rgb\1305031119.347741.png,data\rgbd_dataset_freiburg1_xyz\depth\1305031119.347750.png,9.059906005859375e-06,,968,0.012819499999750406,0.003619399998569861,0.005067500000222935,0.008686899998792796,0.006858899998405832,0.015545799997198628,0.028365299996949034,174010368
2094,1305031172.5875797,data\rgbd_dataset_freiburg1_xyz\rgb\1305031119.379239.png,data\rgbd_dataset_freiburg1_xyz\depth\1305031119.378631.png,0.0006079673767089844,,979,0.01302409999880183,0.003537099999448401,0.004191900001387694,0.007729000000836095,0.006221999999979744,0.013951000000815839,0.02697509999961767,173395968
2095,1305031172.6198246,data\rgbd_dataset_freiburg1_xyz\rgb\1305031119.411484.png,data\rgbd_dataset_freiburg1_xyz\depth\1305031119.411492.png,8.106231689453125e-06,,933,0.012739100000544568,0.0037892000000283588,0.004870099999607191,0.00865929999963555,0.006266000000323402,0.014925299999958952,0.02766440000050352,174059520
2096,1305031172.6560466,data\rgbd_dataset_freiburg1_xyz\rgb\1305031119.447706.png,data\rgbd_dataset_freiburg1_xyz\depth\1305031119.447726.png,2.002716064453125e-05,,913,0.012576099999932921,0.003466100000878214,0.005064800001491676,0.00853090000236989,0.006952899999305373,0.015483800001675263,0.028059900001608185,174088192
2097,1305031172.6876075,data\rgbd_dataset_freiburg1_xyz\rgb\1305031119.479267.png,data\rgbd_dataset_freiburg1_xyz\depth\1305031119.477682.png,0.001584768295288086,,891,0.013085499998851446,0.0034047000008285977,0.004576400000587455,0.007981100001416053,0.0062445999992633006,0.014225700000679353,0.0273111999995308,173350912
2098,1305031172.7195807,data\rgbd_dataset_freiburg1_xyz\rgb\1305031119.511240.png,data\rgbd_dataset_freiburg1_xyz\depth\1305031119.511258.png,1.7881393432617188e-05,,906,0.012826099999074358,0.003822599999693921,0.005338099999789847,0.009160699999483768,0.006606799999644863,0.01576749999912863,0.02859359999820299,174051328
2099,1305031172.7557228,data\rgbd_dataset_freiburg1_xyz\rgb\1305031119.547382.png,data\rgbd_dataset_freiburg1_xyz\depth\1305031119.547414.png,3.1948089599609375e-05,,886,0.012635299999601557,0.0034926000007544644,0.005600200000117184,0.009092800000871648,0.006770699999833596,0.015863500000705244,0.0284988000003068,173432832
2100,1305031172.7878997,data\rgbd_dataset_freiburg1_xyz\rgb\1305031119.579559.png,data\rgbd_dataset_freiburg1_xyz\depth\1305031119.579569.png,1.0013580322265625e-05,,866,0.012785599999915576,0.0036791000002267538,0.0047591000002285,0.008438200000455254,0.009314499999163672,0.017752699999618926,0.0305382999995345,173006848
2101,1305031172.8233576,data\rgbd_dataset_freiburg1_xyz\rgb\1305031119.615017.png,data\rgbd_dataset_freiburg1_xyz\depth\1305031119.615024.png,7.152557373046875e-06,,865,0.013408099999651313,0.003764400000363821,0.00481480000053125,0.00857920000089507,0.006514900000183843,0.015094100001078914,0.028502200000730227,173277184
2102,1305031172.8562436,data\rgbd_dataset_freiburg1_xyz\rgb\1305031119.647903.png,data\rgbd_dataset_freiburg1_xyz\depth\1305031119.648889.png,0.0009860992431640625,,866,0.012695999999777996,0.0035973000012745615,0.0045756999988952884,0.00817300000016985,0.006330799998977454,0.014503799999147304,0.0271997999989253,173023232
2103,1305031172.8875487,data\rgbd_dataset_freiburg1_xyz\rgb\1305031119.679208.png,data\rgbd_dataset_freiburg1_xyz\depth\1305031119.675566.png,0.0036420822143554688,,859,0.013069200000245473,0.003620299999965937,0.004833099999814294,0.008453399999780231,0.006540300000779098,0.014993700000559329,0.028062900000804802,173330432
2104,1305031172.9235725,data\rgbd_dataset_freiburg1_xyz\rgb\1305031119.715232.png,data\rgbd_dataset_freiburg1_xyz\depth\1305031119.715249.png,1.71661376953125e-05,,812,0.012889400000858586,0.003623399999924004,0.004902800001218566,0.00852620000114257,0.006819800000812393,0.015346000001954962,0.02823540000281355,173170688
2105,1305031172.9555337,data\rgbd_dataset_freiburg1_xyz\rgb\1305031119.747193.png,data\rgbd_dataset_freiburg1_xyz\depth\1305031119.744886.png,0.0023071765899658203,,800,0.012999000000490923,0.0036099999997531995,0.005170999998881598,0.008780999998634798,0.007182900000771042,0.01596389999940584,0.028962899999896763,173486080
2106,1305031172.9875097,data\rgbd_dataset_freiburg1_xyz\rgb\1305031119.779169.png,data\rgbd_dataset_freiburg1_xyz\depth\1305031119.778628.png,0.0005409717559814453,,786,0.012734600000840146,0.0036711000011564465,0.004910099998596706,0.008581199999753153,0.006474100000559702,0.015055300000312855,0.027789900001153,174104576
2107,1305031173.0228777,data\rgbd_dataset_freiburg1_xyz\rgb\1305031119.814537.png,data\rgbd_dataset_freiburg1_xyz\depth\1305031119.814571.png,3.3855438232421875e-05,,793,0.013156299999536714,0.003634799999417737,0.005272100001093349,0.008906900000511087,0.0062563999999838416,0.015163300000494928,0.02831960000003164,173498368
2108,1305031173.0557697,data\rgbd_dataset_freiburg1_xyz\rgb\1305031119.847429.png,data\rgbd_dataset_freiburg1_xyz\depth\1305031119.847445.png,1.5974044799804688e-05,,803,0.012669599998844205,0.0034623000010469696,0.004790400000274531,0.0082527000013215,0.006417399999918416,0.014670100001239916,0.02733970000008412,174120960
2109,1305031173.0875547,data\rgbd_dataset_freiburg1_xyz\rgb\1305031119.879214.png,data\rgbd_dataset_freiburg1_xyz\depth\1305031119.879232.png,1.7881393432617188e-05,,764,0.013522999999622698,0.003664900001240312,0.005542200000490993,0.009207100001731305,0.006696700000247802,0.015903800001979107,0.029426800001601805,173510656
2110,1305031173.1197417,data\rgbd_dataset_freiburg1_xyz\rgb\1305031119.911401.png,data\rgbd_dataset_freiburg1_xyz\depth\1305031119.911424.png,2.288818359375e-05,,748,0.013383400000748225,0.0038033000000723405,0.004844499999308027,0.008647799999380368,0.006052700000509503,0.014700499999889871,0.028083900000638096,174137344
2111,1305031173.1557326,data\rgbd_dataset_freiburg1_xyz\rgb\1305031119.947392.png,data\rgbd_dataset_freiburg1_xyz\depth\1305031119.947462.png,7.009506225585938e-05,,767,0.012917099998958292,0.003599599998779013,0.004681399999753921,0.008280999998532934,0.006826299999374896,0.01510729999790783,0.028024399996866123,174137344
2112,1305031173.1878777,data\rgbd_dataset_freiburg1_xyz\rgb\1305031119.979537.png,data\rgbd_dataset_freiburg1_xyz\depth\1305031119.979546.png,9.059906005859375e-06,,755,0.015670099999624654,0.004367400000774069,0.0051604000000224914,0.00952780000079656,0.006789499999285908,0.01631730000008247,0.03198739999970712,174145536
2113,1305031173.2236047,data\rgbd_dataset_freiburg1_xyz\rgb\1305031120.015264.png,data\rgbd_dataset_freiburg1_xyz\depth\1305031120.015283.png,1.9073486328125e-05,,753,0.012647499999729916,0.0036762999989150558,0.005118499999298365,0.00879479999821342,0.0068823999990854645,0.015677199997298885,0.0283246999970288,174145536
2114,1305031173.2556307,data\rgbd_dataset_freiburg1_xyz\rgb\1305031120.047290.png,data\rgbd_dataset_freiburg1_xyz\depth\1305031120.047310.png,2.002716064453125e-05,,757,0.012822900000173831,0.00381790000028559,0.005216600000494509,0.009034500000780099,0.006785400000808295,0.015819900001588394,0.028642800001762225,174145536
2115,1305031173.2877586,data\rgbd_dataset_freiburg1_xyz\rgb\1305031120.079418.png,data\rgbd_dataset_freiburg1_xyz\depth\1305031120.075690.png,0.0037279129028320312,,743,0.013141299999915645,0.003668199999083299,0.005431999999927939,0.009100199999011238,0.006220899998879759,0.015321099997890997,0.028462399997806642,174153728
2116,1305031173.3235726,data\rgbd_dataset_freiburg1_xyz\rgb\1305031120.115232.png,data\rgbd_dataset_freiburg1_xyz\depth\1305031120.115249.png,1.6927719116210938e-05,,756,0.012784900000042398,0.003700600000229315,0.004840099998546066,0.00854069999877538,0.006138700000519748,0.014679399999295129,0.027464299999337527,174161920
2117,1305031173.3564975,data\rgbd_dataset_freiburg1_xyz\rgb\1305031120.148157.png,data\rgbd_dataset_freiburg1_xyz\depth\1305031120.148175.png,1.811981201171875e-05,,746,0.013009099999180762,0.003744800000276882,0.005022400000598282,0.008767200000875164,0.007046200000331737,0.0158134000012069,0.028822500000387663,174166016
2118,1305031173.3875866,data\rgbd_dataset_freiburg1_xyz\rgb\1305031120.179246.png,data\rgbd_dataset_freiburg1_xyz\depth\1305031120.179261.png,1.5020370483398438e-05,,734,0.01554510000096343,0.004438799998752074,0.004896399999779533,0.009335199998531607,0.006402699998943717,0.015737899997475324,0.031282999998438754,174174208
2119,1305031173.4235897,data\rgbd_dataset_freiburg1_xyz\rgb\1305031120.215249.png,data\rgbd_dataset_freiburg1_xyz\depth\1305031120.215260.png,1.0967254638671875e-05,,740,0.01293230000010226,0.0037904999990132637,0.0052407000002858695,0.009031199999299133,0.006349600000248756,0.01538079999954789,0.02831309999965015,174182400
2120,1305031173.4563437,data\rgbd_dataset_freiburg1_xyz\rgb\1305031120.248003.png,data\rgbd_dataset_freiburg1_xyz\depth\1305031120.248018.png,1.5020370483398438e-05,,755,0.013361499999518855,0.003693099999509286,0.0051473000003170455,0.008840399999826332,0.007407799999782583,0.016248199999608914,0.02960969999912777,174182400
2121,1305031173.4877706,data\rgbd_dataset_freiburg1_xyz\rgb\1305031120.279430.png,data\rgbd_dataset_freiburg1_xyz\depth\1305031120.279441.png,1.1205673217773438e-05,,744,0.013200200000937912,0.0038228000012168195,0.005147100000613136,0.008969900001829956,0.006964199999856646,0.015934100001686602,0.029134300002624514,174186496
2122,1305031173.5235367,data\rgbd_dataset_freiburg1_xyz\rgb\1305031120.315196.png,data\rgbd_dataset_freiburg1_xyz\depth\1305031120.315213.png,1.6927719116210938e-05,,756,0.01555980000011914,0.003545300000041607,0.005308499999955529,0.008853799999997136,0.009853699999439414,0.01870749999943655,0.03426729999955569,174473216
2123,1305031173.5561275,data\rgbd_dataset_freiburg1_xyz\rgb\1305031120.347787.png,data\rgbd_dataset_freiburg1_xyz\depth\1305031120.347797.png,1.0013580322265625e-05,,750,0.013605799998913426,0.003710200000568875,0.005066800000349758,0.008777000000918633,0.0068085999992035795,0.015585600000122213,0.02919139999903564,174477312
2124,1305031173.5877776,data\rgbd_dataset_freiburg1_xyz\rgb\1305031120.379437.png,data\rgbd_dataset_freiburg1_xyz\depth\1305031120.379446.png,9.059906005859375e-06,,739,0.012861000001066714,0.003744000001461245,0.004774299999553477,0.008518300001014723,0.009062899998752982,0.017581199999767705,0.03044220000083442,174477312
2125,1305031173.6237857,data\rgbd_dataset_freiburg1_xyz\rgb\1305031120.415445.png,data\rgbd_dataset_freiburg1_xyz\depth\1305031120.415490.png,4.482269287109375e-05,,746,0.013071600000330363,0.0035599999991973164,0.005421899999419111,0.008981899998616427,0.007174200000008568,0.016156099998624995,0.02922769999895536,174485504
2126,1305031173.6557577,data\rgbd_dataset_freiburg1_xyz\rgb\1305031120.447417.png,data\rgbd_dataset_freiburg1_xyz\depth\1305031120.447433.png,1.5974044799804688e-05,,761,0.013379300000451622,0.0038331999985530274,0.004555499999696622,0.008388699998249649,0.006739700000252924,0.015128399998502573,0.028507699998954195,174489600
2127,1305031173.6877728,data\rgbd_dataset_freiburg1_xyz\rgb\1305031120.479432.png,data\rgbd_dataset_freiburg1_xyz\depth\1305031120.475582.png,0.003850221633911133,,752,0.012984200000573765,0.0037735999994765734,0.005106299999170005,0.008879899998646579,0.006693900000755093,0.015573799999401672,0.028557999999975436,174493696
2128,1305031173.7231596,data\rgbd_dataset_freiburg1_xyz\rgb\1305031120.514819.png,data\rgbd_dataset_freiburg1_xyz\depth\1305031120.514877.png,5.817413330078125e-05,,747,0.015899199999694247,0.00483890000032261,0.0049515999999130145,0.009790500000235625,0.009364999999888823,0.019155500000124448,0.035054699999818695,174497792
2129,1305031173.7560766,data\rgbd_dataset_freiburg1_xyz\rgb\1305031120.547736.png,data\rgbd_dataset_freiburg1_xyz\depth\1305031120.547807.png,7.104873657226562e-05,,786,0.013085799999316805,0.0038045999990572454,0.005028400000810507,0.008832999999867752,0.009542800000417628,0.01837580000028538,0.031461599999602186,174505984
2130,1305031173.7878916,data\rgbd_dataset_freiburg1_xyz\rgb\1305031120.579551.png,data\rgbd_dataset_freiburg1_xyz\depth\1305031120.579559.png,8.106231689453125e-06,,824,0.012980999999854248,0.0036806000007345574,0.004697200000009616,0.008377800000744173,0.010352300001613912,0.018730100002358085,0.031711100002212333,174505984
2131,1305031173.8235767,data\rgbd_dataset_freiburg1_xyz\rgb\1305031120.615236.png,data\rgbd_dataset_freiburg1_xyz\depth\1305031120.615271.png,3.504753112792969e-05,,840,0.013136900000972673,0.003615400000853697,0.005457100000057835,0.009072500000911532,0.006849700001112069,0.0159222000020236,0.029059100002996274,174510080
2132,1305031173.8556945,data\rgbd_dataset_freiburg1_xyz\rgb\1305031120.647354.png,data\rgbd_dataset_freiburg1_xyz\depth\1305031120.646607.png,0.0007469654083251953,,878,0.013023299999986193,0.0037800999998580664,0.0043953999993391335,0.0081754999991972,0.00968020000073011,0.01785569999992731,0.030878999999913503,174518272
2133,1305031173.8876586,data\rgbd_dataset_freiburg1_xyz\rgb\1305031120.679318.png,data\rgbd_dataset_freiburg1_xyz\depth\1305031120.678467.png,0.0008509159088134766,,900,0.013347000000067055,0.0036516000000119675,0.005089399999633315,0.008740999999645283,0.006639899998845067,0.01538089999849035,0.028727899998557405,174620672
2134,1305031173.9228625,data\rgbd_dataset_freiburg1_xyz\rgb\1305031120.714522.png,data\rgbd_dataset_freiburg1_xyz\depth\1305031120.714553.png,3.123283386230469e-05,,901,0.013218499998401967,0.003598400000555557,0.0048891999995248625,0.00848760000008042,0.0068893000006937655,0.015376900000774185,0.028595399999176152,174632960
2135,1305031173.9557097,data\rgbd_dataset_freiburg1_xyz\rgb\1305031120.747369.png,data\rgbd_dataset_freiburg1_xyz\depth\1305031120.747396.png,2.6941299438476562e-05,,907,0.013170199999876786,0.00397030000021914,0.004844399998546578,0.008814699998765718,0.007569699999294244,0.016384399998059962,0.029554599997936748,174637056
2136,1305031173.9882348,data\rgbd_dataset_freiburg1_xyz\rgb\1305031120.779894.png,data\rgbd_dataset_freiburg1_xyz\depth\1305031120.779908.png,1.3828277587890625e-05,,965,0.01284029999987979,0.00366319999920961,0.004895800000667805,0.008558999999877415,0.006864900000437046,0.015423900000314461,0.02826420000019425,174637056
2137,1305031174.0232847,data\rgbd_dataset_freiburg1_xyz\rgb\1305031120.814944.png,data\rgbd_dataset_freiburg1_xyz\depth\1305031120.814905.png,3.910064697265625e-05,,992,0.013114699999277946,0.0036736000001837965,0.005266199999823584,0.00893980000000738,0.007551800001238007,0.016491600001245388,0.029606300000523333,174641152
2138,1305031174.0562615,data\rgbd_dataset_freiburg1_xyz\rgb\1305031120.847921.png,data\rgbd_dataset_freiburg1_xyz\depth\1305031120.847942.png,2.1219253540039062e-05,,973,0.015662300000258256,0.004393399998662062,0.004540600000837003,0.008933999999499065,0.0072909000009531155,0.01622490000045218,0.031887200000710436,174649344
2139,1305031174.0917757,data\rgbd_dataset_freiburg1_xyz\rgb\1305031120.883435.png,data\rgbd_dataset_freiburg1_xyz\depth\1305031120.883454.png,1.9073486328125e-05,,1018,0.013069700000414741,0.003597099999751663,0.005129900000611087,0.00872700000036275,0.006368899999870337,0.015095900000233087,0.028165600000647828,174649344
2140,1305031174.1237845,data\rgbd_dataset_freiburg1_xyz\rgb\1305031120.915444.png,data\rgbd_dataset_freiburg1_xyz\depth\1305031120.915454.png,1.0013580322265625e-05,,1018,0.01285719999941648,0.0038067999994382262,0.005166099999769358,0.008972899999207584,0.00690270000086457,0.015875600000072154,0.028732799999488634,174653440
2141,1305031174.1558287,data\rgbd_dataset_freiburg1_xyz\rgb\1305031120.947488.png,data\rgbd_dataset_freiburg1_xyz\depth\1305031120.947509.png,2.09808349609375e-05,,1027,0.013121400001182337,0.003572100000383216,0.005252299999483512,0.008824399999866728,0.006756099999620346,0.015580499999487074,0.02870190000066941,174657536
2142,1305031174.1917067,data\rgbd_dataset_freiburg1_xyz\rgb\1305031120.983366.png,data\rgbd_dataset_freiburg1_xyz\depth\1305031120.983390.png,2.4080276489257812e-05,,1042,0.013349999999263673,0.0036433000004763016,0.005139600001712097,0.008782900002188399,0.006845699999757926,0.015628600001946324,0.028978600001209998,174665728
2143,1305031174.2233596,data\rgbd_dataset_freiburg1_xyz\rgb\1305031121.015019.png,data\rgbd_dataset_freiburg1_xyz\depth\1305031121.015029.png,1.0013580322265625e-05,,1043,0.013052300000708783,0.0037004000005254056,0.0054531999994651414,0.009153599999990547,0.006963499999983469,0.016117099999974016,0.0291694000006828,174673920
2144,1305031174.2558386,data\rgbd_dataset_freiburg1_xyz\rgb\1305031121.047498.png,data\rgbd_dataset_freiburg1_xyz\depth\1305031121.047755.png,0.0002570152282714844,,1055,0.013381700000536512,0.0036497000000963453,0.004919799999697716,0.008569499999794061,0.006886699999085977,0.015456199998880038,0.02883789999941655,174702592
2145,1305031174.2914395,data\rgbd_dataset_freiburg1_xyz\rgb\1305031121.083099.png,data\rgbd_dataset_freiburg1_xyz\depth\1305031121.083117.png,1.811981201171875e-05,,1041,0.013303599998835125,0.003712499999892316,0.005886799999643699,0.009599299999536015,0.007044700001642923,0.016644000001178938,0.029947600000014063,174710784
2146,1305031174.3230367,data\rgbd_dataset_freiburg1_xyz\rgb\1305031121.114696.png,data\rgbd_dataset_freiburg1_xyz\depth\1305031121.114878.png,0.0001819133758544922,,1097,0.013233400000899564,0.003572399999029585,0.004816500000742963,0.008388899999772548,0.010189700000410085,0.018578600000182632,0.0318120000010822,174718976
2147,1305031174.3556716,data\rgbd_dataset_freiburg1_xyz\rgb\1305031121.147331.png,data\rgbd_dataset_freiburg1_xyz\depth\1305031121.147355.png,2.4080276489257812e-05,,1123,0.01327809999929741,0.003526499998770305,0.005118099999890546,0.008644599998660851,0.00760209999862127,0.01624669999728212,0.02952479999657953,174727168
2148,1305031174.3916116,data\rgbd_dataset_freiburg1_xyz\rgb\1305031121.183271.png,data\rgbd_dataset_freiburg1_xyz\depth\1305031121.183281.png,1.0013580322265625e-05,,1166,0.01318870000068273,0.0036085000010643853,0.004954800000632531,0.008563300001696916,0.007910800000900053,0.01647410000259697,0.0296628000032797,174731264
2149,1305031174.4197607,data\rgbd_dataset_freiburg1_xyz\rgb\1305031121.211420.png,data\rgbd_dataset_freiburg1_xyz\depth\1305031121.211431.png,1.0967254638671875e-05,,1160,0.01307950000045821,0.003673999999591615,0.005334499999662512,0.009008499999254127,0.007167499999923166,0.016175999999177293,0.029255499999635504,174731264
2150,1305031174.4555347,data\rgbd_dataset_freiburg1_xyz\rgb\1305031121.247194.png,data\rgbd_dataset_freiburg1_xyz\depth\1305031121.247201.png,6.9141387939453125e-06,,1186,0.01316200000110257,0.003587899998819921,0.0050229000007675495,0.00861079999958747,0.011062700001275516,0.019673500000862987,0.032835500001965556,174731264
2151,1305031174.4912167,data\rgbd_dataset_freiburg1_xyz\rgb\1305031121.282876.png,data\rgbd_dataset_freiburg1_xyz\depth\1305031121.282822.png,5.412101745605469e-05,,1202,0.01345229999969888,0.0035669000008056173,0.004850199999054894,0.008417099999860511,0.007298599999558064,0.015715699999418575,0.029167999999117455,174735360
2152,1305031174.5219088,data\rgbd_dataset_freiburg1_xyz\rgb\1305031121.313568.png,data\rgbd_dataset_freiburg1_xyz\depth\1305031121.313588.png,1.9788742065429688e-05,,1217,0.013282100000651553,0.003673499999422347,0.005082600000605453,0.0087561000000278,0.007318399999348912,0.016074499999376712,0.029356600000028266,174743552
2153,1305031174.5558577,data\rgbd_dataset_freiburg1_xyz\rgb\1305031121.347517.png,data\rgbd_dataset_freiburg1_xyz\depth\1305031121.347540.png,2.288818359375e-05,,1235,0.012966999998752726,0.003627599999163067,0.005454600001030485,0.009082200000193552,0.006995100000494858,0.01607730000068841,0.029044299999441137,174952448
2154,1305031174.5915666,data\rgbd_dataset_freiburg1_xyz\rgb\1305031121.383226.png,data\rgbd_dataset_freiburg1_xyz\depth\1305031121.383248.png,2.2172927856445312e-05,,1249,0.013043099999777041,0.0035521999998309184,0.005149200000232668,0.008701400000063586,0.00792849999925238,0.016629899999315967,0.029672999999093008,174956544
2155,1305031174.6226587,data\rgbd_dataset_freiburg1_xyz\rgb\1305031121.414318.png,data\rgbd_dataset_freiburg1_xyz\depth\1305031121.414328.png,1.0013580322265625e-05,,1257,0.012993500000447966,0.0036985999995522434,0.004999000000680098,0.008697600000232342,0.007626999999047257,0.0163245999992796,0.029318099999727565,174960640
2156,1305031174.6556597,data\rgbd_dataset_freiburg1_xyz\rgb\1305031121.447319.png,data\rgbd_dataset_freiburg1_xyz\depth\1305031121.447024.png,0.0002949237823486328,,1296,0.01325399999950605,0.003529300000082003,0.0058559999997669365,0.00938529999984894,0.0074189999995724065,0.016804299999421346,0.030058299998927396,174968832
2157,1305031174.6913047,data\rgbd_dataset_freiburg1_xyz\rgb\1305031121.482964.png,data\rgbd_dataset_freiburg1_xyz\depth\1305031121.483015.png,5.1021575927734375e-05,,1343,0.01298279999900842,0.00364129999979923,0.004982299999028328,0.008623599998827558,0.007585899998957757,0.016209499997785315,0.029192299996793736,174972928
2158,1305031174.7224476,data\rgbd_dataset_freiburg1_xyz\rgb\1305031121.514107.png,data\rgbd_dataset_freiburg1_xyz\depth\1305031121.514164.png,5.698204040527344e-05,,1340,0.01321740000093996,0.0037752999996882863,0.005418800001280033,0.00919410000096832,0.007645299998330302,0.01683939999929862,0.03005680000023858,174993408
2159,1305031174.7556107,data\rgbd_dataset_freiburg1_xyz\rgb\1305031121.547270.png,data\rgbd_dataset_freiburg1_xyz\depth\1305031121.546810.png,0.0004601478576660156,,1328,0.013279400000101305,0.003635000000940636,0.005377299999963725,0.00901230000090436,0.007666200001040124,0.016678500001944485,0.02995790000204579,174993408
2160,1305031174.7915447,data\rgbd_dataset_freiburg1_xyz\rgb\1305031121.583204.png,data\rgbd_dataset_freiburg1_xyz\depth\1305031121.583213.png,9.059906005859375e-06,,1316,0.013559400000303867,0.0035342999999556923,0.005098800000268966,0.008633100000224658,0.008002599999599624,0.016635699999824283,0.03019510000012815,174993408
2161,1305031174.8230407,data\rgbd_dataset_freiburg1_xyz\rgb\1305031121.614700.png,data\rgbd_dataset_freiburg1_xyz\depth\1305031121.614719.png,1.8835067749023438e-05,,1312,0.013391299999057082,0.003376399999979185,0.004936199999065138,0.008312599999044323,0.0075254000003042165,0.01583799999934854,0.029229299998405622,175001600
2162,1305031174.8555236,data\rgbd_dataset_freiburg1_xyz\rgb\1305031121.647183.png,data\rgbd_dataset_freiburg1_xyz\depth\1305031121.646966.png,0.00021696090698242188,,1358,0.013370900000154506,0.00342350000028091,0.00521159999880183,0.00863509999908274,0.0074479000013525365,0.016083000000435277,0.029453900000589783,175005696
2163,1305031174.8915405,data\rgbd_dataset_freiburg1_xyz\rgb\1305031121.683200.png,data\rgbd_dataset_freiburg1_xyz\depth\1305031121.683211.png,1.1205673217773438e-05,,1351,0.013243100000181585,0.003490199998850585,0.005494800001542899,0.008985000000393484,0.008052899998801877,0.01703789999919536,0.030280999999376945,175005696
2164,1305031174.9228606,data\rgbd_dataset_freiburg1_xyz\rgb\1305031121.714520.png,data\rgbd_dataset_freiburg1_xyz\depth\1305031121.714528.png,8.106231689453125e-06,,1336,0.01321749999988242,0.0035679999982676236,0.0054817000000184635,0.009049699998286087,0.007339099998716847,0.016388799997002934,0.029606299996885355,175009792
2165,1305031174.9554856,data\rgbd_dataset_freiburg1_xyz\rgb\1305031121.747145.png,data\rgbd_dataset_freiburg1_xyz\depth\1305031121.746484.png,0.0006608963012695312,,1317,0.012848799999119365,0.0033492000002297573,0.005396900000050664,0.008746100000280421,0.0076408000004448695,0.01638690000072529,0.029235699999844655,175017984
2166,1305031174.9911757,data\rgbd_dataset_freiburg1_xyz\rgb\1305031121.782835.png,data\rgbd_dataset_freiburg1_xyz\depth\1305031121.782871.png,3.600120544433594e-05,,1306,0.01296850000107952,0.003276300001743948,0.005409299999882933,0.00868560000162688,0.01118760000099428,0.01987320000262116,0.03284170000370068,175022080
2167,1305031175.0198805,data\rgbd_dataset_freiburg1_xyz\rgb\1305031121.811540.png,data\rgbd_dataset_freiburg1_xyz\depth\1305031121.811545.png,5.0067901611328125e-06,,1304,0.013324699999429868,0.0033731000003172085,0.005185800000617746,0.008558900000934955,0.007397499999569845,0.0159564000005048,0.029281099999934668,175026176
2168,1305031175.0556757,data\rgbd_dataset_freiburg1_xyz\rgb\1305031121.847335.png,data\rgbd_dataset_freiburg1_xyz\depth\1305031121.846870.png,0.00046515464782714844,,1297,0.013205000001107692,0.003327000000354019,0.005356599998776801,0.00868359999913082,0.007194100000560866,0.015877699999691686,0.029082700000799377,175038464
2169,1305031175.0904007,data\rgbd_dataset_freiburg1_xyz\rgb\1305031121.882060.png,data\rgbd_dataset_freiburg1_xyz\depth\1305031121.882123.png,6.29425048828125e-05,,1297,0.01300939999964612,0.0033772999995562714,0.005167599998458172,0.008544899998014444,0.007852300001104595,0.01639719999911904,0.02940659999876516,175046656
2170,1305031175.1232717,data\rgbd_dataset_freiburg1_xyz\rgb\1305031121.914931.png,data\rgbd_dataset_freiburg1_xyz\depth\1305031121.914943.png,1.1920928955078125e-05,,1271,0.01357800000005227,0.0034280999989277916,0.004929700000502635,0.008357799999430426,0.007497000000512344,0.01585479999994277,0.02943279999999504,175058944
2171,1305031175.1556287,data\rgbd_dataset_freiburg1_xyz\rgb\1305031121.947288.png,data\rgbd_dataset_freiburg1_xyz\depth\1305031121.947318.png,3.0040740966796875e-05,,1273,0.013359399999899324,0.0033278999999311054,0.005348600001525483,0.008676500001456589,0.007908800000222982,0.01658530000167957,0.029944700001578894,175058944
2172,1305031175.1912665,data\rgbd_dataset_freiburg1_xyz\rgb\1305031121.982926.png,data\rgbd_dataset_freiburg1_xyz\depth\1305031121.982935.png,9.059906005859375e-06,,1272,0.013255199999548495,0.003304500000012922,0.005069799999546376,0.008374299999559298,0.007006100000580773,0.015380400000140071,0.028635599999688566,175067136
2173,1305031175.2225966,data\rgbd_dataset_freiburg1_xyz\rgb\1305031122.014256.png,data\rgbd_dataset_freiburg1_xyz\depth\1305031122.014424.png,0.00016808509826660156,,1265,0.01326820000031148,0.0033683999990898883,0.005154099999344908,0.008522499998434796,0.006827900000644149,0.015350399999078945,0.028618599999390426,175067136
2174,1305031175.2556467,data\rgbd_dataset_freiburg1_xyz\rgb\1305031122.047306.png,data\rgbd_dataset_freiburg1_xyz\depth\1305031122.046908.png,0.0003981590270996094,,1280,0.013204999999288702,0.003463799999735784,0.00539290000051551,0.008856700000251294,0.007479900001271744,0.01633660000152304,0.02954160000081174,175067136
2175,1305031175.2912996,data\rgbd_dataset_freiburg1_xyz\rgb\1305031122.082959.png,data\rgbd_dataset_freiburg1_xyz\depth\1305031122.082969.png,1.0013580322265625e-05,,1288,0.014371000001119683,0.003546699999787961,0.005335599998943508,0.008882299998731469,0.007214200000817073,0.01609649999954854,0.030467500000668224,175120384
2176,1305031175.3230126,data\rgbd_dataset_freiburg1_xyz\rgb\1305031122.114672.png,data\rgbd_dataset_freiburg1_xyz\depth\1305031122.114688.png,1.5974044799804688e-05,,1301,0.013409500001216657,0.003456200000073295,0.005090799999379669,0.008546999999452964,0.007704899999225745,0.01625189999867871,0.029661399999895366,175120384
2177,1305031175.3590655,data\rgbd_dataset_freiburg1_xyz\rgb\1305031122.150725.png,data\rgbd_dataset_freiburg1_xyz\depth\1305031122.150748.png,2.3126602172851562e-05,,1256,0.013183399998524692,0.0033218000007764203,0.004942300000038813,0.008264100000815233,0.0071898999995028134,0.015454000000318047,0.02863739999884274,175120384
2178,1305031175.3913827,data\rgbd_dataset_freiburg1_xyz\rgb\1305031122.183042.png,data\rgbd_dataset_freiburg1_xyz\depth\1305031122.183052.png,1.0013580322265625e-05,,1235,0.013109200001053978,0.003513399999064859,0.005169699999896693,0.008683099998961552,0.007359299999734503,0.016042399998696055,0.029151599999750033,175132672
2179,1305031175.4232996,data\rgbd_dataset_freiburg1_xyz\rgb\1305031122.214959.png,data\rgbd_dataset_freiburg1_xyz\depth\1305031122.214969.png,1.0013580322265625e-05,,1245,0.013015000000450527,0.003530400001181988,0.00543189999916649,0.008962300000348478,0.007570199999463512,0.01653249999981199,0.029547500000262517,175144960
2180,1305031175.4596596,data\rgbd_dataset_freiburg1_xyz\rgb\1305031122.251319.png,data\rgbd_dataset_freiburg1_xyz\depth\1305031122.251355.png,3.600120544433594e-05,,1211,0.013080699998681666,0.003493299998808652,0.0052835000005870825,0.008776799999395735,0.006701700000121491,0.015478499999517226,0.028559199998198892,175144960
2181,1305031175.4919007,data\rgbd_dataset_freiburg1_xyz\rgb\1305031122.283560.png,data\rgbd_dataset_freiburg1_xyz\depth\1305031122.283866.png,0.0003058910369873047,,1159,0.013307900000654627,0.0034790000008797506,0.005272399999739719,0.00875140000061947,0.00718589999996766,0.01593730000058713,0.029245200001241756,175153152
2182,1305031175.5226297,data\rgbd_dataset_freiburg1_xyz\rgb\1305031122.314289.png,data\rgbd_dataset_freiburg1_xyz\depth\1305031122.314309.png,1.9788742065429688e-05,,1111,0.0130408000004536,0.003497399999105255,0.005628200000501238,0.009125599999606493,0.007443300000886666,0.01656890000049316,0.02960970000094676,175165440
2183,1305031175.5596676,data\rgbd_dataset_freiburg1_xyz\rgb\1305031122.351327.png,data\rgbd_dataset_freiburg1_xyz\depth\1305031122.351351.png,2.4080276489257812e-05,,1119,0.013422799998807022,0.0036099999997531995,0.005409400000644382,0.009019400000397582,0.008462999998300802,0.017482399998698384,0.030905199997505406,175173632
2184,1305031175.5909708,data\rgbd_dataset_freiburg1_xyz\rgb\1305031122.382630.png,data\rgbd_dataset_freiburg1_xyz\depth\1305031122.382678.png,4.792213439941406e-05,,1088,0.013234899999588379,0.00357119999898714,0.00500100000135717,0.00857220000034431,0.007638000000952161,0.01621020000129647,0.02944510000088485,175173632
2185,1305031175.6233377,data\rgbd_dataset_freiburg1_xyz\rgb\1305031122.414997.png,data\rgbd_dataset_freiburg1_xyz\depth\1305031122.415008.png,1.0967254638671875e-05,,1092,0.01549689999956172,0.004330399999162182,0.005036200000176905,0.009366599999339087,0.0072750999988784315,0.01664169999821752,0.03213859999777924,175177728
2186,1305031175.6595976,data\rgbd_dataset_freiburg1_xyz\rgb\1305031122.451257.png,data\rgbd_dataset_freiburg1_xyz\depth\1305031122.451272.png,1.5020370483398438e-05,,1072,0.01310870000088471,0.0036624000003939727,0.0048916999985522125,0.008554099998946185,0.007150400000682566,0.01570449999962875,0.02881320000051346,175181824
2187,1305031175.6917007,data\rgbd_dataset_freiburg1_xyz\rgb\1305031122.483360.png,data\rgbd_dataset_freiburg1_xyz\depth\1305031122.483388.png,2.7894973754882812e-05,,1102,0.013279700000566663,0.0037420000007841736,0.005023399999117828,0.008765399999902002,0.007522200001403689,0.01628760000130569,0.029567300001872354,175185920
2188,1305031175.7234375,data\rgbd_dataset_freiburg1_xyz\rgb\1305031122.515097.png,data\rgbd_dataset_freiburg1_xyz\depth\1305031122.515135.png,3.814697265625e-05,,1092,0.0129756999995152,0.0038371999999071704,0.005243600000540027,0.009080800000447198,0.007126800001060474,0.01620760000150767,0.02918330000102287,175194112
2189,1305031175.7598307,data\rgbd_dataset_freiburg1_xyz\rgb\1305031122.551490.png,data\rgbd_dataset_freiburg1_xyz\depth\1305031122.551510.png,2.002716064453125e-05,,1105,0.013195100000302773,0.003653699999631499,0.005232699999396573,0.008886399999028072,0.007365400000708178,0.01625179999973625,0.029446900000039022,175198208
2190,1305031175.7915487,data\rgbd_dataset_freiburg1_xyz\rgb\1305031122.583208.png,data\rgbd_dataset_freiburg1_xyz\depth\1305031122.583217.png,8.821487426757812e-06,,1080,0.013117399999828194,0.0036813000006077345,0.005204799999773968,0.008886100000381703,0.007566000000224449,0.01645210000060615,0.029569500000434346,175206400
2191,1305031175.8233206,data\rgbd_dataset_freiburg1_xyz\rgb\1305031122.614980.png,data\rgbd_dataset_freiburg1_xyz\depth\1305031122.615017.png,3.695487976074219e-05,,1039,0.013477500000590226,0.003551200001311372,0.004750699999931385,0.008301900001242757,0.006655499999396852,0.014957400000639609,0.028434900001229835,175206400
2192,1305031175.8571286,data\rgbd_dataset_freiburg1_xyz\rgb\1305031122.648788.png,data\rgbd_dataset_freiburg1_xyz\depth\1305031122.648810.png,2.193450927734375e-05,,1054,0.013153500000044005,0.0035117000006721355,0.005022500001359731,0.008534200002031866,0.007334699999773875,0.01586890000180574,0.029022400001849746,175218688
2193,1305031175.8917427,data\rgbd_dataset_freiburg1_xyz\rgb\1305031122.683402.png,data\rgbd_dataset_freiburg1_xyz\depth\1305031122.683420.png,1.7881393432617188e-05,,1023,0.013397600001553656,0.003816299999016337,0.0049450000005890615,0.008761299999605399,0.006944699998712167,0.015705999998317566,0.02910359999987122,175222784
2194,1305031175.9235487,data\rgbd_dataset_freiburg1_xyz\rgb\1305031122.715208.png,data\rgbd_dataset_freiburg1_xyz\depth\1305031122.715219.png,1.0967254638671875e-05,,1040,0.013017899998885696,0.0036646000007749535,0.005182399998375331,0.008846999999150285,0.006721099998685531,0.015568099997835816,0.02858599999672151,174260224
2195,1305031175.9596386,data\rgbd_dataset_freiburg1_xyz\rgb\1305031122.751298.png,data\rgbd_dataset_freiburg1_xyz\depth\1305031122.751309.png,1.0967254638671875e-05,,1051,0.013348000000405591,0.003767800000787247,0.004859799999394454,0.008627600000181701,0.007154800001444528,0.01578240000162623,0.02913040000203182,174276608
2196,1305031175.9917636,data\rgbd_dataset_freiburg1_xyz\rgb\1305031122.783423.png,data\rgbd_dataset_freiburg1_xyz\depth\1305031122.783438.png,1.5020370483398438e-05,,1027,0.013462299999446259,0.003756000000066706,0.004786999999851105,0.00854299999991781,0.007268700001077377,0.015811700000995188,0.029274000000441447,174276608
2197,1305031176.0208957,data\rgbd_dataset_freiburg1_xyz\rgb\1305031122.812555.png,data\rgbd_dataset_freiburg1_xyz\depth\1305031122.812565.png,1.0013580322265625e-05,,982,0.013821500000631204,0.0039020999993226724,0.004560999999739579,0.008463099999062251,0.007267400000273483,0.015730499999335734,0.029551999999966938,174284800
2198,1305031176.0597587,data\rgbd_dataset_freiburg1_xyz\rgb\1305031122.851418.png,data\rgbd_dataset_freiburg1_xyz\depth\1305031122.851486.png,6.794929504394531e-05,,960,0.013436699999147095,0.0037873000001127366,0.004956999999194522,0.008744299999307259,0.007349199999225675,0.016093499998532934,0.02953019999768003,174288896
2199,1305031176.0920947,data\rgbd_dataset_freiburg1_xyz\rgb\1305031122.883754.png,data\rgbd_dataset_freiburg1_xyz\depth\1305031122.883775.png,2.09808349609375e-05,,932,0.012882900000477093,0.0036712999990413664,0.005567899999732617,0.009239199998773984,0.011501499999212683,0.020740699997986667,0.03362359999846376,174911488
2200,1305031176.1229117,data\rgbd_dataset_freiburg1_xyz\rgb\1305031122.914571.png,data\rgbd_dataset_freiburg1_xyz\depth\1305031122.914585.png,1.4066696166992188e-05,,893,0.013175199999750475,0.0036545000002661254,0.005026400000133435,0.00868090000039956,0.007237100000565988,0.01591800000096555,0.029093200000716024,174915584
2201,1305031176.1596816,data\rgbd_dataset_freiburg1_xyz\rgb\1305031122.951341.png,data\rgbd_dataset_freiburg1_xyz\depth\1305031122.951413.png,7.200241088867188e-05,,898,0.013272399999550544,0.003720400000020163,0.004760199999509496,0.008480599999529659,0.007061500000418164,0.015542099999947823,0.028814499999498366,174301184
2202,1305031176.1911557,data\rgbd_dataset_freiburg1_xyz\rgb\1305031122.982815.png,data\rgbd_dataset_freiburg1_xyz\depth\1305031122.983000.png,0.0001850128173828125,,883,0.013434200000119745,0.003798300000198651,0.005093199999464559,0.00889149999966321,0.006021699999109842,0.014913199998773052,0.028347399998892797,174071808
2203,1305031176.2237906,data\rgbd_dataset_freiburg1_xyz\rgb\1305031123.015450.png,data\rgbd_dataset_freiburg1_xyz\depth\1305031123.015462.png,1.1920928955078125e-05,,870,0.013891599999624304,0.003861999999571708,0.004820800000743475,0.008682800000315183,0.006958800000575138,0.01564160000089032,0.029533200000514626,174383104
2204,1305031176.2601676,data\rgbd_dataset_freiburg1_xyz\rgb\1305031123.051827.png,data\rgbd_dataset_freiburg1_xyz\depth\1305031123.051838.png,1.0967254638671875e-05,,862,0.0131956999994145,0.0036801999995077495,0.005309699999997974,0.008989899999505724,0.006384599999364582,0.015374499998870306,0.028570199998284806,175079424
2205,1305031176.2913156,data\rgbd_dataset_freiburg1_xyz\rgb\1305031123.082975.png,data\rgbd_dataset_freiburg1_xyz\depth\1305031123.082992.png,1.71661376953125e-05,,870,0.01329489999989164,0.0036890000010316726,0.005249199999525445,0.008938200000557117,0.006801099998483551,0.015739299999040668,0.02903419999893231,175083520
2206,1305031176.3222136,data\rgbd_dataset_freiburg1_xyz\rgb\1305031123.113873.png,data\rgbd_dataset_freiburg1_xyz\depth\1305031123.113939.png,6.604194641113281e-05,,887,0.013133899999957066,0.003763700000490644,0.005164899999726913,0.008928600000217557,0.0067168000005040085,0.015645400000721565,0.02877930000067863,175091712
2207,1305031176.3591626,data\rgbd_dataset_freiburg1_xyz\rgb\1305031123.150822.png,data\rgbd_dataset_freiburg1_xyz\depth\1305031123.150840.png,1.811981201171875e-05,,889,0.013295599999764818,0.0037314000001060776,0.004689499999585678,0.008420899999691756,0.0065847000005305745,0.01500560000022233,0.028301199999987148,175104000
2208,1305031176.3904955,data\rgbd_dataset_freiburg1_xyz\rgb\1305031123.182155.png,data\rgbd_dataset_freiburg1_xyz\depth\1305031123.182176.png,2.1219253540039062e-05,,853,0.012933899999552523,0.003908299999238807,0.005032299999584211,0.008940599998823018,0.006969500000195694,0.015910099999018712,0.028843999998571235,175112192
2209,1305031176.4230447,data\rgbd_dataset_freiburg1_xyz\rgb\1305031123.214704.png,data\rgbd_dataset_freiburg1_xyz\depth\1305031123.214724.png,2.002716064453125e-05,,854,0.012656900000365567,0.0036898999987897696,0.0052431000003707595,0.008932999999160529,0.006927100001121289,0.015860100000281818,0.028517000000647386,175112192
2210,1305031176.4589586,data\rgbd_dataset_freiburg1_xyz\rgb\1305031123.250618.png,data\rgbd_dataset_freiburg1_xyz\depth\1305031123.250641.png,2.3126602172851562e-05,,813,0.012612199998329743,0.0036414000005606795,0.004758499999297783,0.008399899999858462,0.006879500000650296,0.015279400000508758,0.0278915999988385,175112192
2211,1305031176.4906876,data\rgbd_dataset_freiburg1_xyz\rgb\1305031123.282347.png,data\rgbd_dataset_freiburg1_xyz\depth\1305031123.282363.png,1.5974044799804688e-05,,756,0.013023899999097921,0.003763299999263836,0.005279899998640758,0.009043199997904594,0.007093700000041281,0.016136899997945875,0.029160799997043796,175116288
2212,1305031176.5196676,data\rgbd_dataset_freiburg1_xyz\rgb\1305031123.311327.png,data\rgbd_dataset_freiburg1_xyz\depth\1305031123.320992.png,0.00966501235961914,,759,0.01258359999883396,0.003625700001066434,0.004748199999085045,0.00837390000015148,0.008761600000070757,0.017135500000222237,0.029719099999056198,175120384
2213,1305031176.5588217,data\rgbd_dataset_freiburg1_xyz\rgb\1305031123.350481.png,data\rgbd_dataset_freiburg1_xyz\depth\1305031123.350493.png,1.1920928955078125e-05,,734,0.012982399999600602,0.0037687000003643334,0.004753399998662644,0.008522099999026977,0.006408899998859852,0.014930999997886829,0.02791339999748743,175124480
2214,1305031176.5905957,data\rgbd_dataset_freiburg1_xyz\rgb\1305031123.382255.png,data\rgbd_dataset_freiburg1_xyz\depth\1305031123.382263.png,7.867813110351562e-06,,731,0.01311090000126569,0.003678000000945758,0.005091200000606477,0.008769200001552235,0.006017499999870779,0.014786700001423014,0.027897600002688705,175132672
2215,1305031176.6197035,data\rgbd_dataset_freiburg1_xyz\rgb\1305031123.411363.png,data\rgbd_dataset_freiburg1_xyz\depth\1305031123.421343.png,0.009980201721191406,,737,0.012854300000981311,0.003772199999730219,0.004816399999981513,0.008588599999711732,0.006881900000735186,0.015470500000446918,0.02832480000142823,175140864
2216,1305031176.6595957,data\rgbd_dataset_freiburg1_xyz\rgb\1305031123.451255.png,data\rgbd_dataset_freiburg1_xyz\depth\1305031123.451266.png,1.0967254638671875e-05,,713,0.01275549999991199,0.0036751000006916,0.005252999999356689,0.008928100000048289,0.006397499999366119,0.015325599999414408,0.028081099999326398,175144960
2217,1305031176.6919346,data\rgbd_dataset_freiburg1_xyz\rgb\1305031123.483594.png,data\rgbd_dataset_freiburg1_xyz\depth\1305031123.483605.png,1.0967254638671875e-05,,709,0.012851999999838881,0.0037428000014188,0.004946099999870057,0.008688900001288857,0.006287299998803064,0.014976200000091922,0.027828199999930803,175157248
2218,1305031176.7197006,data\rgbd_dataset_freiburg1_xyz\rgb\1305031123.511360.png,data\rgbd_dataset_freiburg1_xyz\depth\1305031123.519725.png,0.008365154266357422,,734,0.012751399999615387,0.0037283999990904704,0.004697700000178884,0.008426099999269354,0.006229599999642232,0.014655699998911587,0.027407099998526974,175165440
2219,1305031176.7598536,data\rgbd_dataset_freiburg1_xyz\rgb\1305031123.551513.png,data\rgbd_dataset_freiburg1_xyz\depth\1305031123.551573.png,6.008148193359375e-05,,729,0.013157700001102057,0.0035693000008905074,0.004812000001038541,0.008381300001929048,0.0068970000011177035,0.015278300003046752,0.02843600000414881,175177728
2220,1305031176.7879236,data\rgbd_dataset_freiburg1_xyz\rgb\1305031123.579583.png,data\rgbd_dataset_freiburg1_xyz\depth\1305031123.579616.png,3.314018249511719e-05,,717,0.013115799998558941,0.0037582999993901467,0.004645099999834201,0.008403399999224348,0.006721400000969879,0.015124800000194227,0.02824059999875317,175177728
2221,1305031176.8196757,data\rgbd_dataset_freiburg1_xyz\rgb\1305031123.611335.png,data\rgbd_dataset_freiburg1_xyz\depth\1305031123.620387.png,0.009052038192749023,,736,0.012948000001415494,0.003740799998922739,0.004789999999047723,0.008530799997970462,0.006451400000514695,0.014982199998485157,0.02793019999990065,175177728
2222,1305031176.8607516,data\rgbd_dataset_freiburg1_xyz\rgb\1305031123.652411.png,data\rgbd_dataset_freiburg1_xyz\depth\1305031123.652430.png,1.9073486328125e-05,,733,0.012858299998697476,0.0039729000000079395,0.0047081000011530705,0.00868100000116101,0.006545899999764515,0.015226900000925525,0.028085199999623,175185920
2223,1305031176.8920937,data\rgbd_dataset_freiburg1_xyz\rgb\1305031123.683753.png,data\rgbd_dataset_freiburg1_xyz\depth\1305031123.683785.png,3.1948089599609375e-05,,735,0.012899899998956244,0.0037111000001459615,0.005025899999964167,0.008737000000110129,0.005918999999266816,0.014655999999376945,0.02755589999833319,175185920
2224,1305031176.9196637,data\rgbd_dataset_freiburg1_xyz\rgb\1305031123.711323.png,data\rgbd_dataset_freiburg1_xyz\depth\1305031123.719975.png,0.008651971817016602,,737,0.0132685999997193,0.0037716999995609513,0.004583800000546034,0.008355500000106986,0.006834300000264193,0.015189800000371179,0.028458400000090478,175190016
2225,1305031176.9600637,data\rgbd_dataset_freiburg1_xyz\rgb\1305031123.751723.png,data\rgbd_dataset_freiburg1_xyz\depth\1305031123.751980.png,0.0002570152282714844,,715,0.01295370000116236,0.0037883000004512724,0.004633700000340468,0.00842200000079174,0.006178899999213172,0.014600900000004913,0.027554600001167273,175202304
2226,1305031176.9921987,data\rgbd_dataset_freiburg1_xyz\rgb\1305031123.783858.png,data\rgbd_dataset_freiburg1_xyz\depth\1305031123.784138.png,0.0002799034118652344,,732,0.012720499998977175,0.0035934999996243278,0.0047195999995892635,0.008313099999213591,0.0062539999998989515,0.014567099999112543,0.027287599998089718,175206400
2227,1305031177.0199487,data\rgbd_dataset_freiburg1_xyz\rgb\1305031123.811608.png,data\rgbd_dataset_freiburg1_xyz\depth\1305031123.819696.png,0.008087873458862305,,724,0.012790799999493174,0.003826899999694433,0.005106600001454353,0.008933500001148786,0.006100700000388315,0.015034200001537101,0.027825000001030276,175210496
2228,1305031177.0597847,data\rgbd_dataset_freiburg1_xyz\rgb\1305031123.851444.png,data\rgbd_dataset_freiburg1_xyz\depth\1305031123.851551.png,0.00010704994201660156,,728,0.012735700000121142,0.003712699999596225,0.004983099999662954,0.00869579999925918,0.005989199999021366,0.014684999998280546,0.027420699998401687,175218688
2229,1305031177.0921266,data\rgbd_dataset_freiburg1_xyz\rgb\1305031123.883786.png,data\rgbd_dataset_freiburg1_xyz\depth\1305031123.883819.png,3.314018249511719e-05,,733,0.012864700000136509,0.003725099999428494,0.004870100001426181,0.008595200000854675,0.006415600000764243,0.015010800001618918,0.027875500001755427,175226880
2230,1305031177.1195836,data\rgbd_dataset_freiburg1_xyz\rgb\1305031123.911243.png,data\rgbd_dataset_freiburg1_xyz\depth\1305031123.915794.png,0.004550933837890625,,731,0.01277959999970335,0.0037326999990909826,0.004494999999224092,0.008227699998315074,0.006221400000868016,0.01444909999918309,0.02722869999888644,175226880
2231,1305031177.1597826,data\rgbd_dataset_freiburg1_xyz\rgb\1305031123.951442.png,data\rgbd_dataset_freiburg1_xyz\depth\1305031123.951530.png,8.797645568847656e-05,,737,0.013038999999480438,0.003672000000733533,0.0049405999998271,0.008612600000560633,0.00632930000028864,0.014941900000849273,0.02798090000032971,175235072
2232,1305031177.1917555,data\rgbd_dataset_freiburg1_xyz\rgb\1305031123.983415.png,data\rgbd_dataset_freiburg1_xyz\depth\1305031123.983421.png,6.198883056640625e-06,,723,0.012459000001399545,0.0035940999987360556,0.004994299999452778,0.008588399998188834,0.00626640000155021,0.014854799999739043,0.02731380000113859,175239168
2233,1305031177.2196426,data\rgbd_dataset_freiburg1_xyz\rgb\1305031124.011302.png,data\rgbd_dataset_freiburg1_xyz\depth\1305031124.019737.png,0.00843501091003418,,727,0.012739300000248477,0.0036598000006051734,0.004931100000248989,0.008590900000854162,0.006813699999838718,0.01540460000069288,0.028143900000941358,175247360
2234,1305031177.2598457,data\rgbd_dataset_freiburg1_xyz\rgb\1305031124.051505.png,data\rgbd_dataset_freiburg1_xyz\depth\1305031124.051531.png,2.5987625122070312e-05,,738,0.012600099998962833,0.003905399998984649,0.004976700000042911,0.00888209999902756,0.0071755999997549225,0.016057699998782482,0.028657799997745315,175247360
2235,1305031177.2921777,data\rgbd_dataset_freiburg1_xyz\rgb\1305031124.083837.png,data\rgbd_dataset_freiburg1_xyz\depth\1305031124.083902.png,6.4849853515625e-05,,729,0.01274359999843,0.0037411999983305577,0.005122699998537428,0.008863899996867985,0.00660289999905217,0.015466799995920155,0.028210399994350155,175251456
2236,1305031177.3196716,data\rgbd_dataset_freiburg1_xyz\rgb\1305031124.111331.png,data\rgbd_dataset_freiburg1_xyz\depth\1305031124.119669.png,0.008337974548339844,,723,0.012604999999894062,0.0037867999999434687,0.004766800000652438,0.008553600000595907,0.00633910000033211,0.014892700000928016,0.02749770000082208,175255552
2237,1305031177.3557866,data\rgbd_dataset_freiburg1_xyz\rgb\1305031124.147446.png,data\rgbd_dataset_freiburg1_xyz\depth\1305031124.147458.png,1.2159347534179688e-05,,738,0.01307230000020354,0.0037776999997731764,0.004852600000958773,0.00863030000073195,0.009748600001330487,0.018378900002062437,0.03145120000226598,175259648
2238,1305031177.3910346,data\rgbd_dataset_freiburg1_xyz\rgb\1305031124.182694.png,data\rgbd_dataset_freiburg1_xyz\depth\1305031124.182707.png,1.3113021850585938e-05,,729,0.01295620000018971,0.004068300000653835,0.00463570000101754,0.008704000001671375,0.006201500000315718,0.014905500001987093,0.027861700002176804,175271936
2239,1305031177.4197366,data\rgbd_dataset_freiburg1_xyz\rgb\1305031124.211396.png,data\rgbd_dataset_freiburg1_xyz\depth\1305031124.217179.png,0.0057830810546875,,720,0.012799600001017097,0.003830999999991036,0.005067899999630754,0.00889889999962179,0.006659299999228097,0.015558199998849886,0.028357799999866984,175267840
2240,1305031177.4576676,data\rgbd_dataset_freiburg1_xyz\rgb\1305031124.249327.png,data\rgbd_dataset_freiburg1_xyz\depth\1305031124.249340.png,1.3113021850585938e-05,,726,0.012740400001348462,0.003690699999424396,0.004765600000609993,0.008456300000034389,0.006306399998720735,0.014762699998755124,0.027503100000103586,175550464
2241,1305031177.4908857,data\rgbd_dataset_freiburg1_xyz\rgb\1305031124.282545.png,data\rgbd_dataset_freiburg1_xyz\depth\1305031124.282555.png,1.0013580322265625e-05,,755,0.012976099998923019,0.003747299999304232,0.004713599999377038,0.00846089999868127,0.006401100001312443,0.014861999999993714,0.027838099998916732,175857664
2242,1305031177.5197017,data\rgbd_dataset_freiburg1_xyz\rgb\1305031124.311361.png,data\rgbd_dataset_freiburg1_xyz\depth\1305031124.316782.png,0.0054209232330322266,,718,0.01269510000020091,0.0036978999996790662,0.004724399999759044,0.00842229999943811,0.006583999998838408,0.015006299998276518,0.027701399998477427,175874048
2243,1305031177.5586946,data\rgbd_dataset_freiburg1_xyz\rgb\1305031124.350354.png,data\rgbd_dataset_freiburg1_xyz\depth\1305031124.350371.png,1.6927719116210938e-05,,730,0.012707899999440997,0.0037873999990551965,0.004536200000075041,0.008323599999130238,0.006946900000912137,0.015270500000042375,0.027978399999483372,175882240
2244,1305031177.5907607,data\rgbd_dataset_freiburg1_xyz\rgb\1305031124.382420.png,data\rgbd_dataset_freiburg1_xyz\depth\1305031124.382432.png,1.1920928955078125e-05,,749,0.013175199999750475,0.003798100000494742,0.0048451000002387445,0.008643200000733486,0.006397299999662209,0.015040500000395696,0.02821570000014617,175882240
2245,1305031177.6197796,data\rgbd_dataset_freiburg1_xyz\rgb\1305031124.411439.png,data\rgbd_dataset_freiburg1_xyz\depth\1305031124.418555.png,0.007116079330444336,,750,0.012931699999171542,0.0036277999988669762,0.005077699999674223,0.0087054999985412,0.009239600000000792,0.01794509999854199,0.030876799997713533,175886336
2246,1305031177.6585855,data\rgbd_dataset_freiburg1_xyz\rgb\1305031124.450245.png,data\rgbd_dataset_freiburg1_xyz\depth\1305031124.450256.png,1.1205673217773438e-05,,766,0.013560899998992682,0.0037878999992244644,0.005164899999726913,0.008952799998951377,0.009232200000042212,0.01818499999899359,0.03174589999798627,175890432
2247,1305031177.6884396,data\rgbd_dataset_freiburg1_xyz\rgb\1305031124.480099.png,data\rgbd_dataset_freiburg1_xyz\depth\1305031124.480126.png,2.6941299438476562e-05,,797,0.013060000001132721,0.0036725999998452608,0.004852200001550955,0.008524800001396216,0.00659059999998135,0.015115400001377566,0.028175400002510287,175894528
2248,1305031177.7196646,data\rgbd_dataset_freiburg1_xyz\rgb\1305031124.511324.png,data\rgbd_dataset_freiburg1_xyz\depth\1305031124.516737.png,0.005413055419921875,,810,0.015263100000083796,0.004596299999320763,0.005022299999836832,0.009618599999157595,0.006880499999169842,0.016499099998327438,0.031762199998411234,175902720
2249,1305031177.7587776,data\rgbd_dataset_freiburg1_xyz\rgb\1305031124.550437.png,data\rgbd_dataset_freiburg1_xyz\depth\1305031124.550503.png,6.604194641113281e-05,,819,0.012800999998944462,0.003751399999600835,0.00490189999982249,0.008653299999423325,0.008928100000048289,0.017581399999471614,0.030382399998416076,175902720
2250,1305031177.7877448,data\rgbd_dataset_freiburg1_xyz\rgb\1305031124.579404.png,data\rgbd_dataset_freiburg1_xyz\depth\1305031124.584606.png,0.005201816558837891,,840,0.012941500001034001,0.003804800000580144,0.005055999999967753,0.008860800000547897,0.00930520000110846,0.018166000001656357,0.031107500002690358,175906816
2251,1305031177.8196986,data\rgbd_dataset_freiburg1_xyz\rgb\1305031124.611358.png,data\rgbd_dataset_freiburg1_xyz\depth\1305031124.617653.png,0.006294965744018555,,845,0.013122900001690141,0.003781100000196602,0.004934299999149516,0.008715399999346118,0.00651800000014191,0.015233399999488029,0.02835630000117817,175923200
2252,1305031177.8596117,data\rgbd_dataset_freiburg1_xyz\rgb\1305031124.651271.png,data\rgbd_dataset_freiburg1_xyz\depth\1305031124.651313.png,4.1961669921875e-05,,879,0.012994400000025053,0.0037229999998089625,0.00506400000085705,0.008787000000666012,0.006758100000297418,0.01554510000096343,0.028539500000988482,175935488
2253,1305031177.8877027,data\rgbd_dataset_freiburg1_xyz\rgb\1305031124.679362.png,data\rgbd_dataset_freiburg1_xyz\depth\1305031124.685473.png,0.0061109066009521484,,933,0.012979199998881086,0.003694000000905362,0.005056099998910213,0.008750099999815575,0.00681319999966945,0.015563299999485025,0.02854249999836611,175935488
2254,1305031177.9195917,data\rgbd_dataset_freiburg1_xyz\rgb\1305031124.711251.png,data\rgbd_dataset_freiburg1_xyz\depth\1305031124.715791.png,0.004539966583251953,,956,0.01470069999959378,0.0037308999999368098,0.005019000000174856,0.008749900000111666,0.00717139999869687,0.015921299998808536,0.030621999998402316,175947776
2255,1305031177.9582307,data\rgbd_dataset_freiburg1_xyz\rgb\1305031124.749890.png,data\rgbd_dataset_freiburg1_xyz\depth\1305031124.749941.png,5.1021575927734375e-05,,957,0.0127505000000383,0.0037744000001112,0.004821500000616652,0.008595900000727852,0.006649200000538258,0.01524510000126611,0.02799560000130441,175955968
2256,1305031177.9877057,data\rgbd_dataset_freiburg1_xyz\rgb\1305031124.779365.png,data\rgbd_dataset_freiburg1_xyz\depth\1305031124.785178.png,0.005812883377075195,,999,0.012875399999757065,0.0037069000009068986,0.005089299998871866,0.008796199999778764,0.00727770000048622,0.016073900000264985,0.02894930000002205,175955968
2257,1305031178.0197005,data\rgbd_dataset_freiburg1_xyz\rgb\1305031124.811360.png,data\rgbd_dataset_freiburg1_xyz\depth\1305031124.816641.png,0.005281209945678711,,1022,0.013067099998806952,0.003685199999381439,0.005760200001532212,0.00944540000091365,0.0073827999985951465,0.016828199999508797,0.02989529999831575,175955968
2258,1305031178.0588756,data\rgbd_dataset_freiburg1_xyz\rgb\1305031124.850535.png,data\rgbd_dataset_freiburg1_xyz\depth\1305031124.850559.png,2.4080276489257812e-05,,1050,0.013164899999537738,0.0036847999999736203,0.005740399999922374,0.009425199999895995,0.010930899999948451,0.020356099999844446,0.033520999999382184,175964160
2259,1305031178.0876956,data\rgbd_dataset_freiburg1_xyz\rgb\1305031124.879355.png,data\rgbd_dataset_freiburg1_xyz\depth\1305031124.883594.png,0.004239082336425781,,1105,0.014044800000192481,0.003931900000679889,0.0058601000000635395,0.009792000000743428,0.00745920000008482,0.01725120000082825,0.03129600000102073,175968256
2260,1305031178.1197886,data\rgbd_dataset_freiburg1_xyz\rgb\1305031124.911448.png,data\rgbd_dataset_freiburg1_xyz\depth\1305031124.918770.png,0.007322072982788086,,1099,0.013130199999068282,0.003649599999334896,0.005034499999965192,0.008684099999300088,0.006555100000696257,0.015239199999996345,0.028369399999064626,175972352
2261,1305031178.1590707,data\rgbd_dataset_freiburg1_xyz\rgb\1305031124.950730.png,data\rgbd_dataset_freiburg1_xyz\depth\1305031124.950748.png,1.7881393432617188e-05,,1075,0.013225900000179536,0.003503799998725299,0.004892800001471187,0.008396600000196486,0.010281900000336464,0.01867850000053295,0.031904400000712485,175972352
2262,1305031178.1877787,data\rgbd_dataset_freiburg1_xyz\rgb\1305031124.979438.png,data\rgbd_dataset_freiburg1_xyz\depth\1305031124.986460.png,0.007021903991699219,,1084,0.01350800000000163,0.003886399999828427,0.005075799999758601,0.008962199999587028,0.010456799998792121,0.01941899999837915,0.03292699999838078,175054848
2263,1305031178.2197948,data\rgbd_dataset_freiburg1_xyz\rgb\1305031125.011454.png,data\rgbd_dataset_freiburg1_xyz\depth\1305031125.019467.png,0.008013010025024414,,1121,0.013629500001115957,0.003707800000483985,0.00493579999965732,0.008643600000141305,0.007732100000794162,0.016375700000935467,0.030005200002051424,175063040
2264,1305031178.2591035,data\rgbd_dataset_freiburg1_xyz\rgb\1305031125.050763.png,data\rgbd_dataset_freiburg1_xyz\depth\1305031125.050798.png,3.504753112792969e-05,,1166,0.013777299998764647,0.0036208000001352048,0.005428500000562053,0.009049300000697258,0.007623100000273553,0.01667240000097081,0.030449699999735458,175063040
2265,1305031178.2877047,data\rgbd_dataset_freiburg1_xyz\rgb\1305031125.079364.png,data\rgbd_dataset_freiburg1_xyz\depth\1305031125.083480.png,0.0041158199310302734,,1176,0.01417089999995369,0.003638399999545072,0.005101499999000225,0.008739899998545297,0.007408999999825028,0.016148899998370325,0.030319799998324015,175075328
2266,1305031178.3197045,data\rgbd_dataset_freiburg1_xyz\rgb\1305031125.111364.png,data\rgbd_dataset_freiburg1_xyz\depth\1305031125.119029.png,0.007665157318115234,,1205,0.01384669999970356,0.0036106999996263767,0.0058535000007395865,0.009464200000365963,0.007316799999898649,0.016781000000264612,0.030627699999968172,175079424
2267,1305031178.3593535,data\rgbd_dataset_freiburg1_xyz\rgb\1305031125.151013.png,data\rgbd_dataset_freiburg1_xyz\depth\1305031125.151037.png,2.4080276489257812e-05,,1194,0.013555300000007264,0.0039049000006343704,0.005101200000353856,0.009006100000988226,0.010700000000724685,0.019706100001712912,0.033261400001720176,175091712
2268,1305031178.3876936,data\rgbd_dataset_freiburg1_xyz\rgb\1305031125.179353.png,data\rgbd_dataset_freiburg1_xyz\depth\1305031125.187064.png,0.007710933685302734,,1197,0.014198599999872386,0.003651700000773417,0.005221699999310658,0.008873400000084075,0.007191400000010617,0.016064800000094692,0.030263399999967078,175099904
2269,1305031178.4196606,data\rgbd_dataset_freiburg1_xyz\rgb\1305031125.211320.png,data\rgbd_dataset_freiburg1_xyz\depth\1305031125.219018.png,0.00769805908203125,,1175,0.013985700001285295,0.0034290000003238674,0.005131500000061351,0.008560500000385218,0.007712199998422875,0.016272699998808093,0.03025840000009339,175104000
2270,1305031178.4589727,data\rgbd_dataset_freiburg1_xyz\rgb\1305031125.250632.png,data\rgbd_dataset_freiburg1_xyz\depth\1305031125.250642.png,1.0013580322265625e-05,,1180,0.01373769999918295,0.0036915000000590226,0.005366500001400709,0.009058000001459732,0.0072142999997595325,0.016272300001219264,0.030010000000402215,175104000
2271,1305031178.4878078,data\rgbd_dataset_freiburg1_xyz\rgb\1305031125.279467.png,data\rgbd_dataset_freiburg1_xyz\depth\1305031125.286396.png,0.006928920745849609,,1203,0.01362620000145398,0.0036491999999270774,0.005269499999485561,0.008918699999412638,0.0077676000000792556,0.016686299999491894,0.030312500000945874,175104000
2272,1305031178.5198336,data\rgbd_dataset_freiburg1_xyz\rgb\1305031125.311493.png,data\rgbd_dataset_freiburg1_xyz\depth\1305031125.319140.png,0.007647037506103516,,1206,0.013840699999491335,0.003726800001459196,0.005488499999046326,0.009215300000505522,0.007031999999526306,0.016247300000031828,0.030087999999523163,175112192
2273,1305031178.5572207,data\rgbd_dataset_freiburg1_xyz\rgb\1305031125.348880.png,data\rgbd_dataset_freiburg1_xyz\depth\1305031125.348899.png,1.8835067749023438e-05,,1226,0.013364200000069104,0.0036791000002267538,0.005175000000235741,0.008854100000462495,0.007273699999132077,0.016127799999594572,0.029491999999663676,175112192
2274,1305031178.5877416,data\rgbd_dataset_freiburg1_xyz\rgb\1305031125.379401.png,data\rgbd_dataset_freiburg1_xyz\depth\1305031125.386792.png,0.0073909759521484375,,1196,0.013598300000012387,0.0035528999997040955,0.0056882000008045,0.009241100000508595,0.006761099999494036,0.01600220000000263,0.029600500000015018,175116288
2275,1305031178.6196756,data\rgbd_dataset_freiburg1_xyz\rgb\1305031125.411335.png,data\rgbd_dataset_freiburg1_xyz\depth\1305031125.419574.png,0.008239030838012695,,1217,0.013435699998808559,0.0035763999985647388,0.005746400000134599,0.009322799998699338,0.006917699998666649,0.016240499997365987,0.029676199996174546,175124480
2276,1305031178.6595356,data\rgbd_dataset_freiburg1_xyz\rgb\1305031125.451195.png,data\rgbd_dataset_freiburg1_xyz\depth\1305031125.451232.png,3.695487976074219e-05,,1196,0.01380319999952917,0.0035380000008444767,0.004941900000630994,0.008479900001475471,0.007985300000655116,0.016465200002130587,0.030268400001659757,175128576
2277,1305031178.6877646,data\rgbd_dataset_freiburg1_xyz\rgb\1305031125.479424.png,data\rgbd_dataset_freiburg1_xyz\depth\1305031125.486999.png,0.007575035095214844,,1165,0.014549499999702675,0.003599499999836553,0.005187000000660191,0.008786500000496744,0.0075829000015801284,0.016369400002076873,0.030918900001779548,175136768
2278,1305031178.7196567,data\rgbd_dataset_freiburg1_xyz\rgb\1305031125.511316.png,data\rgbd_dataset_freiburg1_xyz\depth\1305031125.519354.png,0.008038043975830078,,1153,0.013426999999865075,0.003558500000508502,0.00548989999879268,0.009048399999301182,0.0071494000003440306,0.016197799999645213,0.029624799999510287,175149056
2279,1305031178.7593606,data\rgbd_dataset_freiburg1_xyz\rgb\1305031125.551020.png,data\rgbd_dataset_freiburg1_xyz\depth\1305031125.551050.png,3.0040740966796875e-05,,1138,0.01385150000169233,0.003385399999388028,0.005555599998842808,0.008940999998230836,0.010665499999959138,0.019606499998189975,0.033457999999882304,175165440
2280,1305031178.7876487,data\rgbd_dataset_freiburg1_xyz\rgb\1305031125.579308.png,data\rgbd_dataset_freiburg1_xyz\depth\1305031125.585303.png,0.005995035171508789,,1133,0.014011799999934738,0.003806099999565049,0.00481709999985469,0.00862319999941974,0.010309600000255159,0.0189327999996749,0.032944599999609636,175169536
2281,1305031178.8198736,data\rgbd_dataset_freiburg1_xyz\rgb\1305031125.611533.png,data\rgbd_dataset_freiburg1_xyz\depth\1305031125.617870.png,0.006337165832519531,,1148,0.01398940000035509,0.0034457000001566485,0.005391300001065247,0.008837000001221895,0.007749399999738671,0.016586400000960566,0.030575800001315656,175169536
2282,1305031178.8589156,data\rgbd_dataset_freiburg1_xyz\rgb\1305031125.650575.png,data\rgbd_dataset_freiburg1_xyz\depth\1305031125.650354.png,0.00022101402282714844,,1113,0.013660700000400539,0.003474099999948521,0.005117000000609551,0.008591100000558072,0.010688500000469503,0.019279600001027575,0.03294030000142811,175173632
2283,1305031178.8876686,data\rgbd_dataset_freiburg1_xyz\rgb\1305031125.679328.png,data\rgbd_dataset_freiburg1_xyz\depth\1305031125.684602.png,0.005274057388305664,,1176,0.01361429999997199,0.003503100000671111,0.0055685000006633345,0.009071600001334446,0.007692000001043198,0.016763600002377643,0.030377900002349634,175177728
2284,1305031178.9197836,data\rgbd_dataset_freiburg1_xyz\rgb\1305031125.711443.png,data\rgbd_dataset_freiburg1_xyz\depth\1305031125.715669.png,0.004225969314575195,,1203,0.013715600000068662,0.0035486999986460432,0.0051187999997637235,0.008667499998409767,0.007213900000351714,0.01588139999876148,0.029596999998830142,175177728
2285,1305031178.9596007,data\rgbd_dataset_freiburg1_xyz\rgb\1305031125.751260.png,data\rgbd_dataset_freiburg1_xyz\depth\1305031125.751292.png,3.1948089599609375e-05,,1207,0.013938000000052853,0.0034837000002880814,0.005623900000500726,0.009107600000788807,0.007497699998566532,0.01660529999935534,0.03054329999940819,175185920
2286,1305031178.9876885,data\rgbd_dataset_freiburg1_xyz\rgb\1305031125.779348.png,data\rgbd_dataset_freiburg1_xyz\depth\1305031125.786805.png,0.00745701789855957,,1222,0.014428200000111246,0.0034706999995250953,0.005909200001042336,0.009379900000567432,0.00740119999863964,0.016781099999207072,0.03120929999931832,175190016
2287,1305031179.0199137,data\rgbd_dataset_freiburg1_xyz\rgb\1305031125.811573.png,data\rgbd_dataset_freiburg1_xyz\depth\1305031125.819450.png,0.007876873016357422,,1191,0.013991599998917081,0.003571699999156408,0.005229599999438506,0.008801299998594914,0.007448199999998906,0.01624949999859382,0.0302410999975109,175198208
2288,1305031179.0557528,data\rgbd_dataset_freiburg1_xyz\rgb\1305031125.847412.png,data\rgbd_dataset_freiburg1_xyz\depth\1305031125.854774.png,0.007361888885498047,,1192,0.013878899999326677,0.0034989999985555187,0.005230299999311683,0.008729299997867201,0.007739200000287383,0.016468499998154584,0.03034739999748126,175210496
2289,1305031179.0876586,data\rgbd_dataset_freiburg1_xyz\rgb\1305031125.879318.png,data\rgbd_dataset_freiburg1_xyz\depth\1305031125.886645.png,0.007327079772949219,,1164,0.013801099999909638,0.0034219999997731065,0.005423700000392273,0.00884570000016538,0.007501599999159225,0.016347299999324605,0.030148399999234243,175214592
2290,1305031179.1196456,data\rgbd_dataset_freiburg1_xyz\rgb\1305031125.911305.png,data\rgbd_dataset_freiburg1_xyz\depth\1305031125.919334.png,0.008028984069824219,,1209,0.013709200000448618,0.0036208999990776647,0.004948200001308578,0.008569100000386243,0.0073659999998199055,0.015935100000206148,0.029644300000654766,175218688
2291,1305031179.1556838,data\rgbd_dataset_freiburg1_xyz\rgb\1305031125.947343.png,data\rgbd_dataset_freiburg1_xyz\depth\1305031125.955252.png,0.007908821105957031,,1186,0.01404270000057295,0.003695999999763444,0.004951999999320833,0.008647999999084277,0.008592700000008335,0.017240699999092612,0.03128339999966556,175222784
2292,1305031179.1876647,data\rgbd_dataset_freiburg1_xyz\rgb\1305031125.979324.png,data\rgbd_dataset_freiburg1_xyz\depth\1305031125.987094.png,0.00776982307434082,,1195,0.013900899999498506,0.00349129999995057,0.005735200000344776,0.009226500000295346,0.007503700000597746,0.016730200000893092,0.030631100000391598,175239168
2293,1305031179.2196736,data\rgbd_dataset_freiburg1_xyz\rgb\1305031126.011333.png,data\rgbd_dataset_freiburg1_xyz\depth\1305031126.019572.png,0.008239030838012695,,1208,0.01376690000142844,0.003651299999546609,0.005291999999826658,0.008943299999373266,0.0075266000003466615,0.016469899999719928,0.030236800001148367,175239168
2294,1305031179.2556646,data\rgbd_dataset_freiburg1_xyz\rgb\1305031126.047324.png,data\rgbd_dataset_freiburg1_xyz\depth\1305031126.055038.png,0.007714033126831055,,1227,0.013585900000180118,0.003754800000024261,0.005647300000418909,0.00940210000044317,0.00806639999973413,0.0174685000001773,0.03105440000035742,175239168
2295,1305031179.2876966,data\rgbd_dataset_freiburg1_xyz\rgb\1305031126.079356.png,data\rgbd_dataset_freiburg1_xyz\depth\1305031126.087076.png,0.007719993591308594,,1185,0.013675700000021607,0.0035010999999940395,0.00556959999994433,0.00907069999993837,0.007183000001532491,0.01625370000147086,0.029929400001492468,175239168
2296,1305031179.3197107,data\rgbd_dataset_freiburg1_xyz\rgb\1305031126.111370.png,data\rgbd_dataset_freiburg1_xyz\depth\1305031126.119452.png,0.008081912994384766,,1122,0.013477799999236595,0.0036276999999245163,0.00553080000099726,0.009158500000921777,0.007880599998316029,0.017039099999237806,0.0305168999984744,175243264
2297,1305031179.3557727,data\rgbd_dataset_freiburg1_xyz\rgb\1305031126.147432.png,data\rgbd_dataset_freiburg1_xyz\depth\1305031126.155000.png,0.007567882537841797,,1108,0.013659300000654184,0.003550600000380655,0.0047106000001804205,0.008261200000561075,0.00808829999914451,0.016349499999705586,0.03000880000035977,175251456
2298,1305031179.3877246,data\rgbd_dataset_freiburg1_xyz\rgb\1305031126.179384.png,data\rgbd_dataset_freiburg1_xyz\depth\1305031126.187174.png,0.007790088653564453,,1080,0.01380530000096769,0.0038165000005392358,0.004837000000406988,0.008653500000946224,0.007557900000392692,0.016211400001338916,0.030016700002306607,175259648
2299,1305031179.4196596,data\rgbd_dataset_freiburg1_xyz\rgb\1305031126.211319.png,data\rgbd_dataset_freiburg1_xyz\depth\1305031126.219473.png,0.008153915405273438,,1024,0.013589799998953822,0.0037863000015931902,0.004993399999875692,0.008779700001468882,0.007416899999952875,0.016196600001421757,0.02978640000037558,175263744
2300,1305031179.4556386,data\rgbd_dataset_freiburg1_xyz\rgb\1305031126.247298.png,data\rgbd_dataset_freiburg1_xyz\depth\1305031126.255236.png,0.007937908172607422,,947,0.013654799999130773,0.0036271999997552484,0.005261199999949895,0.008888399999705143,0.0073492000010446645,0.016237600000749808,0.02989239999988058,175271936
2301,1305031179.4877036,data\rgbd_dataset_freiburg1_xyz\rgb\1305031126.279363.png,data\rgbd_dataset_freiburg1_xyz\depth\1305031126.287105.png,0.007742166519165039,,940,0.01354199999877892,0.003644299998995848,0.004538199998933123,0.008182499997928971,0.006967499999518623,0.015149999997447594,0.028691999996226514,175276032
2302,1305031179.5196726,data\rgbd_dataset_freiburg1_xyz\rgb\1305031126.311332.png,data\rgbd_dataset_freiburg1_xyz\depth\1305031126.319787.png,0.008455038070678711,,903,0.013547900000048685,0.0037805000010848744,0.004950599999574479,0.008731100000659353,0.007219999999506399,0.015951100000165752,0.029499000000214437,175288320
2303,1305031179.5557036,data\rgbd_dataset_freiburg1_xyz\rgb\1305031126.347363.png,data\rgbd_dataset_freiburg1_xyz\depth\1305031126.355415.png,0.00805211067199707,,837,0.013647400000991183,0.0036847999999736203,0.004615400001057424,0.008300200001031044,0.006429600000046776,0.01472980000107782,0.028377200002069003,175292416
2304,1305031179.5877635,data\rgbd_dataset_freiburg1_xyz\rgb\1305031126.379423.png,data\rgbd_dataset_freiburg1_xyz\depth\1305031126.387483.png,0.008059978485107422,,854,0.013601000000562635,0.0038008999999874504,0.00524540000151319,0.00904630000150064,0.0068448999991232995,0.01589120000062394,0.029492200001186575,175300608
2305,1305031179.6198056,data\rgbd_dataset_freiburg1_xyz\rgb\1305031126.411465.png,data\rgbd_dataset_freiburg1_xyz\depth\1305031126.419793.png,0.008327960968017578,,773,0.013569400000051246,0.0038182999996934086,0.00489940000079514,0.008717700000488549,0.006518899999718997,0.015236600000207545,0.02880600000025879,175308800
2306,1305031179.6557016,data\rgbd_dataset_freiburg1_xyz\rgb\1305031126.447361.png,data\rgbd_dataset_freiburg1_xyz\depth\1305031126.455380.png,0.008018970489501953,,749,0.013277899999593501,0.0036450999996304745,0.00479290000112087,0.008438000000751344,0.00664380000125675,0.015081800002008094,0.028359700001601595,175308800
2307,1305031179.6878736,data\rgbd_dataset_freiburg1_xyz\rgb\1305031126.479533.png,data\rgbd_dataset_freiburg1_xyz\depth\1305031126.490386.png,0.010853052139282227,,725,0.013562699999965844,0.0037021999996795785,0.0045356999999057734,0.008237899999585352,0.006108600000516162,0.014346500000101514,0.027909200000067358,175308800
2308,1305031179.7197506,data\rgbd_dataset_freiburg1_xyz\rgb\1305031126.511410.png,data\rgbd_dataset_freiburg1_xyz\depth\1305031126.522321.png,0.010910987854003906,,718,0.013802600000417442,0.003713299998707953,0.004787399999258923,0.008500699997966876,0.006763100000171107,0.015263799998137983,0.029066399998555426,175321088
2309,1305031179.7557147,data\rgbd_dataset_freiburg1_xyz\rgb\1305031126.547374.png,data\rgbd_dataset_freiburg1_xyz\depth\1305031126.558209.png,0.010834932327270508,,727,0.013565699999162462,0.0037819999997736886,0.004841600000872859,0.008623600000646547,0.006608600000618026,0.015232200001264573,0.028797900000427035,175321088
2310,1305031179.7877946,data\rgbd_dataset_freiburg1_xyz\rgb\1305031126.579454.png,data\rgbd_dataset_freiburg1_xyz\depth\1305031126.590176.png,0.010722160339355469,,703,0.013733300000239979,0.0036849999996775296,0.005066100000476581,0.00875110000015411,0.006440400000428781,0.015191500000582892,0.02892480000082287,175321088
2311,1305031179.8198686,data\rgbd_dataset_freiburg1_xyz\rgb\1305031126.611528.png,data\rgbd_dataset_freiburg1_xyz\depth\1305031126.618687.png,0.007158994674682617,,695,0.013571100000262959,0.0037522999991779216,0.005030699998314958,0.00878299999749288,0.006798999998864019,0.015581999996356899,0.029153099996619858,175333376
2312,1305031179.8557167,data\rgbd_dataset_freiburg1_xyz\rgb\1305031126.647376.png,data\rgbd_dataset_freiburg1_xyz\depth\1305031126.654474.png,0.007097959518432617,,694,0.01322009999967122,0.0038572000012209173,0.00479309999900579,0.008650300000226707,0.006882499999846914,0.015532800000073621,0.02875289999974484,175341568
2313,1305031179.8878195,data\rgbd_dataset_freiburg1_xyz\rgb\1305031126.679479.png,data\rgbd_dataset_freiburg1_xyz\depth\1305031126.690022.png,0.010543107986450195,,677,0.013782299998638337,0.0037253000009513926,0.0047505000002274755,0.008475800001178868,0.006253800000195042,0.01472960000137391,0.028511900000012247,175349760
2314,1305031179.9199235,data\rgbd_dataset_freiburg1_xyz\rgb\1305031126.711583.png,data\rgbd_dataset_freiburg1_xyz\depth\1305031126.715770.png,0.004187107086181641,,678,0.013203900000007707,0.0035987999999633757,0.005556500000238884,0.00915530000020226,0.006401299999197363,0.015556599999399623,0.02876049999940733,175362048
2315,1305031179.9556565,data\rgbd_dataset_freiburg1_xyz\rgb\1305031126.747316.png,data\rgbd_dataset_freiburg1_xyz\depth\1305031126.755374.png,0.00805807113647461,,645,0.013423400001556729,0.0035988999989058357,0.005017700001189951,0.008616600000095787,0.006275100000493694,0.01489170000058948,0.02831510000214621,175370240
2316,1305031179.9877195,data\rgbd_dataset_freiburg1_xyz\rgb\1305031126.779379.png,data\rgbd_dataset_freiburg1_xyz\depth\1305031126.787565.png,0.008186101913452148,,650,0.013144599999577622,0.0036910999988322146,0.004586199998811935,0.00827729999764415,0.00912630000129866,0.01740359999894281,0.03054819999852043,175370240
2317,1305031180.0199428,data\rgbd_dataset_freiburg1_xyz\rgb\1305031126.811602.png,data\rgbd_dataset_freiburg1_xyz\depth\1305031126.819929.png,0.00832676887512207,,663,0.013674600000740611,0.0036554999987856718,0.004830400001083035,0.008485899999868707,0.006214099999851896,0.014699999999720603,0.028374600000461214,175370240
2318,1305031180.0556836,data\rgbd_dataset_freiburg1_xyz\rgb\1305031126.847343.png,data\rgbd_dataset_freiburg1_xyz\depth\1305031126.858378.png,0.011034965515136719,,679,0.013396000000284403,0.0037272000008670148,0.004826300000786432,0.008553500001653447,0.006898000001456239,0.015451500003109686,0.02884750000339409,175382528
2319,1305031180.0876977,data\rgbd_dataset_freiburg1_xyz\rgb\1305031126.879357.png,data\rgbd_dataset_freiburg1_xyz\depth\1305031126.888154.png,0.008796930313110352,,681,0.013608600000225124,0.00377209999896877,0.005221600000368198,0.008993699999336968,0.006177199999001459,0.015170899998338427,0.02877949999856355,175386624
2320,1305031180.1197047,data\rgbd_dataset_freiburg1_xyz\rgb\1305031126.911364.png,data\rgbd_dataset_freiburg1_xyz\depth\1305031126.919409.png,0.008044958114624023,,677,0.013143899999704445,0.0038163000008353265,0.005170099999304512,0.008986400000139838,0.005878699999811943,0.01486509999995178,0.028008999999656226,175386624
2321,1305031180.1557777,data\rgbd_dataset_freiburg1_xyz\rgb\1305031126.947437.png,data\rgbd_dataset_freiburg1_xyz\depth\1305031126.955501.png,0.008064031600952148,,686,0.013893699999243836,0.003714300000865478,0.004587899999023648,0.008302199999889126,0.006280599998717662,0.014582799998606788,0.028476499997850624,175386624
2322,1305031180.1876776,data\rgbd_dataset_freiburg1_xyz\rgb\1305031126.979337.png,data\rgbd_dataset_freiburg1_xyz\depth\1305031126.987316.png,0.00797891616821289,,685,0.014368199999807985,0.004139000000577653,0.004928199999994831,0.009067200000572484,0.005787700001746998,0.014854900002319482,0.029223100002127467,175394816
2323,1305031180.2197115,data\rgbd_dataset_freiburg1_xyz\rgb\1305031127.011371.png,data\rgbd_dataset_freiburg1_xyz\depth\1305031127.019524.png,0.008153200149536133,,693,0.013794800001051044,0.003592400000343332,0.004761899999721209,0.00835430000006454,0.00586470000052941,0.014219000000593951,0.028013800001644995,175411200
2324,1305031180.2556376,data\rgbd_dataset_freiburg1_xyz\rgb\1305031127.047297.png,data\rgbd_dataset_freiburg1_xyz\depth\1305031127.053318.png,0.006021022796630859,,684,0.01402340000095137,0.0040454999998473795,0.004983900000297581,0.00902940000014496,0.005872300000191899,0.01490170000033686,0.02892510000128823,175411200
2325,1305031180.2876396,data\rgbd_dataset_freiburg1_xyz\rgb\1305031127.079299.png,data\rgbd_dataset_freiburg1_xyz\depth\1305031127.088649.png,0.009350061416625977,,688,0.014779400000406895,0.0036325999990367563,0.004777300000569085,0.008409899999605841,0.006358599999657599,0.01476849999926344,0.029547899999670335,175419392
2326,1305031180.3197756,data\rgbd_dataset_freiburg1_xyz\rgb\1305031127.111435.png,data\rgbd_dataset_freiburg1_xyz\depth\1305031127.120963.png,0.009528160095214844,,702,0.013736099999732687,0.00366300000132469,0.004514399999607122,0.008177400000931812,0.00587199999972654,0.014049400000658352,0.02778550000039104,175427584
2327,1305031180.3556476,data\rgbd_dataset_freiburg1_xyz\rgb\1305031127.147307.png,data\rgbd_dataset_freiburg1_xyz\depth\1305031127.157692.png,0.01038503646850586,,689,0.013354200000321725,0.003632899999502115,0.004658500000005006,0.00829139999950712,0.006260000000111177,0.014551399999618297,0.027905599999940023,175431680
2328,1305031180.3876896,data\rgbd_dataset_freiburg1_xyz\rgb\1305031127.179349.png,data\rgbd_dataset_freiburg1_xyz\depth\1305031127.187500.png,0.008151054382324219,,701,0.017058699999324745,0.004620699999577482,0.005078600001070299,0.009699300000647781,0.006831600001532934,0.016530900002180715,0.03358960000150546,175443968
2329,1305031180.4200406,data\rgbd_dataset_freiburg1_xyz\rgb\1305031127.211700.png,data\rgbd_dataset_freiburg1_xyz\depth\1305031127.221831.png,0.010131120681762695,,686,0.014147800000500865,0.003686500000185333,0.004629500001101405,0.008316000001286739,0.00667309999880672,0.014989100000093458,0.029136900000594324,175443968
2330,1305031180.4557147,data\rgbd_dataset_freiburg1_xyz\rgb\1305031127.247374.png,data\rgbd_dataset_freiburg1_xyz\depth\1305031127.259761.png,0.01238703727722168,,683,0.015930699999444187,0.004637099998944905,0.004904899999019108,0.009541999997964012,0.0061903999994683545,0.015732399997432367,0.031663099996876554,175448064
2331,1305031180.4878056,data\rgbd_dataset_freiburg1_xyz\rgb\1305031127.279465.png,data\rgbd_dataset_freiburg1_xyz\depth\1305031127.287038.png,0.007573127746582031,,689,0.013279699998747674,0.003644700000222656,0.005048400000305264,0.00869310000052792,0.009464599999773782,0.018157700000301702,0.031437399999049376,175448064
2332,1305031180.5197027,data\rgbd_dataset_freiburg1_xyz\rgb\1305031127.311362.png,data\rgbd_dataset_freiburg1_xyz\depth\1305031127.320468.png,0.009105920791625977,,661,0.013708300000871532,0.0037585999998555053,0.005220999999437481,0.008979599999292986,0.006260000000111177,0.015239599999404163,0.028947900000275695,175460352
2333,1305031180.5556967,data\rgbd_dataset_freiburg1_xyz\rgb\1305031127.347356.png,data\rgbd_dataset_freiburg1_xyz\depth\1305031127.353407.png,0.006050825119018555,,689,0.016894299998966744,0.0042709999997896375,0.005398299999797018,0.009669299999586656,0.006702299999233219,0.016371599998819875,0.03326589999778662,175460352
2334,1305031180.5876026,data\rgbd_dataset_freiburg1_xyz\rgb\1305031127.379262.png,data\rgbd_dataset_freiburg1_xyz\depth\1305031127.383713.png,0.00445103645324707,,720,0.013568000000304892,0.004274199998690165,0.005030599999372498,0.009304799998062663,0.009816899999350426,0.01912169999741309,0.03268969999771798,175464448
2335,1305031180.6197116,data\rgbd_dataset_freiburg1_xyz\rgb\1305031127.411371.png,data\rgbd_dataset_freiburg1_xyz\depth\1305031127.419650.png,0.008279085159301758,,717,0.014734299998963252,0.0038605999998253537,0.005102200000692392,0.008962800000517746,0.00684709999950428,0.015809900000022026,0.030544199998985277,175472640
2336,1305031180.6556737,data\rgbd_dataset_freiburg1_xyz\rgb\1305031127.447333.png,data\rgbd_dataset_freiburg1_xyz\depth\1305031127.454246.png,0.006912946701049805,,700,0.01400649999959569,0.0035914000000047963,0.00453899999956775,0.008130399999572546,0.0066882000010082265,0.014818600000580773,0.028825100000176462,175476736
2337,1305031180.6877027,data\rgbd_dataset_freiburg1_xyz\rgb\1305031127.479362.png,data\rgbd_dataset_freiburg1_xyz\depth\1305031127.487200.png,0.007838010787963867,,706,0.013784599999780767,0.0036170999992464203,0.004479600000195205,0.008096699999441626,0.006711800000630319,0.014808500000071945,0.02859309999985271,175489024
2338,1305031180.7196968,data\rgbd_dataset_freiburg1_xyz\rgb\1305031127.511356.png,data\rgbd_dataset_freiburg1_xyz\depth\1305031127.521900.png,0.0105438232421875,,697,0.014029599999048514,0.003934399999707239,0.004827299999305978,0.008761699999013217,0.009250600000086706,0.018012299999099923,0.03204189999814844,175493120
2339,1305031180.7556887,data\rgbd_dataset_freiburg1_xyz\rgb\1305031127.547348.png,data\rgbd_dataset_freiburg1_xyz\depth\1305031127.553725.png,0.006376981735229492,,711,0.014017199999216245,0.0036404999991646037,0.004999200000384008,0.008639699999548611,0.007004199998846161,0.015643899998394772,0.029661099997611018,175505408
2340,1305031180.7876856,data\rgbd_dataset_freiburg1_xyz\rgb\1305031127.579345.png,data\rgbd_dataset_freiburg1_xyz\depth\1305031127.586632.png,0.007287025451660156,,704,0.014763200000743382,0.0036266999995859805,0.00427040000067791,0.00789710000026389,0.00653020000027027,0.01442730000053416,0.029190500001277542,175513600
2341,1305031180.8196115,data\rgbd_dataset_freiburg1_xyz\rgb\1305031127.611271.png,data\rgbd_dataset_freiburg1_xyz\depth\1305031127.620657.png,0.009386062622070312,,699,0.013589799998953822,0.003594700001485762,0.004696800000601797,0.00829150000208756,0.006284200000663986,0.014575700002751546,0.028165500001705368,175517696
2342,1305031180.8556986,data\rgbd_dataset_freiburg1_xyz\rgb\1305031127.647358.png,data\rgbd_dataset_freiburg1_xyz\depth\1305031127.654656.png,0.007297992706298828,,687,0.013374500000281841,0.003611500000261003,0.004715400000350201,0.008326900000611204,0.006439299999328796,0.01476619999994,0.02814070000022184,175521792
2343,1305031180.8876386,data\rgbd_dataset_freiburg1_xyz\rgb\1305031127.679298.png,data\rgbd_dataset_freiburg1_xyz\depth\1305031127.687110.png,0.007812023162841797,,708,0.013192300000810064,0.0037486000001081266,0.004825699999855715,0.008574299999963841,0.006323899999188143,0.014898199999151984,0.02809049999996205,175529984
2344,1305031180.9197156,data\rgbd_dataset_freiburg1_xyz\rgb\1305031127.711375.png,data\rgbd_dataset_freiburg1_xyz\depth\1305031127.723210.png,0.011835098266601562,,727,0.013177599999835365,0.003564399999959278,0.004614899999069166,0.008179299999028444,0.006715499999700114,0.014894799998728558,0.028072399998563924,175529984
2345,1305031180.9556446,data\rgbd_dataset_freiburg1_xyz\rgb\1305031127.747304.png,data\rgbd_dataset_freiburg1_xyz\depth\1305031127.754694.png,0.007390022277832031,,703,0.013509999998859712,0.0036884000001009554,0.0050926000003528316,0.008781000000453787,0.00904880000052799,0.017829800000981777,0.03133979999984149,175538176
2346,1305031180.9876866,data\rgbd_dataset_freiburg1_xyz\rgb\1305031127.779346.png,data\rgbd_dataset_freiburg1_xyz\depth\1305031127.787641.png,0.008295059204101562,,719,0.013545399999202345,0.0037044000000605593,0.004865400000198861,0.00856980000025942,0.009137900000496302,0.01770770000075572,0.03125309999995807,175542272
2347,1305031181.0201697,data\rgbd_dataset_freiburg1_xyz\rgb\1305031127.811829.png,data\rgbd_dataset_freiburg1_xyz\depth\1305031127.820128.png,0.008298873901367188,,734,0.01359500000035041,0.0036842000008618925,0.0048581999999441905,0.008542400000806083,0.010346999999455875,0.018889400000261958,0.03248440000061237,175550464
2348,1305031181.0557067,data\rgbd_dataset_freiburg1_xyz\rgb\1305031127.847366.png,data\rgbd_dataset_freiburg1_xyz\depth\1305031127.855132.png,0.007766008377075195,,725,0.014361200001076213,0.003865800001221942,0.005114400000820751,0.008980200002042693,0.006795200000851764,0.015775400002894457,0.03013660000397067,175558656
2349,1305031181.0877206,data\rgbd_dataset_freiburg1_xyz\rgb\1305031127.879380.png,data\rgbd_dataset_freiburg1_xyz\depth\1305031127.887122.png,0.0077419281005859375,,723,0.014351100000567385,0.003794700000071316,0.004591700000673882,0.008386400000745198,0.006531799999720533,0.014918200000465731,0.029269300001033116,175558656
2350,1305031181.1198165,data\rgbd_dataset_freiburg1_xyz\rgb\1305031127.911476.png,data\rgbd_dataset_freiburg1_xyz\depth\1305031127.922560.png,0.01108407974243164,,710,0.01387329999852227,0.0037084000014147023,0.004729099999167374,0.008437500000582077,0.005800000000817818,0.014237500001399894,0.028110799999922165,175562752
2351,1305031181.1557066,data\rgbd_dataset_freiburg1_xyz\rgb\1305031127.947366.png,data\rgbd_dataset_freiburg1_xyz\depth\1305031127.955088.png,0.007721900939941406,,711,0.013586799999757204,0.0037002999997639563,0.00475180000103137,0.008452100000795326,0.006131800000730436,0.014583900001525762,0.028170700001282967,175579136
2352,1305031181.1877117,data\rgbd_dataset_freiburg1_xyz\rgb\1305031127.979371.png,data\rgbd_dataset_freiburg1_xyz\depth\1305031127.987093.png,0.007721900939941406,,714,0.013274000000819797,0.003562699999747565,0.004287800000383868,0.007850500000131433,0.009052400000655325,0.016902900000786758,0.030176900001606555,175583232
2353,1305031181.2197676,data\rgbd_dataset_freiburg1_xyz\rgb\1305031128.011427.png,data\rgbd_dataset_freiburg1_xyz\depth\1305031128.021776.png,0.010349035263061523,,683,0.013617900000099326,0.0036211999995430233,0.004875999999057967,0.00849719999860099,0.006474399999206071,0.014971599997807061,0.028589499997906387,175583232
2354,1305031181.2557096,data\rgbd_dataset_freiburg1_xyz\rgb\1305031128.047369.png,data\rgbd_dataset_freiburg1_xyz\depth\1305031128.055718.png,0.008348941802978516,,699,0.016313300000547315,0.004702299998825765,0.004724399999759044,0.009426699998584809,0.009227300000929972,0.01865399999951478,0.034967300000062096,175587328
2355,1305031181.2876747,data\rgbd_dataset_freiburg1_xyz\rgb\1305031128.079334.png,data\rgbd_dataset_freiburg1_xyz\depth\1305031128.087206.png,0.007871866226196289,,698,0.013627400001496426,0.003829700001006131,0.004412700000102632,0.008242400001108763,0.005747000001065317,0.01398940000217408,0.027616800003670505,175595520
2356,1305031181.3197317,data\rgbd_dataset_freiburg1_xyz\rgb\1305031128.111391.png,data\rgbd_dataset_freiburg1_xyz\depth\1305031128.124746.png,0.013355016708374023,,689,0.013297700001203339,0.003607100001318031,0.004532499999186257,0.008139600000504288,0.006572100000994396,0.014711700001498684,0.028009400002702023,175599616
2357,1305031181.3557587,data\rgbd_dataset_freiburg1_xyz\rgb\1305031128.147418.png,data\rgbd_dataset_freiburg1_xyz\depth\1305031128.157782.png,0.010364055633544922,,692,0.013963699999294477,0.003652799998235423,0.005095799999253359,0.008748599997488782,0.00601000000096974,0.014758599998458521,0.028722299997752998,175603712
2358,1305031181.3876905,data\rgbd_dataset_freiburg1_xyz\rgb\1305031128.179350.png,data\rgbd_dataset_freiburg1_xyz\depth\1305031128.187221.png,0.007871150970458984,,699,0.013177099999666098,0.00370900000052643,0.004922900001474773,0.008631900002001203,0.006459199999881093,0.015091100001882296,0.028268200001548394,175607808
2359,1305031181.4197876,data\rgbd_dataset_freiburg1_xyz\rgb\1305031128.211447.png,data\rgbd_dataset_freiburg1_xyz\depth\1305031128.225442.png,0.013994932174682617,,678,0.013274300001285155,0.003720200000316254,0.005083899999590358,0.008804099999906612,0.006207599999470403,0.015011699999377015,0.02828600000066217,175616000
2360,1305031181.4558206,data\rgbd_dataset_freiburg1_xyz\rgb\1305031128.247480.png,data\rgbd_dataset_freiburg1_xyz\depth\1305031128.256007.png,0.008527040481567383,,682,0.013516999999410473,0.0037308999999368098,0.004955700000209617,0.008686600000146427,0.006926699999894481,0.015613300000040908,0.02913029999945138,175620096
2361,1305031181.4876766,data\rgbd_dataset_freiburg1_xyz\rgb\1305031128.279336.png,data\rgbd_dataset_freiburg1_xyz\depth\1305031128.291275.png,0.011939048767089844,,679,0.015889399999650777,0.004456200000277022,0.004661599999963073,0.009117800000240095,0.006493099999715923,0.015610899999956018,0.031500299999606796,175624192
2362,1305031181.5198236,data\rgbd_dataset_freiburg1_xyz\rgb\1305031128.311483.png,data\rgbd_dataset_freiburg1_xyz\depth\1305031128.324170.png,0.012687206268310547,,676,0.013305800001035095,0.0035634000014397316,0.004909799999950337,0.008473200001390069,0.006059299999833456,0.014532500001223525,0.02783830000225862,175636480
2363,1305031181.5557637,data\rgbd_dataset_freiburg1_xyz\rgb\1305031128.347423.png,data\rgbd_dataset_freiburg1_xyz\depth\1305031128.355206.png,0.007782936096191406,,670,0.013305099999342929,0.003471500000159722,0.004972499998984858,0.00844399999914458,0.008680200000526384,0.017124199999670964,0.030429299999013892,175640576
2364,1305031181.5877447,data\rgbd_dataset_freiburg1_xyz\rgb\1305031128.379404.png,data\rgbd_dataset_freiburg1_xyz\depth\1305031128.391397.png,0.011992931365966797,,680,0.013554299999668729,0.0036029000002599787,0.004917300000670366,0.008520200000930345,0.006677499999568681,0.015197700000499026,0.028752000000167754,175644672
2365,1305031181.6196775,data\rgbd_dataset_freiburg1_xyz\rgb\1305031128.411337.png,data\rgbd_dataset_freiburg1_xyz\depth\1305031128.423609.png,0.012272119522094727,,688,0.013388499999564374,0.0037406999999802792,0.0052007000012963545,0.008941400001276634,0.006289999999353313,0.015231400000629947,0.02861990000019432,175648768
2366,1305031181.6556365,data\rgbd_dataset_freiburg1_xyz\rgb\1305031128.447296.png,data\rgbd_dataset_freiburg1_xyz\depth\1305031128.455499.png,0.00820302963256836,,655,0.013610899999548565,0.0036784999992960365,0.004556500000035157,0.008234999999331194,0.00887229999898409,0.017107299998315284,0.03071819999786385,175648768
2367,1305031181.6876366,data\rgbd_dataset_freiburg1_xyz\rgb\1305031128.479296.png,data\rgbd_dataset_freiburg1_xyz\depth\1305031128.489523.png,0.010226964950561523,,672,0.013446300001305644,0.0038124999991850927,0.005057700000179466,0.008870199999364559,0.009495500000411994,0.018365699999776552,0.0318120000010822,175652864
2368,1305031181.7197735,data\rgbd_dataset_freiburg1_xyz\rgb\1305031128.511433.png,data\rgbd_dataset_freiburg1_xyz\depth\1305031128.523604.png,0.012171030044555664,,670,0.013754900001003989,0.0035819999993691454,0.005089899999802583,0.008671899999171728,0.006671799999821815,0.015343699998993543,0.029098599999997532,175669248
2369,1305031181.7557397,data\rgbd_dataset_freiburg1_xyz\rgb\1305031128.547399.png,data\rgbd_dataset_freiburg1_xyz\depth\1305031128.555639.png,0.008239984512329102,,679,0.014009399999849848,0.003661699998701806,0.00491870000041672,0.008580399999118526,0.006120900001405971,0.014701300000524498,0.028710700000374345,175669248
2370,1305031181.7877955,data\rgbd_dataset_freiburg1_xyz\rgb\1305031128.579455.png,data\rgbd_dataset_freiburg1_xyz\depth\1305031128.591460.png,0.012005090713500977,,665,0.013541300000724732,0.0037522999991779216,0.0047856000001047505,0.008537899999282672,0.008588500000769272,0.017126400000051945,0.030667700000776676,175673344
2371,1305031181.8197355,data\rgbd_dataset_freiburg1_xyz\rgb\1305031128.611395.png,data\rgbd_dataset_freiburg1_xyz\depth\1305031128.623368.png,0.011973142623901367,,684,0.013130199999068282,0.0036933999999746447,0.004674600000726059,0.008368000000700704,0.006279200000790297,0.014647200001491001,0.027777400000559282,175681536
2372,1305031181.8556926,data\rgbd_dataset_freiburg1_xyz\rgb\1305031128.647352.png,data\rgbd_dataset_freiburg1_xyz\depth\1305031128.655554.png,0.008202075958251953,,689,0.013385799999014125,0.0035315000004629837,0.0051533999994717306,0.008684899999934714,0.006124500001533306,0.01480940000146802,0.028195200000482146,175693824
2373,1305031181.8876226,data\rgbd_dataset_freiburg1_xyz\rgb\1305031128.679282.png,data\rgbd_dataset_freiburg1_xyz\depth\1305031128.690449.png,0.011167049407958984,,676,0.01324170000043523,0.0035843999994540354,0.005255599999145488,0.008839999998599524,0.006132200000138255,0.014972199998737779,0.02821389999917301,175697920
2374,1305031181.9197977,data\rgbd_dataset_freiburg1_xyz\rgb\1305031128.711457.png,data\rgbd_dataset_freiburg1_xyz\depth\1305031128.722976.png,0.01151895523071289,,680,0.013388200000918005,0.0037664999999833526,0.004908800001430791,0.008675300001414143,0.005863399999725516,0.01453870000113966,0.027926900002057664,175706112
2375,1305031181.9557037,data\rgbd_dataset_freiburg1_xyz\rgb\1305031128.747363.png,data\rgbd_dataset_freiburg1_xyz\depth\1305031128.754646.png,0.00728297233581543,,697,0.013183400000343681,0.003755300000193529,0.005262500000753789,0.009017800000947318,0.00646240000060061,0.015480200001547928,0.02866360000189161,175714304
