frame_index,rgb_timestamp,rgb_path,depth_path,rgb_depth_offset_s,rgb_ground_truth_offset_s,point_count,rgbd_read_runtime_s,preprocessing_runtime_s,registration_runtime_s,compute_runtime_s,input_to_pose_runtime_s,process_rss_bytes_after_frame
0,1305031102.175304,data\rgbd_dataset_freiburg1_xyz\rgb\1305031102.175304.png,data\rgbd_dataset_freiburg1_xyz\depth\1305031102.160407.png,0.014896869659423828,0.0004961490631103516,1286,0.01578449999942677,0.001972800000658026,0.0,0.001972800000658026,0.017757300000084797,71065600
1,1305031102.211214,data\rgbd_dataset_freiburg1_xyz\rgb\1305031102.211214.png,data\rgbd_dataset_freiburg1_xyz\depth\1305031102.226738.png,0.015523910522460938,0.004685878753662109,1294,0.008074999999735155,0.00193319999925734,0.035782900000413065,0.037716099999670405,0.04579109999940556,71065600
2,1305031102.275326,data\rgbd_dataset_freiburg1_xyz\rgb\1305031102.275326.png,data\rgbd_dataset_freiburg1_xyz\depth\1305031102.262886.png,0.012439966201782227,0.00047397613525390625,1181,0.00871480000023439,0.0019009000006917631,0.01897610000014538,0.020877000000837143,0.029591800001071533,71081984
3,1305031102.311267,data\rgbd_dataset_freiburg1_xyz\rgb\1305031102.311267.png,data\rgbd_dataset_freiburg1_xyz\depth\1305031102.295279.png,0.015987873077392578,0.004533052444458008,1158,0.008795400000963127,0.0016406999984610593,0.015418700000736862,0.01705939999919792,0.02585480000016105,71196672
4,1305031102.343233,data\rgbd_dataset_freiburg1_xyz\rgb\1305031102.343233.png,data\rgbd_dataset_freiburg1_xyz\depth\1305031102.329195.png,0.0140380859375,0.002566814422607422,1047,0.00849469999957364,0.0016504999985045288,0.00982309999926656,0.011473599997771089,0.01996829999734473,71098368
5,1305031102.375329,data\rgbd_dataset_freiburg1_xyz\rgb\1305031102.375329.png,data\rgbd_dataset_freiburg1_xyz\depth\1305031102.363013.png,0.012315988540649414,0.00047087669372558594,1067,0.010317500000383006,0.0017552000008436153,0.008415899999818066,0.010171100000661681,0.020488600001044688,71155712
6,1305031102.411258,data\rgbd_dataset_freiburg1_xyz\rgb\1305031102.411258.png,data\rgbd_dataset_freiburg1_xyz\depth\1305031102.394772.png,0.016485929489135742,0.004642009735107422,1031,0.008288799999718321,0.0016780000005383044,0.006491000000096392,0.008169000000634696,0.016457800000353018,71151616
7,1305031102.443271,data\rgbd_dataset_freiburg1_xyz\rgb\1305031102.443271.png,data\rgbd_dataset_freiburg1_xyz\depth\1305031102.427815.png,0.015455961227416992,0.002529144287109375,1005,0.008380500001294422,0.0015934000002744142,0.009908300000461168,0.011501700000735582,0.019882200002030004,71786496
8,1305031102.475318,data\rgbd_dataset_freiburg1_xyz\rgb\1305031102.475318.png,data\rgbd_dataset_freiburg1_xyz\depth\1305031102.462395.png,0.012923002243041992,0.0004820823669433594,1017,0.008353999999599182,0.0016178999994735932,0.014075799999773153,0.015693699999246746,0.02404769999884593,71176192
9,1305031102.511219,data\rgbd_dataset_freiburg1_xyz\rgb\1305031102.511219.png,data\rgbd_dataset_freiburg1_xyz\depth\1305031102.526330.png,0.015110969543457031,0.0046808719635009766,930,0.008482199998979922,0.0018813000006048242,0.008258600000772276,0.0101399000013771,0.018622100000357023,71151616
10,1305031102.575286,data\rgbd_dataset_freiburg1_xyz\rgb\1305031102.575286.png,data\rgbd_dataset_freiburg1_xyz\depth\1305031102.562224.png,0.013062000274658203,0.000614166259765625,883,0.008527300000423566,0.0015973999998095678,0.009985900000174297,0.011583299999983865,0.02011060000040743,71278592
11,1305031102.611233,data\rgbd_dataset_freiburg1_xyz\rgb\1305031102.611233.png,data\rgbd_dataset_freiburg1_xyz\depth\1305031102.626818.png,0.015584945678710938,0.004667043685913086,842,0.008103100000880659,0.001711099999738508,0.012343700000201352,0.01405479999993986,0.02215790000082052,71229440
12,1305031102.675285,data\rgbd_dataset_freiburg1_xyz\rgb\1305031102.675285.png,data\rgbd_dataset_freiburg1_xyz\depth\1305031102.663273.png,0.012012004852294922,0.0006148815155029297,794,0.008486400000037975,0.0015644000013708137,0.003960500000175671,0.005524900001546484,0.014011300001584459,71835648
13,1305031102.711263,data\rgbd_dataset_freiburg1_xyz\rgb\1305031102.711263.png,data\rgbd_dataset_freiburg1_xyz\depth\1305031102.695165.png,0.0160980224609375,0.004637002944946289,779,0.008069499999692198,0.0015353999988292344,0.004903900000499561,0.006439299999328796,0.014508799999020994,71245824
14,1305031102.743234,data\rgbd_dataset_freiburg1_xyz\rgb\1305031102.743234.png,data\rgbd_dataset_freiburg1_xyz\depth\1305031102.728423.png,0.014810800552368164,0.002566099166870117,747,0.008001599999261089,0.0015524000009463634,0.004858899999817368,0.006411300000763731,0.01441290000002482,71172096
15,1305031102.775472,data\rgbd_dataset_freiburg1_xyz\rgb\1305031102.775472.png,data\rgbd_dataset_freiburg1_xyz\depth\1305031102.763549.png,0.011922836303710938,0.00032806396484375,791,0.008144900000843336,0.001680100000157836,0.0044434000010369346,0.0061235000011947704,0.014268400002038106,71270400
16,1305031102.811232,data\rgbd_dataset_freiburg1_xyz\rgb\1305031102.811232.png,data\rgbd_dataset_freiburg1_xyz\depth\1305031102.794978.png,0.016254186630249023,0.004667997360229492,765,0.008321600000272156,0.001610600000276463,0.005251699998552795,0.006862299998829258,0.015183899999101413,71909376
17,1305031102.84329,data\rgbd_dataset_freiburg1_xyz\rgb\1305031102.843290.png,data\rgbd_dataset_freiburg1_xyz\depth\1305031102.828537.png,0.014753103256225586,0.0025098323822021484,698,0.008244300001024385,0.001883500000985805,0.0035410000000410946,0.0054245000010268996,0.013668800002051285,71258112
18,1305031102.875363,data\rgbd_dataset_freiburg1_xyz\rgb\1305031102.875363.png,data\rgbd_dataset_freiburg1_xyz\depth\1305031102.862808.png,0.012555122375488281,0.0004367828369140625,718,0.009203099998558173,0.002036599998973543,0.004919599999993807,0.0069561999989673495,0.016159299997525522,71806976
19,1305031102.911185,data\rgbd_dataset_freiburg1_xyz\rgb\1305031102.911185.png,data\rgbd_dataset_freiburg1_xyz\depth\1305031102.926851.png,0.01566600799560547,0.0047149658203125,679,0.007972400000653579,0.0016274000008706935,0.007432499998685671,0.009059899999556364,0.017032300000209943,71282688
20,1305031102.975203,data\rgbd_dataset_freiburg1_xyz\rgb\1305031102.975203.png,data\rgbd_dataset_freiburg1_xyz\depth\1305031102.962137.png,0.01306605339050293,0.0006968975067138672,649,0.008333100000527338,0.001567500001328881,0.005926799998633214,0.007494299999962095,0.015827400000489433,71258112
21,1305031103.011215,data\rgbd_dataset_freiburg1_xyz\rgb\1305031103.011215.png,data\rgbd_dataset_freiburg1_xyz\depth\1305031102.994164.png,0.017050981521606445,0.004684925079345703,671,0.00952540000071167,0.0019371999987924937,0.005178800000066985,0.007115999998859479,0.01664139999957115,71286784
22,1305031103.043227,data\rgbd_dataset_freiburg1_xyz\rgb\1305031103.043227.png,data\rgbd_dataset_freiburg1_xyz\depth\1305031103.027881.png,0.015346050262451172,0.0025730133056640625,653,0.011455199999545584,0.002118799999152543,0.008461600000373437,0.01058039999952598,0.022035599999071565,71380992
23,1305031103.075319,data\rgbd_dataset_freiburg1_xyz\rgb\1305031103.075319.png,data\rgbd_dataset_freiburg1_xyz\depth\1305031103.062273.png,0.013046026229858398,0.00048089027404785156,632,0.011300399999527144,0.002169399998820154,0.004656099999920116,0.00682549999874027,0.018125899998267414,71524352
24,1305031103.11124,data\rgbd_dataset_freiburg1_xyz\rgb\1305031103.111240.png,data\rgbd_dataset_freiburg1_xyz\depth\1305031103.094040.png,0.017199993133544922,0.004559993743896484,623,0.00924480000139738,0.001886699999886332,0.0038009999989299104,0.0056876999988162424,0.014932500000213622,71467008
25,1305031103.143318,data\rgbd_dataset_freiburg1_xyz\rgb\1305031103.143318.png,data\rgbd_dataset_freiburg1_xyz\depth\1305031103.129109.png,0.01420903205871582,0.002582073211669922,623,0.00875359999918146,0.0017786999997042585,0.002934399999503512,0.0047130999992077705,0.013466699998389231,71467008
26,1305031103.175452,data\rgbd_dataset_freiburg1_xyz\rgb\1305031103.175452.png,data\rgbd_dataset_freiburg1_xyz\depth\1305031103.162795.png,0.012656927108764648,0.00034809112548828125,594,0.008349100000486942,0.0016550000000279397,0.0065520999996806495,0.00820709999970859,0.01655620000019553,71483392
27,1305031103.243216,data\rgbd_dataset_freiburg1_xyz\rgb\1305031103.243216.png,data\rgbd_dataset_freiburg1_xyz\depth\1305031103.227845.png,0.015371084213256836,0.0025839805603027344,581,0.009249400000044261,0.0018605000004754402,0.006078399999751127,0.007938900000226567,0.01718830000027083,71499776
28,1305031103.27537,data\rgbd_dataset_freiburg1_xyz\rgb\1305031103.275370.png,data\rgbd_dataset_freiburg1_xyz\depth\1305031103.262576.png,0.012793779373168945,0.00043010711669921875,545,0.011044200000469573,0.0024427000007563038,0.0046987000005174195,0.007141400001273723,0.018185600001743296,71380992
29,1305031103.31121,data\rgbd_dataset_freiburg1_xyz\rgb\1305031103.311210.png,data\rgbd_dataset_freiburg1_xyz\depth\1305031103.294208.png,0.017001867294311523,0.004590034484863281,532,0.010405699998955242,0.002206299999670591,0.0054245000010268996,0.007630800000697491,0.018036499999652733,71360512
30,1305031103.343223,data\rgbd_dataset_freiburg1_xyz\rgb\1305031103.343223.png,data\rgbd_dataset_freiburg1_xyz\depth\1305031103.327550.png,0.015673160552978516,0.0026769638061523438,531,0.00904629999968165,0.0017250999990210403,0.003886399999828427,0.005611499998849467,0.014657799998531118,71348224
31,1305031103.375327,data\rgbd_dataset_freiburg1_xyz\rgb\1305031103.375327.png,data\rgbd_dataset_freiburg1_xyz\depth\1305031103.362405.png,0.012922048568725586,0.0005729198455810547,511,0.010372999999162857,0.0018596999998408137,0.002237500000774162,0.004097200000614976,0.014470199999777833,71344128
32,1305031103.41126,data\rgbd_dataset_freiburg1_xyz\rgb\1305031103.411260.png,data\rgbd_dataset_freiburg1_xyz\depth\1305031103.394162.png,0.017097949981689453,0.004540205001831055,503,0.010777499999676365,0.0018927000000985572,0.0029942999990453245,0.004886999999143882,0.015664499998820247,71352320
33,1305031103.44328,data\rgbd_dataset_freiburg1_xyz\rgb\1305031103.443280.png,data\rgbd_dataset_freiburg1_xyz\depth\1305031103.428437.png,0.014842987060546875,0.0025200843811035156,502,0.009510699999736971,0.0019722999986697687,0.0025502000007691095,0.004522499999438878,0.01403319999917585,71286784
34,1305031103.475274,data\rgbd_dataset_freiburg1_xyz\rgb\1305031103.475274.png,data\rgbd_dataset_freiburg1_xyz\depth\1305031103.463886.png,0.011388063430786133,0.0006258487701416016,519,0.009914199999911943,0.0018583000000944594,0.003276499999628868,0.005134799999723327,0.01504899999963527,71344128
35,1305031103.511333,data\rgbd_dataset_freiburg1_xyz\rgb\1305031103.511333.png,data\rgbd_dataset_freiburg1_xyz\depth\1305031103.494472.png,0.0168609619140625,0.004667043685913086,525,0.012388499999360647,0.00221620000047551,0.004027000000860426,0.006243200001335936,0.018631700000696583,71368704
36,1305031103.543444,data\rgbd_dataset_freiburg1_xyz\rgb\1305031103.543444.png,data\rgbd_dataset_freiburg1_xyz\depth\1305031103.531502.png,0.011941909790039062,0.0023560523986816406,536,0.010225099998933729,0.0018404000002192333,0.002985300001455471,0.004825700001674704,0.015050800000608433,71491584
37,1305031103.575474,data\rgbd_dataset_freiburg1_xyz\rgb\1305031103.575474.png,data\rgbd_dataset_freiburg1_xyz\depth\1305031103.562651.png,0.012823104858398438,0.0004260540008544922,544,0.01080549999824143,0.002024199999141274,0.0034278999992238823,0.005452099998365156,0.016257599996606587,71495680
38,1305031103.611223,data\rgbd_dataset_freiburg1_xyz\rgb\1305031103.611223.png,data\rgbd_dataset_freiburg1_xyz\depth\1305031103.595310.png,0.015913009643554688,0.0046770572662353516,570,0.011397500000384753,0.0021348999998735962,0.0041877999992721016,0.006322699999145698,0.01772019999953045,71507968
39,1305031103.643445,data\rgbd_dataset_freiburg1_xyz\rgb\1305031103.643445.png,data\rgbd_dataset_freiburg1_xyz\depth\1305031103.631376.png,0.012068986892700195,0.0023550987243652344,615,0.008402199999181903,0.0020472999985940987,0.004097400000318885,0.006144699998912984,0.014546899998094887,71532544
40,1305031103.675523,data\rgbd_dataset_freiburg1_xyz\rgb\1305031103.675523.png,data\rgbd_dataset_freiburg1_xyz\depth\1305031103.663594.png,0.011929035186767578,0.0002770423889160156,644,0.012186300000394112,0.0026325999988330295,0.007111400000212598,0.009743999999045627,0.02193029999943974,71557120
41,1305031103.71161,data\rgbd_dataset_freiburg1_xyz\rgb\1305031103.711610.png,data\rgbd_dataset_freiburg1_xyz\depth\1305031103.694695.png,0.016915082931518555,0.004189968109130859,662,0.013092399998640758,0.0027728000004572095,0.006380300001183059,0.009153100001640269,0.022245500000281027,71548928
42,1305031103.743326,data\rgbd_dataset_freiburg1_xyz\rgb\1305031103.743326.png,data\rgbd_dataset_freiburg1_xyz\depth\1305031103.731542.png,0.011783838272094727,0.002474069595336914,679,0.009499300000243238,0.0017225999999936903,0.005954699998255819,0.007677299998249509,0.017176599998492748,71569408
43,1305031103.775342,data\rgbd_dataset_freiburg1_xyz\rgb\1305031103.775342.png,data\rgbd_dataset_freiburg1_xyz\depth\1305031103.762865.png,0.012476921081542969,0.00045800209045410156,734,0.011002999999618623,0.0023468999988836003,0.0056851999997888925,0.008032099998672493,0.019035099998291116,71622656
44,1305031103.811242,data\rgbd_dataset_freiburg1_xyz\rgb\1305031103.811242.png,data\rgbd_dataset_freiburg1_xyz\depth\1305031103.794329.png,0.016913175582885742,0.0046579837799072266,727,0.011419099999329774,0.00246789999982866,0.008428000001003966,0.010895900000832626,0.0223150000001624,71639040
45,1305031103.843251,data\rgbd_dataset_freiburg1_xyz\rgb\1305031103.843251.png,data\rgbd_dataset_freiburg1_xyz\depth\1305031103.830367.png,0.012883901596069336,0.0025489330291748047,742,0.012735700000121142,0.0024486000002070796,0.006760599999324768,0.009209199999531847,0.02194489999965299,71659520
46,1305031103.875361,data\rgbd_dataset_freiburg1_xyz\rgb\1305031103.875361.png,data\rgbd_dataset_freiburg1_xyz\depth\1305031103.862379.png,0.012981891632080078,0.00043892860412597656,760,0.0104907999993884,0.002123200001733494,0.007040200000119512,0.009163400001853006,0.019654200001241406,71671808
47,1305031103.911221,data\rgbd_dataset_freiburg1_xyz\rgb\1305031103.911221.png,data\rgbd_dataset_freiburg1_xyz\depth\1305031103.894237.png,0.016983985900878906,0.004579067230224609,774,0.00881180000033055,0.00210739999965881,0.008947000000262051,0.01105439999992086,0.01986620000025141,71720960
48,1305031103.943211,data\rgbd_dataset_freiburg1_xyz\rgb\1305031103.943211.png,data\rgbd_dataset_freiburg1_xyz\depth\1305031103.930503.png,0.012708187103271484,0.002588987350463867,818,0.01084909999917727,0.0022093999996286584,0.011298299999907613,0.013507699999536271,0.02435679999871354,71708672
49,1305031103.975373,data\rgbd_dataset_freiburg1_xyz\rgb\1305031103.975373.png,data\rgbd_dataset_freiburg1_xyz\depth\1305031103.962461.png,0.01291203498840332,0.00042700767517089844,853,0.010925900000074762,0.002324499999303953,0.00836429999981192,0.010688799999115872,0.021614699999190634,71745536
50,1305031104.011232,data\rgbd_dataset_freiburg1_xyz\rgb\1305031104.011232.png,data\rgbd_dataset_freiburg1_xyz\depth\1305031103.994365.png,0.01686692237854004,0.0045680999755859375,921,0.011436400000093272,0.0021575999999186024,0.0074242999999114545,0.009581899999830057,0.02101829999992333,72384512
51,1305031104.043249,data\rgbd_dataset_freiburg1_xyz\rgb\1305031104.043249.png,data\rgbd_dataset_freiburg1_xyz\depth\1305031104.030279.png,0.012969970703125,0.0025510787963867188,913,0.010128699999768287,0.0018918999994639307,0.008486900000207243,0.010378799999671173,0.02050749999943946,71741440
52,1305031104.075425,data\rgbd_dataset_freiburg1_xyz\rgb\1305031104.075425.png,data\rgbd_dataset_freiburg1_xyz\depth\1305031104.062542.png,0.01288294792175293,0.00047516822814941406,981,0.010434399999212474,0.0025193000001308974,0.012696699999651173,0.01521599999978207,0.025650399998994544,71847936
53,1305031104.111235,data\rgbd_dataset_freiburg1_xyz\rgb\1305031104.111235.png,data\rgbd_dataset_freiburg1_xyz\depth\1305031104.095305.png,0.0159299373626709,0.004565000534057617,990,0.011220399999729125,0.0023772000004100846,0.008963099999164115,0.0113402999995742,0.022560699999303324,72527872
54,1305031104.14323,data\rgbd_dataset_freiburg1_xyz\rgb\1305031104.143230.png,data\rgbd_dataset_freiburg1_xyz\depth\1305031104.131292.png,0.011937856674194336,0.0025701522827148438,1020,0.008541600000171456,0.0018872999989980599,0.010596600001008483,0.012483900000006543,0.021025500000178,72474624
55,1305031104.175424,data\rgbd_dataset_freiburg1_xyz\rgb\1305031104.175424.png,data\rgbd_dataset_freiburg1_xyz\depth\1305031104.163440.png,0.011984109878540039,0.00037598609924316406,1053,0.008689900001627393,0.0014602000010199845,0.009337800000139396,0.01079800000115938,0.019487900002786773,72499200
56,1305031104.211283,data\rgbd_dataset_freiburg1_xyz\rgb\1305031104.211283.png,data\rgbd_dataset_freiburg1_xyz\depth\1305031104.194053.png,0.01723003387451172,0.004616975784301758,1026,0.010656100001142477,0.0015284999990399228,0.008953200000178185,0.010481699999218108,0.021137800000360585,72417280
57,1305031104.243196,data\rgbd_dataset_freiburg1_xyz\rgb\1305031104.243196.png,data\rgbd_dataset_freiburg1_xyz\depth\1305031104.227247.png,0.015949010848999023,0.0026040077209472656,1104,0.008955000001151348,0.0019778000005317153,0.016235799999776646,0.01821360000030836,0.02716860000145971,72540160
58,1305031104.275546,data\rgbd_dataset_freiburg1_xyz\rgb\1305031104.275546.png,data\rgbd_dataset_freiburg1_xyz\depth\1305031104.263335.png,0.012211084365844727,0.00035381317138671875,1131,0.0079818999984127,0.0015375000002677552,0.011739900000975467,0.013277400001243223,0.021259299999655923,72474624
59,1305031104.311219,data\rgbd_dataset_freiburg1_xyz\rgb\1305031104.311219.png,data\rgbd_dataset_freiburg1_xyz\depth\1305031104.294957.png,0.016262054443359375,0.004580974578857422,1159,0.00797229999989213,0.0014496000003418885,0.00885769999877084,0.010307299999112729,0.01827959999900486,72552448
60,1305031104.343342,data\rgbd_dataset_freiburg1_xyz\rgb\1305031104.343342.png,data\rgbd_dataset_freiburg1_xyz\depth\1305031104.331403.png,0.011939048767089844,0.0026578903198242188,1205,0.007822600000508828,0.001631999999517575,0.011265900000580586,0.012897900000098161,0.02072050000060699,72540160
61,1305031104.375837,data\rgbd_dataset_freiburg1_xyz\rgb\1305031104.375837.png,data\rgbd_dataset_freiburg1_xyz\depth\1305031104.363345.png,0.012492179870605469,3.719329833984375e-05,1215,0.008006500000192318,0.001495799999247538,0.00901270000031218,0.010508499999559717,0.018514999999752035,72470528
62,1305031104.411509,data\rgbd_dataset_freiburg1_xyz\rgb\1305031104.411509.png,data\rgbd_dataset_freiburg1_xyz\depth\1305031104.395019.png,0.01648998260498047,0.004291057586669922,1216,0.008067500000834116,0.0014807999996264698,0.00981839999985823,0.0112991999994847,0.019366700000318815,72495104
63,1305031104.443288,data\rgbd_dataset_freiburg1_xyz\rgb\1305031104.443288.png,data\rgbd_dataset_freiburg1_xyz\depth\1305031104.431435.png,0.01185297966003418,0.0025119781494140625,1255,0.007831200000509853,0.0016557999988435768,0.01213859999916167,0.013794399998005247,0.0216255999985151,72609792
64,1305031104.475456,data\rgbd_dataset_freiburg1_xyz\rgb\1305031104.475456.png,data\rgbd_dataset_freiburg1_xyz\depth\1305031104.463413.png,0.012042999267578125,0.0003440380096435547,1233,0.008412799999859999,0.0015975000005710172,0.005759900001066853,0.0073574000016378704,0.01577020000149787,72527872
65,1305031104.511329,data\rgbd_dataset_freiburg1_xyz\rgb\1305031104.511329.png,data\rgbd_dataset_freiburg1_xyz\depth\1305031104.495673.png,0.015655994415283203,0.0044710636138916016,1245,0.007880900000600377,0.00156290000086301,0.008096100000329898,0.009659000001192908,0.017539900001793285,72511488
66,1305031104.543368,data\rgbd_dataset_freiburg1_xyz\rgb\1305031104.543368.png,data\rgbd_dataset_freiburg1_xyz\depth\1305031104.531450.png,0.011918067932128906,0.0024318695068359375,1315,0.008065899999564863,0.0017385999999532942,0.009969300001102965,0.01170790000105626,0.019773800000621122,72658944
67,1305031104.575343,data\rgbd_dataset_freiburg1_xyz\rgb\1305031104.575343.png,data\rgbd_dataset_freiburg1_xyz\depth\1305031104.563149.png,0.012193918228149414,0.0004570484161376953,1399,0.00808129999859375,0.0016066999996837694,0.015417499998875428,0.017024199998559197,0.025105499997152947,72642560
68,1305031104.611336,data\rgbd_dataset_freiburg1_xyz\rgb\1305031104.611336.png,data\rgbd_dataset_freiburg1_xyz\depth\1305031104.595033.png,0.016303062438964844,0.004564046859741211,1447,0.008778800000072806,0.0018689000007725554,0.02036260000022594,0.022231500000998494,0.0310103000010713,72630272
69,1305031104.643243,data\rgbd_dataset_freiburg1_xyz\rgb\1305031104.643243.png,data\rgbd_dataset_freiburg1_xyz\depth\1305031104.631368.png,0.011875152587890625,0.002557039260864258,1565,0.0121238000010635,0.001997599998503574,0.020172200000160956,0.02216979999866453,0.03429359999972803,72859648
70,1305031104.675525,data\rgbd_dataset_freiburg1_xyz\rgb\1305031104.675525.png,data\rgbd_dataset_freiburg1_xyz\depth\1305031104.659863.png,0.015661954879760742,0.0003750324249267578,1622,0.010518500001126085,0.001941300000908086,0.026178000000072643,0.02811930000098073,0.038637800002106815,72146944
71,1305031104.711277,data\rgbd_dataset_freiburg1_xyz\rgb\1305031104.711277.png,data\rgbd_dataset_freiburg1_xyz\depth\1305031104.695185.png,0.01609206199645996,0.004523038864135742,1683,0.008230600000388222,0.0028268000005482463,0.0425850999999966,0.04541190000054485,0.05364250000093307,72708096
72,1305031104.74328,data\rgbd_dataset_freiburg1_xyz\rgb\1305031104.743280.png,data\rgbd_dataset_freiburg1_xyz\depth\1305031104.730936.png,0.012343883514404297,0.0025200843811035156,1781,0.008607499999925494,0.0016881999999895925,0.026857000000745757,0.02854520000073535,0.03715270000066084,73076736
73,1305031104.775327,data\rgbd_dataset_freiburg1_xyz\rgb\1305031104.775327.png,data\rgbd_dataset_freiburg1_xyz\depth\1305031104.763178.png,0.012148857116699219,0.0004730224609375,1870,0.008454700000584126,0.001685699999143253,0.03773250000085682,0.03941820000000007,0.047872900000584195,73003008
74,1305031104.811465,data\rgbd_dataset_freiburg1_xyz\rgb\1305031104.811465.png,data\rgbd_dataset_freiburg1_xyz\depth\1305031104.799499.png,0.01196599006652832,0.004334926605224609,1952,0.008255799999460578,0.0016497999986313516,0.04773079999904439,0.049380599997675745,0.05763639999713632,72466432
75,1305031104.843258,data\rgbd_dataset_freiburg1_xyz\rgb\1305031104.843258.png,data\rgbd_dataset_freiburg1_xyz\depth\1305031104.830961.png,0.012296915054321289,0.0025420188903808594,1990,0.008624900001450442,0.001698699999906239,0.04814559999977064,0.04984429999967688,0.05846920000112732,72495104
76,1305031104.87535,data\rgbd_dataset_freiburg1_xyz\rgb\1305031104.875350.png,data\rgbd_dataset_freiburg1_xyz\depth\1305031104.863256.png,0.01209402084350586,0.00044989585876464844,2111,0.008554999998523272,0.0019106999989162432,0.04765090000000782,0.049561599998924066,0.05811659999744734,72622080
77,1305031104.911534,data\rgbd_dataset_freiburg1_xyz\rgb\1305031104.911534.png,data\rgbd_dataset_freiburg1_xyz\depth\1305031104.899165.png,0.012369155883789062,0.004266023635864258,2097,0.008657500000481377,0.001673000000664615,0.013213000000177999,0.014886000000842614,0.02354350000132399,72531968
78,1305031104.943262,data\rgbd_dataset_freiburg1_xyz\rgb\1305031104.943262.png,data\rgbd_dataset_freiburg1_xyz\depth\1305031104.931091.png,0.012171030044555664,0.002537965774536133,2067,0.009084700001039892,0.001663699998971424,0.009087099999305792,0.010750799998277216,0.019835499999317108,72540160
79,1305031104.975202,data\rgbd_dataset_freiburg1_xyz\rgb\1305031104.975202.png,data\rgbd_dataset_freiburg1_xyz\depth\1305031104.959750.png,0.015452146530151367,0.0006978511810302734,2051,0.008826599998428719,0.0017590999996173196,0.010596399999485584,0.012355499999102904,0.021182099997531623,72540160
80,1305031105.01129,data\rgbd_dataset_freiburg1_xyz\rgb\1305031105.011290.png,data\rgbd_dataset_freiburg1_xyz\depth\1305031104.998342.png,0.012948036193847656,0.004509925842285156,2077,0.008926700000301935,0.0020012000004498987,0.009106499999688822,0.01110770000013872,0.020034400000440655,72515584
81,1305031105.043373,data\rgbd_dataset_freiburg1_xyz\rgb\1305031105.043373.png,data\rgbd_dataset_freiburg1_xyz\depth\1305031105.030427.png,0.012946128845214844,0.0024268627166748047,2053,0.00918909999927564,0.0016974000009213341,0.015087400000993512,0.016784800001914846,0.025973900001190486,72527872
82,1305031105.07532,data\rgbd_dataset_freiburg1_xyz\rgb\1305031105.075320.png,data\rgbd_dataset_freiburg1_xyz\depth\1305031105.062445.png,0.012875080108642578,0.0004799365997314453,1994,0.009434699999474105,0.0017825999984779628,0.03638210000099207,0.03816469999947003,0.047599399998944136,73105408
83,1305031105.111299,data\rgbd_dataset_freiburg1_xyz\rgb\1305031105.111299.png,data\rgbd_dataset_freiburg1_xyz\depth\1305031105.097639.png,0.013659954071044922,0.004500865936279297,1953,0.008731300000363262,0.0017516999996587401,0.02222330000040529,0.02397500000006403,0.03270630000042729,72581120
84,1305031105.143106,data\rgbd_dataset_freiburg1_xyz\rgb\1305031105.143106.png,data\rgbd_dataset_freiburg1_xyz\depth\1305031105.130269.png,0.012836933135986328,0.0026941299438476562,1907,0.008668400001624832,0.0017293000000790926,0.012327999998888117,0.01405729999896721,0.022725700000592042,72560640
85,1305031105.175159,data\rgbd_dataset_freiburg1_xyz\rgb\1305031105.175159.png,data\rgbd_dataset_freiburg1_xyz\depth\1305031105.159979.png,0.015179872512817383,0.0006411075592041016,1816,0.008399199999985285,0.0017372999991493998,0.018859300000258372,0.020596599999407772,0.028995799999393057,72503296
86,1305031105.211268,data\rgbd_dataset_freiburg1_xyz\rgb\1305031105.211268.png,data\rgbd_dataset_freiburg1_xyz\depth\1305031105.198212.png,0.013056039810180664,0.004631996154785156,1733,0.00979150000057416,0.001659999999901629,0.041892400000506314,0.04355240000040794,0.0533439000009821,72613888
87,1305031105.24327,data\rgbd_dataset_freiburg1_xyz\rgb\1305031105.243270.png,data\rgbd_dataset_freiburg1_xyz\depth\1305031105.228250.png,0.015019893646240234,0.0025300979614257812,1631,0.008421300000918563,0.0016723999997338979,0.028238200000487268,0.029910600000221166,0.03833190000113973,72626176
88,1305031105.275288,data\rgbd_dataset_freiburg1_xyz\rgb\1305031105.275288.png,data\rgbd_dataset_freiburg1_xyz\depth\1305031105.262389.png,0.012899160385131836,0.0005118846893310547,1578,0.008582999998907326,0.004700800000136951,0.04471849999936239,0.049419299999499344,0.05800229999840667,72540160
89,1305031105.31129,data\rgbd_dataset_freiburg1_xyz\rgb\1305031105.311290.png,data\rgbd_dataset_freiburg1_xyz\depth\1305031105.298501.png,0.012789011001586914,0.004509925842285156,1484,0.009800499999983003,0.0017822999998315936,0.03947189999962575,0.04125419999945734,0.051054699999440345,72507392
90,1305031105.343302,data\rgbd_dataset_freiburg1_xyz\rgb\1305031105.343302.png,data\rgbd_dataset_freiburg1_xyz\depth\1305031105.328878.png,0.01442408561706543,0.0024979114532470703,1403,0.008996700000352575,0.0017907000001287088,0.02695550000134972,0.028746200001478428,0.037742900001831,72515584
91,1305031105.375338,data\rgbd_dataset_freiburg1_xyz\rgb\1305031105.375338.png,data\rgbd_dataset_freiburg1_xyz\depth\1305031105.362286.png,0.013051986694335938,0.00046181678771972656,1277,0.008996599999591126,0.0017168000013043638,0.027551299999686307,0.02926810000099067,0.0382647000005818,72437760
92,1305031105.411286,data\rgbd_dataset_freiburg1_xyz\rgb\1305031105.411286.png,data\rgbd_dataset_freiburg1_xyz\depth\1305031105.398191.png,0.01309514045715332,0.004513978958129883,1246,0.008619300000646035,0.0017126000002463115,0.01525730000139447,0.01696990000164078,0.025589200002286816,72515584
93,1305031105.443316,data\rgbd_dataset_freiburg1_xyz\rgb\1305031105.443316.png,data\rgbd_dataset_freiburg1_xyz\depth\1305031105.430336.png,0.012979984283447266,0.0024840831756591797,1202,0.00868590000027325,0.0017307000016444363,0.02740310000081081,0.029133800002455246,0.037819700002728496,72486912
94,1305031105.47528,data\rgbd_dataset_freiburg1_xyz\rgb\1305031105.475280.png,data\rgbd_dataset_freiburg1_xyz\depth\1305031105.461421.png,0.013859033584594727,0.0008199214935302734,1143,0.008289899998999317,0.001608200000191573,0.011968799999522162,0.013576999999713735,0.021866899998713052,72499200
95,1305031105.511332,data\rgbd_dataset_freiburg1_xyz\rgb\1305031105.511332.png,data\rgbd_dataset_freiburg1_xyz\depth\1305031105.497931.png,0.013401031494140625,0.004467964172363281,1111,0.00835220000044501,0.0015586999998049578,0.014593500000046333,0.01615219999985129,0.0245044000002963,72495104
96,1305031105.543282,data\rgbd_dataset_freiburg1_xyz\rgb\1305031105.543282.png,data\rgbd_dataset_freiburg1_xyz\depth\1305031105.529583.png,0.013699054718017578,0.002618074417114258,1047,0.0081465000002936,0.0015596000012010336,0.010622399999192567,0.0121820000003936,0.0203285000006872,72486912
97,1305031105.575449,data\rgbd_dataset_freiburg1_xyz\rgb\1305031105.575449.png,data\rgbd_dataset_freiburg1_xyz\depth\1305031105.562109.png,0.013339996337890625,0.0003509521484375,1003,0.008738700000321842,0.0017433000011806143,0.006747299999915413,0.008490600001096027,0.01722930000141787,72466432
98,1305031105.611378,data\rgbd_dataset_freiburg1_xyz\rgb\1305031105.611378.png,data\rgbd_dataset_freiburg1_xyz\depth\1305031105.597193.png,0.014184951782226562,0.00442194938659668,982,0.008459300001049996,0.0017671000005066162,0.006979400001000613,0.00874650000150723,0.017205800002557226,72486912
99,1305031105.643273,data\rgbd_dataset_freiburg1_xyz\rgb\1305031105.643273.png,data\rgbd_dataset_freiburg1_xyz\depth\1305031105.659104.png,0.01583099365234375,0.002526998519897461,918,0.008323300000483869,0.0016981999997369712,0.009870500000033644,0.011568699999770615,0.019892000000254484,72482816
100,1305031105.711309,data\rgbd_dataset_freiburg1_xyz\rgb\1305031105.711309.png,data\rgbd_dataset_freiburg1_xyz\depth\1305031105.698235.png,0.013073921203613281,0.004491090774536133,909,0.008387400001083734,0.0016304000000673113,0.007140800000343006,0.008771200000410317,0.01715860000149405,72491008
101,1305031105.743312,data\rgbd_dataset_freiburg1_xyz\rgb\1305031105.743312.png,data\rgbd_dataset_freiburg1_xyz\depth\1305031105.730336.png,0.012975931167602539,0.002588033676147461,908,0.008724299999812501,0.0016896999986784067,0.006355899999107351,0.008045599997785757,0.01676989999759826,72458240
102,1305031105.775339,data\rgbd_dataset_freiburg1_xyz\rgb\1305031105.775339.png,data\rgbd_dataset_freiburg1_xyz\depth\1305031105.762384.png,0.012954950332641602,0.0004611015319824219,892,0.009417799999937415,0.0019174999997630948,0.005769400000644964,0.007686900000408059,0.017104700000345474,72486912
103,1305031105.811283,data\rgbd_dataset_freiburg1_xyz\rgb\1305031105.811283.png,data\rgbd_dataset_freiburg1_xyz\depth\1305031105.798056.png,0.013227224349975586,0.0045168399810791016,848,0.00855789999877743,0.0017662999998719897,0.007500100000470411,0.0092664000003424,0.01782429999911983,72388608
104,1305031105.843271,data\rgbd_dataset_freiburg1_xyz\rgb\1305031105.843271.png,data\rgbd_dataset_freiburg1_xyz\depth\1305031105.830008.png,0.01326298713684082,0.0025289058685302734,797,0.008472600000459352,0.0016484999996464467,0.0063408000005438225,0.00798930000019027,0.01646190000064962,72388608
105,1305031105.875337,data\rgbd_dataset_freiburg1_xyz\rgb\1305031105.875337.png,data\rgbd_dataset_freiburg1_xyz\depth\1305031105.862238.png,0.013098955154418945,0.0004630088806152344,809,0.008184899999832851,0.0016883000007510418,0.004764900000736816,0.006453200001487858,0.014638100001320709,72425472
106,1305031105.911262,data\rgbd_dataset_freiburg1_xyz\rgb\1305031105.911262.png,data\rgbd_dataset_freiburg1_xyz\depth\1305031105.898018.png,0.013244152069091797,0.004637956619262695,809,0.008883900000000722,0.001820600000428385,0.008562200000596931,0.010382800001025316,0.019266700001026038,72441856
107,1305031105.943272,data\rgbd_dataset_freiburg1_xyz\rgb\1305031105.943272.png,data\rgbd_dataset_freiburg1_xyz\depth\1305031105.929855.png,0.01341700553894043,0.002527952194213867,760,0.008457699999780743,0.00163559999964491,0.004308600000513252,0.005944200000158162,0.014401899999938905,72380416
108,1305031105.975329,data\rgbd_dataset_freiburg1_xyz\rgb\1305031105.975329.png,data\rgbd_dataset_freiburg1_xyz\depth\1305031105.966193.png,0.009135961532592773,0.0004711151123046875,760,0.008162599999195663,0.0016985000002023298,0.004521700000623241,0.006220200000825571,0.014382800000021234,72384512
109,1305031106.011285,data\rgbd_dataset_freiburg1_xyz\rgb\1305031106.011285.png,data\rgbd_dataset_freiburg1_xyz\depth\1305031105.998271.png,0.013014078140258789,0.004514932632446289,695,0.008633899999040295,0.0015810000004421454,0.005274700000882149,0.006855700001324294,0.01548960000036459,72470528
110,1305031106.043355,data\rgbd_dataset_freiburg1_xyz\rgb\1305031106.043355.png,data\rgbd_dataset_freiburg1_xyz\depth\1305031106.030147.png,0.01320791244506836,0.0024449825286865234,661,0.008379799999602255,0.001636700000744895,0.004123099999560509,0.005759800000305404,0.01413959999990766,72445952
111,1305031106.07533,data\rgbd_dataset_freiburg1_xyz\rgb\1305031106.075330.png,data\rgbd_dataset_freiburg1_xyz\depth\1305031106.066060.png,0.009269952774047852,0.0004699230194091797,620,0.008573999999498483,0.0018127000003005378,0.0038504000003740657,0.0056631000006746035,0.014237100000173086,72511488
112,1305031106.111327,data\rgbd_dataset_freiburg1_xyz\rgb\1305031106.111327.png,data\rgbd_dataset_freiburg1_xyz\depth\1305031106.096295.png,0.015031814575195312,0.004472970962524414,573,0.00850910000008298,0.0016956999988906318,0.00326390000009269,0.004959599998983322,0.013468699999066303,72458240
113,1305031106.143355,data\rgbd_dataset_freiburg1_xyz\rgb\1305031106.143355.png,data\rgbd_dataset_freiburg1_xyz\depth\1305031106.130445.png,0.012909889221191406,0.002445220947265625,569,0.008365000001504086,0.001710199998342432,0.004222800000206917,0.005932999998549349,0.014298000000053435,72450048
114,1305031106.175534,data\rgbd_dataset_freiburg1_xyz\rgb\1305031106.175534.png,data\rgbd_dataset_freiburg1_xyz\depth\1305031106.166330.png,0.009203910827636719,0.00026607513427734375,557,0.008465200000500772,0.00166949999947974,0.003314299998237402,0.004983799997717142,0.013448999998217914,72380416
115,1305031106.211275,data\rgbd_dataset_freiburg1_xyz\rgb\1305031106.211275.png,data\rgbd_dataset_freiburg1_xyz\depth\1305031106.195074.png,0.016201019287109375,0.004524946212768555,542,0.008656199999677483,0.0016157999998540618,0.0028941000000486383,0.0045098999999027,0.013166099999580183,72466432
116,1305031106.243267,data\rgbd_dataset_freiburg1_xyz\rgb\1305031106.243267.png,data\rgbd_dataset_freiburg1_xyz\depth\1305031106.230058.png,0.013209104537963867,0.002532958984375,519,0.008528499998647021,0.0014972999997553416,0.0022603000015806174,0.003757600001335959,0.01228609999998298,72359936
117,1305031106.276385,data\rgbd_dataset_freiburg1_xyz\rgb\1305031106.276385.png,data\rgbd_dataset_freiburg1_xyz\depth\1305031106.265976.png,0.010409116744995117,0.0005850791931152344,493,0.008024299999306095,0.0014888000005157664,0.003552000000127009,0.0050408000006427756,0.01306509999994887,72331264
118,1305031106.311238,data\rgbd_dataset_freiburg1_xyz\rgb\1305031106.311238.png,data\rgbd_dataset_freiburg1_xyz\depth\1305031106.298174.png,0.013064146041870117,0.004561901092529297,498,0.008372599999347585,0.0016138999999384396,0.0025741999997990206,0.00418809999973746,0.012560699999085045,72335360
119,1305031106.343258,data\rgbd_dataset_freiburg1_xyz\rgb\1305031106.343258.png,data\rgbd_dataset_freiburg1_xyz\depth\1305031106.330215.png,0.013042926788330078,0.0025420188903808594,495,0.00815389999843319,0.0015638000004400965,0.0028609000000869855,0.004424700000527082,0.012578599998960271,72560640
120,1305031106.375388,data\rgbd_dataset_freiburg1_xyz\rgb\1305031106.375388.png,data\rgbd_dataset_freiburg1_xyz\depth\1305031106.366158.png,0.009229898452758789,0.0004119873046875,494,0.008512700000210316,0.0017840000000433065,0.00280650000058813,0.004590500000631437,0.013103200000841753,72663040
121,1305031106.41132,data\rgbd_dataset_freiburg1_xyz\rgb\1305031106.411320.png,data\rgbd_dataset_freiburg1_xyz\depth\1305031106.398281.png,0.013038873672485352,0.004480123519897461,470,0.008413400000790716,0.0016765000000305008,0.006469500000093831,0.008146000000124332,0.016559400000915048,72658944
122,1305031106.443278,data\rgbd_dataset_freiburg1_xyz\rgb\1305031106.443278.png,data\rgbd_dataset_freiburg1_xyz\depth\1305031106.430639.png,0.012639045715332031,0.002521991729736328,434,0.008540100001482642,0.001543300000776071,0.002379300000029616,0.003922600000805687,0.01246270000228833,72613888
123,1305031106.475345,data\rgbd_dataset_freiburg1_xyz\rgb\1305031106.475345.png,data\rgbd_dataset_freiburg1_xyz\depth\1305031106.466046.png,0.00929880142211914,0.0004551410675048828,413,0.008295100000395905,0.0015843000001041219,0.001923099998748512,0.003507399998852634,0.011802499999248539,72626176
124,1305031106.511129,data\rgbd_dataset_freiburg1_xyz\rgb\1305031106.511129.png,data\rgbd_dataset_freiburg1_xyz\depth\1305031106.498096.png,0.013032913208007812,0.004770994186401367,425,0.008667000000059488,0.0016329999998561107,0.001977100000658538,0.003610100000514649,0.012277100000574137,72556544
125,1305031106.543302,data\rgbd_dataset_freiburg1_xyz\rgb\1305031106.543302.png,data\rgbd_dataset_freiburg1_xyz\depth\1305031106.528267.png,0.015035152435302734,0.0024979114532470703,452,0.00826020000022254,0.0018139000003429828,0.0023329000014200574,0.00414680000176304,0.01240700000198558,72581120
126,1305031106.575282,data\rgbd_dataset_freiburg1_xyz\rgb\1305031106.575282.png,data\rgbd_dataset_freiburg1_xyz\depth\1305031106.564414.png,0.010868072509765625,0.0005178451538085938,471,0.008557099999961792,0.0016748999987612478,0.0035004000001208624,0.00517529999888211,0.013732399998843903,72589312
127,1305031106.611151,data\rgbd_dataset_freiburg1_xyz\rgb\1305031106.611151.png,data\rgbd_dataset_freiburg1_xyz\depth\1305031106.597879.png,0.01327204704284668,0.004648923873901367,467,0.00869310000052792,0.0017262000001210254,0.003151400000206195,0.00487760000032722,0.01357070000085514,72585216
128,1305031106.643207,data\rgbd_dataset_freiburg1_xyz\rgb\1305031106.643207.png,data\rgbd_dataset_freiburg1_xyz\depth\1305031106.630776.png,0.012431144714355469,0.0025930404663085938,514,0.008793300001343596,0.0017887000012706267,0.002859300000636722,0.004648000001907349,0.013441300003250944,72613888
129,1305031106.675279,data\rgbd_dataset_freiburg1_xyz\rgb\1305031106.675279.png,data\rgbd_dataset_freiburg1_xyz\depth\1305031106.667282.png,0.007996797561645508,0.0005211830139160156,525,0.008423499999480555,0.0016728999999031657,0.005512399999133777,0.007185299999036943,0.015608799998517497,72638464
130,1305031106.711508,data\rgbd_dataset_freiburg1_xyz\rgb\1305031106.711508.png,data\rgbd_dataset_freiburg1_xyz\depth\1305031106.699110.png,0.012398004531860352,0.004292011260986328,522,0.008941999998569372,0.0017621999995753868,0.003661900000224705,0.005424099999800092,0.014366099998369464,72568832
131,1305031106.743341,data\rgbd_dataset_freiburg1_xyz\rgb\1305031106.743341.png,data\rgbd_dataset_freiburg1_xyz\depth\1305031106.729550.png,0.013791084289550781,0.0024590492248535156,562,0.008482999999614549,0.0017518999993626494,0.004581700000926503,0.006333600000289152,0.014816599999903701,72642560
132,1305031106.77539,data\rgbd_dataset_freiburg1_xyz\rgb\1305031106.775390.png,data\rgbd_dataset_freiburg1_xyz\depth\1305031106.767126.png,0.008263826370239258,0.0004100799560546875,588,0.009480400000029476,0.0016781999984232243,0.006361799998558126,0.00803999999698135,0.017520399997010827,72687616
133,1305031106.811289,data\rgbd_dataset_freiburg1_xyz\rgb\1305031106.811289.png,data\rgbd_dataset_freiburg1_xyz\depth\1305031106.798309.png,0.012979984283447266,0.0045108795166015625,623,0.008408100000451668,0.001631999999517575,0.0037451999996847007,0.005377199999202276,0.013785299999653944,72654848
134,1305031106.843416,data\rgbd_dataset_freiburg1_xyz\rgb\1305031106.843416.png,data\rgbd_dataset_freiburg1_xyz\depth\1305031106.830652.png,0.01276397705078125,0.0023839473724365234,640,0.008142900000166264,0.001692699999694014,0.005733400001190603,0.007426100000884617,0.015569000001050881,72687616
135,1305031106.875905,data\rgbd_dataset_freiburg1_xyz\rgb\1305031106.875905.png,data\rgbd_dataset_freiburg1_xyz\depth\1305031106.866893.png,0.009011983871459961,9.489059448242188e-05,641,0.008575399999244837,0.00178809999852092,0.005070899998827372,0.006858999997348292,0.015434399996593129,72691712
136,1305031106.911243,data\rgbd_dataset_freiburg1_xyz\rgb\1305031106.911243.png,data\rgbd_dataset_freiburg1_xyz\depth\1305031106.897828.png,0.013414859771728516,0.004557132720947266,700,0.008775000000241562,0.0016565000005357433,0.005261899999823072,0.006918400000358815,0.015693400000600377,72732672
137,1305031106.943439,data\rgbd_dataset_freiburg1_xyz\rgb\1305031106.943439.png,data\rgbd_dataset_freiburg1_xyz\depth\1305031106.930797.png,0.01264190673828125,0.0023610591888427734,687,0.008196400000088033,0.0016912999999476597,0.005409400000644382,0.007100700000592042,0.015297100000680075,72720384
138,1305031106.975547,data\rgbd_dataset_freiburg1_xyz\rgb\1305031106.975547.png,data\rgbd_dataset_freiburg1_xyz\depth\1305031106.967232.png,0.008315086364746094,0.0002529621124267578,721,0.008698899999217247,0.0016197000004467554,0.006952200001251185,0.00857190000169794,0.017270800000915187,72806400
139,1305031107.011576,data\rgbd_dataset_freiburg1_xyz\rgb\1305031107.011576.png,data\rgbd_dataset_freiburg1_xyz\depth\1305031106.998876.png,0.01269984245300293,0.004224061965942383,782,0.008648600000014994,0.001962899999853107,0.007664299999305513,0.00962719999915862,0.018275799999173614,72855552
140,1305031107.043281,data\rgbd_dataset_freiburg1_xyz\rgb\1305031107.043281.png,data\rgbd_dataset_freiburg1_xyz\depth\1305031107.030348.png,0.012933015823364258,0.002518892288208008,796,0.009579800000210525,0.0018559000000095693,0.008311500001582317,0.010167400001591886,0.019747200001802412,72851456
141,1305031107.075432,data\rgbd_dataset_freiburg1_xyz\rgb\1305031107.075432.png,data\rgbd_dataset_freiburg1_xyz\depth\1305031107.066405.png,0.00902700424194336,0.0004680156707763672,834,0.007942899999761721,0.0015510000012000091,0.006517899999380461,0.00806890000058047,0.01601180000034219,72921088
142,1305031107.111229,data\rgbd_dataset_freiburg1_xyz\rgb\1305031107.111229.png,data\rgbd_dataset_freiburg1_xyz\depth\1305031107.098268.png,0.01296091079711914,0.004570960998535156,859,0.007943399999930989,0.0015868999998929212,0.009705300000860007,0.011292200000752928,0.019235600000683917,72896512
143,1305031107.14326,data\rgbd_dataset_freiburg1_xyz\rgb\1305031107.143260.png,data\rgbd_dataset_freiburg1_xyz\depth\1305031107.130308.png,0.012952089309692383,0.002540111541748047,892,0.008312500000101863,0.001572400000441121,0.006078399999751127,0.007650800000192248,0.01596330000029411,72912896
144,1305031107.175399,data\rgbd_dataset_freiburg1_xyz\rgb\1305031107.175399.png,data\rgbd_dataset_freiburg1_xyz\depth\1305031107.165964.png,0.009435176849365234,0.0004010200500488281,955,0.008386299999983748,0.0017203999996127095,0.01406940000015311,0.01578979999976582,0.024176099999749567,72998912
145,1305031107.211358,data\rgbd_dataset_freiburg1_xyz\rgb\1305031107.211358.png,data\rgbd_dataset_freiburg1_xyz\depth\1305031107.198208.png,0.01314997673034668,0.004441976547241211,912,0.007941099998788559,0.0014747999994142447,0.009194800000841497,0.010669600000255741,0.0186106999990443,72912896
146,1305031107.243378,data\rgbd_dataset_freiburg1_xyz\rgb\1305031107.243378.png,data\rgbd_dataset_freiburg1_xyz\depth\1305031107.235026.png,0.008352041244506836,0.0024220943450927734,1019,0.0077092999999877065,0.001711099999738508,0.008857299999363022,0.01056839999910153,0.018277699999089236,72974336
147,1305031107.275398,data\rgbd_dataset_freiburg1_xyz\rgb\1305031107.275398.png,data\rgbd_dataset_freiburg1_xyz\depth\1305031107.267071.png,0.008327007293701172,0.0004019737243652344,1041,0.008235299999796553,0.0023646000008739065,0.01128690000041388,0.013651500001287786,0.02188680000108434,73035776
148,1305031107.311226,data\rgbd_dataset_freiburg1_xyz\rgb\1305031107.311226.png,data\rgbd_dataset_freiburg1_xyz\depth\1305031107.299273.png,0.011952877044677734,0.0045740604400634766,1160,0.00803000000087195,0.0015870999995968305,0.009013999999297084,0.010601099998893915,0.018631099999765866,73097216
149,1305031107.343509,data\rgbd_dataset_freiburg1_xyz\rgb\1305031107.343509.png,data\rgbd_dataset_freiburg1_xyz\depth\1305031107.334800.png,0.008708953857421875,0.002290964126586914,1135,0.008215899999413523,0.0016875000001164153,0.011236500000450178,0.012924000000566593,0.021139899999980116,73080832
150,1305031107.375413,data\rgbd_dataset_freiburg1_xyz\rgb\1305031107.375413.png,data\rgbd_dataset_freiburg1_xyz\depth\1305031107.367183.png,0.008229970932006836,0.00038695335388183594,1229,0.008680499999172753,0.0016887000001588603,0.017153300001155003,0.018842000001313863,0.027522500000486616,73080832
151,1305031107.411271,data\rgbd_dataset_freiburg1_xyz\rgb\1305031107.411271.png,data\rgbd_dataset_freiburg1_xyz\depth\1305031107.399345.png,0.01192617416381836,0.004528999328613281,1302,0.009897500000079162,0.0018220000001747394,0.013536400001612492,0.015358400001787231,0.025255900001866394,73072640
152,1305031107.443419,data\rgbd_dataset_freiburg1_xyz\rgb\1305031107.443419.png,data\rgbd_dataset_freiburg1_xyz\depth\1305031107.434926.png,0.00849294662475586,0.0023810863494873047,1387,0.01235370000176772,0.002531400001316797,0.02973579999888898,0.032267200000205776,0.044620900001973496,73113600
153,1305031107.475377,data\rgbd_dataset_freiburg1_xyz\rgb\1305031107.475377.png,data\rgbd_dataset_freiburg1_xyz\depth\1305031107.467141.png,0.008236169815063477,0.0004229545593261719,1425,0.017230299999937415,0.002754799999820534,0.02989039999920351,0.032645199999024044,0.04987549999896146,73146368
154,1305031107.511352,data\rgbd_dataset_freiburg1_xyz\rgb\1305031107.511352.png,data\rgbd_dataset_freiburg1_xyz\depth\1305031107.498426.png,0.012926101684570312,0.00444793701171875,1433,0.016758499999923515,0.003600899999582907,0.019627699999546167,0.023228599999129074,0.03998709999905259,73170944
155,1305031107.543605,data\rgbd_dataset_freiburg1_xyz\rgb\1305031107.543605.png,data\rgbd_dataset_freiburg1_xyz\depth\1305031107.534830.png,0.008774995803833008,0.0020949840545654297,1422,0.014251799999328796,0.0025377000001753913,0.012637599998924998,0.015175299999100389,0.029427099998429185,73199616
156,1305031107.575454,data\rgbd_dataset_freiburg1_xyz\rgb\1305031107.575454.png,data\rgbd_dataset_freiburg1_xyz\depth\1305031107.567015.png,0.008439064025878906,0.0003459453582763672,1389,0.010444300000017392,0.0018156999994971557,0.012014300000373623,0.013829999999870779,0.02427429999988817,73224192
157,1305031107.611271,data\rgbd_dataset_freiburg1_xyz\rgb\1305031107.611271.png,data\rgbd_dataset_freiburg1_xyz\depth\1305031107.598904.png,0.012367010116577148,0.004528999328613281,1379,0.010618199999953504,0.0023301000001083594,0.0095882999994501,0.01191839999955846,0.022536599999511964,73228288
158,1305031107.643323,data\rgbd_dataset_freiburg1_xyz\rgb\1305031107.643323.png,data\rgbd_dataset_freiburg1_xyz\depth\1305031107.634944.png,0.008378982543945312,0.0024771690368652344,1379,0.01111040000068897,0.0026753000001917826,0.011204800000996329,0.013880100001188111,0.02499050000187708,73134080
159,1305031107.675568,data\rgbd_dataset_freiburg1_xyz\rgb\1305031107.675568.png,data\rgbd_dataset_freiburg1_xyz\depth\1305031107.667179.png,0.008388996124267578,0.0002319812774658203,1356,0.01711819999945874,0.0033999000006588176,0.010134199999811244,0.013534100000470062,0.0306522999999288,73162752
160,1305031107.711307,data\rgbd_dataset_freiburg1_xyz\rgb\1305031107.711307.png,data\rgbd_dataset_freiburg1_xyz\depth\1305031107.699390.png,0.0119171142578125,0.004392862319946289,1311,0.011585500000364846,0.0019995000002381857,0.008705799999006558,0.010705299999244744,0.02229079999960959,73216000
161,1305031107.743538,data\rgbd_dataset_freiburg1_xyz\rgb\1305031107.743538.png,data\rgbd_dataset_freiburg1_xyz\depth\1305031107.735041.png,0.008496999740600586,0.002262115478515625,1291,0.013143799998942995,0.003228300000046147,0.015130400000998634,0.01835870000104478,0.031502499999987776,73216000
162,1305031107.775802,data\rgbd_dataset_freiburg1_xyz\rgb\1305031107.775802.png,data\rgbd_dataset_freiburg1_xyz\depth\1305031107.767895.png,0.007906913757324219,1.9073486328125e-06,1305,0.014120399999228539,0.0019252000001870329,0.007806300000083866,0.009731500000270898,0.023851899999499437,73195520
163,1305031107.811596,data\rgbd_dataset_freiburg1_xyz\rgb\1305031107.811596.png,data\rgbd_dataset_freiburg1_xyz\depth\1305031107.799544.png,0.012051820755004883,0.0042040348052978516,1281,0.00865209999938088,0.0016142999993462581,0.007607000001371489,0.009221300000717747,0.017873400000098627,73187328
164,1305031107.843332,data\rgbd_dataset_freiburg1_xyz\rgb\1305031107.843332.png,data\rgbd_dataset_freiburg1_xyz\depth\1305031107.835751.png,0.007580995559692383,0.0025680065155029297,1238,0.00806650000049558,0.0016025000004447065,0.006594399999812595,0.008196900000257301,0.01626340000075288,73166848
165,1305031107.875358,data\rgbd_dataset_freiburg1_xyz\rgb\1305031107.875358.png,data\rgbd_dataset_freiburg1_xyz\depth\1305031107.863505.png,0.011853218078613281,0.0003418922424316406,1226,0.00821910000013304,0.0016304000000673113,0.0060534000003826804,0.007683800000449992,0.01590290000058303,73117696
166,1305031107.911541,data\rgbd_dataset_freiburg1_xyz\rgb\1305031107.911541.png,data\rgbd_dataset_freiburg1_xyz\depth\1305031107.899222.png,0.012319087982177734,0.0042591094970703125,1191,0.007476900000256137,0.0015946000003168592,0.005767700000433251,0.0073623000007501105,0.014839200001006247,73162752
167,1305031107.943122,data\rgbd_dataset_freiburg1_xyz\rgb\1305031107.943122.png,data\rgbd_dataset_freiburg1_xyz\depth\1305031107.933609.png,0.009512901306152344,0.0026781558990478516,1201,0.008406599999943865,0.0017058000012184493,0.007235299999592826,0.008941100000811275,0.01734770000075514,73170944
168,1305031107.975807,data\rgbd_dataset_freiburg1_xyz\rgb\1305031107.975807.png,data\rgbd_dataset_freiburg1_xyz\depth\1305031107.964840.png,0.010967016220092773,6.9141387939453125e-06,1190,0.007970599999680417,0.0015700999992986908,0.005032299999584211,0.006602399998882902,0.014572999998563319,73170944
169,1305031108.01132,data\rgbd_dataset_freiburg1_xyz\rgb\1305031108.011320.png,data\rgbd_dataset_freiburg1_xyz\depth\1305031107.998469.png,0.01285099983215332,0.004579782485961914,1250,0.008583400000134134,0.0015175999997154577,0.01945530000011786,0.020972899999833317,0.02955629999996745,73166848
170,1305031108.043418,data\rgbd_dataset_freiburg1_xyz\rgb\1305031108.043418.png,data\rgbd_dataset_freiburg1_xyz\depth\1305031108.034824.png,0.008594036102294922,0.002382040023803711,1263,0.008301500000015949,0.0018789000005199341,0.013116300000547199,0.014995200001067133,0.02329670000108308,73187328
171,1305031108.075352,data\rgbd_dataset_freiburg1_xyz\rgb\1305031108.075352.png,data\rgbd_dataset_freiburg1_xyz\depth\1305031108.067271.png,0.00808095932006836,0.00044798851013183594,1274,0.011776300001656637,0.002265099999931408,0.045567200000732555,0.04783230000066396,0.0596086000023206,73244672
172,1305031108.111378,data\rgbd_dataset_freiburg1_xyz\rgb\1305031108.111378.png,data\rgbd_dataset_freiburg1_xyz\depth\1305031108.099365.png,0.012012958526611328,0.00442194938659668,1234,0.013337500000488944,0.002781800001685042,0.05470749999949476,0.0574893000011798,0.07082680000166874,73187328
173,1305031108.143334,data\rgbd_dataset_freiburg1_xyz\rgb\1305031108.143334.png,data\rgbd_dataset_freiburg1_xyz\depth\1305031108.135281.png,0.008052825927734375,0.002566099166870117,1252,0.010350999998991028,0.0020320999992691213,0.03025809999962803,0.03229019999889715,0.04264119999788818,73183232
174,1305031108.176058,data\rgbd_dataset_freiburg1_xyz\rgb\1305031108.176058.png,data\rgbd_dataset_freiburg1_xyz\depth\1305031108.167357.png,0.008701086044311523,0.0002579689025878906,1263,0.008558200001061778,0.0017157999991468387,0.005415100000391249,0.007130899999538087,0.015689100000599865,73183232
175,1305031108.211475,data\rgbd_dataset_freiburg1_xyz\rgb\1305031108.211475.png,data\rgbd_dataset_freiburg1_xyz\depth\1305031108.199225.png,0.012249946594238281,0.004325151443481445,1226,0.00880689999939932,0.0024520999995729653,0.014358200000060606,0.01681029999963357,0.02561719999903289,73187328
176,1305031108.243347,data\rgbd_dataset_freiburg1_xyz\rgb\1305031108.243347.png,data\rgbd_dataset_freiburg1_xyz\depth\1305031108.235213.png,0.008133888244628906,0.0024530887603759766,1170,0.008603999998740619,0.0021129000015207566,0.01508770000145887,0.017200600002979627,0.025804600001720246,73179136
177,1305031108.275358,data\rgbd_dataset_freiburg1_xyz\rgb\1305031108.275358.png,data\rgbd_dataset_freiburg1_xyz\depth\1305031108.267660.png,0.00769805908203125,0.0004420280456542969,1172,0.009270000000469736,0.0017274000001634704,0.004873600000792067,0.006601000000955537,0.015871000001425273,73228288
178,1305031108.311332,data\rgbd_dataset_freiburg1_xyz\rgb\1305031108.311332.png,data\rgbd_dataset_freiburg1_xyz\depth\1305031108.299547.png,0.011785030364990234,0.0043680667877197266,1144,0.008128800000122283,0.0017098999996960629,0.006587399999261834,0.008297299998957897,0.01642609999908018,73187328
179,1305031108.343278,data\rgbd_dataset_freiburg1_xyz\rgb\1305031108.343278.png,data\rgbd_dataset_freiburg1_xyz\depth\1305031108.335019.png,0.008258819580078125,0.002521991729736328,1094,0.008983099998658872,0.0016581999989284668,0.008558199999242788,0.010216399998171255,0.019199499996830127,73216000
180,1305031108.37541,data\rgbd_dataset_freiburg1_xyz\rgb\1305031108.375410.png,data\rgbd_dataset_freiburg1_xyz\depth\1305031108.367285.png,0.008125066757202148,0.0003898143768310547,1061,0.010646099999576109,0.002005299998927512,0.02828159999990021,0.03028689999882772,0.04093299999840383,73191424
181,1305031108.411361,data\rgbd_dataset_freiburg1_xyz\rgb\1305031108.411361.png,data\rgbd_dataset_freiburg1_xyz\depth\1305031108.399284.png,0.012077093124389648,0.004338979721069336,1003,0.008383700000194949,0.001865999998699408,0.007350700001552468,0.009216700000251876,0.017600400000446825,73216000
182,1305031108.44361,data\rgbd_dataset_freiburg1_xyz\rgb\1305031108.443610.png,data\rgbd_dataset_freiburg1_xyz\depth\1305031108.435023.png,0.008586883544921875,0.002290010452270508,985,0.008311100000355509,0.0019398000004002824,0.007796699999744305,0.009736500000144588,0.018047600000500097,73179136
183,1305031108.475471,data\rgbd_dataset_freiburg1_xyz\rgb\1305031108.475471.png,data\rgbd_dataset_freiburg1_xyz\depth\1305031108.467680.png,0.007791042327880859,0.00032901763916015625,954,0.008629399999335874,0.0017458000002079643,0.005179800000405521,0.0069256000006134855,0.01555499999994936,73175040
184,1305031108.511378,data\rgbd_dataset_freiburg1_xyz\rgb\1305031108.511378.png,data\rgbd_dataset_freiburg1_xyz\depth\1305031108.503548.png,0.007830142974853516,0.00442194938659668,956,0.00789499999882537,0.0018441000011080178,0.011338599999362486,0.013182700000470504,0.021077699999295874,73146368
185,1305031108.543737,data\rgbd_dataset_freiburg1_xyz\rgb\1305031108.543737.png,data\rgbd_dataset_freiburg1_xyz\depth\1305031108.534811.png,0.008925914764404297,0.0020630359649658203,933,0.010368500001277425,0.0018108999993273756,0.008680799999638111,0.010491699998965487,0.020860200000242912,73269248
186,1305031108.575414,data\rgbd_dataset_freiburg1_xyz\rgb\1305031108.575414.png,data\rgbd_dataset_freiburg1_xyz\depth\1305031108.567154.png,0.008260011672973633,0.00048613548278808594,961,0.008154999999533175,0.001737900000080117,0.022086299999500625,0.023824199999580742,0.031979199999113916,73256960
187,1305031108.611407,data\rgbd_dataset_freiburg1_xyz\rgb\1305031108.611407.png,data\rgbd_dataset_freiburg1_xyz\depth\1305031108.603547.png,0.007859945297241211,0.004292964935302734,919,0.007945200000904151,0.0016811999994388316,0.0072053000003506895,0.008886499999789521,0.016831700000693672,73228288
188,1305031108.643303,data\rgbd_dataset_freiburg1_xyz\rgb\1305031108.643303.png,data\rgbd_dataset_freiburg1_xyz\depth\1305031108.634212.png,0.009090900421142578,0.0023970603942871094,903,0.009003699999084347,0.001868399998784298,0.006725900000674301,0.008594299999458599,0.017597999998542946,73199616
189,1305031108.675375,data\rgbd_dataset_freiburg1_xyz\rgb\1305031108.675375.png,data\rgbd_dataset_freiburg1_xyz\depth\1305031108.667189.png,0.008186101913452148,0.0003249645233154297,869,0.008023599999432918,0.0015585999990435084,0.010074300000269432,0.01163289999931294,0.019656499998745858,73203712
190,1305031108.711411,data\rgbd_dataset_freiburg1_xyz\rgb\1305031108.711411.png,data\rgbd_dataset_freiburg1_xyz\depth\1305031108.703346.png,0.008064985275268555,0.004389047622680664,853,0.007849000001442619,0.0017506999993202044,0.010733700000855606,0.01248440000017581,0.02033340000161843,73183232
191,1305031108.743502,data\rgbd_dataset_freiburg1_xyz\rgb\1305031108.743502.png,data\rgbd_dataset_freiburg1_xyz\depth\1305031108.735052.png,0.008449792861938477,0.002298116683959961,819,0.008155399998940993,0.0016024000015022466,0.012250100000528619,0.013852500002030865,0.02200790000097186,73170944
192,1305031108.775493,data\rgbd_dataset_freiburg1_xyz\rgb\1305031108.775493.png,data\rgbd_dataset_freiburg1_xyz\depth\1305031108.767031.png,0.008461952209472656,0.0003070831298828125,815,0.008075699999608332,0.0016345999993063742,0.006902399998580222,0.008536999997886596,0.01661269999749493,73138176
193,1305031108.811244,data\rgbd_dataset_freiburg1_xyz\rgb\1305031108.811244.png,data\rgbd_dataset_freiburg1_xyz\depth\1305031108.803370.png,0.007874011993408203,0.004656076431274414,824,0.008223200000429642,0.0017941000005521346,0.00539040000148816,0.007184500002040295,0.015407700002469937,73166848
194,1305031108.843264,data\rgbd_dataset_freiburg1_xyz\rgb\1305031108.843264.png,data\rgbd_dataset_freiburg1_xyz\depth\1305031108.835163.png,0.00810098648071289,0.007564067840576172,800,0.008193900001060683,0.0017121999990195036,0.0038877999995747814,0.005599999998594285,0.013793899999654968,73220096
195,1305031108.943243,data\rgbd_dataset_freiburg1_xyz\rgb\1305031108.943243.png,data\rgbd_dataset_freiburg1_xyz\depth\1305031108.935116.png,0.008126974105834961,0.002557039260864258,803,0.008992199998829165,0.0017377999993186677,0.0065590000012889504,0.008296800000607618,0.017288999999436783,73199616
196,1305031108.975268,data\rgbd_dataset_freiburg1_xyz\rgb\1305031108.975268.png,data\rgbd_dataset_freiburg1_xyz\depth\1305031108.967245.png,0.008022785186767578,0.0005321502685546875,850,0.008266100001492305,0.0017858000010164687,0.00761409999904572,0.009399900000062189,0.017666000001554494,73265152
197,1305031109.011269,data\rgbd_dataset_freiburg1_xyz\rgb\1305031109.011269.png,data\rgbd_dataset_freiburg1_xyz\depth\1305031109.003064.png,0.008205175399780273,0.004431009292602539,860,0.008916099999623839,0.0018400000008114148,0.007442500000252039,0.009282500001063454,0.018198600000687293,73252864
198,1305031109.043277,data\rgbd_dataset_freiburg1_xyz\rgb\1305031109.043277.png,data\rgbd_dataset_freiburg1_xyz\depth\1305031109.034955.png,0.008322000503540039,0.0025229454040527344,851,0.009894499999063555,0.0018966999996337108,0.0066429000016796635,0.008539600001313374,0.01843410000037693,73269248
199,1305031109.07541,data\rgbd_dataset_freiburg1_xyz\rgb\1305031109.075410.png,data\rgbd_dataset_freiburg1_xyz\depth\1305031109.067091.png,0.008318901062011719,0.00029015541076660156,864,0.013750100000834209,0.001956100000825245,0.007627500001035514,0.00958360000186076,0.023333700002694968,73281536
200,1305031109.111282,data\rgbd_dataset_freiburg1_xyz\rgb\1305031109.111282.png,data\rgbd_dataset_freiburg1_xyz\depth\1305031109.103294.png,0.007988214492797852,0.004417896270751953,869,0.011575700000321376,0.0022083999992901227,0.007394299998850329,0.009602699998140451,0.021178399998461828,73322496
201,1305031109.143334,data\rgbd_dataset_freiburg1_xyz\rgb\1305031109.143334.png,data\rgbd_dataset_freiburg1_xyz\depth\1305031109.134968.png,0.008365869522094727,0.0023660659790039062,861,0.009180900000501424,0.001779500000338885,0.022835799998574657,0.024615299998913542,0.033796199999414966,73281536
202,1305031109.175464,data\rgbd_dataset_freiburg1_xyz\rgb\1305031109.175464.png,data\rgbd_dataset_freiburg1_xyz\depth\1305031109.165848.png,0.009615898132324219,0.00023603439331054688,857,0.014760200001546764,0.0027133999992656754,0.007074999999531428,0.009788399998797104,0.024548600000343868,73338880
203,1305031109.211379,data\rgbd_dataset_freiburg1_xyz\rgb\1305031109.211379.png,data\rgbd_dataset_freiburg1_xyz\depth\1305031109.203388.png,0.00799107551574707,0.004320859909057617,895,0.012577600000440725,0.002646499999173102,0.012912599999253871,0.015559099998426973,0.028136699998867698,73633792
204,1305031109.24329,data\rgbd_dataset_freiburg1_xyz\rgb\1305031109.243290.png,data\rgbd_dataset_freiburg1_xyz\depth\1305031109.234324.png,0.00896596908569336,0.0024099349975585938,888,0.009284099998694728,0.0018858999992517056,0.0063319000000774395,0.008217799999329145,0.017501899998023873,73641984
205,1305031109.275308,data\rgbd_dataset_freiburg1_xyz\rgb\1305031109.275308.png,data\rgbd_dataset_freiburg1_xyz\depth\1305031109.266325.png,0.00898289680480957,0.0003921985626220703,869,0.007947000000058324,0.0015718000013293931,0.014211199999408564,0.015783000000737957,0.02373000000079628,74227712
206,1305031109.311329,data\rgbd_dataset_freiburg1_xyz\rgb\1305031109.311329.png,data\rgbd_dataset_freiburg1_xyz\depth\1305031109.303457.png,0.007871866226196289,0.004371166229248047,889,0.007784100000208127,0.0021171000007598195,0.004431299999851035,0.0065484000006108545,0.014332500000818982,74248192
207,1305031109.343248,data\rgbd_dataset_freiburg1_xyz\rgb\1305031109.343248.png,data\rgbd_dataset_freiburg1_xyz\depth\1305031109.334602.png,0.008645772933959961,0.0024521350860595703,918,0.008874200000718702,0.0017566000005899696,0.009408800000528572,0.011165400001118542,0.020039600001837243,73662464
208,1305031109.375397,data\rgbd_dataset_freiburg1_xyz\rgb\1305031109.375397.png,data\rgbd_dataset_freiburg1_xyz\depth\1305031109.364882.png,0.010514974594116211,0.00030303001403808594,919,0.007778900000630529,0.0019630999995570164,0.01228369999989809,0.014246799999455106,0.022025700000085635,73666560
209,1305031109.411329,data\rgbd_dataset_freiburg1_xyz\rgb\1305031109.411329.png,data\rgbd_dataset_freiburg1_xyz\depth\1305031109.403386.png,0.007942914962768555,0.0044710636138916016,905,0.008364599998458289,0.0018600000003061723,0.010723699999289238,0.01258369999959541,0.0209482999980537,73728000
210,1305031109.443302,data\rgbd_dataset_freiburg1_xyz\rgb\1305031109.443302.png,data\rgbd_dataset_freiburg1_xyz\depth\1305031109.434469.png,0.008832931518554688,0.0023980140686035156,922,0.008092399999441113,0.0016584999993938254,0.0054984999987937044,0.00715699999818753,0.015249399997628643,73764864
211,1305031109.475363,data\rgbd_dataset_freiburg1_xyz\rgb\1305031109.475363.png,data\rgbd_dataset_freiburg1_xyz\depth\1305031109.467362.png,0.008001089096069336,0.00043702125549316406,919,0.007772000000841217,0.0016446999998152023,0.011316799998894567,0.012961499998709769,0.020733499999550986,74407936
212,1305031109.511273,data\rgbd_dataset_freiburg1_xyz\rgb\1305031109.511273.png,data\rgbd_dataset_freiburg1_xyz\depth\1305031109.503193.png,0.008080005645751953,0.004527091979980469,914,0.008123700001306133,0.0016986000009637792,0.008922600000005332,0.010621200000969111,0.018744900002275244,74432512
213,1305031109.543294,data\rgbd_dataset_freiburg1_xyz\rgb\1305031109.543294.png,data\rgbd_dataset_freiburg1_xyz\depth\1305031109.535715.png,0.007578849792480469,0.0025060176849365234,957,0.009819699998843134,0.002051900000878959,0.007752499999696738,0.009804400000575697,0.01962409999941883,73760768
214,1305031109.575362,data\rgbd_dataset_freiburg1_xyz\rgb\1305031109.575362.png,data\rgbd_dataset_freiburg1_xyz\depth\1305031109.567452.png,0.007910013198852539,0.0003380775451660156,994,0.008267799999885028,0.001678300001003663,0.007474500000171247,0.00915280000117491,0.017420600001059938,73682944
215,1305031109.61131,data\rgbd_dataset_freiburg1_xyz\rgb\1305031109.611310.png,data\rgbd_dataset_freiburg1_xyz\depth\1305031109.603601.png,0.007709026336669922,0.004489898681640625,980,0.008074800000031246,0.0016298000009555835,0.004189700001006713,0.005819500001962297,0.013894300001993543,73793536
216,1305031109.643229,data\rgbd_dataset_freiburg1_xyz\rgb\1305031109.643229.png,data\rgbd_dataset_freiburg1_xyz\depth\1305031109.635323.png,0.007905960083007812,0.0024709701538085938,996,0.008240200000727782,0.0017457000012655044,0.005935699999099597,0.007681400000365102,0.015921600001092884,74338304
217,1305031109.675263,data\rgbd_dataset_freiburg1_xyz\rgb\1305031109.675263.png,data\rgbd_dataset_freiburg1_xyz\depth\1305031109.667570.png,0.007692813873291016,0.00043702125549316406,986,0.008893500000340282,0.002316600000995095,0.006086600000344333,0.008403200001339428,0.01729670000167971,73764864
218,1305031109.711312,data\rgbd_dataset_freiburg1_xyz\rgb\1305031109.711312.png,data\rgbd_dataset_freiburg1_xyz\depth\1305031109.703265.png,0.008047103881835938,0.004387855529785156,995,0.011207900000954396,0.002482199999576551,0.00858449999941513,0.01106669999899168,0.022274599999946076,74399744
219,1305031109.743274,data\rgbd_dataset_freiburg1_xyz\rgb\1305031109.743274.png,data\rgbd_dataset_freiburg1_xyz\depth\1305031109.735059.png,0.008214950561523438,0.0024259090423583984,975,0.011717900000803638,0.002550899998823297,0.007835700000214274,0.010386599999037571,0.02210449999984121,74473472
220,1305031109.775277,data\rgbd_dataset_freiburg1_xyz\rgb\1305031109.775277.png,data\rgbd_dataset_freiburg1_xyz\depth\1305031109.767470.png,0.007807016372680664,0.0005230903625488281,967,0.010142999999516178,0.0018338999998377403,0.011106500000096275,0.012940399999934016,0.023083399999450194,74563584
221,1305031109.811371,data\rgbd_dataset_freiburg1_xyz\rgb\1305031109.811371.png,data\rgbd_dataset_freiburg1_xyz\depth\1305031109.803396.png,0.007975101470947266,0.00432896614074707,950,0.008343700001205434,0.0014900000005582115,0.005105900001581176,0.006595900002139388,0.014939600003344822,73977856
222,1305031109.843296,data\rgbd_dataset_freiburg1_xyz\rgb\1305031109.843296.png,data\rgbd_dataset_freiburg1_xyz\depth\1305031109.834910.png,0.00838613510131836,0.0024039745330810547,939,0.0077818999998271465,0.0016322999999829335,0.003958899998906418,0.005591199998889351,0.013373099998716498,74375168
223,1305031109.875306,data\rgbd_dataset_freiburg1_xyz\rgb\1305031109.875306.png,data\rgbd_dataset_freiburg1_xyz\depth\1305031109.871271.png,0.004034996032714844,0.0004940032958984375,942,0.008601499999713269,0.0016439999999420252,0.006749999998646672,0.008393999998588697,0.016995499998301966,73764864
224,1305031109.911265,data\rgbd_dataset_freiburg1_xyz\rgb\1305031109.911265.png,data\rgbd_dataset_freiburg1_xyz\depth\1305031109.900535.png,0.010729789733886719,0.004535198211669922,911,0.007867799999075942,0.001663699998971424,0.010817700000188779,0.012481399999160203,0.020349199998236145,73736192
225,1305031109.943299,data\rgbd_dataset_freiburg1_xyz\rgb\1305031109.943299.png,data\rgbd_dataset_freiburg1_xyz\depth\1305031109.934960.png,0.008339166641235352,0.0024008750915527344,927,0.00809780000054161,0.0016222000012930948,0.006350799998472212,0.007972999999765307,0.016070800000306917,73773056
226,1305031109.975258,data\rgbd_dataset_freiburg1_xyz\rgb\1305031109.975258.png,data\rgbd_dataset_freiburg1_xyz\depth\1305031109.970213.png,0.005045175552368164,0.0005419254302978516,903,0.00810029999956896,0.0016580999999860069,0.0048361999997723615,0.006494299999758368,0.014594599999327329,73678848
227,1305031110.011256,data\rgbd_dataset_freiburg1_xyz\rgb\1305031110.011256.png,data\rgbd_dataset_freiburg1_xyz\depth\1305031109.999657.png,0.011599063873291016,0.004444122314453125,961,0.008104900000034831,0.0017499000005045673,0.008067899998422945,0.009817799998927512,0.017922699998962344,73744384
228,1305031110.043299,data\rgbd_dataset_freiburg1_xyz\rgb\1305031110.043299.png,data\rgbd_dataset_freiburg1_xyz\depth\1305031110.031356.png,0.011942863464355469,0.002401113510131836,938,0.007909699999800068,0.0016744000004109694,0.007382600000710227,0.009057000001121196,0.016966700000921264,73773056
229,1305031110.075319,data\rgbd_dataset_freiburg1_xyz\rgb\1305031110.075319.png,data\rgbd_dataset_freiburg1_xyz\depth\1305031110.068125.png,0.007194042205810547,0.0003809928894042969,930,0.00803760000053444,0.0017055000007530907,0.010320400000637164,0.012025900001390255,0.020063500001924695,73793536
230,1305031110.111325,data\rgbd_dataset_freiburg1_xyz\rgb\1305031110.111325.png,data\rgbd_dataset_freiburg1_xyz\depth\1305031110.101397.png,0.009927988052368164,0.004374980926513672,954,0.007891499999459484,0.0016830999993544538,0.012872100000095088,0.014555199999449542,0.022446699998909025,73764864
231,1305031110.143432,data\rgbd_dataset_freiburg1_xyz\rgb\1305031110.143432.png,data\rgbd_dataset_freiburg1_xyz\depth\1305031110.132317.png,0.011114835739135742,0.0023682117462158203,972,0.0082139999994979,0.0015521999994234648,0.009258699999918463,0.010810899999341927,0.019024899998839828,73900032
232,1305031110.175641,data\rgbd_dataset_freiburg1_xyz\rgb\1305031110.175641.png,data\rgbd_dataset_freiburg1_xyz\depth\1305031110.168323.png,0.007318019866943359,5.888938903808594e-05,976,0.00836150000031921,0.0015856000009080162,0.006943200000023353,0.00852880000093137,0.01689030000125058,73912320
233,1305031110.211637,data\rgbd_dataset_freiburg1_xyz\rgb\1305031110.211637.png,data\rgbd_dataset_freiburg1_xyz\depth\1305031110.203162.png,0.008475065231323242,0.004163026809692383,965,0.011124000000563683,0.0026262000010319753,0.00913349999973434,0.011759700000766315,0.02288370000133,73957376
234,1305031110.243323,data\rgbd_dataset_freiburg1_xyz\rgb\1305031110.243323.png,data\rgbd_dataset_freiburg1_xyz\depth\1305031110.234909.png,0.008414030075073242,0.0023767948150634766,970,0.011156500000652159,0.002429399999527959,0.005491199999596574,0.007920599999124533,0.019077099999776692,73916416
235,1305031110.279321,data\rgbd_dataset_freiburg1_xyz\rgb\1305031110.279321.png,data\rgbd_dataset_freiburg1_xyz\depth\1305031110.271394.png,0.00792694091796875,0.0036208629608154297,1024,0.008437000000412809,0.0017071000002033543,0.006463400000939146,0.0081705000011425,0.01660750000155531,73949184
236,1305031110.311404,data\rgbd_dataset_freiburg1_xyz\rgb\1305031110.311404.png,data\rgbd_dataset_freiburg1_xyz\depth\1305031110.303648.png,0.00775599479675293,0.004296064376831055,1051,0.009524099999907776,0.0016431000003649388,0.007985799999005394,0.009628899999370333,0.01915299999927811,74108928
237,1305031110.343355,data\rgbd_dataset_freiburg1_xyz\rgb\1305031110.343355.png,data\rgbd_dataset_freiburg1_xyz\depth\1305031110.331570.png,0.011785030364990234,0.0023450851440429688,1105,0.007527400000981288,0.0015476999997190433,0.012109700001019519,0.013657400000738562,0.02118480000171985,74780672
238,1305031110.379281,data\rgbd_dataset_freiburg1_xyz\rgb\1305031110.379281.png,data\rgbd_dataset_freiburg1_xyz\depth\1305031110.371607.png,0.007673978805541992,0.0035810470581054688,1152,0.007568300001366879,0.0015774999992572702,0.012830800000301679,0.014408299999558949,0.021976600000925828,74174464
239,1305031110.411469,data\rgbd_dataset_freiburg1_xyz\rgb\1305031110.411469.png,data\rgbd_dataset_freiburg1_xyz\depth\1305031110.403480.png,0.007988929748535156,0.004230976104736328,1162,0.008367700000235345,0.001713499999823398,0.017701900000247406,0.019415400000070804,0.02778310000030615,74149888
240,1305031110.44326,data\rgbd_dataset_freiburg1_xyz\rgb\1305031110.443260.png,data\rgbd_dataset_freiburg1_xyz\depth\1305031110.435647.png,0.007612943649291992,0.0024399757385253906,1206,0.00817060000008496,0.0015621000002283836,0.008282200000394369,0.009844300000622752,0.018014900000707712,74182656
241,1305031110.479331,data\rgbd_dataset_freiburg1_xyz\rgb\1305031110.479331.png,data\rgbd_dataset_freiburg1_xyz\depth\1305031110.470588.png,0.008743047714233398,0.003631114959716797,1269,0.00784890000068117,0.0016846999988047173,0.010787600000185193,0.01247229999898991,0.02032119999967108,74178560
242,1305031110.511429,data\rgbd_dataset_freiburg1_xyz\rgb\1305031110.511429.png,data\rgbd_dataset_freiburg1_xyz\depth\1305031110.502539.png,0.008890151977539062,0.004271030426025391,1310,0.00868850000006205,0.00163550000070245,0.007715300000199932,0.009350800000902382,0.01803930000096443,74215424
243,1305031110.543408,data\rgbd_dataset_freiburg1_xyz\rgb\1305031110.543408.png,data\rgbd_dataset_freiburg1_xyz\depth\1305031110.534532.png,0.008875846862792969,0.002292156219482422,1349,0.007893699999840464,0.001680700001088553,0.011978100001215353,0.013658800002303906,0.02155250000214437,74784768
244,1305031110.579426,data\rgbd_dataset_freiburg1_xyz\rgb\1305031110.579426.png,data\rgbd_dataset_freiburg1_xyz\depth\1305031110.571676.png,0.007750034332275391,0.0037260055541992188,1360,0.007980599999427795,0.002297799999723793,0.011031300000468036,0.01332910000019183,0.021309699999619625,74240000
245,1305031110.611307,data\rgbd_dataset_freiburg1_xyz\rgb\1305031110.611307.png,data\rgbd_dataset_freiburg1_xyz\depth\1305031110.604289.png,0.007017850875854492,0.004393100738525391,1355,0.008018700000320678,0.0017334000003756955,0.02636299999903713,0.028096399999412824,0.0361150999997335,74747904
246,1305031110.643418,data\rgbd_dataset_freiburg1_xyz\rgb\1305031110.643418.png,data\rgbd_dataset_freiburg1_xyz\depth\1305031110.635485.png,0.00793313980102539,0.0022819042205810547,1382,0.007997499998964486,0.001977600000827806,0.010654599998815684,0.01263219999964349,0.020629699998607975,74838016
247,1305031110.679606,data\rgbd_dataset_freiburg1_xyz\rgb\1305031110.679606.png,data\rgbd_dataset_freiburg1_xyz\depth\1305031110.671775.png,0.00783085823059082,0.0039060115814208984,1381,0.008784199999354314,0.0017213999999512453,0.007138299999496667,0.008859699999447912,0.017643899998802226,74133504
248,1305031110.711412,data\rgbd_dataset_freiburg1_xyz\rgb\1305031110.711412.png,data\rgbd_dataset_freiburg1_xyz\depth\1305031110.699957.png,0.011455059051513672,0.0042879581451416016,1399,0.008396699999138946,0.001825599998483085,0.006289600001764484,0.008115200000247569,0.016511899999386515,74661888
249,1305031110.743249,data\rgbd_dataset_freiburg1_xyz\rgb\1305031110.743249.png,data\rgbd_dataset_freiburg1_xyz\depth\1305031110.735440.png,0.0078089237213134766,0.0024509429931640625,1370,0.008200199999919278,0.0022374000000127126,0.018659400000615278,0.02089680000062799,0.02909700000054727,74133504
250,1305031110.779193,data\rgbd_dataset_freiburg1_xyz\rgb\1305031110.779193.png,data\rgbd_dataset_freiburg1_xyz\depth\1305031110.769734.png,0.00945901870727539,0.003392934799194336,1392,0.014778799999476178,0.002747099999396596,0.008119500000248081,0.010866599999644677,0.025645399999120855,74821632
251,1305031110.811386,data\rgbd_dataset_freiburg1_xyz\rgb\1305031110.811386.png,data\rgbd_dataset_freiburg1_xyz\depth\1305031110.799684.png,0.01170206069946289,0.004313945770263672,1335,0.009763300000486197,0.0016544000009162119,0.005886300001293421,0.007540700002209633,0.01730400000269583,74194944
252,1305031110.843218,data\rgbd_dataset_freiburg1_xyz\rgb\1305031110.843218.png,data\rgbd_dataset_freiburg1_xyz\depth\1305031110.835248.png,0.007970094680786133,0.0024819374084472656,1367,0.008261400000264985,0.001822300000640098,0.013017000001127599,0.014839300001767697,0.02310070000203268,74170368
253,1305031110.879313,data\rgbd_dataset_freiburg1_xyz\rgb\1305031110.879313.png,data\rgbd_dataset_freiburg1_xyz\depth\1305031110.871293.png,0.00801992416381836,0.003612995147705078,1365,0.016001199999664095,0.003087599998252699,0.009565499998643645,0.012653099996896344,0.02865429999656044,74776576
254,1305031110.911333,data\rgbd_dataset_freiburg1_xyz\rgb\1305031110.911333.png,data\rgbd_dataset_freiburg1_xyz\depth\1305031110.901900.png,0.00943303108215332,0.004467010498046875,1353,0.013819699999658042,0.0031543000004603527,0.00751010000021779,0.010664400000678143,0.024484100000336184,74690560
255,1305031110.943862,data\rgbd_dataset_freiburg1_xyz\rgb\1305031110.943862.png,data\rgbd_dataset_freiburg1_xyz\depth\1305031110.938668.png,0.005193948745727539,0.0018379688262939453,1351,0.009900099999867962,0.002136600000085309,0.007953700000143726,0.010090300000229036,0.019990400000096997,74706944
256,1305031110.979345,data\rgbd_dataset_freiburg1_xyz\rgb\1305031110.979345.png,data\rgbd_dataset_freiburg1_xyz\depth\1305031110.971316.png,0.008028984069824219,0.003645181655883789,1340,0.009171800000331132,0.0017036999997799285,0.005822400000397465,0.007526100000177394,0.016697900000508525,74711040
257,1305031111.011431,data\rgbd_dataset_freiburg1_xyz\rgb\1305031111.011431.png,data\rgbd_dataset_freiburg1_xyz\depth\1305031111.003669.png,0.007761955261230469,0.004269123077392578,1363,0.009398700000019744,0.002742999999099993,0.010549300001002848,0.013292300000102841,0.022691000000122585,74747904
258,1305031111.043327,data\rgbd_dataset_freiburg1_xyz\rgb\1305031111.043327.png,data\rgbd_dataset_freiburg1_xyz\depth\1305031111.039669.png,0.0036580562591552734,0.0024728775024414062,1378,0.010117199999513105,0.002071799999612267,0.01747319999958563,0.0195449999991979,0.029662199998711003,74153984
259,1305031111.079283,data\rgbd_dataset_freiburg1_xyz\rgb\1305031111.079283.png,data\rgbd_dataset_freiburg1_xyz\depth\1305031111.071605.png,0.007678031921386719,0.0035829544067382812,1364,0.010320000001229346,0.0029447000015352387,0.01560800000152085,0.01855270000305609,0.028872700004285434,74711040
260,1305031111.111508,data\rgbd_dataset_freiburg1_xyz\rgb\1305031111.111508.png,data\rgbd_dataset_freiburg1_xyz\depth\1305031111.103658.png,0.007849931716918945,0.0041921138763427734,1342,0.011070800001107273,0.0021919999999227002,0.0122257000002719,0.0144177000001946,0.025488500001301873,74141696
261,1305031111.143257,data\rgbd_dataset_freiburg1_xyz\rgb\1305031111.143257.png,data\rgbd_dataset_freiburg1_xyz\depth\1305031111.139211.png,0.004045963287353516,0.002443075180053711,1331,0.010626100000081351,0.0021529999994527316,0.008735600000363775,0.010888599999816506,0.021514699999897857,74735616
262,1305031111.179326,data\rgbd_dataset_freiburg1_xyz\rgb\1305031111.179326.png,data\rgbd_dataset_freiburg1_xyz\depth\1305031111.170937.png,0.008388996124267578,0.003626108169555664,1328,0.011460199999419274,0.0026997999993909616,0.008917000001019915,0.011616800000410876,0.02307699999983015,74817536
263,1305031111.211433,data\rgbd_dataset_freiburg1_xyz\rgb\1305031111.211433.png,data\rgbd_dataset_freiburg1_xyz\depth\1305031111.199395.png,0.012037992477416992,0.004266977310180664,1323,0.011834099999759928,0.00250170000072103,0.011070499998822925,0.013572199999543955,0.025406299999303883,74760192
264,1305031111.243236,data\rgbd_dataset_freiburg1_xyz\rgb\1305031111.243236.png,data\rgbd_dataset_freiburg1_xyz\depth\1305031111.236670.png,0.006566047668457031,0.002563953399658203,1268,0.011927499999728752,0.0025514000008115545,0.024115400001392118,0.026666800002203672,0.038594300001932424,74776576
265,1305031111.279308,data\rgbd_dataset_freiburg1_xyz\rgb\1305031111.279308.png,data\rgbd_dataset_freiburg1_xyz\depth\1305031111.269939.png,0.009369134902954102,0.0036079883575439453,1224,0.01397989999895799,0.0031304000003729016,0.011420599999837577,0.014551000000210479,0.02853089999916847,74166272
266,1305031111.311547,data\rgbd_dataset_freiburg1_xyz\rgb\1305031111.311547.png,data\rgbd_dataset_freiburg1_xyz\depth\1305031111.302311.png,0.00923609733581543,0.004153013229370117,1241,0.012676000000283238,0.0022461000007751863,0.012572199999340228,0.014818300000115414,0.027494300000398653,74780672
267,1305031111.343397,data\rgbd_dataset_freiburg1_xyz\rgb\1305031111.343397.png,data\rgbd_dataset_freiburg1_xyz\depth\1305031111.339460.png,0.0039370059967041016,0.0023031234741210938,1200,0.013511400000425056,0.00254529999983788,0.010764900000140187,0.013310199999978067,0.026821600000403123,74776576
268,1305031111.379134,data\rgbd_dataset_freiburg1_xyz\rgb\1305031111.379134.png,data\rgbd_dataset_freiburg1_xyz\depth\1305031111.370908.png,0.00822591781616211,0.0034339427947998047,1185,0.015006899999207235,0.0029871000006096438,0.010910799999692244,0.013897900000301888,0.028904799999509123,74764288
269,1305031111.411296,data\rgbd_dataset_freiburg1_xyz\rgb\1305031111.411296.png,data\rgbd_dataset_freiburg1_xyz\depth\1305031111.402911.png,0.008384943008422852,0.0044040679931640625,1188,0.012117199999920558,0.0018731000000116182,0.008537400000932394,0.010410500000944012,0.02252770000086457,74764288
270,1305031111.443386,data\rgbd_dataset_freiburg1_xyz\rgb\1305031111.443386.png,data\rgbd_dataset_freiburg1_xyz\depth\1305031111.438948.png,0.004438161849975586,0.002313852310180664,1165,0.009832300000198302,0.0017036999997799285,0.010259599999699276,0.011963299999479204,0.021795599999677506,74797056
271,1305031111.479259,data\rgbd_dataset_freiburg1_xyz\rgb\1305031111.479259.png,data\rgbd_dataset_freiburg1_xyz\depth\1305031111.470919.png,0.008340120315551758,0.003258943557739258,1197,0.007877300000473042,0.0016896999986784067,0.005842200000188313,0.00753189999886672,0.015409199999339762,74784768
272,1305031111.511264,data\rgbd_dataset_freiburg1_xyz\rgb\1305031111.511264.png,data\rgbd_dataset_freiburg1_xyz\depth\1305031111.503531.png,0.00773310661315918,0.004436016082763672,1121,0.007289000001037493,0.001877799999419949,0.010213000001385808,0.012090800000805757,0.01937980000184325,74772480
273,1305031111.54325,data\rgbd_dataset_freiburg1_xyz\rgb\1305031111.543250.png,data\rgbd_dataset_freiburg1_xyz\depth\1305031111.539482.png,0.0037679672241210938,0.002549886703491211,1073,0.009941299998899922,0.0026531000003160443,0.022918599999684375,0.02557170000000042,0.03551299999890034,74792960
274,1305031111.579237,data\rgbd_dataset_freiburg1_xyz\rgb\1305031111.579237.png,data\rgbd_dataset_freiburg1_xyz\depth\1305031111.571320.png,0.007916927337646484,0.003437042236328125,1059,0.00826020000022254,0.0020985999999538762,0.0063343999991047895,0.008432999999058666,0.016693199999281205,74776576
275,1305031111.611271,data\rgbd_dataset_freiburg1_xyz\rgb\1305031111.611271.png,data\rgbd_dataset_freiburg1_xyz\depth\1305031111.603391.png,0.007879972457885742,0.0044291019439697266,1018,0.008476400000290596,0.0016725000004953472,0.008715899999515386,0.010388400000010733,0.01886480000030133,74776576
276,1305031111.643395,data\rgbd_dataset_freiburg1_xyz\rgb\1305031111.643395.png,data\rgbd_dataset_freiburg1_xyz\depth\1305031111.639405.png,0.0039899349212646484,0.0023050308227539062,1004,0.007798700000421377,0.0016546000006201211,0.007525200000600307,0.009179800001220428,0.016978500001641805,74838016
277,1305031111.67932,data\rgbd_dataset_freiburg1_xyz\rgb\1305031111.679320.png,data\rgbd_dataset_freiburg1_xyz\depth\1305031111.671252.png,0.008068084716796875,0.003620147705078125,1029,0.009059599999091006,0.0018903000000136672,0.008345799999005976,0.010236099999019643,0.01929569999811065,74878976
278,1305031111.71176,data\rgbd_dataset_freiburg1_xyz\rgb\1305031111.711760.png,data\rgbd_dataset_freiburg1_xyz\depth\1305031111.703791.png,0.007969141006469727,0.00393986701965332,970,0.00792360000014014,0.0015621999991708435,0.025686299999506446,0.02724849999867729,0.03517209999881743,74305536
279,1305031111.743386,data\rgbd_dataset_freiburg1_xyz\rgb\1305031111.743386.png,data\rgbd_dataset_freiburg1_xyz\depth\1305031111.739504.png,0.0038819313049316406,0.002313852310180664,947,0.008308100001158891,0.0018868999995902414,0.010270400000081281,0.012157299999671523,0.020465400000830414,74301440
280,1305031111.779423,data\rgbd_dataset_freiburg1_xyz\rgb\1305031111.779423.png,data\rgbd_dataset_freiburg1_xyz\depth\1305031111.771228.png,0.008194923400878906,0.0037229061126708984,925,0.008982599998489604,0.0021735999998782063,0.012086500000805245,0.014260100000683451,0.023242699999173055,74895360
281,1305031111.811406,data\rgbd_dataset_freiburg1_xyz\rgb\1305031111.811406.png,data\rgbd_dataset_freiburg1_xyz\depth\1305031111.800077.png,0.011328935623168945,0.004294157028198242,903,0.008663900000101421,0.0016558000006625662,0.028014199999233824,0.02966999999989639,0.03833389999999781,74235904
282,1305031111.843299,data\rgbd_dataset_freiburg1_xyz\rgb\1305031111.843299.png,data\rgbd_dataset_freiburg1_xyz\depth\1305031111.839333.png,0.003965854644775391,0.0025010108947753906,838,0.012393799999699695,0.0022955999993428122,0.013625300000057905,0.015920899999400717,0.028314699999100412,74289152
283,1305031111.879442,data\rgbd_dataset_freiburg1_xyz\rgb\1305031111.879442.png,data\rgbd_dataset_freiburg1_xyz\depth\1305031111.870985.png,0.008456945419311523,0.0037419795989990234,868,0.0158090999993874,0.003712499999892316,0.012588900000991998,0.016301400000884314,0.03211050000027171,74321920
284,1305031111.911354,data\rgbd_dataset_freiburg1_xyz\rgb\1305031111.911354.png,data\rgbd_dataset_freiburg1_xyz\depth\1305031111.903356.png,0.007997989654541016,0.004345893859863281,866,0.009887199999866425,0.0015994999994290993,0.005423900000096182,0.007023399999525282,0.016910599999391707,74358784
285,1305031111.9433,data\rgbd_dataset_freiburg1_xyz\rgb\1305031111.943300.png,data\rgbd_dataset_freiburg1_xyz\depth\1305031111.939680.png,0.0036199092864990234,0.002399921417236328,805,0.007864399998652516,0.0015212999987852527,0.0033582000014575897,0.004879500000242842,0.012743899998895358,74301440
286,1305031111.979449,data\rgbd_dataset_freiburg1_xyz\rgb\1305031111.979449.png,data\rgbd_dataset_freiburg1_xyz\depth\1305031111.971494.png,0.007955074310302734,0.003648996353149414,875,0.007720199999312172,0.0016114000009110896,0.005750500000431202,0.007361900001342292,0.015082100000654464,74354688
287,1305031112.011433,data\rgbd_dataset_freiburg1_xyz\rgb\1305031112.011433.png,data\rgbd_dataset_freiburg1_xyz\depth\1305031112.003596.png,0.00783681869506836,0.004267215728759766,847,0.007773699999233941,0.0015315000000555301,0.006856100000732113,0.008387600000787643,0.016161300000021583,74354688
288,1305031112.04327,data\rgbd_dataset_freiburg1_xyz\rgb\1305031112.043270.png,data\rgbd_dataset_freiburg1_xyz\depth\1305031112.039412.png,0.0038580894470214844,0.0025298595428466797,868,0.009879499999442487,0.001908000000184984,0.0072273999994649785,0.009135399999649962,0.01901489999909245,74379264
289,1305031112.079339,data\rgbd_dataset_freiburg1_xyz\rgb\1305031112.079339.png,data\rgbd_dataset_freiburg1_xyz\depth\1305031112.070731.png,0.008608102798461914,0.0036389827728271484,888,0.008372299998882227,0.0017853999997896608,0.005994400000417954,0.007779800000207615,0.01615209999908984,74629120
290,1305031112.111423,data\rgbd_dataset_freiburg1_xyz\rgb\1305031112.111423.png,data\rgbd_dataset_freiburg1_xyz\depth\1305031112.102495.png,0.008928060531616211,0.00427699089050293,849,0.007873500000641798,0.0015887999998085434,0.01673809999920195,0.018326899999010493,0.02620039999965229,74739712
291,1305031112.144342,data\rgbd_dataset_freiburg1_xyz\rgb\1305031112.144342.png,data\rgbd_dataset_freiburg1_xyz\depth\1305031112.139107.png,0.005234956741333008,0.0013580322265625,835,0.008469500000501284,0.0016431999993073987,0.005718100001104176,0.007361300000411575,0.01583080000091286,74649600
292,1305031112.17939,data\rgbd_dataset_freiburg1_xyz\rgb\1305031112.179390.png,data\rgbd_dataset_freiburg1_xyz\depth\1305031112.169345.png,0.010045051574707031,0.003690004348754883,825,0.008548899999368587,0.0016465999997308245,0.008014799999727984,0.009661399999458808,0.018210299998827395,74661888
293,1305031112.211254,data\rgbd_dataset_freiburg1_xyz\rgb\1305031112.211254.png,data\rgbd_dataset_freiburg1_xyz\depth\1305031112.207733.png,0.003520965576171875,0.004546165466308594,842,0.008816700001261779,0.0019072999984928174,0.010478500000317581,0.012385799998810398,0.021202500000072177,74649600
294,1305031112.243369,data\rgbd_dataset_freiburg1_xyz\rgb\1305031112.243369.png,data\rgbd_dataset_freiburg1_xyz\depth\1305031112.235657.png,0.007712125778198242,0.002330780029296875,839,0.011378599998352001,0.0023641999996470986,0.0131230000006326,0.0154872000002797,0.0268657999986317,74670080
295,1305031112.279353,data\rgbd_dataset_freiburg1_xyz\rgb\1305031112.279353.png,data\rgbd_dataset_freiburg1_xyz\depth\1305031112.269488.png,0.00986480712890625,0.003652811050415039,858,0.010467400001289207,0.0015867999991314718,0.0120031000005838,0.013589899999715271,0.024057300001004478,74715136
296,1305031112.311312,data\rgbd_dataset_freiburg1_xyz\rgb\1305031112.311312.png,data\rgbd_dataset_freiburg1_xyz\depth\1305031112.303591.png,0.007720947265625,0.004388093948364258,845,0.008181799999874784,0.0017317999991064426,0.007153200000175275,0.008884999999281717,0.0170667999991565,74711040
297,1305031112.343323,data\rgbd_dataset_freiburg1_xyz\rgb\1305031112.343323.png,data\rgbd_dataset_freiburg1_xyz\depth\1305031112.335789.png,0.007534027099609375,0.002476930618286133,848,0.008452800000668503,0.0015957000014168443,0.007809900000211201,0.009405600001628045,0.01785840000229655,74723328
298,1305031112.37936,data\rgbd_dataset_freiburg1_xyz\rgb\1305031112.379360.png,data\rgbd_dataset_freiburg1_xyz\depth\1305031112.371231.png,0.008128881454467773,0.003659963607788086,850,0.008421300000918563,0.001656800001001102,0.00540019999971264,0.007057000000713742,0.015478300001632306,74723328
299,1305031112.411442,data\rgbd_dataset_freiburg1_xyz\rgb\1305031112.411442.png,data\rgbd_dataset_freiburg1_xyz\depth\1305031112.407491.png,0.003951072692871094,0.004257917404174805,832,0.008952500000305008,0.0018364999996265396,0.008309500000905246,0.010146000000531785,0.019098500000836793,74694656
300,1305031112.443391,data\rgbd_dataset_freiburg1_xyz\rgb\1305031112.443391.png,data\rgbd_dataset_freiburg1_xyz\depth\1305031112.439064.png,0.004327058792114258,0.0023088455200195312,864,0.008449000000837259,0.0016209999994316604,0.004413399999975809,0.006034399999407469,0.014483400000244728,74727424
301,1305031112.479418,data\rgbd_dataset_freiburg1_xyz\rgb\1305031112.479418.png,data\rgbd_dataset_freiburg1_xyz\depth\1305031112.471066.png,0.008352041244506836,0.003718137741088867,884,0.009015300000100979,0.0017410999989806442,0.006956799999898067,0.008697899998878711,0.01771319999897969,74706944
302,1305031112.511504,data\rgbd_dataset_freiburg1_xyz\rgb\1305031112.511504.png,data\rgbd_dataset_freiburg1_xyz\depth\1305031112.506669.png,0.004834890365600586,0.0041961669921875,862,0.009504700001343735,0.0016422000007878523,0.006347599999571685,0.007989800000359537,0.017494500001703273,74702848
303,1305031112.543212,data\rgbd_dataset_freiburg1_xyz\rgb\1305031112.543212.png,data\rgbd_dataset_freiburg1_xyz\depth\1305031112.538310.png,0.004901885986328125,0.002688169479370117,867,0.008401799999774084,0.0016132000000652624,0.003979299999627983,0.005592499999693246,0.01399429999946733,74723328
304,1305031112.579252,data\rgbd_dataset_freiburg1_xyz\rgb\1305031112.579252.png,data\rgbd_dataset_freiburg1_xyz\depth\1305031112.567470.png,0.011781930923461914,0.003551959991455078,883,0.00825280000026396,0.0016562999990128446,0.004606999998941319,0.006263299997954164,0.014516099998218124,74649600
305,1305031112.611261,data\rgbd_dataset_freiburg1_xyz\rgb\1305031112.611261.png,data\rgbd_dataset_freiburg1_xyz\depth\1305031112.606742.png,0.004518985748291016,0.004439115524291992,878,0.008633800000097835,0.0015603000010742107,0.004960400001436938,0.006520700002511148,0.015154500002608984,74768384
306,1305031112.643246,data\rgbd_dataset_freiburg1_xyz\rgb\1305031112.643246.png,data\rgbd_dataset_freiburg1_xyz\depth\1305031112.639418.png,0.0038280487060546875,0.002554178237915039,911,0.011169199999130797,0.002175899999201647,0.008735600000363775,0.010911499999565422,0.022080699998696218,74764288
307,1305031112.679952,data\rgbd_dataset_freiburg1_xyz\rgb\1305031112.679952.png,data\rgbd_dataset_freiburg1_xyz\depth\1305031112.671325.png,0.008626937866210938,0.004151821136474609,883,0.008662000000185799,0.0017126000002463115,0.014434200000323472,0.016146800000569783,0.024808800000755582,74752000
308,1305031112.711251,data\rgbd_dataset_freiburg1_xyz\rgb\1305031112.711251.png,data\rgbd_dataset_freiburg1_xyz\depth\1305031112.707325.png,0.00392603874206543,0.004448890686035156,855,0.014326900000014575,0.003212100000382634,0.016284000001178356,0.01949610000156099,0.033823000001575565,74866688
309,1305031112.743245,data\rgbd_dataset_freiburg1_xyz\rgb\1305031112.743245.png,data\rgbd_dataset_freiburg1_xyz\depth\1305031112.739546.png,0.0036988258361816406,0.002454996109008789,844,0.012904000001071836,0.0026543999993009493,0.00853819999974803,0.01119259999904898,0.024096600000120816,74752000
310,1305031112.77931,data\rgbd_dataset_freiburg1_xyz\rgb\1305031112.779310.png,data\rgbd_dataset_freiburg1_xyz\depth\1305031112.771523.png,0.007786989212036133,0.003609895706176758,807,0.014675399999759975,0.002788699999655364,0.019357899998794892,0.022146599998450256,0.03682199999821023,74678272
311,1305031112.81131,data\rgbd_dataset_freiburg1_xyz\rgb\1305031112.811310.png,data\rgbd_dataset_freiburg1_xyz\depth\1305031112.807539.png,0.003771066665649414,0.00439000129699707,771,0.013940299999376293,0.0025067000005947193,0.01176599999962491,0.01427270000021963,0.028212999999595922,74706944
312,1305031112.843286,data\rgbd_dataset_freiburg1_xyz\rgb\1305031112.843286.png,data\rgbd_dataset_freiburg1_xyz\depth\1305031112.839560.png,0.0037260055541992188,0.0024139881134033203,765,0.014526399998430861,0.00265659999968193,0.005377200001021265,0.008033800000703195,0.022560199999134056,74739712
313,1305031112.879421,data\rgbd_dataset_freiburg1_xyz\rgb\1305031112.879421.png,data\rgbd_dataset_freiburg1_xyz\depth\1305031112.871083.png,0.008337974548339844,0.003720998764038086,783,0.012115199999243487,0.0028757999989466043,0.009202200000800076,0.01207799999974668,0.024193199998990167,74674176
314,1305031112.911411,data\rgbd_dataset_freiburg1_xyz\rgb\1305031112.911411.png,data\rgbd_dataset_freiburg1_xyz\depth\1305031112.907246.png,0.004164934158325195,0.004288911819458008,743,0.00967069999933301,0.0018218000004708301,0.0048146999997698,0.0066365000002406305,0.01630719999957364,74698752
315,1305031112.943321,data\rgbd_dataset_freiburg1_xyz\rgb\1305031112.943321.png,data\rgbd_dataset_freiburg1_xyz\depth\1305031112.939323.png,0.0039980411529541016,0.0023789405822753906,749,0.009218799999871408,0.0022501999992528,0.006636799998887,0.0088869999981398,0.018105799998011207,74731520
316,1305031112.979278,data\rgbd_dataset_freiburg1_xyz\rgb\1305031112.979278.png,data\rgbd_dataset_freiburg1_xyz\depth\1305031112.971164.png,0.008114099502563477,0.00357818603515625,717,0.009838399999352987,0.0020112000001972774,0.007382299998425879,0.009393499998623156,0.019231899997976143,74743808
317,1305031113.011353,data\rgbd_dataset_freiburg1_xyz\rgb\1305031113.011353.png,data\rgbd_dataset_freiburg1_xyz\depth\1305031113.007166.png,0.004187107086181641,0.004347085952758789,728,0.00769390000095882,0.0015623999988747528,0.005043599998316495,0.0066059999971912475,0.014299899998150067,74772480
318,1305031113.043231,data\rgbd_dataset_freiburg1_xyz\rgb\1305031113.043231.png,data\rgbd_dataset_freiburg1_xyz\depth\1305031113.039492.png,0.0037391185760498047,0.002568960189819336,727,0.007857599999624654,0.0017786000007617986,0.004831499998545041,0.00661009999930684,0.014467699998931494,74743808
319,1305031113.079251,data\rgbd_dataset_freiburg1_xyz\rgb\1305031113.079251.png,data\rgbd_dataset_freiburg1_xyz\depth\1305031113.071210.png,0.008041143417358398,0.003551006317138672,737,0.008823399999528192,0.0017138999992312165,0.003697100000863429,0.005411000000094646,0.014234399999622838,74809344
320,1305031113.111316,data\rgbd_dataset_freiburg1_xyz\rgb\1305031113.111316.png,data\rgbd_dataset_freiburg1_xyz\depth\1305031113.107662.png,0.003654003143310547,0.004384040832519531,756,0.00815350000084436,0.0016541000004508533,0.004985399998986395,0.006639499999437248,0.014793000000281609,74825728
321,1305031113.143306,data\rgbd_dataset_freiburg1_xyz\rgb\1305031113.143306.png,data\rgbd_dataset_freiburg1_xyz\depth\1305031113.139664.png,0.0036420822143554688,0.002393960952758789,804,0.007888899999670684,0.0016878999995242339,0.008517799999026465,0.010205699998550699,0.018094599998221383,74891264
322,1305031113.179343,data\rgbd_dataset_freiburg1_xyz\rgb\1305031113.179343.png,data\rgbd_dataset_freiburg1_xyz\depth\1305031113.171088.png,0.0082550048828125,0.003643035888671875,793,0.008134599998811609,0.0016240000004472677,0.0050176999993709615,0.006641699999818229,0.014776299998629838,74883072
323,1305031113.211259,data\rgbd_dataset_freiburg1_xyz\rgb\1305031113.211259.png,data\rgbd_dataset_freiburg1_xyz\depth\1305031113.207181.png,0.004077911376953125,0.004641056060791016,802,0.007562500000858563,0.0016322999999829335,0.0045226000002003275,0.006154900000183261,0.013717400001041824,74870784
324,1305031113.243227,data\rgbd_dataset_freiburg1_xyz\rgb\1305031113.243227.png,data\rgbd_dataset_freiburg1_xyz\depth\1305031113.239732.png,0.0034949779510498047,0.0024728775024414062,804,0.008061200000156532,0.002266000001327484,0.006047799999578274,0.008313800000905758,0.01637500000106229,74907648
325,1305031113.279312,data\rgbd_dataset_freiburg1_xyz\rgb\1305031113.279312.png,data\rgbd_dataset_freiburg1_xyz\depth\1305031113.271470.png,0.007841825485229492,0.0036118030548095703,840,0.007953799999086186,0.001587499999004649,0.0056108999997377396,0.0071983999987423886,0.015152199997828575,74887168
326,1305031113.311452,data\rgbd_dataset_freiburg1_xyz\rgb\1305031113.311452.png,data\rgbd_dataset_freiburg1_xyz\depth\1305031113.307323.png,0.004128932952880859,0.004248142242431641,833,0.008024200000363635,0.001795099999071681,0.006792199999836157,0.008587299998907838,0.016611499999271473,74899456
327,1305031113.343252,data\rgbd_dataset_freiburg1_xyz\rgb\1305031113.343252.png,data\rgbd_dataset_freiburg1_xyz\depth\1305031113.339396.png,0.0038559436798095703,0.0024480819702148438,873,0.008033100000830018,0.0016655999988870462,0.008017699999982142,0.009683299998869188,0.017716399999699206,74952704
328,1305031113.379312,data\rgbd_dataset_freiburg1_xyz\rgb\1305031113.379312.png,data\rgbd_dataset_freiburg1_xyz\depth\1305031113.371377.png,0.007935047149658203,0.003612041473388672,922,0.008172300000296673,0.0016494000010425225,0.013663899999301066,0.015313300000343588,0.02348560000064026,74969088
329,1305031113.411625,data\rgbd_dataset_freiburg1_xyz\rgb\1305031113.411625.png,data\rgbd_dataset_freiburg1_xyz\depth\1305031113.407351.png,0.004273891448974609,0.004075050354003906,931,0.008871100000760634,0.0016628999983367976,0.01939909999964584,0.02106199999798264,0.029933099998743273,74973184
330,1305031113.443266,data\rgbd_dataset_freiburg1_xyz\rgb\1305031113.443266.png,data\rgbd_dataset_freiburg1_xyz\depth\1305031113.439787.png,0.00347900390625,0.0024340152740478516,974,0.00884579999910784,0.001721200000247336,0.007217899999886868,0.008939100000134204,0.017784899999242043,75063296
331,1305031113.479311,data\rgbd_dataset_freiburg1_xyz\rgb\1305031113.479311.png,data\rgbd_dataset_freiburg1_xyz\depth\1305031113.475657.png,0.003654003143310547,0.0036110877990722656,971,0.008118300000205636,0.001656399999774294,0.0153998000005231,0.017056200000297395,0.02517450000050303,74977280
332,1305031113.511523,data\rgbd_dataset_freiburg1_xyz\rgb\1305031113.511523.png,data\rgbd_dataset_freiburg1_xyz\depth\1305031113.507987.png,0.0035359859466552734,0.004177093505859375,958,0.01021510000100534,0.0017984999994951067,0.016553600000406732,0.01835209999990184,0.028567200000907178,75206656
333,1305031113.543242,data\rgbd_dataset_freiburg1_xyz\rgb\1305031113.543242.png,data\rgbd_dataset_freiburg1_xyz\depth\1305031113.539417.png,0.003824949264526367,0.0024580955505371094,950,0.008544300000721705,0.0019011999993381323,0.00868810000065423,0.010589299999992363,0.01913360000071407,75190272
334,1305031113.579301,data\rgbd_dataset_freiburg1_xyz\rgb\1305031113.579301.png,data\rgbd_dataset_freiburg1_xyz\depth\1305031113.574964.png,0.0043370723724365234,0.00360107421875,960,0.00839339999947697,0.0017870000010589138,0.008948599999712314,0.010735600000771228,0.019129000000248197,75210752
335,1305031113.611268,data\rgbd_dataset_freiburg1_xyz\rgb\1305031113.611268.png,data\rgbd_dataset_freiburg1_xyz\depth\1305031113.607216.png,0.004052162170410156,0.0045318603515625,974,0.009784799998669769,0.0016520000008313218,0.010079899999254849,0.01173190000008617,0.02151669999875594,75243520
336,1305031113.643222,data\rgbd_dataset_freiburg1_xyz\rgb\1305031113.643222.png,data\rgbd_dataset_freiburg1_xyz\depth\1305031113.638418.png,0.004804134368896484,0.002477884292602539,954,0.008435400000962545,0.0018442000000504777,0.01257130000158213,0.014415500001632608,0.022850900002595154,75255808
337,1305031113.679288,data\rgbd_dataset_freiburg1_xyz\rgb\1305031113.679288.png,data\rgbd_dataset_freiburg1_xyz\depth\1305031113.674244.png,0.005043983459472656,0.003587961196899414,932,0.00831079999989015,0.0017353000002913177,0.005900800000745221,0.007636100001036539,0.01594690000092669,75243520
338,1305031113.711931,data\rgbd_dataset_freiburg1_xyz\rgb\1305031113.711931.png,data\rgbd_dataset_freiburg1_xyz\depth\1305031113.704256.png,0.0076749324798583984,0.0037689208984375,952,0.008713400000488036,0.0017074999996111728,0.005317499999364372,0.007024999998975545,0.01573839999946358,75358208
339,1305031113.74359,data\rgbd_dataset_freiburg1_xyz\rgb\1305031113.743590.png,data\rgbd_dataset_freiburg1_xyz\depth\1305031113.736263.png,0.007327079772949219,0.002209901809692383,946,0.008428700000877143,0.0016851000000315253,0.005900600001041312,0.007585700001072837,0.01601440000194998,75304960
340,1305031113.77932,data\rgbd_dataset_freiburg1_xyz\rgb\1305031113.779320.png,data\rgbd_dataset_freiburg1_xyz\depth\1305031113.774168.png,0.005151987075805664,0.0036199092864990234,949,0.008663999999043881,0.0019093000009888783,0.005377000001317356,0.007286300002306234,0.015950300001350115,75231232
341,1305031113.811237,data\rgbd_dataset_freiburg1_xyz\rgb\1305031113.811237.png,data\rgbd_dataset_freiburg1_xyz\depth\1305031113.805795.png,0.005442142486572266,0.0044629573822021484,963,0.008616400000391877,0.0016410000007454073,0.004527999999481835,0.006169000000227243,0.01478540000061912,75354112
342,1305031113.843295,data\rgbd_dataset_freiburg1_xyz\rgb\1305031113.843295.png,data\rgbd_dataset_freiburg1_xyz\depth\1305031113.838437.png,0.0048580169677734375,0.002404928207397461,986,0.009247600000890088,0.0016027999990910757,0.0045559999998658895,0.006158799998956965,0.015406399999847054,75333632
343,1305031113.879281,data\rgbd_dataset_freiburg1_xyz\rgb\1305031113.879281.png,data\rgbd_dataset_freiburg1_xyz\depth\1305031113.874200.png,0.0050809383392333984,0.0035810470581054688,1010,0.00871480000023439,0.001751099998728023,0.007732399999440531,0.009483499998168554,0.018198299998402945,75419648
344,1305031113.91129,data\rgbd_dataset_freiburg1_xyz\rgb\1305031113.911290.png,data\rgbd_dataset_freiburg1_xyz\depth\1305031113.906361.png,0.0049288272857666016,0.0044100284576416016,1037,0.011967599999479717,0.0017428999999538064,0.005468400000609108,0.007211300000562915,0.01917890000004263,75448320
345,1305031113.943291,data\rgbd_dataset_freiburg1_xyz\rgb\1305031113.943291.png,data\rgbd_dataset_freiburg1_xyz\depth\1305031113.938561.png,0.0047299861907958984,0.0024089813232421875,1039,0.011847300000226824,0.0037474000000656815,0.008854699999574223,0.012602099999639904,0.024449399999866728,75444224
346,1305031113.979293,data\rgbd_dataset_freiburg1_xyz\rgb\1305031113.979293.png,data\rgbd_dataset_freiburg1_xyz\depth\1305031113.974245.png,0.005048036575317383,0.0035932064056396484,1043,0.014064999999391148,0.0017671999994490761,0.005282199999783188,0.007049399999232264,0.021114399998623412,75448320
347,1305031114.011257,data\rgbd_dataset_freiburg1_xyz\rgb\1305031114.011257.png,data\rgbd_dataset_freiburg1_xyz\depth\1305031114.007082.png,0.004174947738647461,0.004443168640136719,1082,0.00789720000102534,0.0016257000006589806,0.007555700000011711,0.009181400000670692,0.01707860000169603,75452416
348,1305031114.043301,data\rgbd_dataset_freiburg1_xyz\rgb\1305031114.043301.png,data\rgbd_dataset_freiburg1_xyz\depth\1305031114.038546.png,0.0047550201416015625,0.002398967742919922,1115,0.007902200000899029,0.0016262999997707084,0.00470109999878332,0.006327399998554029,0.014229599999453058,75964416
349,1305031114.079285,data\rgbd_dataset_freiburg1_xyz\rgb\1305031114.079285.png,data\rgbd_dataset_freiburg1_xyz\depth\1305031114.074298.png,0.004987001419067383,0.0035848617553710938,1156,0.007679600001210929,0.00149769999916316,0.011752500000511645,0.013250199999674805,0.020929800000885734,75395072
350,1305031114.111263,data\rgbd_dataset_freiburg1_xyz\rgb\1305031114.111263.png,data\rgbd_dataset_freiburg1_xyz\depth\1305031114.106402.png,0.004861116409301758,0.004436969757080078,1196,0.00812690000020666,0.0017112999994424172,0.015384700000140583,0.017095999999583,0.02522289999978966,75399168
351,1305031114.143284,data\rgbd_dataset_freiburg1_xyz\rgb\1305031114.143284.png,data\rgbd_dataset_freiburg1_xyz\depth\1305031114.138562.png,0.004722118377685547,0.002415895462036133,1240,0.00824090000060096,0.0016223000002355548,0.014640999999755877,0.016263299999991432,0.02450420000059239,75415552
352,1305031114.179337,data\rgbd_dataset_freiburg1_xyz\rgb\1305031114.179337.png,data\rgbd_dataset_freiburg1_xyz\depth\1305031114.174114.png,0.00522303581237793,0.003637075424194336,1300,0.008483600000545266,0.00163550000070245,0.008603099999163533,0.010238599999865983,0.01872220000041125,75468800
353,1305031114.211303,data\rgbd_dataset_freiburg1_xyz\rgb\1305031114.211303.png,data\rgbd_dataset_freiburg1_xyz\depth\1305031114.206255.png,0.005048036575317383,0.004396915435791016,1319,0.007674499998756801,0.001738699998895754,0.007737399999314221,0.009476099998209975,0.017150599996966776,75554816
354,1305031114.243337,data\rgbd_dataset_freiburg1_xyz\rgb\1305031114.243337.png,data\rgbd_dataset_freiburg1_xyz\depth\1305031114.238473.png,0.0048639774322509766,0.0022630691528320312,1338,0.008730900000955444,0.0014876999994157813,0.007791099998939899,0.00927879999835568,0.018009699999311124,75538432
355,1305031114.27939,data\rgbd_dataset_freiburg1_xyz\rgb\1305031114.279390.png,data\rgbd_dataset_freiburg1_xyz\depth\1305031114.271075.png,0.008315086364746094,0.003690004348754883,1396,0.009143899998889538,0.002217900000687223,0.015525499999057502,0.017743399999744724,0.026887299998634262,75554816
356,1305031114.311429,data\rgbd_dataset_freiburg1_xyz\rgb\1305031114.311429.png,data\rgbd_dataset_freiburg1_xyz\depth\1305031114.306710.png,0.0047190189361572266,0.004271030426025391,1438,0.009275000000343425,0.0019179000009899028,0.030646399998659035,0.03256429999964894,0.04183929999999236,75538432
357,1305031114.343331,data\rgbd_dataset_freiburg1_xyz\rgb\1305031114.343331.png,data\rgbd_dataset_freiburg1_xyz\depth\1305031114.338919.png,0.004412174224853516,0.002368927001953125,1460,0.009511900001598406,0.0020649999987654155,0.04797870000038529,0.050043699999150704,0.05955560000074911,75460608
358,1305031114.37932,data\rgbd_dataset_freiburg1_xyz\rgb\1305031114.379320.png,data\rgbd_dataset_freiburg1_xyz\depth\1305031114.374307.png,0.005012989044189453,0.0036199092864990234,1485,0.016347000000678236,0.0036909000009472948,0.03395829999863054,0.03764919999957783,0.05399620000025607,75526144
359,1305031114.411397,data\rgbd_dataset_freiburg1_xyz\rgb\1305031114.411397.png,data\rgbd_dataset_freiburg1_xyz\depth\1305031114.406591.png,0.004806041717529297,0.004302978515625,1500,0.012477800000851857,0.0030442000006587477,0.01699450000160141,0.020038700002260157,0.032516500003112014,75563008
360,1305031114.443345,data\rgbd_dataset_freiburg1_xyz\rgb\1305031114.443345.png,data\rgbd_dataset_freiburg1_xyz\depth\1305031114.438540.png,0.004805088043212891,0.002254962921142578,1548,0.01823800000056508,0.003371199998582597,0.016526100000191946,0.019897299998774542,0.03813529999933962,76234752
361,1305031114.479332,data\rgbd_dataset_freiburg1_xyz\rgb\1305031114.479332.png,data\rgbd_dataset_freiburg1_xyz\depth\1305031114.474489.png,0.004842996597290039,0.003632068634033203,1580,0.016081099998700665,0.0028239999992365483,0.016156199999386445,0.018980199998622993,0.03506129999732366,75616256
362,1305031114.511266,data\rgbd_dataset_freiburg1_xyz\rgb\1305031114.511266.png,data\rgbd_dataset_freiburg1_xyz\depth\1305031114.506573.png,0.004693031311035156,0.004434108734130859,1638,0.007945299999846611,0.001648600000407896,0.04326749999927415,0.044916099999682046,0.05286139999952866,75649024
363,1305031114.543236,data\rgbd_dataset_freiburg1_xyz\rgb\1305031114.543236.png,data\rgbd_dataset_freiburg1_xyz\depth\1305031114.539953.png,0.0032830238342285156,0.0024640560150146484,1666,0.008839500000249245,0.0017267000002902932,0.031570200000714976,0.03329690000100527,0.042136400001254515,75665408
364,1305031114.579237,data\rgbd_dataset_freiburg1_xyz\rgb\1305031114.579237.png,data\rgbd_dataset_freiburg1_xyz\depth\1305031114.575185.png,0.004051923751831055,0.003637075424194336,1650,0.008634299998448114,0.0016699999996490078,0.00984010000138369,0.011510100001032697,0.02014439999948081,75677696
365,1305031114.611391,data\rgbd_dataset_freiburg1_xyz\rgb\1305031114.611391.png,data\rgbd_dataset_freiburg1_xyz\depth\1305031114.607560.png,0.003831148147583008,0.004308938980102539,1634,0.008818199999950593,0.0017679000011412427,0.009459799999604002,0.011227700000745244,0.020045900000695838,76201984
366,1305031114.644136,data\rgbd_dataset_freiburg1_xyz\rgb\1305031114.644136.png,data\rgbd_dataset_freiburg1_xyz\depth\1305031114.644150.png,1.4066696166992188e-05,0.0014641284942626953,1643,0.008376800000405638,0.001750200000969926,0.012360800001260941,0.014111000002230867,0.022487800002636504,75780096
367,1305031114.679251,data\rgbd_dataset_freiburg1_xyz\rgb\1305031114.679251.png,data\rgbd_dataset_freiburg1_xyz\depth\1305031114.675655.png,0.003596067428588867,0.003551006317138672,1674,0.008319000000483356,0.0017800999994506128,0.01960270000017772,0.021382799999628332,0.02970180000011169,75829248
368,1305031114.711306,data\rgbd_dataset_freiburg1_xyz\rgb\1305031114.711306.png,data\rgbd_dataset_freiburg1_xyz\depth\1305031114.706141.png,0.00516510009765625,0.004393815994262695,1702,0.008442799999102135,0.0018674999992072117,0.016648900000291178,0.01851639999949839,0.026959199998600525,75857920
369,1305031114.7432,data\rgbd_dataset_freiburg1_xyz\rgb\1305031114.743200.png,data\rgbd_dataset_freiburg1_xyz\depth\1305031114.743276.png,7.581710815429688e-05,0.002499818801879883,1672,0.008486299999276525,0.0017218000011780532,0.013914700000896119,0.015636500002074172,0.024122800001350697,76521472
370,1305031114.779289,data\rgbd_dataset_freiburg1_xyz\rgb\1305031114.779289.png,data\rgbd_dataset_freiburg1_xyz\depth\1305031114.774847.png,0.004441976547241211,0.0035889148712158203,1671,0.008653599999888684,0.0018391000012343284,0.010010699999838835,0.011849800001073163,0.020503400000961847,75915264
371,1305031114.811303,data\rgbd_dataset_freiburg1_xyz\rgb\1305031114.811303.png,data\rgbd_dataset_freiburg1_xyz\depth\1305031114.807310.png,0.003992795944213867,0.004297018051147461,1646,0.009269800000765827,0.0019444000008661533,0.009233299999323208,0.011177700000189361,0.020447500000955188,76652544
372,1305031114.843208,data\rgbd_dataset_freiburg1_xyz\rgb\1305031114.843208.png,data\rgbd_dataset_freiburg1_xyz\depth\1305031114.842137.png,0.0010709762573242188,0.0024919509887695312,1656,0.008564600000681821,0.0018798000000970205,0.010248399999909452,0.012128200000006473,0.020692800000688294,76439552
373,1305031114.879281,data\rgbd_dataset_freiburg1_xyz\rgb\1305031114.879281.png,data\rgbd_dataset_freiburg1_xyz\depth\1305031114.875056.png,0.004225015640258789,0.0035810470581054688,1627,0.008350800000698655,0.0018703999994613696,0.00897380000060366,0.01084420000006503,0.019195000000763685,76001280
374,1305031114.912879,data\rgbd_dataset_freiburg1_xyz\rgb\1305031114.912879.png,data\rgbd_dataset_freiburg1_xyz\depth\1305031114.907504.png,0.005374908447265625,0.0028209686279296875,1630,0.009652500000811415,0.0019167999998899177,0.007368299999143346,0.009285099999033264,0.01893759999984468,76615680
375,1305031114.943234,data\rgbd_dataset_freiburg1_xyz\rgb\1305031114.943234.png,data\rgbd_dataset_freiburg1_xyz\depth\1305031114.943264.png,3.0040740966796875e-05,0.0023660659790039062,1643,0.008777000000918633,0.0016672000001562992,0.013453199999275967,0.015120399999432266,0.0238974000003509,75984896
376,1305031114.97928,data\rgbd_dataset_freiburg1_xyz\rgb\1305031114.979280.png,data\rgbd_dataset_freiburg1_xyz\depth\1305031114.975411.png,0.0038690567016601562,0.0035800933837890625,1660,0.010773600000902661,0.0016756000004534144,0.012819999999919673,0.014495600000373088,0.02526920000127575,75984896
377,1305031115.0113,data\rgbd_dataset_freiburg1_xyz\rgb\1305031115.011300.png,data\rgbd_dataset_freiburg1_xyz\depth\1305031115.007179.png,0.004121065139770508,0.004400014877319336,1608,0.007987799999682466,0.0016981999997369712,0.011852499999804422,0.013550699999541393,0.02153849999922386,76697600
378,1305031115.043508,data\rgbd_dataset_freiburg1_xyz\rgb\1305031115.043508.png,data\rgbd_dataset_freiburg1_xyz\depth\1305031115.043530.png,2.193450927734375e-05,0.0021920204162597656,1579,0.00824540000030538,0.0017821000001276843,0.03504570000040985,0.036827800000537536,0.04507320000084292,75984896
379,1305031115.079238,data\rgbd_dataset_freiburg1_xyz\rgb\1305031115.079238.png,data\rgbd_dataset_freiburg1_xyz\depth\1305031115.071577.png,0.007660865783691406,0.003638029098510742,1549,0.008110900000247057,0.0017372000002069399,0.012509299998782808,0.014246499998989748,0.022357399999236804,76050432
380,1305031115.11123,data\rgbd_dataset_freiburg1_xyz\rgb\1305031115.111230.png,data\rgbd_dataset_freiburg1_xyz\depth\1305031115.107074.png,0.004155874252319336,0.004470109939575195,1518,0.00795500000094762,0.0017770999984350055,0.01514370000040799,0.016920799998842995,0.024875799999790615,76005376
381,1305031115.143275,data\rgbd_dataset_freiburg1_xyz\rgb\1305031115.143275.png,data\rgbd_dataset_freiburg1_xyz\depth\1305031115.143294.png,1.9073486328125e-05,0.002424955368041992,1453,0.007670900000448455,0.0016851999989739852,0.02823800000078336,0.029923199999757344,0.0375941000002058,76599296
382,1305031115.17944,data\rgbd_dataset_freiburg1_xyz\rgb\1305031115.179440.png,data\rgbd_dataset_freiburg1_xyz\depth\1305031115.172642.png,0.0067980289459228516,0.0038399696350097656,1372,0.008603299998867442,0.0017600999999558553,0.0281992000000173,0.029959299999973155,0.038562599998840597,76128256
383,1305031115.211374,data\rgbd_dataset_freiburg1_xyz\rgb\1305031115.211374.png,data\rgbd_dataset_freiburg1_xyz\depth\1305031115.206453.png,0.00492095947265625,0.00432586669921875,1366,0.00886270000046352,0.0018120000004273606,0.008916799999497016,0.010728799999924377,0.019591500000387896,76652544
384,1305031115.243297,data\rgbd_dataset_freiburg1_xyz\rgb\1305031115.243297.png,data\rgbd_dataset_freiburg1_xyz\depth\1305031115.240975.png,0.0023221969604492188,0.002402782440185547,1318,0.00829890000022715,0.0017789999983506277,0.007458000000042375,0.009236999998393003,0.017535899998620152,76132352
385,1305031115.279966,data\rgbd_dataset_freiburg1_xyz\rgb\1305031115.279966.png,data\rgbd_dataset_freiburg1_xyz\depth\1305031115.273468.png,0.006498098373413086,0.004266023635864258,1309,0.008388000000195461,0.0017750999995769234,0.01405479999993986,0.015829899999516783,0.024217899999712245,76140544
386,1305031115.311704,data\rgbd_dataset_freiburg1_xyz\rgb\1305031115.311704.png,data\rgbd_dataset_freiburg1_xyz\depth\1305031115.305534.png,0.006170034408569336,0.003895998001098633,1291,0.009261499999411171,0.0017855000005511101,0.006806200000937679,0.008591700001488789,0.01785320000089996,76824576
387,1305031115.343235,data\rgbd_dataset_freiburg1_xyz\rgb\1305031115.343235.png,data\rgbd_dataset_freiburg1_xyz\depth\1305031115.343426.png,0.00019097328186035156,0.0023648738861083984,1244,0.008279100000436301,0.0018140999982279027,0.015474599998924532,0.017288699997152435,0.025567799997588736,76050432
388,1305031115.379166,data\rgbd_dataset_freiburg1_xyz\rgb\1305031115.379166.png,data\rgbd_dataset_freiburg1_xyz\depth\1305031115.375054.png,0.0041120052337646484,0.003465890884399414,1210,0.008742899999560905,0.0019276999992143828,0.04600609999943117,0.047933799998645554,0.05667669999820646,76808192
389,1305031115.411237,data\rgbd_dataset_freiburg1_xyz\rgb\1305031115.411237.png,data\rgbd_dataset_freiburg1_xyz\depth\1305031115.406164.png,0.005073070526123047,0.0044629573822021484,1087,0.010658799999873736,0.0020375000003696186,0.008965200000602636,0.011002700000972254,0.02166150000084599,76853248
390,1305031115.443159,data\rgbd_dataset_freiburg1_xyz\rgb\1305031115.443159.png,data\rgbd_dataset_freiburg1_xyz\depth\1305031115.443040.png,0.00011920928955078125,0.0025408267974853516,1083,0.008264300000519142,0.0017520999990665587,0.010392599999249796,0.012144699998316355,0.020408999998835498,76087296
391,1305031115.479241,data\rgbd_dataset_freiburg1_xyz\rgb\1305031115.479241.png,data\rgbd_dataset_freiburg1_xyz\depth\1305031115.474863.png,0.004377841949462891,0.003640890121459961,1056,0.008161499999914668,0.001988599999094731,0.009487299999818788,0.011475899998913519,0.019637399998828187,76034048
392,1305031115.511253,data\rgbd_dataset_freiburg1_xyz\rgb\1305031115.511253.png,data\rgbd_dataset_freiburg1_xyz\depth\1305031115.507440.png,0.003813028335571289,0.0043468475341796875,1034,0.011067800000091665,0.0024056999991444172,0.010624499998812098,0.013030199997956515,0.02409799999804818,76840960
393,1305031115.543604,data\rgbd_dataset_freiburg1_xyz\rgb\1305031115.543604.png,data\rgbd_dataset_freiburg1_xyz\depth\1305031115.543620.png,1.621246337890625e-05,0.0020961761474609375,951,0.009555799999361625,0.0017426000013074372,0.012684400000580354,0.01442700000188779,0.023982800001249416,76128256
394,1305031115.579315,data\rgbd_dataset_freiburg1_xyz\rgb\1305031115.579315.png,data\rgbd_dataset_freiburg1_xyz\depth\1305031115.575290.png,0.004024982452392578,0.0036149024963378906,912,0.008322499999849242,0.001837899999372894,0.023951799999849754,0.02578969999922265,0.03411219999907189,76201984
395,1305031115.611424,data\rgbd_dataset_freiburg1_xyz\rgb\1305031115.611424.png,data\rgbd_dataset_freiburg1_xyz\depth\1305031115.607428.png,0.0039958953857421875,0.0042760372161865234,871,0.008118699999613455,0.0018875000005209586,0.008697200000824523,0.010584700001345482,0.018703400000958936,77037568
396,1305031115.643254,data\rgbd_dataset_freiburg1_xyz\rgb\1305031115.643254.png,data\rgbd_dataset_freiburg1_xyz\depth\1305031115.643254.png,0.0,0.0024459362030029297,848,0.00828659999933734,0.0017886999994516373,0.0091746999987663,0.010963399998217938,0.019249999997555278,76754944
397,1305031115.679241,data\rgbd_dataset_freiburg1_xyz\rgb\1305031115.679241.png,data\rgbd_dataset_freiburg1_xyz\depth\1305031115.675106.png,0.0041348934173583984,0.0035409927368164062,790,0.00963930000034452,0.0016780999994807644,0.005823100000270642,0.007501199999751407,0.017140500000095926,76095488
398,1305031115.71132,data\rgbd_dataset_freiburg1_xyz\rgb\1305031115.711320.png,data\rgbd_dataset_freiburg1_xyz\depth\1305031115.706301.png,0.005018949508666992,0.004379987716674805,802,0.008000499999980093,0.0016887000001588603,0.00699700000041048,0.00868570000056934,0.016686200000549434,76152832
399,1305031115.74325,data\rgbd_dataset_freiburg1_xyz\rgb\1305031115.743250.png,data\rgbd_dataset_freiburg1_xyz\depth\1305031115.742905.png,0.00034499168395996094,0.0024499893188476562,813,0.007881900000938913,0.0015469999998458661,0.009450900000956608,0.010997900000802474,0.018879800001741387,76173312
400,1305031115.779425,data\rgbd_dataset_freiburg1_xyz\rgb\1305031115.779425.png,data\rgbd_dataset_freiburg1_xyz\depth\1305031115.774329.png,0.005095958709716797,0.003724813461303711,778,0.007545999998910702,0.0016439999999420252,0.005869200000233832,0.007513200000175857,0.015059199999086559,76791808
401,1305031115.811277,data\rgbd_dataset_freiburg1_xyz\rgb\1305031115.811277.png,data\rgbd_dataset_freiburg1_xyz\depth\1305031115.806425.png,0.004851818084716797,0.004323005676269531,799,0.007470599999578553,0.0016571000014664605,0.0049479000008432195,0.00660500000230968,0.014075600001888233,76795904
402,1305031115.843224,data\rgbd_dataset_freiburg1_xyz\rgb\1305031115.843224.png,data\rgbd_dataset_freiburg1_xyz\depth\1305031115.841936.png,0.0012879371643066406,0.0024759769439697266,780,0.008086599998932797,0.00167420000070706,0.006053199998859782,0.007727399999566842,0.01581399999849964,76800000
403,1305031115.879198,data\rgbd_dataset_freiburg1_xyz\rgb\1305031115.879198.png,data\rgbd_dataset_freiburg1_xyz\depth\1305031115.875347.png,0.003851175308227539,0.0035979747772216797,761,0.007698600000367151,0.001572400000441121,0.008373099999516853,0.009945499999957974,0.017644100000325125,76783616
404,1305031115.911118,data\rgbd_dataset_freiburg1_xyz\rgb\1305031115.911118.png,data\rgbd_dataset_freiburg1_xyz\depth\1305031115.910716.png,0.0004019737243652344,0.0044820308685302734,773,0.007735399998637149,0.001721200000247336,0.004288099999030237,0.006009299999277573,0.013744699997914722,76816384
405,1305031115.943311,data\rgbd_dataset_freiburg1_xyz\rgb\1305031115.943311.png,data\rgbd_dataset_freiburg1_xyz\depth\1305031115.942015.png,0.0012960433959960938,0.0023889541625976562,756,0.007787399999870104,0.00170819999948435,0.003384600000572391,0.005092800000056741,0.012880199999926845,76804096
406,1305031115.98074,data\rgbd_dataset_freiburg1_xyz\rgb\1305031115.980740.png,data\rgbd_dataset_freiburg1_xyz\depth\1305031115.973799.png,0.006941080093383789,0.004959821701049805,739,0.00770120000015595,0.0019855999998981133,0.004711599998699967,0.00669719999859808,0.01439839999875403,76853248
407,1305031116.011379,data\rgbd_dataset_freiburg1_xyz\rgb\1305031116.011379.png,data\rgbd_dataset_freiburg1_xyz\depth\1305031116.010843.png,0.0005359649658203125,0.0042209625244140625,709,0.007793500000843778,0.0016789000001153909,0.003105899999354733,0.004784799999470124,0.012578300000313902,76836864
408,1305031116.043164,data\rgbd_dataset_freiburg1_xyz\rgb\1305031116.043164.png,data\rgbd_dataset_freiburg1_xyz\depth\1305031116.042618.png,0.0005459785461425781,0.0025360584259033203,680,0.007378399999652174,0.0017404999998689163,0.004736900000352762,0.006477400000221678,0.013855799999873852,76828672
409,1305031116.08003,data\rgbd_dataset_freiburg1_xyz\rgb\1305031116.080030.png,data\rgbd_dataset_freiburg1_xyz\depth\1305031116.071527.png,0.008502960205078125,0.0043299198150634766,636,0.008295899999211542,0.0019756999990931945,0.006867000000056578,0.008842699999149772,0.017138599998361315,76840960
410,1305031116.1113,data\rgbd_dataset_freiburg1_xyz\rgb\1305031116.111300.png,data\rgbd_dataset_freiburg1_xyz\depth\1305031116.108247.png,0.003052949905395508,0.004400014877319336,614,0.008556200000384706,0.0018096999992849305,0.003628099999332335,0.005437799998617265,0.013993999999001971,76832768
411,1305031116.143441,data\rgbd_dataset_freiburg1_xyz\rgb\1305031116.143441.png,data\rgbd_dataset_freiburg1_xyz\depth\1305031116.143447.png,5.9604644775390625e-06,0.0022590160369873047,602,0.007822999999916647,0.0018376999996689847,0.0031661000011808937,0.005003800000849878,0.012826800000766525,76763136
412,1305031116.179572,data\rgbd_dataset_freiburg1_xyz\rgb\1305031116.179572.png,data\rgbd_dataset_freiburg1_xyz\depth\1305031116.174891.png,0.004681110382080078,0.0038721561431884766,587,0.00783160000173666,0.001799899999241461,0.0038210000002436573,0.005620899999485118,0.013452500001221779,76746752
413,1305031116.211299,data\rgbd_dataset_freiburg1_xyz\rgb\1305031116.211299.png,data\rgbd_dataset_freiburg1_xyz\depth\1305031116.211320.png,2.09808349609375e-05,0.004400968551635742,562,0.007853299999624141,0.0018376000007265247,0.00333890000001702,0.005176500000743545,0.013029800000367686,76746752
414,1305031116.24332,data\rgbd_dataset_freiburg1_xyz\rgb\1305031116.243320.png,data\rgbd_dataset_freiburg1_xyz\depth\1305031116.242720.png,0.0006000995635986328,0.002379894256591797,568,0.007466199998816592,0.0018352999995840946,0.003164199999446282,0.004999499999030377,0.012465699997846968,76664832
415,1305031116.279385,data\rgbd_dataset_freiburg1_xyz\rgb\1305031116.279385.png,data\rgbd_dataset_freiburg1_xyz\depth\1305031116.274421.png,0.004964113235473633,0.00368499755859375,569,0.00802560000010999,0.0016949000000749948,0.002180799998313887,0.003875699998388882,0.011901299998498871,76738560
416,1305031116.311336,data\rgbd_dataset_freiburg1_xyz\rgb\1305031116.311336.png,data\rgbd_dataset_freiburg1_xyz\depth\1305031116.310686.png,0.0006499290466308594,0.004263877868652344,573,0.008014600000024075,0.0020184999993944075,0.003968999999415246,0.005987499998809653,0.014002099998833728,76767232
417,1305031116.343292,data\rgbd_dataset_freiburg1_xyz\rgb\1305031116.343292.png,data\rgbd_dataset_freiburg1_xyz\depth\1305031116.342459.png,0.0008330345153808594,0.0024080276489257812,576,0.010168599999815342,0.0019510000001901062,0.0023934000000735978,0.004344400000263704,0.014513000000079046,76763136
418,1305031116.379384,data\rgbd_dataset_freiburg1_xyz\rgb\1305031116.379384.png,data\rgbd_dataset_freiburg1_xyz\depth\1305031116.374490.png,0.0048940181732177734,0.0036840438842773438,558,0.008443499998975312,0.0017668000000412576,0.00220890000127838,0.0039757000013196375,0.01241920000029495,76750848
419,1305031116.411333,data\rgbd_dataset_freiburg1_xyz\rgb\1305031116.411333.png,data\rgbd_dataset_freiburg1_xyz\depth\1305031116.409631.png,0.0017020702362060547,0.004366874694824219,562,0.008118300000205636,0.0017804999988584314,0.0035755999997491017,0.005356099998607533,0.013474399998813169,76783616
420,1305031116.443369,data\rgbd_dataset_freiburg1_xyz\rgb\1305031116.443369.png,data\rgbd_dataset_freiburg1_xyz\depth\1305031116.442496.png,0.0008728504180908203,0.002231121063232422,567,0.01118039999892062,0.0024444999999104766,0.00286719999894558,0.0053116999988560565,0.016492099997776677,76804096
421,1305031116.47985,data\rgbd_dataset_freiburg1_xyz\rgb\1305031116.479850.png,data\rgbd_dataset_freiburg1_xyz\depth\1305031116.473394.png,0.006456136703491211,0.0041501522064208984,558,0.00893270000051416,0.002186400000937283,0.003952799999751733,0.006139200000689016,0.015071900001203176,76808192
422,1305031116.511205,data\rgbd_dataset_freiburg1_xyz\rgb\1305031116.511205.png,data\rgbd_dataset_freiburg1_xyz\depth\1305031116.510576.png,0.0006289482116699219,0.004495143890380859,557,0.009249000000636443,0.0017361999998684041,0.002290099999299855,0.004026299999168259,0.013275299999804702,76754944
423,1305031116.543262,data\rgbd_dataset_freiburg1_xyz\rgb\1305031116.543262.png,data\rgbd_dataset_freiburg1_xyz\depth\1305031116.542695.png,0.0005669593811035156,0.002337932586669922,551,0.007916099999420112,0.0019147000002703862,0.0023472000011679484,0.004261900001438335,0.012178000000858447,76808192
424,1305031116.579313,data\rgbd_dataset_freiburg1_xyz\rgb\1305031116.579313.png,data\rgbd_dataset_freiburg1_xyz\depth\1305031116.574389.png,0.00492405891418457,0.003612995147705078,543,0.008528099999239203,0.002560799999628216,0.004041700000016135,0.006602499999644351,0.015130599998883554,76836864
425,1305031116.611261,data\rgbd_dataset_freiburg1_xyz\rgb\1305031116.611261.png,data\rgbd_dataset_freiburg1_xyz\depth\1305031116.610891.png,0.00036978721618652344,0.004439115524291992,552,0.013383999999859952,0.0023477000013372162,0.0032171000002563233,0.0055648000015935395,0.018948800001453492,76840960
426,1305031116.643355,data\rgbd_dataset_freiburg1_xyz\rgb\1305031116.643355.png,data\rgbd_dataset_freiburg1_xyz\depth\1305031116.642664.png,0.0006909370422363281,0.0023450851440429688,574,0.013572199999543955,0.003104600000369828,0.006155900000521797,0.009260500000891625,0.02283270000043558,76857344
427,1305031116.679281,data\rgbd_dataset_freiburg1_xyz\rgb\1305031116.679281.png,data\rgbd_dataset_freiburg1_xyz\depth\1305031116.674523.png,0.004757881164550781,0.0036809444427490234,563,0.013899600000513601,0.002413800000795163,0.003829100000075414,0.006242900000870577,0.020142500001384178,76922880
428,1305031116.711634,data\rgbd_dataset_freiburg1_xyz\rgb\1305031116.711634.png,data\rgbd_dataset_freiburg1_xyz\depth\1305031116.710942.png,0.0006918907165527344,0.004065990447998047,591,0.012023200000840006,0.002407899999525398,0.005929099999775644,0.008336999999301042,0.02036020000014105,76931072
429,1305031116.743291,data\rgbd_dataset_freiburg1_xyz\rgb\1305031116.743291.png,data\rgbd_dataset_freiburg1_xyz\depth\1305031116.740575.png,0.0027158260345458984,0.0024089813232421875,584,0.00884559999940393,0.0019015999987459509,0.0026164000009885058,0.004517999999734457,0.013363599999138387,76947456
430,1305031116.779298,data\rgbd_dataset_freiburg1_xyz\rgb\1305031116.779298.png,data\rgbd_dataset_freiburg1_xyz\depth\1305031116.775059.png,0.004239082336425781,0.0035979747772216797,603,0.007602699999551987,0.0018140000011044322,0.0032215999999607448,0.005035600001065177,0.012638300000617164,76955648
431,1305031116.811318,data\rgbd_dataset_freiburg1_xyz\rgb\1305031116.811318.png,data\rgbd_dataset_freiburg1_xyz\depth\1305031116.811343.png,2.5033950805664062e-05,0.0042819976806640625,615,0.008194199999707052,0.0019625000004452886,0.004858500000409549,0.006821000000854838,0.01501520000056189,76914688
432,1305031116.846089,data\rgbd_dataset_freiburg1_xyz\rgb\1305031116.846089.png,data\rgbd_dataset_freiburg1_xyz\depth\1305031116.840370.png,0.00571894645690918,0.0004889965057373047,638,0.013274599999931525,0.003155200000037439,0.005172099999981583,0.008327300000019022,0.021601899999950547,76935168
433,1305031116.880165,data\rgbd_dataset_freiburg1_xyz\rgb\1305031116.880165.png,data\rgbd_dataset_freiburg1_xyz\depth\1305031116.871726.png,0.008439064025878906,0.0044651031494140625,639,0.012425900000380352,0.0024033999998209765,0.009222399999998743,0.01162579999981972,0.02405170000020007,76779520
434,1305031116.912044,data\rgbd_dataset_freiburg1_xyz\rgb\1305031116.912044.png,data\rgbd_dataset_freiburg1_xyz\depth\1305031116.907955.png,0.0040891170501708984,0.0036559104919433594,661,0.012598600000274018,0.003248400000302354,0.011558399999557878,0.014806799999860232,0.02740540000013425,76873728
435,1305031116.943296,data\rgbd_dataset_freiburg1_xyz\rgb\1305031116.943296.png,data\rgbd_dataset_freiburg1_xyz\depth\1305031116.940626.png,0.0026700496673583984,0.0023040771484375,665,0.010976099998515565,0.001740300000165007,0.009291600001233746,0.011031900001398753,0.02200799999991432,76881920
436,1305031116.979351,data\rgbd_dataset_freiburg1_xyz\rgb\1305031116.979351.png,data\rgbd_dataset_freiburg1_xyz\depth\1305031116.974656.png,0.004694938659667969,0.003751039505004883,663,0.007347300001129042,0.001662499998928979,0.00689319999946747,0.008555699998396449,0.01590299999952549,76922880
437,1305031117.011382,data\rgbd_dataset_freiburg1_xyz\rgb\1305031117.011382.png,data\rgbd_dataset_freiburg1_xyz\depth\1305031117.008812.png,0.0025701522827148438,0.0043179988861083984,677,0.007852800001273863,0.0019162999997206498,0.015502100000958308,0.017418400000678957,0.02527120000195282,76951552
438,1305031117.043261,data\rgbd_dataset_freiburg1_xyz\rgb\1305031117.043261.png,data\rgbd_dataset_freiburg1_xyz\depth\1305031117.042065.png,0.001196146011352539,0.0024390220642089844,712,0.007744599999568891,0.0015060000005178154,0.011126800000056392,0.012632800000574207,0.020377400000143098,76926976
439,1305031117.07952,data\rgbd_dataset_freiburg1_xyz\rgb\1305031117.079520.png,data\rgbd_dataset_freiburg1_xyz\depth\1305031117.071181.png,0.00833892822265625,0.0038199424743652344,737,0.00806870000087656,0.0018701000008150004,0.005523100000573322,0.0073932000013883226,0.015461900002264883,76959744
440,1305031117.111238,data\rgbd_dataset_freiburg1_xyz\rgb\1305031117.111238.png,data\rgbd_dataset_freiburg1_xyz\depth\1305031117.110454.png,0.0007839202880859375,0.004662036895751953,716,0.00785349999932805,0.0015566999991278863,0.004708800001026248,0.006265500000154134,0.014118999999482185,76955648
441,1305031117.143218,data\rgbd_dataset_freiburg1_xyz\rgb\1305031117.143218.png,data\rgbd_dataset_freiburg1_xyz\depth\1305031117.142383.png,0.0008349418640136719,0.0024819374084472656,706,0.00817539999843575,0.0018779000001813984,0.009065100000952953,0.010943000001134351,0.0191183999995701,77012992
442,1305031117.179264,data\rgbd_dataset_freiburg1_xyz\rgb\1305031117.179264.png,data\rgbd_dataset_freiburg1_xyz\depth\1305031117.175059.png,0.004204988479614258,0.0036640167236328125,710,0.007675400000152877,0.0017929999994521495,0.006663500000286149,0.008456499999738298,0.016131899999891175,77053952
443,1305031117.211361,data\rgbd_dataset_freiburg1_xyz\rgb\1305031117.211361.png,data\rgbd_dataset_freiburg1_xyz\depth\1305031117.207753.png,0.0036079883575439453,0.004338979721069336,734,0.007754800000839168,0.0017955999992409488,0.005005600000004051,0.006801199999245,0.014556000000084168,77000704
444,1305031117.243277,data\rgbd_dataset_freiburg1_xyz\rgb\1305031117.243277.png,data\rgbd_dataset_freiburg1_xyz\depth\1305031117.241340.png,0.0019371509552001953,0.0023229122161865234,734,0.007700199999817414,0.0018364000006840797,0.00436220000119647,0.00619860000188055,0.013898800001697964,77074432
445,1305031117.279299,data\rgbd_dataset_freiburg1_xyz\rgb\1305031117.279299.png,data\rgbd_dataset_freiburg1_xyz\depth\1305031117.276516.png,0.002783060073852539,0.003699064254760742,702,0.007670100001632818,0.0016477999997732695,0.005937699999776669,0.007585499999549938,0.015255600001182756,77078528
446,1305031117.3112,data\rgbd_dataset_freiburg1_xyz\rgb\1305031117.311200.png,data\rgbd_dataset_freiburg1_xyz\depth\1305031117.310121.png,0.0010788440704345703,0.004400014877319336,678,0.007985300000655116,0.0016709999999875436,0.005043200000727666,0.006714200000715209,0.014699500001370325,77066240
447,1305031117.343243,data\rgbd_dataset_freiburg1_xyz\rgb\1305031117.343243.png,data\rgbd_dataset_freiburg1_xyz\depth\1305031117.341044.png,0.002198934555053711,0.002457141876220703,683,0.010585500000161119,0.001935300000695861,0.003982799998993869,0.00591809999968973,0.01650359999985085,77099008
448,1305031117.379454,data\rgbd_dataset_freiburg1_xyz\rgb\1305031117.379454.png,data\rgbd_dataset_freiburg1_xyz\depth\1305031117.375067.png,0.00438690185546875,0.0037539005279541016,684,0.009558400000969414,0.0016985000002023298,0.002508700001271791,0.004207200001474121,0.013765600002443534,77099008
449,1305031117.411221,data\rgbd_dataset_freiburg1_xyz\rgb\1305031117.411221.png,data\rgbd_dataset_freiburg1_xyz\depth\1305031117.408538.png,0.002682924270629883,0.0043790340423583984,680,0.00792169999840553,0.0016758000001573237,0.002785000000585569,0.004460800000742893,0.012382499999148422,77070336
450,1305031117.443274,data\rgbd_dataset_freiburg1_xyz\rgb\1305031117.443274.png,data\rgbd_dataset_freiburg1_xyz\depth\1305031117.442208.png,0.001065969467163086,0.0023260116577148438,707,0.008640899999591056,0.0016477000008308096,0.00586959999964165,0.00751730000047246,0.016158200000063516,77066240
451,1305031117.479403,data\rgbd_dataset_freiburg1_xyz\rgb\1305031117.479403.png,data\rgbd_dataset_freiburg1_xyz\depth\1305031117.475651.png,0.003751993179321289,0.0037031173706054688,722,0.007859600000301725,0.0016701000004104571,0.0043607000006886665,0.006030800001099124,0.013890400001400849,77111296
452,1305031117.511325,data\rgbd_dataset_freiburg1_xyz\rgb\1305031117.511325.png,data\rgbd_dataset_freiburg1_xyz\depth\1305031117.508882.png,0.0024428367614746094,0.004275083541870117,741,0.008416099999521975,0.0017989999996643746,0.003146799999740324,0.004945799999404699,0.013361899998926674,77103104
453,1305031117.544285,data\rgbd_dataset_freiburg1_xyz\rgb\1305031117.544285.png,data\rgbd_dataset_freiburg1_xyz\depth\1305031117.539736.png,0.0045490264892578125,0.0013148784637451172,762,0.007569999999759602,0.001679699998931028,0.005786199999420205,0.007465899998351233,0.015035899998110835,77144064
454,1305031117.579155,data\rgbd_dataset_freiburg1_xyz\rgb\1305031117.579155.png,data\rgbd_dataset_freiburg1_xyz\depth\1305031117.577860.png,0.001294851303100586,0.003454923629760742,819,0.007671900000786991,0.0015626999993401114,0.009939800000211108,0.011502499999551219,0.01917440000033821,77164544
455,1305031117.611159,data\rgbd_dataset_freiburg1_xyz\rgb\1305031117.611159.png,data\rgbd_dataset_freiburg1_xyz\depth\1305031117.607777.png,0.003381967544555664,0.004540920257568359,816,0.00799170000027516,0.0016144999990501674,0.0065842999993037665,0.008198799998353934,0.016190499998629093,77193216
456,1305031117.643252,data\rgbd_dataset_freiburg1_xyz\rgb\1305031117.643252.png,data\rgbd_dataset_freiburg1_xyz\depth\1305031117.643284.png,3.218650817871094e-05,0.0024480819702148438,830,0.009113500000239583,0.001681300000200281,0.004055600000356208,0.0057369000005564885,0.014850400000796071,77193216
457,1305031117.679262,data\rgbd_dataset_freiburg1_xyz\rgb\1305031117.679262.png,data\rgbd_dataset_freiburg1_xyz\depth\1305031117.675483.png,0.0037789344787597656,0.0036618709564208984,872,0.008675400000356603,0.0025328000010631513,0.0065961999989667675,0.009129000000029919,0.017804400000386522,77221888
458,1305031117.711184,data\rgbd_dataset_freiburg1_xyz\rgb\1305031117.711184.png,data\rgbd_dataset_freiburg1_xyz\depth\1305031117.711215.png,3.0994415283203125e-05,0.004415988922119141,890,0.008183599999028957,0.001707699999315082,0.004751100001158193,0.006458800000473275,0.014642399999502231,77266944
459,1305031117.743184,data\rgbd_dataset_freiburg1_xyz\rgb\1305031117.743184.png,data\rgbd_dataset_freiburg1_xyz\depth\1305031117.742995.png,0.00018906593322753906,0.0025157928466796875,920,0.00850940000054834,0.0017078999990189914,0.0093682999995508,0.011076199998569791,0.01958559999911813,77258752
460,1305031117.779467,data\rgbd_dataset_freiburg1_xyz\rgb\1305031117.779467.png,data\rgbd_dataset_freiburg1_xyz\depth\1305031117.778969.png,0.0004980564117431641,0.0037670135498046875,926,0.014200200001141638,0.0017987999999604654,0.009621799999877112,0.011420599999837577,0.025620800000979216,77307904
461,1305031117.81132,data\rgbd_dataset_freiburg1_xyz\rgb\1305031117.811320.png,data\rgbd_dataset_freiburg1_xyz\depth\1305031117.811060.png,0.0002601146697998047,0.0042798519134521484,925,0.00766000000112399,0.001625400000193622,0.004164199999650009,0.005789599999843631,0.013449600000967621,77418496
462,1305031117.843291,data\rgbd_dataset_freiburg1_xyz\rgb\1305031117.843291.png,data\rgbd_dataset_freiburg1_xyz\depth\1305031117.843307.png,1.5974044799804688e-05,0.0024089813232421875,927,0.008288600000014412,0.0016660999990563141,0.003969100000176695,0.005635199999233009,0.013923799999247422,77402112
463,1305031117.879451,data\rgbd_dataset_freiburg1_xyz\rgb\1305031117.879451.png,data\rgbd_dataset_freiburg1_xyz\depth\1305031117.879467.png,1.5974044799804688e-05,0.003751039505004883,964,0.007833000001483015,0.001649700001507881,0.006131399999503628,0.0077811000010115094,0.015614100002494524,77398016
464,1305031117.911407,data\rgbd_dataset_freiburg1_xyz\rgb\1305031117.911407.png,data\rgbd_dataset_freiburg1_xyz\depth\1305031117.908762.png,0.0026450157165527344,0.00419306755065918,963,0.00900550000005751,0.0015616000000591157,0.0050824999998440035,0.006644099999903119,0.01564959999996063,77426688
465,1305031117.943253,data\rgbd_dataset_freiburg1_xyz\rgb\1305031117.943253.png,data\rgbd_dataset_freiburg1_xyz\depth\1305031117.943272.png,1.9073486328125e-05,0.0023469924926757812,965,0.009002200000395533,0.0017310000002908055,0.004438400001163245,0.006169400001454051,0.015171600001849583,77672448
466,1305031117.979228,data\rgbd_dataset_freiburg1_xyz\rgb\1305031117.979228.png,data\rgbd_dataset_freiburg1_xyz\depth\1305031117.979263.png,3.504753112792969e-05,0.0036280155181884766,947,0.011214000000109081,0.0025028000000020256,0.004475400000956142,0.006978200000958168,0.01819220000106725,77606912
467,1305031118.011228,data\rgbd_dataset_freiburg1_xyz\rgb\1305031118.011228.png,data\rgbd_dataset_freiburg1_xyz\depth\1305031118.011013.png,0.00021505355834960938,0.004472017288208008,952,0.00838839999960328,0.0016181999999389518,0.0050539999992906814,0.006672199999229633,0.015060599998832913,77705216
468,1305031118.043521,data\rgbd_dataset_freiburg1_xyz\rgb\1305031118.043521.png,data\rgbd_dataset_freiburg1_xyz\depth\1305031118.043549.png,2.8133392333984375e-05,0.0021791458129882812,936,0.007975700000315555,0.0015652000001864508,0.004044699999212753,0.005609899999399204,0.01358559999971476,77709312
469,1305031118.079334,data\rgbd_dataset_freiburg1_xyz\rgb\1305031118.079334.png,data\rgbd_dataset_freiburg1_xyz\depth\1305031118.079369.png,3.504753112792969e-05,0.0036339759826660156,967,0.007975100001203828,0.0015504999992117519,0.004559000000881497,0.006109500000093249,0.014084600001297076,77688832
470,1305031118.111217,data\rgbd_dataset_freiburg1_xyz\rgb\1305031118.111217.png,data\rgbd_dataset_freiburg1_xyz\depth\1305031118.110863.png,0.0003540515899658203,0.004383087158203125,956,0.008955399998740177,0.0015468999990844168,0.004401800000778167,0.005948699999862583,0.01490409999860276,77631488
471,1305031118.143256,data\rgbd_dataset_freiburg1_xyz\rgb\1305031118.143256.png,data\rgbd_dataset_freiburg1_xyz\depth\1305031118.142285.png,0.0009708404541015625,0.002444028854370117,933,0.008406799999647774,0.0015481000009458512,0.0049230000004172325,0.006471100001363084,0.014877900001010858,77717504
472,1305031118.179323,data\rgbd_dataset_freiburg1_xyz\rgb\1305031118.179323.png,data\rgbd_dataset_freiburg1_xyz\depth\1305031118.178170.png,0.0011529922485351562,0.0037229061126708984,922,0.008160699999280041,0.0016797000007500174,0.0057178000006388174,0.007397500001388835,0.015558200000668876,77729792
473,1305031118.211202,data\rgbd_dataset_freiburg1_xyz\rgb\1305031118.211202.png,data\rgbd_dataset_freiburg1_xyz\depth\1305031118.210782.png,0.00041985511779785156,0.0043981075286865234,934,0.008138099999996484,0.00178070000038133,0.006950999999389751,0.008731699999771081,0.016869799999767565,77758464
474,1305031118.243173,data\rgbd_dataset_freiburg1_xyz\rgb\1305031118.243173.png,data\rgbd_dataset_freiburg1_xyz\depth\1305031118.242948.png,0.00022482872009277344,0.0024271011352539062,930,0.008392699999603792,0.0016190000005735783,0.013879300000553485,0.015498300001127063,0.023891000000730855,77725696
475,1305031118.279194,data\rgbd_dataset_freiburg1_xyz\rgb\1305031118.279194.png,data\rgbd_dataset_freiburg1_xyz\depth\1305031118.278991.png,0.00020313262939453125,0.0034940242767333984,957,0.00986890000058338,0.0016714000012143515,0.01634360000025481,0.01801500000146916,0.027883900002052542,77758464
476,1305031118.311299,data\rgbd_dataset_freiburg1_xyz\rgb\1305031118.311299.png,data\rgbd_dataset_freiburg1_xyz\depth\1305031118.310731.png,0.0005681514739990234,0.004300832748413086,1000,0.008955799999966985,0.0015758000008645467,0.013555700001234072,0.015131500002098619,0.024087300002065604,77811712
477,1305031118.343324,data\rgbd_dataset_freiburg1_xyz\rgb\1305031118.343324.png,data\rgbd_dataset_freiburg1_xyz\depth\1305031118.342079.png,0.0012450218200683594,0.002376079559326172,1020,0.008682600000611274,0.00200330000006943,0.010695099999793456,0.012698399999862886,0.02138100000047416,77770752
478,1305031118.379208,data\rgbd_dataset_freiburg1_xyz\rgb\1305031118.379208.png,data\rgbd_dataset_freiburg1_xyz\depth\1305031118.377003.png,0.0022051334381103516,0.0036079883575439453,1029,0.008645899999464746,0.001843100000769482,0.018264199999975972,0.020107300000745454,0.0287532000002102,77799424
479,1305031118.411296,data\rgbd_dataset_freiburg1_xyz\rgb\1305031118.411296.png,data\rgbd_dataset_freiburg1_xyz\depth\1305031118.408818.png,0.002477884292602539,0.004304170608520508,1062,0.00870279999980994,0.0017418999996152706,0.014479699999355944,0.016221599998971215,0.024924399998781155,77815808
480,1305031118.445692,data\rgbd_dataset_freiburg1_xyz\rgb\1305031118.445692.png,data\rgbd_dataset_freiburg1_xyz\depth\1305031118.445703.png,1.0967254638671875e-05,7.867813110351562e-06,1090,0.008440499999778694,0.0015478999994229525,0.005972700000711484,0.007520600000134436,0.01596109999991313,77819904
481,1305031118.479285,data\rgbd_dataset_freiburg1_xyz\rgb\1305031118.479285.png,data\rgbd_dataset_freiburg1_xyz\depth\1305031118.477869.png,0.0014159679412841797,0.0035851001739501953,1078,0.008186600000044564,0.0014890000002196757,0.003940400001738453,0.005429400001958129,0.013616000002002693,77832192
482,1305031118.511255,data\rgbd_dataset_freiburg1_xyz\rgb\1305031118.511255.png,data\rgbd_dataset_freiburg1_xyz\depth\1305031118.510201.png,0.0010540485382080078,0.004344940185546875,1088,0.008092399999441113,0.0013794000005873386,0.005842599999596132,0.0072220000001834705,0.015314399999624584,77856768
483,1305031118.544414,data\rgbd_dataset_freiburg1_xyz\rgb\1305031118.544414.png,data\rgbd_dataset_freiburg1_xyz\depth\1305031118.545199.png,0.0007848739624023438,0.0011858940124511719,1051,0.008039600001211511,0.0014567000016540987,0.004881299999397015,0.006338000001051114,0.014377600002262625,77864960
484,1305031118.579285,data\rgbd_dataset_freiburg1_xyz\rgb\1305031118.579285.png,data\rgbd_dataset_freiburg1_xyz\depth\1305031118.576377.png,0.002907991409301758,0.00368499755859375,1081,0.008057099999859929,0.0014518000007228693,0.005987699998513563,0.007439499999236432,0.015496599999096361,77848576
485,1305031118.616142,data\rgbd_dataset_freiburg1_xyz\rgb\1305031118.616142.png,data\rgbd_dataset_freiburg1_xyz\depth\1305031118.610869.png,0.005273103713989258,0.0005419254302978516,1031,0.008087999998679152,0.00149030000102357,0.006791799998609349,0.00828209999963292,0.01637009999831207,77869056
486,1305031118.645325,data\rgbd_dataset_freiburg1_xyz\rgb\1305031118.645325.png,data\rgbd_dataset_freiburg1_xyz\depth\1305031118.645331.png,5.9604644775390625e-06,0.0002751350402832031,1000,0.0080324999998993,0.0015762999992148252,0.0073195000004488975,0.008895799999663723,0.016928299999563023,77844480
487,1305031118.679295,data\rgbd_dataset_freiburg1_xyz\rgb\1305031118.679295.png,data\rgbd_dataset_freiburg1_xyz\depth\1305031118.675082.png,0.004213094711303711,0.0036950111389160156,1000,0.00886970000101428,0.0015233999984047841,0.01871670000036829,0.020240099998773076,0.029109799999787356,77860864
488,1305031118.711421,data\rgbd_dataset_freiburg1_xyz\rgb\1305031118.711421.png,data\rgbd_dataset_freiburg1_xyz\depth\1305031118.710140.png,0.0012810230255126953,0.0041790008544921875,976,0.008617600000434322,0.0018167999987781513,0.01239729999906558,0.014214099997843732,0.022831699998278054,77254656
489,1305031118.74677,data\rgbd_dataset_freiburg1_xyz\rgb\1305031118.746770.png,data\rgbd_dataset_freiburg1_xyz\depth\1305031118.746801.png,3.0994415283203125e-05,0.0011699199676513672,977,0.00880700000016077,0.0016101000001071952,0.0041203000000678,0.0057304000001749955,0.014537400000335765,77697024
490,1305031118.779277,data\rgbd_dataset_freiburg1_xyz\rgb\1305031118.779277.png,data\rgbd_dataset_freiburg1_xyz\depth\1305031118.778790.png,0.0004870891571044922,0.0036771297454833984,1026,0.009033600001203013,0.0018000000000029104,0.005955100001301616,0.007755100001304527,0.01678870000250754,77758464
491,1305031118.811221,data\rgbd_dataset_freiburg1_xyz\rgb\1305031118.811221.png,data\rgbd_dataset_freiburg1_xyz\depth\1305031118.810703.png,0.0005178451538085938,0.0043790340423583984,980,0.008625800001027528,0.0016593999989709118,0.01795729999867035,0.019616699997641263,0.02824249999866879,77746176
492,1305031118.846753,data\rgbd_dataset_freiburg1_xyz\rgb\1305031118.846753.png,data\rgbd_dataset_freiburg1_xyz\depth\1305031118.846774.png,2.1219253540039062e-05,0.0011529922485351562,953,0.008496599999489263,0.0016488000001118053,0.004732299999886891,0.006381099999998696,0.014877699999487959,77750272
493,1305031118.879208,data\rgbd_dataset_freiburg1_xyz\rgb\1305031118.879208.png,data\rgbd_dataset_freiburg1_xyz\depth\1305031118.875402.png,0.0038061141967773438,0.0036079883575439453,977,0.008986500000901287,0.0016282999986287905,0.00824560000000929,0.00987389999863808,0.018860399999539368,77783040
494,1305031118.911177,data\rgbd_dataset_freiburg1_xyz\rgb\1305031118.911177.png,data\rgbd_dataset_freiburg1_xyz\depth\1305031118.909608.png,0.0015690326690673828,0.0044231414794921875,988,0.01302659999964817,0.002050700000836514,0.023999399998501758,0.026050099999338272,0.03907669999898644,77746176
495,1305031118.946974,data\rgbd_dataset_freiburg1_xyz\rgb\1305031118.946974.png,data\rgbd_dataset_freiburg1_xyz\depth\1305031118.947009.png,3.504753112792969e-05,0.0013740062713623047,998,0.01395090000005439,0.0026347999992140103,0.009884099999908358,0.012518899999122368,0.026469799999176757,77836288
496,1305031118.979374,data\rgbd_dataset_freiburg1_xyz\rgb\1305031118.979374.png,data\rgbd_dataset_freiburg1_xyz\depth\1305031118.979394.png,2.002716064453125e-05,0.003773927688598633,960,0.010158600000067963,0.0022482999993371777,0.006288099999437691,0.008536399998774868,0.01869499999884283,77778944
497,1305031119.011363,data\rgbd_dataset_freiburg1_xyz\rgb\1305031119.011363.png,data\rgbd_dataset_freiburg1_xyz\depth\1305031119.009712.png,0.0016510486602783203,0.0043370723724365234,901,0.008585599998696125,0.00170080000134476,0.011340500001097098,0.013041300002441858,0.021626900001137983,77783040
498,1305031119.047172,data\rgbd_dataset_freiburg1_xyz\rgb\1305031119.047172.png,data\rgbd_dataset_freiburg1_xyz\depth\1305031119.047180.png,7.867813110351562e-06,0.0015721321105957031,966,0.008080099998551304,0.001586700000189012,0.014699899998959154,0.016286599999148166,0.02436669999769947,77778944
499,1305031119.079223,data\rgbd_dataset_freiburg1_xyz\rgb\1305031119.079223.png,data\rgbd_dataset_freiburg1_xyz\depth\1305031119.078966.png,0.0002570152282714844,0.0035228729248046875,938,0.008222200000091107,0.0016668000007484807,0.004711000001407228,0.006377800002155709,0.014600000002246816,77811712
500,1305031119.111328,data\rgbd_dataset_freiburg1_xyz\rgb\1305031119.111328.png,data\rgbd_dataset_freiburg1_xyz\depth\1305031119.110884.png,0.0004439353942871094,0.0042722225189208984,934,0.007364200000665733,0.0015554000001429813,0.004141100000197184,0.005696500000340166,0.013060700001005898,77774848
501,1305031119.147616,data\rgbd_dataset_freiburg1_xyz\rgb\1305031119.147616.png,data\rgbd_dataset_freiburg1_xyz\depth\1305031119.147629.png,1.3113021850585938e-05,0.0019159317016601562,928,0.007948200000100769,0.0017439000002923422,0.005764699999417644,0.007508599999709986,0.015456799999810755,77819904
502,1305031119.179226,data\rgbd_dataset_freiburg1_xyz\rgb\1305031119.179226.png,data\rgbd_dataset_freiburg1_xyz\depth\1305031119.179262.png,3.600120544433594e-05,0.003525972366333008,925,0.008056200000282843,0.001602999998794985,0.005100000000311411,0.006702999999106396,0.014759199999389239,77836288
503,1305031119.211364,data\rgbd_dataset_freiburg1_xyz\rgb\1305031119.211364.png,data\rgbd_dataset_freiburg1_xyz\depth\1305031119.210906.png,0.00045800209045410156,0.004235982894897461,941,0.008442399999694317,0.0017275000009249197,0.0074059999988094205,0.00913349999973434,0.017575899999428657,77873152
504,1305031119.247399,data\rgbd_dataset_freiburg1_xyz\rgb\1305031119.247399.png,data\rgbd_dataset_freiburg1_xyz\depth\1305031119.247660.png,0.0002608299255371094,0.001699209213256836,943,0.007860699999582721,0.0014645000010204967,0.00579469999865978,0.007259199999680277,0.015119899999262998,77889536
505,1305031119.279212,data\rgbd_dataset_freiburg1_xyz\rgb\1305031119.279212.png,data\rgbd_dataset_freiburg1_xyz\depth\1305031119.279244.png,3.1948089599609375e-05,0.003612041473388672,949,0.007995500000106404,0.0016585000012128148,0.0037778000005346257,0.0054363000017474405,0.013431800001853844,77856768
506,1305031119.311212,data\rgbd_dataset_freiburg1_xyz\rgb\1305031119.311212.png,data\rgbd_dataset_freiburg1_xyz\depth\1305031119.310755.png,0.0004570484161376953,0.004387855529785156,964,0.008225699999456992,0.0016599000009591691,0.005438199999844073,0.0070981000008032424,0.015323800000260235,77918208
507,1305031119.347741,data\rgbd_dataset_freiburg1_xyz\rgb\1305031119.347741.png,data\rgbd_dataset_freiburg1_xyz\depth\1305031119.347750.png,9.059906005859375e-06,0.002040863037109375,968,0.008084899998721085,0.001648600000407896,0.005476600001202314,0.00712520000161021,0.015210100000331295,77975552
508,1305031119.379239,data\rgbd_dataset_freiburg1_xyz\rgb\1305031119.379239.png,data\rgbd_dataset_freiburg1_xyz\depth\1305031119.378631.png,0.0006079673767089844,0.0036389827728271484,979,0.008136399999784771,0.0016250000007858034,0.006880499999169842,0.008505499999955646,0.016641899999740417,77946880
509,1305031119.411484,data\rgbd_dataset_freiburg1_xyz\rgb\1305031119.411484.png,data\rgbd_dataset_freiburg1_xyz\depth\1305031119.411492.png,8.106231689453125e-06,0.004116058349609375,933,0.008070400001088274,0.0016315000011672964,0.004349900000306661,0.005981400001473958,0.014051800002562231,77971456
510,1305031119.447706,data\rgbd_dataset_freiburg1_xyz\rgb\1305031119.447706.png,data\rgbd_dataset_freiburg1_xyz\depth\1305031119.447726.png,2.002716064453125e-05,0.0021059513092041016,913,0.008248400001320988,0.0016332000013790093,0.007131699998353724,0.008764899999732734,0.01701330000105372,77971456
511,1305031119.479267,data\rgbd_dataset_freiburg1_xyz\rgb\1305031119.479267.png,data\rgbd_dataset_freiburg1_xyz\depth\1305031119.477682.png,0.001584768295288086,0.0036668777465820312,891,0.008094900000287453,0.0015917999990051612,0.004449199999726261,0.006040999998731422,0.014135899999018875,77971456
512,1305031119.51124,data\rgbd_dataset_freiburg1_xyz\rgb\1305031119.511240.png,data\rgbd_dataset_freiburg1_xyz\depth\1305031119.511258.png,1.7881393432617188e-05,0.00446009635925293,906,0.007954199998494005,0.001591500000358792,0.005739899999753106,0.007331400000111898,0.015285599998605903,77926400
513,1305031119.547382,data\rgbd_dataset_freiburg1_xyz\rgb\1305031119.547382.png,data\rgbd_dataset_freiburg1_xyz\depth\1305031119.547414.png,3.1948089599609375e-05,0.0017821788787841797,886,0.008641800000987132,0.0017559000007167924,0.007301000001461944,0.009056900002178736,0.017698700003165868,77991936
514,1305031119.579559,data\rgbd_dataset_freiburg1_xyz\rgb\1305031119.579559.png,data\rgbd_dataset_freiburg1_xyz\depth\1305031119.579569.png,1.0013580322265625e-05,0.003959178924560547,866,0.013767999998890446,0.003385899999557296,0.0046832000007270835,0.00806910000028438,0.021837099999174825,77938688
515,1305031119.615017,data\rgbd_dataset_freiburg1_xyz\rgb\1305031119.615017.png,data\rgbd_dataset_freiburg1_xyz\depth\1305031119.615024.png,7.152557373046875e-06,0.0005831718444824219,865,0.010592199998427532,0.0022176999991643243,0.011360300000887946,0.01357800000005227,0.024170199998479802,78000128
516,1305031119.647903,data\rgbd_dataset_freiburg1_xyz\rgb\1305031119.647903.png,data\rgbd_dataset_freiburg1_xyz\depth\1305031119.648889.png,0.0009860992431640625,0.002302885055541992,866,0.007751000001007924,0.0015912999988358933,0.013671400000021094,0.015262699998856988,0.02301369999986491,77864960
517,1305031119.679208,data\rgbd_dataset_freiburg1_xyz\rgb\1305031119.679208.png,data\rgbd_dataset_freiburg1_xyz\depth\1305031119.675566.png,0.0036420822143554688,0.0036079883575439453,859,0.007722799999100971,0.0016472999996040016,0.007099800001014955,0.008747100000618957,0.016469899999719928,77991936
518,1305031119.715232,data\rgbd_dataset_freiburg1_xyz\rgb\1305031119.715232.png,data\rgbd_dataset_freiburg1_xyz\depth\1305031119.715249.png,1.71661376953125e-05,0.0004680156707763672,812,0.008281500000521191,0.0017047999990609242,0.006255899999814574,0.007960699998875498,0.01624219999939669,77897728
519,1305031119.747193,data\rgbd_dataset_freiburg1_xyz\rgb\1305031119.747193.png,data\rgbd_dataset_freiburg1_xyz\depth\1305031119.744886.png,0.0023071765899658203,0.001493215560913086,800,0.008299700000861776,0.0016940000004979083,0.0041430000001128064,0.005837000000610715,0.01413670000147249,77897728
520,1305031119.779169,data\rgbd_dataset_freiburg1_xyz\rgb\1305031119.779169.png,data\rgbd_dataset_freiburg1_xyz\depth\1305031119.778628.png,0.0005409717559814453,0.0035691261291503906,786,0.008467499999824213,0.0018307999998796731,0.00599060000058671,0.007821400000466383,0.016288900000290596,77885440
521,1305031119.814537,data\rgbd_dataset_freiburg1_xyz\rgb\1305031119.814537.png,data\rgbd_dataset_freiburg1_xyz\depth\1305031119.814571.png,3.3855438232421875e-05,0.0010628700256347656,793,0.007916900000054738,0.0017446000001655193,0.004965799998899456,0.006710399999064975,0.014627299999119714,78045184
522,1305031119.847429,data\rgbd_dataset_freiburg1_xyz\rgb\1305031119.847429.png,data\rgbd_dataset_freiburg1_xyz\depth\1305031119.847445.png,1.5974044799804688e-05,0.0018291473388671875,803,0.00818040000012843,0.0016435999987152172,0.002932699999291799,0.004576299998007016,0.012756699998135446,78053376
523,1305031119.879214,data\rgbd_dataset_freiburg1_xyz\rgb\1305031119.879214.png,data\rgbd_dataset_freiburg1_xyz\depth\1305031119.879232.png,1.7881393432617188e-05,0.0035140514373779297,764,0.008124200001475401,0.0017442999997001607,0.007749000000330852,0.009493300000031013,0.017617500001506414,78077952
524,1305031119.911401,data\rgbd_dataset_freiburg1_xyz\rgb\1305031119.911401.png,data\rgbd_dataset_freiburg1_xyz\depth\1305031119.911424.png,2.288818359375e-05,0.0040988922119140625,748,0.009163999999145744,0.0018823999998858199,0.0029047999996691942,0.004787199999555014,0.013951199998700758,77475840
525,1305031119.947392,data\rgbd_dataset_freiburg1_xyz\rgb\1305031119.947392.png,data\rgbd_dataset_freiburg1_xyz\depth\1305031119.947462.png,7.009506225585938e-05,0.0017919540405273438,767,0.008800800000244635,0.002263100001073326,0.006129000001237728,0.008392100002311054,0.01719290000255569,77512704
526,1305031119.979537,data\rgbd_dataset_freiburg1_xyz\rgb\1305031119.979537.png,data\rgbd_dataset_freiburg1_xyz\depth\1305031119.979546.png,9.059906005859375e-06,0.0039370059967041016,755,0.008744599999772618,0.0016810000015539117,0.004997299998649396,0.006678300000203308,0.015422899999975925,77516800
527,1305031120.015264,data\rgbd_dataset_freiburg1_xyz\rgb\1305031120.015264.png,data\rgbd_dataset_freiburg1_xyz\depth\1305031120.015283.png,1.9073486328125e-05,0.00033593177795410156,753,0.009863500001301873,0.0017229999994015088,0.0035384000002522953,0.005261399999653804,0.015124900000955677,77520896
528,1305031120.04729,data\rgbd_dataset_freiburg1_xyz\rgb\1305031120.047290.png,data\rgbd_dataset_freiburg1_xyz\depth\1305031120.047310.png,2.002716064453125e-05,0.0016901493072509766,757,0.00886279999940598,0.0018707000017457176,0.007225100000141538,0.009095800001887255,0.017958600001293235,77414400
529,1305031120.079418,data\rgbd_dataset_freiburg1_xyz\rgb\1305031120.079418.png,data\rgbd_dataset_freiburg1_xyz\depth\1305031120.075690.png,0.0037279129028320312,0.003818035125732422,743,0.008747099998799968,0.001659200001085992,0.003353600000991719,0.005012800002077711,0.013759900000877678,78008320
530,1305031120.115232,data\rgbd_dataset_freiburg1_xyz\rgb\1305031120.115232.png,data\rgbd_dataset_freiburg1_xyz\depth\1305031120.115249.png,1.6927719116210938e-05,0.0003681182861328125,756,0.008577399999921909,0.0019499999998515705,0.003907000000253902,0.005857000000105472,0.014434400000027381,77942784
531,1305031120.148157,data\rgbd_dataset_freiburg1_xyz\rgb\1305031120.148157.png,data\rgbd_dataset_freiburg1_xyz\depth\1305031120.148175.png,1.811981201171875e-05,0.0025568008422851562,746,0.00912399999833724,0.0017671000005066162,0.0038521999995282385,0.005619300000034855,0.014743299998372095,77983744
532,1305031120.179246,data\rgbd_dataset_freiburg1_xyz\rgb\1305031120.179246.png,data\rgbd_dataset_freiburg1_xyz\depth\1305031120.179261.png,1.5020370483398438e-05,0.0036458969116210938,734,0.00876559999960591,0.0017084999999497086,0.0033227000003535068,0.005031200000303215,0.013796799999909126,78000128
533,1305031120.215249,data\rgbd_dataset_freiburg1_xyz\rgb\1305031120.215249.png,data\rgbd_dataset_freiburg1_xyz\depth\1305031120.215260.png,1.0967254638671875e-05,0.0003509521484375,740,0.008413300000029267,0.0017138000002887566,0.0027800000007118797,0.004493800001000636,0.012907100001029903,78000128
534,1305031120.248003,data\rgbd_dataset_freiburg1_xyz\rgb\1305031120.248003.png,data\rgbd_dataset_freiburg1_xyz\depth\1305031120.248018.png,1.5020370483398438e-05,0.0024030208587646484,755,0.008333300000231247,0.0016464999989693752,0.004274799999620882,0.005921299998590257,0.014254599998821504,78028800
535,1305031120.27943,data\rgbd_dataset_freiburg1_xyz\rgb\1305031120.279430.png,data\rgbd_dataset_freiburg1_xyz\depth\1305031120.279441.png,1.1205673217773438e-05,0.0037298202514648438,744,0.008164499999111285,0.001691499999651569,0.0030886999993526842,0.004780199999004253,0.012944699998115539,78024704
536,1305031120.315196,data\rgbd_dataset_freiburg1_xyz\rgb\1305031120.315196.png,data\rgbd_dataset_freiburg1_xyz\depth\1305031120.315213.png,1.6927719116210938e-05,0.0004038810729980469,756,0.008118199999444187,0.0016329999998561107,0.003939499998523388,0.005572499998379499,0.013690699997823685,78032896
537,1305031120.347787,data\rgbd_dataset_freiburg1_xyz\rgb\1305031120.347787.png,data\rgbd_dataset_freiburg1_xyz\depth\1305031120.347797.png,1.0013580322265625e-05,0.002187013626098633,750,0.008628700001281686,0.0016980999989755219,0.0033927000004041474,0.005090799999379669,0.013719500000661355,78045184
538,1305031120.379437,data\rgbd_dataset_freiburg1_xyz\rgb\1305031120.379437.png,data\rgbd_dataset_freiburg1_xyz\depth\1305031120.379446.png,9.059906005859375e-06,0.0038368701934814453,739,0.008786299998973846,0.0017384999991918448,0.003835199999230099,0.005573699998421944,0.01435999999739579,78249984
539,1305031120.415445,data\rgbd_dataset_freiburg1_xyz\rgb\1305031120.415445.png,data\rgbd_dataset_freiburg1_xyz\depth\1305031120.415490.png,4.482269287109375e-05,0.00015497207641601562,746,0.008455499999399763,0.0017568000002938788,0.004670099999202648,0.006426899999496527,0.01488239999889629,77750272
540,1305031120.447417,data\rgbd_dataset_freiburg1_xyz\rgb\1305031120.447417.png,data\rgbd_dataset_freiburg1_xyz\depth\1305031120.447433.png,1.5974044799804688e-05,0.0018169879913330078,761,0.008974299998953938,0.0017220999998244224,0.009577899998475914,0.011299999998300336,0.020274299997254275,78364672
541,1305031120.479432,data\rgbd_dataset_freiburg1_xyz\rgb\1305031120.479432.png,data\rgbd_dataset_freiburg1_xyz\depth\1305031120.475582.png,0.003850221633911133,0.003832101821899414,752,0.009250400000382797,0.0020765999997820472,0.006818300000304589,0.008894900000086636,0.018145300000469433,78376960
542,1305031120.514819,data\rgbd_dataset_freiburg1_xyz\rgb\1305031120.514819.png,data\rgbd_dataset_freiburg1_xyz\depth\1305031120.514877.png,5.817413330078125e-05,0.0007810592651367188,747,0.008398899999519926,0.0018858000003092457,0.00547290000031353,0.007358700000622775,0.015757600000142702,78393344
543,1305031120.547736,data\rgbd_dataset_freiburg1_xyz\rgb\1305031120.547736.png,data\rgbd_dataset_freiburg1_xyz\depth\1305031120.547807.png,7.104873657226562e-05,0.0021359920501708984,786,0.009088299999348237,0.0016918999990593875,0.006244399999559391,0.007936299998618779,0.017024599997967016,78417920
544,1305031120.579551,data\rgbd_dataset_freiburg1_xyz\rgb\1305031120.579551.png,data\rgbd_dataset_freiburg1_xyz\depth\1305031120.579559.png,8.106231689453125e-06,0.003951072692871094,824,0.008500999998432235,0.001625300001251162,0.00505660000089847,0.006681900002149632,0.015182900000581867,78417920
545,1305031120.615236,data\rgbd_dataset_freiburg1_xyz\rgb\1305031120.615236.png,data\rgbd_dataset_freiburg1_xyz\depth\1305031120.615271.png,3.504753112792969e-05,0.00036406517028808594,840,0.009155800000371528,0.0020813999999518273,0.009429899999304325,0.011511299999256153,0.02066709999962768,78454784
546,1305031120.647354,data\rgbd_dataset_freiburg1_xyz\rgb\1305031120.647354.png,data\rgbd_dataset_freiburg1_xyz\depth\1305031120.646607.png,0.0007469654083251953,0.0017538070678710938,878,0.008388099999137921,0.001651500000662054,0.006484999999884167,0.00813650000054622,0.016524599999684142,78532608
547,1305031120.679318,data\rgbd_dataset_freiburg1_xyz\rgb\1305031120.679318.png,data\rgbd_dataset_freiburg1_xyz\depth\1305031120.678467.png,0.0008509159088134766,0.003618001937866211,900,0.007966900000610622,0.0015614000003552064,0.005866100000275765,0.007427500000630971,0.015394400001241593,78528512
548,1305031120.714522,data\rgbd_dataset_freiburg1_xyz\rgb\1305031120.714522.png,data\rgbd_dataset_freiburg1_xyz\depth\1305031120.714553.png,3.123283386230469e-05,0.0010781288146972656,901,0.00800129999879573,0.0016687999996065628,0.0054268999992928,0.007095699998899363,0.015096999997695093,78520320
549,1305031120.747369,data\rgbd_dataset_freiburg1_xyz\rgb\1305031120.747369.png,data\rgbd_dataset_freiburg1_xyz\depth\1305031120.747396.png,2.6941299438476562e-05,0.001669168472290039,907,0.008270899999843095,0.0018578999988676514,0.005251500000667875,0.007109399999535526,0.015380299999378622,77955072
550,1305031120.779894,data\rgbd_dataset_freiburg1_xyz\rgb\1305031120.779894.png,data\rgbd_dataset_freiburg1_xyz\depth\1305031120.779908.png,1.3828277587890625e-05,0.004294157028198242,965,0.008405599999605329,0.0016507000000274274,0.006304800001089461,0.007955500001116889,0.016361100000722217,78594048
551,1305031120.814944,data\rgbd_dataset_freiburg1_xyz\rgb\1305031120.814944.png,data\rgbd_dataset_freiburg1_xyz\depth\1305031120.814905.png,3.910064697265625e-05,0.0006558895111083984,992,0.009350000000267755,0.0016204999992623925,0.014364299999215291,0.015984799998477683,0.02533479999874544,78663680
552,1305031120.847921,data\rgbd_dataset_freiburg1_xyz\rgb\1305031120.847921.png,data\rgbd_dataset_freiburg1_xyz\depth\1305031120.847942.png,2.1219253540039062e-05,0.002321004867553711,973,0.008419400001002941,0.0016063999992184108,0.0056716999988566386,0.007278099998075049,0.01569749999907799,78540800
553,1305031120.883435,data\rgbd_dataset_freiburg1_xyz\rgb\1305031120.883435.png,data\rgbd_dataset_freiburg1_xyz\depth\1305031120.883454.png,1.9073486328125e-05,0.002165079116821289,1018,0.008310100000016973,0.0016513000009581447,0.005749199999627308,0.007400500000585453,0.015710600000602426,78667776
554,1305031120.915444,data\rgbd_dataset_freiburg1_xyz\rgb\1305031120.915444.png,data\rgbd_dataset_freiburg1_xyz\depth\1305031120.915454.png,1.0013580322265625e-05,0.00015616416931152344,1018,0.008551899998565204,0.0018200000013166573,0.01334599999972852,0.015166000001045177,0.02371789999961038,78696448
555,1305031120.947488,data\rgbd_dataset_freiburg1_xyz\rgb\1305031120.947488.png,data\rgbd_dataset_freiburg1_xyz\depth\1305031120.947509.png,2.09808349609375e-05,0.0017881393432617188,1027,0.008557499999369611,0.0017434999990655342,0.005752000000939006,0.00749550000000454,0.01605299999937415,78708736
556,1305031120.983366,data\rgbd_dataset_freiburg1_xyz\rgb\1305031120.983366.png,data\rgbd_dataset_freiburg1_xyz\depth\1305031120.983390.png,2.4080276489257812e-05,0.0022339820861816406,1042,0.009200200000123004,0.0017543000012665289,0.004844600000069477,0.0065989000013360055,0.01579910000145901,78712832
557,1305031121.015019,data\rgbd_dataset_freiburg1_xyz\rgb\1305031121.015019.png,data\rgbd_dataset_freiburg1_xyz\depth\1305031121.015029.png,1.0013580322265625e-05,0.0005810260772705078,1043,0.00829139999950712,0.001784800000677933,0.004765499999848544,0.006550300000526477,0.014841700000033597,78761984
558,1305031121.047498,data\rgbd_dataset_freiburg1_xyz\rgb\1305031121.047498.png,data\rgbd_dataset_freiburg1_xyz\depth\1305031121.047755.png,0.0002570152282714844,0.001898050308227539,1055,0.008483300000079907,0.0017079000008379808,0.004940299999361741,0.006648200000199722,0.01513150000027963,78745600
559,1305031121.083099,data\rgbd_dataset_freiburg1_xyz\rgb\1305031121.083099.png,data\rgbd_dataset_freiburg1_xyz\depth\1305031121.083117.png,1.811981201171875e-05,0.0025010108947753906,1041,0.008735000001252047,0.001978600001166342,0.004491799998504575,0.006470399999670917,0.015205400000922964,78753792
560,1305031121.114696,data\rgbd_dataset_freiburg1_xyz\rgb\1305031121.114696.png,data\rgbd_dataset_freiburg1_xyz\depth\1305031121.114878.png,0.0001819133758544922,0.000904083251953125,1097,0.00848260000020673,0.0017382999994879356,0.014037099999768543,0.01577539999925648,0.02425799999946321,78766080
561,1305031121.147331,data\rgbd_dataset_freiburg1_xyz\rgb\1305031121.147331.png,data\rgbd_dataset_freiburg1_xyz\depth\1305031121.147355.png,2.4080276489257812e-05,0.0017309188842773438,1123,0.008899499998733518,0.001717500001177541,0.021843700000317767,0.023561200001495308,0.032460700000228826,78716928
562,1305031121.183271,data\rgbd_dataset_freiburg1_xyz\rgb\1305031121.183271.png,data\rgbd_dataset_freiburg1_xyz\depth\1305031121.183281.png,1.0013580322265625e-05,0.002329111099243164,1166,0.00905140000031679,0.001931100001456798,0.010324700000637677,0.012255800002094475,0.021307200002411264,78168064
563,1305031121.21142,data\rgbd_dataset_freiburg1_xyz\rgb\1305031121.211420.png,data\rgbd_dataset_freiburg1_xyz\depth\1305031121.211431.png,1.0967254638671875e-05,0.004179954528808594,1160,0.009480000000621658,0.0015829999993002275,0.008963200001744553,0.010546200001044781,0.02002620000166644,78725120
564,1305031121.247194,data\rgbd_dataset_freiburg1_xyz\rgb\1305031121.247194.png,data\rgbd_dataset_freiburg1_xyz\depth\1305031121.247201.png,6.9141387939453125e-06,0.0015940666198730469,1186,0.008721799998966162,0.0015884000004007248,0.012784900000042398,0.014373300000443123,0.023095099999409285,78753792
565,1305031121.282876,data\rgbd_dataset_freiburg1_xyz\rgb\1305031121.282876.png,data\rgbd_dataset_freiburg1_xyz\depth\1305031121.282822.png,5.412101745605469e-05,0.0027239322662353516,1202,0.008454600001641666,0.0015526000006502727,0.005157700001291232,0.006710300001941505,0.01516490000358317,78704640
566,1305031121.313568,data\rgbd_dataset_freiburg1_xyz\rgb\1305031121.313568.png,data\rgbd_dataset_freiburg1_xyz\depth\1305031121.313588.png,1.9788742065429688e-05,0.0020318031311035156,1217,0.00839070000074571,0.00163790000078734,0.008747900001253583,0.010385800002040924,0.018776500002786634,78757888
567,1305031121.347517,data\rgbd_dataset_freiburg1_xyz\rgb\1305031121.347517.png,data\rgbd_dataset_freiburg1_xyz\depth\1305031121.347540.png,2.288818359375e-05,0.001917123794555664,1235,0.008261900000434252,0.0017377000003762078,0.029849700000340817,0.031587400000717025,0.03984930000115128,78708736
568,1305031121.383226,data\rgbd_dataset_freiburg1_xyz\rgb\1305031121.383226.png,data\rgbd_dataset_freiburg1_xyz\depth\1305031121.383248.png,2.2172927856445312e-05,0.0023741722106933594,1249,0.008544099999198806,0.001640899999983958,0.00904889999947045,0.010689799999454408,0.019233899998653214,78790656
569,1305031121.414318,data\rgbd_dataset_freiburg1_xyz\rgb\1305031121.414318.png,data\rgbd_dataset_freiburg1_xyz\depth\1305031121.414328.png,1.0013580322265625e-05,0.0012819766998291016,1257,0.008593599999585422,0.0017524000013509067,0.012479900000471389,0.014232300001822296,0.022825900001407717,78802944
570,1305031121.447319,data\rgbd_dataset_freiburg1_xyz\rgb\1305031121.447319.png,data\rgbd_dataset_freiburg1_xyz\depth\1305031121.447024.png,0.0002949237823486328,0.0017189979553222656,1296,0.00906579999900714,0.0016764000010880409,0.013662399998793262,0.015338799999881303,0.024404599998888443,78770176
571,1305031121.482964,data\rgbd_dataset_freiburg1_xyz\rgb\1305031121.482964.png,data\rgbd_dataset_freiburg1_xyz\depth\1305031121.483015.png,5.1021575927734375e-05,0.002635955810546875,1343,0.008512500000506407,0.0017336999990220647,0.007010500001342734,0.008744200000364799,0.017256700000871206,78860288
572,1305031121.514107,data\rgbd_dataset_freiburg1_xyz\rgb\1305031121.514107.png,data\rgbd_dataset_freiburg1_xyz\depth\1305031121.514164.png,5.698204040527344e-05,0.0014929771423339844,1340,0.00867399999879126,0.0016298999998980435,0.03634339999916847,0.03797329999906651,0.04664729999785777,78909440
573,1305031121.54727,data\rgbd_dataset_freiburg1_xyz\rgb\1305031121.547270.png,data\rgbd_dataset_freiburg1_xyz\depth\1305031121.546810.png,0.0004601478576660156,0.0016701221466064453,1328,0.0085769999986951,0.0016427999998995801,0.010728799999924377,0.012371599999823957,0.020948599998519057,78827520
574,1305031121.583204,data\rgbd_dataset_freiburg1_xyz\rgb\1305031121.583204.png,data\rgbd_dataset_freiburg1_xyz\depth\1305031121.583213.png,9.059906005859375e-06,0.0023958683013916016,1316,0.008675700000821962,0.0015846999995119404,0.0065039999990403885,0.008088699998552329,0.01676439999937429,78835712
575,1305031121.6147,data\rgbd_dataset_freiburg1_xyz\rgb\1305031121.614700.png,data\rgbd_dataset_freiburg1_xyz\depth\1305031121.614719.png,1.8835067749023438e-05,0.0009000301361083984,1312,0.008404099999097525,0.001565800001117168,0.006790500001443434,0.008356300002560602,0.016760400001658127,78299136
576,1305031121.647183,data\rgbd_dataset_freiburg1_xyz\rgb\1305031121.647183.png,data\rgbd_dataset_freiburg1_xyz\depth\1305031121.646966.png,0.00021696090698242188,0.0015828609466552734,1358,0.008338999999978114,0.0015671999990445329,0.00563730000067153,0.007204499999716063,0.015543499999694177,78901248
577,1305031121.6832,data\rgbd_dataset_freiburg1_xyz\rgb\1305031121.683200.png,data\rgbd_dataset_freiburg1_xyz\depth\1305031121.683211.png,1.1205673217773438e-05,0.0024001598358154297,1351,0.008213499999328633,0.0016410999996878672,0.010288499999660417,0.011929599999348284,0.020143099998676917,78872576
578,1305031121.71452,data\rgbd_dataset_freiburg1_xyz\rgb\1305031121.714520.png,data\rgbd_dataset_freiburg1_xyz\depth\1305031121.714528.png,8.106231689453125e-06,0.0010800361633300781,1336,0.008312599999044323,0.0015899999998509884,0.006916300000739284,0.008506300000590272,0.016818899999634596,78860288
579,1305031121.747145,data\rgbd_dataset_freiburg1_xyz\rgb\1305031121.747145.png,data\rgbd_dataset_freiburg1_xyz\depth\1305031121.746484.png,0.0006608963012695312,0.0014450550079345703,1317,0.009141399999862188,0.0017001999985950533,0.004944199999954435,0.006644399998549488,0.015785799998411676,78352384
580,1305031121.782835,data\rgbd_dataset_freiburg1_xyz\rgb\1305031121.782835.png,data\rgbd_dataset_freiburg1_xyz\depth\1305031121.782871.png,3.600120544433594e-05,0.0027649402618408203,1306,0.009141499998804647,0.0017372000002069399,0.006139300001450465,0.007876500001657405,0.017018000000462052,78888960
581,1305031121.81154,data\rgbd_dataset_freiburg1_xyz\rgb\1305031121.811540.png,data\rgbd_dataset_freiburg1_xyz\depth\1305031121.811545.png,5.0067901611328125e-06,0.004060029983520508,1304,0.008372299998882227,0.0015187999997579027,0.00565670000105456,0.0071755000008124625,0.01554779999969469,79073280
582,1305031121.847335,data\rgbd_dataset_freiburg1_xyz\rgb\1305031121.847335.png,data\rgbd_dataset_freiburg1_xyz\depth\1305031121.846870.png,0.00046515464782714844,0.0016350746154785156,1297,0.009682099998826743,0.0017912000002979767,0.005394799998612143,0.00718599999891012,0.016868099997736863,78405632
583,1305031121.88206,data\rgbd_dataset_freiburg1_xyz\rgb\1305031121.882060.png,data\rgbd_dataset_freiburg1_xyz\depth\1305031121.882123.png,6.29425048828125e-05,0.0035400390625,1297,0.008120599999529077,0.0015500000008614734,0.005108499999550986,0.0066585000004124595,0.014779099999941536,78983168
584,1305031121.914931,data\rgbd_dataset_freiburg1_xyz\rgb\1305031121.914931.png,data\rgbd_dataset_freiburg1_xyz\depth\1305031121.914943.png,1.1920928955078125e-05,0.0006690025329589844,1271,0.008125000000291038,0.001573100000314298,0.006369900000208872,0.00794300000052317,0.01606800000081421,79007744
585,1305031121.947288,data\rgbd_dataset_freiburg1_xyz\rgb\1305031121.947288.png,data\rgbd_dataset_freiburg1_xyz\depth\1305031121.947318.png,3.0040740966796875e-05,0.0016880035400390625,1273,0.0081488999985595,0.0014959000000089873,0.0051342999995540595,0.006630199999563047,0.014779099998122547,79036416
586,1305031121.982926,data\rgbd_dataset_freiburg1_xyz\rgb\1305031121.982926.png,data\rgbd_dataset_freiburg1_xyz\depth\1305031121.982935.png,9.059906005859375e-06,0.002674102783203125,1272,0.008484300000418443,0.0014943999995011836,0.006208099999639671,0.007702499999140855,0.016186799999559298,79089664
587,1305031122.014256,data\rgbd_dataset_freiburg1_xyz\rgb\1305031122.014256.png,data\rgbd_dataset_freiburg1_xyz\depth\1305031122.014424.png,0.00016808509826660156,0.0013439655303955078,1265,0.008726600000954932,0.0016412000004493166,0.008256799999799114,0.00989800000024843,0.018624600001203362,79040512
588,1305031122.047306,data\rgbd_dataset_freiburg1_xyz\rgb\1305031122.047306.png,data\rgbd_dataset_freiburg1_xyz\depth\1305031122.046908.png,0.0003981590270996094,0.0017061233520507812,1280,0.010146499998882064,0.0016395000002376037,0.007121299999198527,0.00876079999943613,0.018907299998318194,79077376
589,1305031122.082959,data\rgbd_dataset_freiburg1_xyz\rgb\1305031122.082959.png,data\rgbd_dataset_freiburg1_xyz\depth\1305031122.082969.png,1.0013580322265625e-05,0.0028409957885742188,1288,0.009316100000432925,0.0017626000008021947,0.01141529999949853,0.013177900000300724,0.02249400000073365,79081472
590,1305031122.114672,data\rgbd_dataset_freiburg1_xyz\rgb\1305031122.114672.png,data\rgbd_dataset_freiburg1_xyz\depth\1305031122.114688.png,1.5974044799804688e-05,0.0009281635284423828,1301,0.00900550000005751,0.0027145999993081205,0.008412299999690731,0.011126899998998852,0.02013239999905636,79265792
591,1305031122.150725,data\rgbd_dataset_freiburg1_xyz\rgb\1305031122.150725.png,data\rgbd_dataset_freiburg1_xyz\depth\1305031122.150748.png,2.3126602172851562e-05,0.00487518310546875,1256,0.008994300000267685,0.001636899998629815,0.005849700000908342,0.007486599999538157,0.016480899999805843,78643200
592,1305031122.183042,data\rgbd_dataset_freiburg1_xyz\rgb\1305031122.183042.png,data\rgbd_dataset_freiburg1_xyz\depth\1305031122.183052.png,1.0013580322265625e-05,0.002557992935180664,1235,0.008660600000439445,0.001630200000363402,0.011230899999645771,0.012861100000009174,0.021521700000448618,79298560
593,1305031122.214959,data\rgbd_dataset_freiburg1_xyz\rgb\1305031122.214959.png,data\rgbd_dataset_freiburg1_xyz\depth\1305031122.214969.png,1.0013580322265625e-05,0.0006411075592041016,1245,0.009632499999497668,0.0017232999998668674,0.007486900000003516,0.009210199999870383,0.01884269999936805,79216640
594,1305031122.251319,data\rgbd_dataset_freiburg1_xyz\rgb\1305031122.251319.png,data\rgbd_dataset_freiburg1_xyz\depth\1305031122.251355.png,3.600120544433594e-05,0.004281044006347656,1211,0.00901499999963562,0.0016911000002437504,0.014581899999029702,0.016272999999273452,0.025287999998909072,79331328
595,1305031122.28356,data\rgbd_dataset_freiburg1_xyz\rgb\1305031122.283560.png,data\rgbd_dataset_freiburg1_xyz\depth\1305031122.283866.png,0.0003058910369873047,0.0020399093627929688,1159,0.008981499999208609,0.00178070000038133,0.022734700000000885,0.024515400000382215,0.03349689999959082,79183872
596,1305031122.314289,data\rgbd_dataset_freiburg1_xyz\rgb\1305031122.314289.png,data\rgbd_dataset_freiburg1_xyz\depth\1305031122.314309.png,1.9788742065429688e-05,0.0013108253479003906,1111,0.00850680000075954,0.0016753999989305157,0.01224270000057004,0.013918099999500555,0.022424900000260095,79101952
597,1305031122.351327,data\rgbd_dataset_freiburg1_xyz\rgb\1305031122.351327.png,data\rgbd_dataset_freiburg1_xyz\depth\1305031122.351351.png,2.4080276489257812e-05,0.004273176193237305,1119,0.00936589999946591,0.0017781999995349906,0.023649000000659726,0.025427200000194716,0.034793099999660626,79101952
598,1305031122.38263,data\rgbd_dataset_freiburg1_xyz\rgb\1305031122.382630.png,data\rgbd_dataset_freiburg1_xyz\depth\1305031122.382678.png,4.792213439941406e-05,0.002869844436645508,1088,0.009657399999923655,0.001812900000004447,0.013006799999857321,0.014819699999861768,0.024477099999785423,79241216
599,1305031122.414997,data\rgbd_dataset_freiburg1_xyz\rgb\1305031122.414997.png,data\rgbd_dataset_freiburg1_xyz\depth\1305031122.415008.png,1.0967254638671875e-05,0.0006029605865478516,1092,0.00906580000082613,0.001796200000171666,0.011193199999979697,0.012989400000151363,0.022055200000977493,79200256
600,1305031122.451257,data\rgbd_dataset_freiburg1_xyz\rgb\1305031122.451257.png,data\rgbd_dataset_freiburg1_xyz\depth\1305031122.451272.png,1.5020370483398438e-05,0.004242897033691406,1072,0.008392499999899883,0.0017387000007147435,0.00768439999956172,0.009423100000276463,0.017815600000176346,79126528
601,1305031122.48336,data\rgbd_dataset_freiburg1_xyz\rgb\1305031122.483360.png,data\rgbd_dataset_freiburg1_xyz\depth\1305031122.483388.png,2.7894973754882812e-05,0.0022399425506591797,1102,0.009447499998714193,0.0018577999999251915,0.018672500000320724,0.020530300000245916,0.02997779999896011,79142912
602,1305031122.515097,data\rgbd_dataset_freiburg1_xyz\rgb\1305031122.515097.png,data\rgbd_dataset_freiburg1_xyz\depth\1305031122.515135.png,3.814697265625e-05,0.0005030632019042969,1092,0.00866880000103265,0.001753900000039721,0.011164699999426375,0.012918599999466096,0.021587400000498747,79212544
603,1305031122.55149,data\rgbd_dataset_freiburg1_xyz\rgb\1305031122.551490.png,data\rgbd_dataset_freiburg1_xyz\depth\1305031122.551510.png,2.002716064453125e-05,0.00400996208190918,1105,0.008386999999856926,0.0016269999996438855,0.008722900000066147,0.010349899999710033,0.01873689999956696,79175680
604,1305031122.583208,data\rgbd_dataset_freiburg1_xyz\rgb\1305031122.583208.png,data\rgbd_dataset_freiburg1_xyz\depth\1305031122.583217.png,8.821487426757812e-06,0.002391815185546875,1080,0.00964659999954165,0.0019006000002264045,0.01196920000074897,0.013869800000975374,0.023516400000517024,79245312
605,1305031122.61498,data\rgbd_dataset_freiburg1_xyz\rgb\1305031122.614980.png,data\rgbd_dataset_freiburg1_xyz\depth\1305031122.615017.png,3.695487976074219e-05,0.0007200241088867188,1039,0.00824800000009418,0.0016439999999420252,0.005722800000512507,0.007366800000454532,0.015614800000548712,79241216
606,1305031122.648788,data\rgbd_dataset_freiburg1_xyz\rgb\1305031122.648788.png,data\rgbd_dataset_freiburg1_xyz\depth\1305031122.648810.png,2.193450927734375e-05,0.003187894821166992,1054,0.008244100001320476,0.0016981999997369712,0.004728199999590288,0.006426399999327259,0.014670500000647735,79241216
607,1305031122.683402,data\rgbd_dataset_freiburg1_xyz\rgb\1305031122.683402.png,data\rgbd_dataset_freiburg1_xyz\depth\1305031122.683420.png,1.7881393432617188e-05,0.0021979808807373047,1023,0.00825520000034885,0.0017189999998663552,0.004646199999115197,0.006365199998981552,0.014620399999330402,79151104
608,1305031122.715208,data\rgbd_dataset_freiburg1_xyz\rgb\1305031122.715208.png,data\rgbd_dataset_freiburg1_xyz\depth\1305031122.715219.png,1.0967254638671875e-05,0.00039196014404296875,1040,0.008274199999505072,0.0017500000012660166,0.0043815000008180505,0.006131500002084067,0.014405700001589139,79175680
609,1305031122.751298,data\rgbd_dataset_freiburg1_xyz\rgb\1305031122.751298.png,data\rgbd_dataset_freiburg1_xyz\depth\1305031122.751309.png,1.0967254638671875e-05,0.004302024841308594,1051,0.008321100000102888,0.0017805999996198807,0.0048647000003256835,0.006645299999945564,0.014966400000048452,79196160
610,1305031122.783423,data\rgbd_dataset_freiburg1_xyz\rgb\1305031122.783423.png,data\rgbd_dataset_freiburg1_xyz\depth\1305031122.783438.png,1.5020370483398438e-05,0.002177000045776367,1027,0.008035599999857368,0.0017373999999108491,0.007339300000239746,0.009076700000150595,0.017112300000007963,79224832
611,1305031122.812555,data\rgbd_dataset_freiburg1_xyz\rgb\1305031122.812555.png,data\rgbd_dataset_freiburg1_xyz\depth\1305031122.812565.png,1.0013580322265625e-05,0.0030448436737060547,982,0.008252199999333243,0.0017413999994460028,0.01192569999875559,0.013667099998201593,0.021919299997534836,79224832
612,1305031122.851418,data\rgbd_dataset_freiburg1_xyz\rgb\1305031122.851418.png,data\rgbd_dataset_freiburg1_xyz\depth\1305031122.851486.png,6.794929504394531e-05,0.004182100296020508,960,0.008128699999360833,0.0017041999999491964,0.014600700000301003,0.0163049000002502,0.024433599999611033,79134720
613,1305031122.883754,data\rgbd_dataset_freiburg1_xyz\rgb\1305031122.883754.png,data\rgbd_dataset_freiburg1_xyz\depth\1305031122.883775.png,2.09808349609375e-05,0.0018460750579833984,932,0.008131299999149633,0.001620500001081382,0.011247099999309285,0.012867600000390667,0.0209988999995403,79122432
614,1305031122.914571,data\rgbd_dataset_freiburg1_xyz\rgb\1305031122.914571.png,data\rgbd_dataset_freiburg1_xyz\depth\1305031122.914585.png,1.4066696166992188e-05,0.0010290145874023438,893,0.008254600001237122,0.0017100999993999721,0.007874499999161344,0.009584599998561316,0.01783919999979844,79056896
615,1305031122.951341,data\rgbd_dataset_freiburg1_xyz\rgb\1305031122.951341.png,data\rgbd_dataset_freiburg1_xyz\depth\1305031122.951413.png,7.200241088867188e-05,0.0042591094970703125,898,0.00861330000043381,0.0016185999993467703,0.006666199999017408,0.008284799998364178,0.01689809999879799,79106048
616,1305031122.982815,data\rgbd_dataset_freiburg1_xyz\rgb\1305031122.982815.png,data\rgbd_dataset_freiburg1_xyz\depth\1305031122.983000.png,0.0001850128173828125,0.0027849674224853516,883,0.008454900000288035,0.0016790999998193001,0.003648800000519259,0.005327900000338559,0.013782800000626594,79032320
617,1305031123.01545,data\rgbd_dataset_freiburg1_xyz\rgb\1305031123.015450.png,data\rgbd_dataset_freiburg1_xyz\depth\1305031123.015462.png,1.1920928955078125e-05,5.0067901611328125e-05,870,0.008437299999059178,0.0017597000005480368,0.004130200000872719,0.005889900001420756,0.014327200000479934,79085568
618,1305031123.051827,data\rgbd_dataset_freiburg1_xyz\rgb\1305031123.051827.png,data\rgbd_dataset_freiburg1_xyz\depth\1305031123.051838.png,1.0967254638671875e-05,0.003873109817504883,862,0.00814639999953215,0.0016531000001123175,0.004531200000201352,0.0061843000003136694,0.01433069999984582,79151104
619,1305031123.082975,data\rgbd_dataset_freiburg1_xyz\rgb\1305031123.082975.png,data\rgbd_dataset_freiburg1_xyz\depth\1305031123.082992.png,1.71661376953125e-05,0.002624988555908203,870,0.008409800000663381,0.001645000000280561,0.0030257999987952644,0.004670799999075825,0.013080599999739206,79110144
620,1305031123.113873,data\rgbd_dataset_freiburg1_xyz\rgb\1305031123.113873.png,data\rgbd_dataset_freiburg1_xyz\depth\1305031123.113939.png,6.604194641113281e-05,0.0017271041870117188,887,0.008570699999836506,0.0019185999990440905,0.004822399998374749,0.0067409999974188395,0.015311699997255346,79085568
621,1305031123.150822,data\rgbd_dataset_freiburg1_xyz\rgb\1305031123.150822.png,data\rgbd_dataset_freiburg1_xyz\depth\1305031123.150840.png,1.811981201171875e-05,0.004678010940551758,889,0.009277000001020497,0.0018546999999671243,0.024375200000577024,0.02622990000054415,0.035506900001564645,79110144
622,1305031123.182155,data\rgbd_dataset_freiburg1_xyz\rgb\1305031123.182155.png,data\rgbd_dataset_freiburg1_xyz\depth\1305031123.182176.png,2.1219253540039062e-05,0.003345012664794922,853,0.00882850000016333,0.0019969000004493864,0.008745300001464784,0.01074220000191417,0.0195707000020775,79073280
623,1305031123.214704,data\rgbd_dataset_freiburg1_xyz\rgb\1305031123.214704.png,data\rgbd_dataset_freiburg1_xyz\depth\1305031123.214724.png,2.002716064453125e-05,0.0007960796356201172,854,0.00788000000102329,0.0022255999992921716,0.012383799999952316,0.014609399999244488,0.02248940000026778,79159296
624,1305031123.250618,data\rgbd_dataset_freiburg1_xyz\rgb\1305031123.250618.png,data\rgbd_dataset_freiburg1_xyz\depth\1305031123.250641.png,2.3126602172851562e-05,0.004882097244262695,813,0.008457699999780743,0.0016379999997298,0.00553330000002461,0.00717129999975441,0.015628999999535154,79130624
625,1305031123.282347,data\rgbd_dataset_freiburg1_xyz\rgb\1305031123.282347.png,data\rgbd_dataset_freiburg1_xyz\depth\1305031123.282363.png,1.5974044799804688e-05,0.0032529830932617188,756,0.009800300000279094,0.0016402999990532408,0.006236999999600812,0.007877299998654053,0.017677599998933147,79142912
626,1305031123.311327,data\rgbd_dataset_freiburg1_xyz\rgb\1305031123.311327.png,data\rgbd_dataset_freiburg1_xyz\depth\1305031123.320992.png,0.00966501235961914,0.004272937774658203,759,0.008116499999232474,0.0015934999992168741,0.009523400000034599,0.011116899999251473,0.019233399998483947,79208448
627,1305031123.350481,data\rgbd_dataset_freiburg1_xyz\rgb\1305031123.350481.png,data\rgbd_dataset_freiburg1_xyz\depth\1305031123.350493.png,1.1920928955078125e-05,0.004881143569946289,734,0.00798659999964002,0.0023175000005721813,0.004753799999889452,0.007071300000461633,0.015057900000101654,79241216
628,1305031123.382255,data\rgbd_dataset_freiburg1_xyz\rgb\1305031123.382255.png,data\rgbd_dataset_freiburg1_xyz\depth\1305031123.382263.png,7.867813110351562e-06,0.003345012664794922,731,0.007929600000352366,0.0018424000008963048,0.006480299998656847,0.008322699999553151,0.016252299999905517,79212544
629,1305031123.411363,data\rgbd_dataset_freiburg1_xyz\rgb\1305031123.411363.png,data\rgbd_dataset_freiburg1_xyz\depth\1305031123.421343.png,0.009980201721191406,0.004237174987792969,737,0.008386700001210556,0.0017250000000785803,0.0038165000005392358,0.005541500000617816,0.013928200001828372,79224832
630,1305031123.451255,data\rgbd_dataset_freiburg1_xyz\rgb\1305031123.451255.png,data\rgbd_dataset_freiburg1_xyz\depth\1305031123.451266.png,1.0967254638671875e-05,0.004244804382324219,713,0.008780899999692338,0.0018980999993800651,0.004094900001291535,0.0059930000006716,0.014773900000363938,79233024
631,1305031123.483594,data\rgbd_dataset_freiburg1_xyz\rgb\1305031123.483594.png,data\rgbd_dataset_freiburg1_xyz\depth\1305031123.483605.png,1.0967254638671875e-05,0.002006053924560547,709,0.008815499999400345,0.001804099998480524,0.003833400000075926,0.00563749999855645,0.014452999997956795,79269888
632,1305031123.51136,data\rgbd_dataset_freiburg1_xyz\rgb\1305031123.511360.png,data\rgbd_dataset_freiburg1_xyz\depth\1305031123.519725.png,0.008365154266357422,0.004140138626098633,734,0.008394000000407686,0.001613699998415541,0.004752300001200638,0.006365999999616179,0.014760000000023865,79278080
633,1305031123.551513,data\rgbd_dataset_freiburg1_xyz\rgb\1305031123.551513.png,data\rgbd_dataset_freiburg1_xyz\depth\1305031123.551573.png,6.008148193359375e-05,0.004086971282958984,729,0.008162399999491754,0.0015380000004370231,0.004061399999045534,0.005599399999482557,0.013761799998974311,79265792
634,1305031123.579583,data\rgbd_dataset_freiburg1_xyz\rgb\1305031123.579583.png,data\rgbd_dataset_freiburg1_xyz\depth\1305031123.579616.png,3.314018249511719e-05,0.004082918167114258,717,0.0081995000000461,0.0016923999992286554,0.0029286999997566454,0.004621099998985301,0.012820599999031401,79278080
635,1305031123.611335,data\rgbd_dataset_freiburg1_xyz\rgb\1305031123.611335.png,data\rgbd_dataset_freiburg1_xyz\depth\1305031123.620387.png,0.009052038192749023,0.004164934158325195,736,0.008266299999377225,0.0016435999987152172,0.003469799999948009,0.005113399998663226,0.01337969999804045,79298560
636,1305031123.652411,data\rgbd_dataset_freiburg1_xyz\rgb\1305031123.652411.png,data\rgbd_dataset_freiburg1_xyz\depth\1305031123.652430.png,1.9073486328125e-05,0.0031890869140625,733,0.008729099999982282,0.0019702999998116866,0.004361400000561844,0.00633170000037353,0.015060800000355812,79343616
637,1305031123.683753,data\rgbd_dataset_freiburg1_xyz\rgb\1305031123.683753.png,data\rgbd_dataset_freiburg1_xyz\depth\1305031123.683785.png,3.1948089599609375e-05,0.0018470287322998047,735,0.008885900000677793,0.0017123000015999423,0.003479499999230029,0.005191800000829971,0.014077700001507765,79343616
638,1305031123.711323,data\rgbd_dataset_freiburg1_xyz\rgb\1305031123.711323.png,data\rgbd_dataset_freiburg1_xyz\depth\1305031123.719975.png,0.008651971817016602,0.004177093505859375,737,0.008091800000329386,0.001736799998980132,0.0036362999999255408,0.005373099998905673,0.013464899999235058,79339520
639,1305031123.751723,data\rgbd_dataset_freiburg1_xyz\rgb\1305031123.751723.png,data\rgbd_dataset_freiburg1_xyz\depth\1305031123.751980.png,0.0002570152282714844,0.003777027130126953,715,0.00868570000056934,0.0019188000005669892,0.0034089000000676606,0.00532770000063465,0.01401340000120399,79273984
640,1305031123.783858,data\rgbd_dataset_freiburg1_xyz\rgb\1305031123.783858.png,data\rgbd_dataset_freiburg1_xyz\depth\1305031123.784138.png,0.0002799034118652344,0.0017418861389160156,732,0.009864800000286778,0.0018493000006856164,0.0031631000001652865,0.005012400000850903,0.01487720000113768,79306752
641,1305031123.811608,data\rgbd_dataset_freiburg1_xyz\rgb\1305031123.811608.png,data\rgbd_dataset_freiburg1_xyz\depth\1305031123.819696.png,0.008087873458862305,0.0038919448852539062,724,0.00892079999903217,0.0017164999990200158,0.002486400000634603,0.004202899999654619,0.013123699998686789,79294464
642,1305031123.851444,data\rgbd_dataset_freiburg1_xyz\rgb\1305031123.851444.png,data\rgbd_dataset_freiburg1_xyz\depth\1305031123.851551.png,0.00010704994201660156,0.004055976867675781,728,0.008383700000194949,0.0017316999983449932,0.0024128999993990874,0.004144599997744081,0.01252829999793903,79323136
643,1305031123.883786,data\rgbd_dataset_freiburg1_xyz\rgb\1305031123.883786.png,data\rgbd_dataset_freiburg1_xyz\depth\1305031123.883819.png,3.314018249511719e-05,0.0017139911651611328,733,0.008474099999148166,0.001673199998549535,0.002955600000859704,0.004628799999409239,0.013102899998557405,79327232
644,1305031123.911243,data\rgbd_dataset_freiburg1_xyz\rgb\1305031123.911243.png,data\rgbd_dataset_freiburg1_xyz\depth\1305031123.915794.png,0.004550933837890625,0.0042569637298583984,731,0.009118199999647914,0.0019345999990036944,0.004045600000608829,0.005980199999612523,0.015098399999260437,79323136
645,1305031123.951442,data\rgbd_dataset_freiburg1_xyz\rgb\1305031123.951442.png,data\rgbd_dataset_freiburg1_xyz\depth\1305031123.951530.png,8.797645568847656e-05,0.00415802001953125,737,0.00823599999966973,0.0016422000007878523,0.00202270000045246,0.003664900001240312,0.011900900000910042,79331328
646,1305031123.983415,data\rgbd_dataset_freiburg1_xyz\rgb\1305031123.983415.png,data\rgbd_dataset_freiburg1_xyz\depth\1305031123.983421.png,6.198883056640625e-06,0.0021851062774658203,723,0.008292700000311015,0.001847999999881722,0.0030769999993935926,0.004924999999275315,0.01321769999958633,79335424
647,1305031124.011302,data\rgbd_dataset_freiburg1_xyz\rgb\1305031124.011302.png,data\rgbd_dataset_freiburg1_xyz\depth\1305031124.019737.png,0.00843501091003418,0.0041980743408203125,727,0.007977999999638996,0.0018077999993693084,0.004421100000399747,0.006228899999769055,0.014206899999408051,79441920
648,1305031124.051505,data\rgbd_dataset_freiburg1_xyz\rgb\1305031124.051505.png,data\rgbd_dataset_freiburg1_xyz\depth\1305031124.051531.png,2.5987625122070312e-05,0.003994941711425781,738,0.008103100000880659,0.0018053999992844183,0.00305579999985639,0.004861199999140808,0.012964300000021467,79462400
649,1305031124.083837,data\rgbd_dataset_freiburg1_xyz\rgb\1305031124.083837.png,data\rgbd_dataset_freiburg1_xyz\depth\1305031124.083902.png,6.4849853515625e-05,0.0016629695892333984,729,0.008436300000539632,0.0017339999994874233,0.003927899999325746,0.005661899998813169,0.0140981999993528,79552512
650,1305031124.111331,data\rgbd_dataset_freiburg1_xyz\rgb\1305031124.111331.png,data\rgbd_dataset_freiburg1_xyz\depth\1305031124.119669.png,0.008337974548339844,0.004168987274169922,723,0.008783400000538677,0.001923099998748512,0.007469399999536108,0.00939249999828462,0.018175899998823297,79556608
651,1305031124.147446,data\rgbd_dataset_freiburg1_xyz\rgb\1305031124.147446.png,data\rgbd_dataset_freiburg1_xyz\depth\1305031124.147458.png,1.2159347534179688e-05,0.0018458366394042969,738,0.010049200000139535,0.001991499999348889,0.004430799999681767,0.006422299999030656,0.01647149999917019,79491072
652,1305031124.182694,data\rgbd_dataset_freiburg1_xyz\rgb\1305031124.182694.png,data\rgbd_dataset_freiburg1_xyz\depth\1305031124.182707.png,1.3113021850585938e-05,0.002805948257446289,729,0.009724400000777678,0.001955199999429169,0.003898200000548968,0.005853399999978137,0.015577800000755815,79523840
653,1305031124.211396,data\rgbd_dataset_freiburg1_xyz\rgb\1305031124.211396.png,data\rgbd_dataset_freiburg1_xyz\depth\1305031124.217179.png,0.0057830810546875,0.004104137420654297,720,0.009097000000110711,0.0022485999998025363,0.010262399999191985,0.01251099999899452,0.021607999999105232,79515648
654,1305031124.249327,data\rgbd_dataset_freiburg1_xyz\rgb\1305031124.249327.png,data\rgbd_dataset_freiburg1_xyz\depth\1305031124.249340.png,1.3113021850585938e-05,0.0038268566131591797,726,0.009976000001188368,0.0024118000001180917,0.00745199999983015,0.009863799999948242,0.01983980000113661,79532032
655,1305031124.282545,data\rgbd_dataset_freiburg1_xyz\rgb\1305031124.282545.png,data\rgbd_dataset_freiburg1_xyz\depth\1305031124.282555.png,1.0013580322265625e-05,0.0029549598693847656,755,0.009347100000013597,0.0020552000005409354,0.004365500000858447,0.006420700001399382,0.01576780000141298,79589376
656,1305031124.311361,data\rgbd_dataset_freiburg1_xyz\rgb\1305031124.311361.png,data\rgbd_dataset_freiburg1_xyz\depth\1305031124.316782.png,0.0054209232330322266,0.004138946533203125,718,0.0096149000000878,0.002314999999725842,0.005723900001612492,0.008038900001338334,0.017653800001426134,79630336
657,1305031124.350354,data\rgbd_dataset_freiburg1_xyz\rgb\1305031124.350354.png,data\rgbd_dataset_freiburg1_xyz\depth\1305031124.350371.png,1.6927719116210938e-05,0.004853963851928711,730,0.011155300000609714,0.0022736999999324325,0.005323299999872688,0.007596999999805121,0.018752300000414834,79532032
658,1305031124.38242,data\rgbd_dataset_freiburg1_xyz\rgb\1305031124.382420.png,data\rgbd_dataset_freiburg1_xyz\depth\1305031124.382432.png,1.1920928955078125e-05,0.0031800270080566406,749,0.008709099998668535,0.001940999998623738,0.010661099999197177,0.012602099997820915,0.02131119999648945,79560704
659,1305031124.411439,data\rgbd_dataset_freiburg1_xyz\rgb\1305031124.411439.png,data\rgbd_dataset_freiburg1_xyz\depth\1305031124.418555.png,0.007116079330444336,0.004060983657836914,750,0.010718600000473089,0.0025884000006044516,0.008734600000025239,0.01132300000062969,0.02204160000110278,79572992
660,1305031124.450245,data\rgbd_dataset_freiburg1_xyz\rgb\1305031124.450245.png,data\rgbd_dataset_freiburg1_xyz\depth\1305031124.450256.png,1.1205673217773438e-05,0.004644870758056641,766,0.011637100000370992,0.002184299999498762,0.009845300000961288,0.01202960000046005,0.023666700000831042,79568896
661,1305031124.480099,data\rgbd_dataset_freiburg1_xyz\rgb\1305031124.480099.png,data\rgbd_dataset_freiburg1_xyz\depth\1305031124.480126.png,2.6941299438476562e-05,0.004498958587646484,797,0.010163099999772385,0.0019618999995145714,0.007883800000854535,0.009845700000369106,0.02000880000014149,79548416
662,1305031124.511324,data\rgbd_dataset_freiburg1_xyz\rgb\1305031124.511324.png,data\rgbd_dataset_freiburg1_xyz\depth\1305031124.516737.png,0.005413055419921875,0.004176139831542969,810,0.008942000000388362,0.002225700000053621,0.008084799999778625,0.010310499999832246,0.019252500000220607,79585280
663,1305031124.550437,data\rgbd_dataset_freiburg1_xyz\rgb\1305031124.550437.png,data\rgbd_dataset_freiburg1_xyz\depth\1305031124.550503.png,6.604194641113281e-05,0.004936933517456055,819,0.008883999998943182,0.0015973999998095678,0.008151800000632647,0.009749200000442215,0.018633199999385397,79699968
664,1305031124.579404,data\rgbd_dataset_freiburg1_xyz\rgb\1305031124.579404.png,data\rgbd_dataset_freiburg1_xyz\depth\1305031124.584606.png,0.005201816558837891,0.003904104232788086,840,0.009182600000713137,0.0019893999997293577,0.006952699999601464,0.008942099999330821,0.01812470000004396,79679488
665,1305031124.611358,data\rgbd_dataset_freiburg1_xyz\rgb\1305031124.611358.png,data\rgbd_dataset_freiburg1_xyz\depth\1305031124.617653.png,0.006294965744018555,0.004142045974731445,845,0.014070299999730196,0.0028824000000895467,0.011541600000782637,0.014424000000872184,0.02849430000060238,79716352
666,1305031124.651271,data\rgbd_dataset_freiburg1_xyz\rgb\1305031124.651271.png,data\rgbd_dataset_freiburg1_xyz\depth\1305031124.651313.png,4.1961669921875e-05,0.00432896614074707,879,0.012037300000883988,0.0018694000009418232,0.00612369999907969,0.007993100000021514,0.0200304000009055,79671296
667,1305031124.679362,data\rgbd_dataset_freiburg1_xyz\rgb\1305031124.679362.png,data\rgbd_dataset_freiburg1_xyz\depth\1305031124.685473.png,0.0061109066009521484,0.0037620067596435547,933,0.009696900000562891,0.0018921000009868294,0.010680999999749474,0.012573100000736304,0.022270000001299195,79745024
668,1305031124.711251,data\rgbd_dataset_freiburg1_xyz\rgb\1305031124.711251.png,data\rgbd_dataset_freiburg1_xyz\depth\1305031124.715791.png,0.004539966583251953,0.004249095916748047,956,0.010822599999301019,0.002485700000761426,0.015507600001001265,0.01799330000176269,0.02881590000106371,79740928
669,1305031124.74989,data\rgbd_dataset_freiburg1_xyz\rgb\1305031124.749890.png,data\rgbd_dataset_freiburg1_xyz\depth\1305031124.749941.png,5.1021575927734375e-05,0.00439000129699707,957,0.008605199998783064,0.0017765000011422671,0.016789999999673455,0.018566500000815722,0.027171699999598786,79773696
670,1305031124.779365,data\rgbd_dataset_freiburg1_xyz\rgb\1305031124.779365.png,data\rgbd_dataset_freiburg1_xyz\depth\1305031124.785178.png,0.005812883377075195,0.0038650035858154297,999,0.008902999999918393,0.001805600000807317,0.015979499999957625,0.017785100000764942,0.026688100000683335,79847424
671,1305031124.81136,data\rgbd_dataset_freiburg1_xyz\rgb\1305031124.811360.png,data\rgbd_dataset_freiburg1_xyz\depth\1305031124.816641.png,0.005281209945678711,0.004140138626098633,1022,0.009032299998580129,0.002059899999949266,0.023393400000713882,0.025453300000663148,0.03448559999924328,79867904
672,1305031124.850535,data\rgbd_dataset_freiburg1_xyz\rgb\1305031124.850535.png,data\rgbd_dataset_freiburg1_xyz\depth\1305031124.850559.png,2.4080276489257812e-05,0.004965066909790039,1050,0.009017899999889778,0.0022291000004770467,0.009417900000698864,0.011647000001175911,0.02066490000106569,79785984
673,1305031124.879355,data\rgbd_dataset_freiburg1_xyz\rgb\1305031124.879355.png,data\rgbd_dataset_freiburg1_xyz\depth\1305031124.883594.png,0.004239082336425781,0.003754854202270508,1105,0.008312699999805773,0.001740300000165007,0.007010999999693013,0.00875129999985802,0.017063999999663793,79843328
674,1305031124.911448,data\rgbd_dataset_freiburg1_xyz\rgb\1305031124.911448.png,data\rgbd_dataset_freiburg1_xyz\depth\1305031124.918770.png,0.007322072982788086,0.004152059555053711,1099,0.008219800000006217,0.0016697999999450985,0.018411099999866565,0.020080899999811663,0.02830069999981788,79863808
675,1305031124.95073,data\rgbd_dataset_freiburg1_xyz\rgb\1305031124.950730.png,data\rgbd_dataset_freiburg1_xyz\depth\1305031124.950748.png,1.7881393432617188e-05,0.004869937896728516,1075,0.008446699999694829,0.0017071000002033543,0.004380800000944873,0.006087900001148228,0.014534600000843056,79900672
676,1305031124.979438,data\rgbd_dataset_freiburg1_xyz\rgb\1305031124.979438.png,data\rgbd_dataset_freiburg1_xyz\depth\1305031124.986460.png,0.007021903991699219,0.003638029098510742,1084,0.008215500000005704,0.0018132000004698057,0.0057703999991645105,0.007583599999634316,0.01579909999964002,79892480
677,1305031125.011454,data\rgbd_dataset_freiburg1_xyz\rgb\1305031125.011454.png,data\rgbd_dataset_freiburg1_xyz\depth\1305031125.019467.png,0.008013010025024414,0.004045963287353516,1121,0.007918499999505002,0.0016390000000683358,0.008697400000528432,0.010336400000596768,0.01825490000010177,79880192
678,1305031125.050763,data\rgbd_dataset_freiburg1_xyz\rgb\1305031125.050763.png,data\rgbd_dataset_freiburg1_xyz\depth\1305031125.050798.png,3.504753112792969e-05,0.004737138748168945,1166,0.00870519999989483,0.0015806999999767868,0.012748600000122678,0.014329300000099465,0.023034499999994296,79908864
679,1305031125.079364,data\rgbd_dataset_freiburg1_xyz\rgb\1305031125.079364.png,data\rgbd_dataset_freiburg1_xyz\depth\1305031125.083480.png,0.0041158199310302734,0.0038640499114990234,1176,0.008181400000466965,0.0015109000014490448,0.006783799999539042,0.008294700000988087,0.016476100001455052,79884288
680,1305031125.111364,data\rgbd_dataset_freiburg1_xyz\rgb\1305031125.111364.png,data\rgbd_dataset_freiburg1_xyz\depth\1305031125.119029.png,0.007665157318115234,0.004136085510253906,1205,0.00779070000135107,0.00159929999972519,0.006192800001372234,0.007792100001097424,0.015582800002448494,79921152
681,1305031125.151013,data\rgbd_dataset_freiburg1_xyz\rgb\1305031125.151013.png,data\rgbd_dataset_freiburg1_xyz\depth\1305031125.151037.png,2.4080276489257812e-05,0.0045871734619140625,1194,0.007905999998911284,0.0016460999995615566,0.010175299999900744,0.011821399999462301,0.019727399998373585,79925248
682,1305031125.179353,data\rgbd_dataset_freiburg1_xyz\rgb\1305031125.179353.png,data\rgbd_dataset_freiburg1_xyz\depth\1305031125.187064.png,0.007710933685302734,0.0037529468536376953,1197,0.008583499999076594,0.0016172000014194055,0.010028200000306242,0.011645400001725648,0.02022890000080224,79945728
683,1305031125.21132,data\rgbd_dataset_freiburg1_xyz\rgb\1305031125.211320.png,data\rgbd_dataset_freiburg1_xyz\depth\1305031125.219018.png,0.00769805908203125,0.004180192947387695,1175,0.008502800001224387,0.0016679000000294764,0.010146999999051332,0.011814899999080808,0.020317700000305194,79925248
684,1305031125.250632,data\rgbd_dataset_freiburg1_xyz\rgb\1305031125.250632.png,data\rgbd_dataset_freiburg1_xyz\depth\1305031125.250642.png,1.0013580322265625e-05,0.004868030548095703,1180,0.008455699999103672,0.001692699999694014,0.0052634999992733356,0.0069561999989673495,0.015411899998071021,79921152
685,1305031125.279467,data\rgbd_dataset_freiburg1_xyz\rgb\1305031125.279467.png,data\rgbd_dataset_freiburg1_xyz\depth\1305031125.286396.png,0.006928920745849609,0.0038671493530273438,1203,0.0084947999985161,0.0017208000008395175,0.009491300001172931,0.011212100002012448,0.01970690000052855,80044032
686,1305031125.311493,data\rgbd_dataset_freiburg1_xyz\rgb\1305031125.311493.png,data\rgbd_dataset_freiburg1_xyz\depth\1305031125.319140.png,0.007647037506103516,0.004007101058959961,1206,0.008710800000699237,0.0024888000007194933,0.011174299999765935,0.013663100000485429,0.022373900001184666,80019456
687,1305031125.34888,data\rgbd_dataset_freiburg1_xyz\rgb\1305031125.348880.png,data\rgbd_dataset_freiburg1_xyz\depth\1305031125.348899.png,1.8835067749023438e-05,0.002680063247680664,1226,0.011121800000182702,0.0019317999995109858,0.0077284999988478376,0.009660299998358823,0.020782099998541526,80023552
688,1305031125.379401,data\rgbd_dataset_freiburg1_xyz\rgb\1305031125.379401.png,data\rgbd_dataset_freiburg1_xyz\depth\1305031125.386792.png,0.0073909759521484375,0.0038008689880371094,1196,0.00949899999977788,0.001802799999495619,0.006764100000509643,0.008566900000005262,0.01806589999978314,80019456
689,1305031125.411335,data\rgbd_dataset_freiburg1_xyz\rgb\1305031125.411335.png,data\rgbd_dataset_freiburg1_xyz\depth\1305031125.419574.png,0.008239030838012695,0.0042650699615478516,1217,0.013130200000887271,0.002761300000202027,0.015984600000592764,0.01874590000079479,0.03187610000168206,80039936
690,1305031125.451195,data\rgbd_dataset_freiburg1_xyz\rgb\1305031125.451195.png,data\rgbd_dataset_freiburg1_xyz\depth\1305031125.451232.png,3.695487976074219e-05,0.004405021667480469,1196,0.01002879999941797,0.0019223999988753349,0.02240949999941222,0.024331899998287554,0.034360699997705524,80072704
691,1305031125.479424,data\rgbd_dataset_freiburg1_xyz\rgb\1305031125.479424.png,data\rgbd_dataset_freiburg1_xyz\depth\1305031125.486999.png,0.007575035095214844,0.003823995590209961,1165,0.008549600001060753,0.0016496000007464318,0.014399700001376914,0.016049300002123346,0.0245989000031841,80007168
692,1305031125.511316,data\rgbd_dataset_freiburg1_xyz\rgb\1305031125.511316.png,data\rgbd_dataset_freiburg1_xyz\depth\1305031125.519354.png,0.008038043975830078,0.004283905029296875,1153,0.009764399999767193,0.0019261000015831087,0.005751900000177557,0.007678000001760665,0.017442400001527858,79958016
693,1305031125.55102,data\rgbd_dataset_freiburg1_xyz\rgb\1305031125.551020.png,data\rgbd_dataset_freiburg1_xyz\depth\1305031125.551050.png,3.0040740966796875e-05,0.004480123519897461,1138,0.011365599999408005,0.002333399999770336,0.008496500000546803,0.010829900000317139,0.022195499999725143,79929344
694,1305031125.579308,data\rgbd_dataset_freiburg1_xyz\rgb\1305031125.579308.png,data\rgbd_dataset_freiburg1_xyz\depth\1305031125.585303.png,0.005995035171508789,0.0038080215454101562,1133,0.009350100001029205,0.0016267999999399763,0.005727499999920838,0.007354299999860814,0.01670440000089002,79933440
695,1305031125.611533,data\rgbd_dataset_freiburg1_xyz\rgb\1305031125.611533.png,data\rgbd_dataset_freiburg1_xyz\depth\1305031125.617870.png,0.006337165832519531,0.004067182540893555,1148,0.00907760000154667,0.001898599999549333,0.012975999999980559,0.014874599999529892,0.023952200001076562,79933440
696,1305031125.650575,data\rgbd_dataset_freiburg1_xyz\rgb\1305031125.650575.png,data\rgbd_dataset_freiburg1_xyz\depth\1305031125.650354.png,0.00022101402282714844,0.005025148391723633,1113,0.01239979999991192,0.0019386000003578374,0.009177699999781908,0.011116300000139745,0.023516100000051665,79929344
697,1305031125.679328,data\rgbd_dataset_freiburg1_xyz\rgb\1305031125.679328.png,data\rgbd_dataset_freiburg1_xyz\depth\1305031125.684602.png,0.005274057388305664,0.0037279129028320312,1176,0.009983699999793316,0.0024473000012221746,0.012907300000733812,0.015354600001955987,0.025338300001749303,79859712
698,1305031125.711443,data\rgbd_dataset_freiburg1_xyz\rgb\1305031125.711443.png,data\rgbd_dataset_freiburg1_xyz\depth\1305031125.715669.png,0.004225969314575195,0.004057168960571289,1203,0.012091099999452126,0.002577900000687805,0.014843900000414578,0.017421800001102383,0.02951290000055451,79953920
699,1305031125.75126,data\rgbd_dataset_freiburg1_xyz\rgb\1305031125.751260.png,data\rgbd_dataset_freiburg1_xyz\depth\1305031125.751292.png,3.1948089599609375e-05,0.0042400360107421875,1207,0.015058200000567012,0.002445399999487563,0.01642320000064501,0.018868600000132574,0.033926800000699586,79974400
700,1305031125.779348,data\rgbd_dataset_freiburg1_xyz\rgb\1305031125.779348.png,data\rgbd_dataset_freiburg1_xyz\depth\1305031125.786805.png,0.00745701789855957,0.003847837448120117,1222,0.008542099998521735,0.0014929999997548293,0.004543200000625802,0.0060362000003806315,0.014578299998902366,79953920
701,1305031125.811573,data\rgbd_dataset_freiburg1_xyz\rgb\1305031125.811573.png,data\rgbd_dataset_freiburg1_xyz\depth\1305031125.819450.png,0.007876873016357422,0.003926992416381836,1191,0.010846200000742101,0.0030387000006157905,0.01034580000123242,0.01338450000184821,0.02423070000259031,79945728
702,1305031125.847412,data\rgbd_dataset_freiburg1_xyz\rgb\1305031125.847412.png,data\rgbd_dataset_freiburg1_xyz\depth\1305031125.854774.png,0.007361888885498047,0.0019121170043945312,1192,0.011719500000253902,0.001936599999680766,0.010938199999145581,0.012874799998826347,0.02459429999908025,80039936
703,1305031125.879318,data\rgbd_dataset_freiburg1_xyz\rgb\1305031125.879318.png,data\rgbd_dataset_freiburg1_xyz\depth\1305031125.886645.png,0.007327079772949219,0.003818035125732422,1164,0.011281600000074832,0.0022308999996312195,0.00739160000011907,0.00962249999975029,0.02090409999982512,79986688
704,1305031125.911305,data\rgbd_dataset_freiburg1_xyz\rgb\1305031125.911305.png,data\rgbd_dataset_freiburg1_xyz\depth\1305031125.919334.png,0.008028984069824219,0.004194974899291992,1209,0.00921349999953236,0.0019265999999333872,0.014086499999393709,0.016013099999327096,0.025226599998859456,80003072
705,1305031125.947343,data\rgbd_dataset_freiburg1_xyz\rgb\1305031125.947343.png,data\rgbd_dataset_freiburg1_xyz\depth\1305031125.955252.png,0.007908821105957031,0.0016431808471679688,1186,0.012710499999229796,0.002882799999497365,0.04788360000020475,0.050766399999702116,0.06347689999893191,79880192
706,1305031125.979324,data\rgbd_dataset_freiburg1_xyz\rgb\1305031125.979324.png,data\rgbd_dataset_freiburg1_xyz\depth\1305031125.987094.png,0.00776982307434082,0.003823995590209961,1195,0.010644999998476123,0.0024592000008851755,0.016310899998643436,0.01877009999952861,0.029415099998004735,80277504
707,1305031126.011333,data\rgbd_dataset_freiburg1_xyz\rgb\1305031126.011333.png,data\rgbd_dataset_freiburg1_xyz\depth\1305031126.019572.png,0.008239030838012695,0.004167079925537109,1208,0.01143910000064352,0.002820199999405304,0.047635500000978936,0.05045570000038424,0.06189480000102776,80281600
708,1305031126.047324,data\rgbd_dataset_freiburg1_xyz\rgb\1305031126.047324.png,data\rgbd_dataset_freiburg1_xyz\depth\1305031126.055038.png,0.007714033126831055,0.0018239021301269531,1227,0.015680000000429573,0.002631499999552034,0.017975200000364566,0.0206066999999166,0.03628670000034617,80297984
709,1305031126.079356,data\rgbd_dataset_freiburg1_xyz\rgb\1305031126.079356.png,data\rgbd_dataset_freiburg1_xyz\depth\1305031126.087076.png,0.007719993591308594,0.0037560462951660156,1185,0.008761900000536116,0.0017499000005045673,0.02168300000084855,0.02343290000135312,0.032194800001889234,80293888
710,1305031126.11137,data\rgbd_dataset_freiburg1_xyz\rgb\1305031126.111370.png,data\rgbd_dataset_freiburg1_xyz\depth\1305031126.119452.png,0.008081912994384766,0.004129886627197266,1122,0.012407500000335858,0.0026550999991741264,0.01902419999896665,0.021679299998140777,0.034086799998476636,80318464
711,1305031126.147432,data\rgbd_dataset_freiburg1_xyz\rgb\1305031126.147432.png,data\rgbd_dataset_freiburg1_xyz\depth\1305031126.155000.png,0.007567882537841797,0.0019321441650390625,1108,0.011253999999098596,0.0023528999990958255,0.0231420000000071,0.025494899999102927,0.03674889999820152,80318464
712,1305031126.179384,data\rgbd_dataset_freiburg1_xyz\rgb\1305031126.179384.png,data\rgbd_dataset_freiburg1_xyz\depth\1305031126.187174.png,0.007790088653564453,0.0038840770721435547,1080,0.009262599998692167,0.0021403999999165535,0.01629530000172963,0.018435700001646182,0.02769830000033835,80310272
713,1305031126.211319,data\rgbd_dataset_freiburg1_xyz\rgb\1305031126.211319.png,data\rgbd_dataset_freiburg1_xyz\depth\1305031126.219473.png,0.008153915405273438,0.0041811466217041016,1024,0.008254099999248865,0.0016488000001118053,0.009209499999997206,0.010858300000109011,0.019112399999357876,80273408
714,1305031126.247298,data\rgbd_dataset_freiburg1_xyz\rgb\1305031126.247298.png,data\rgbd_dataset_freiburg1_xyz\depth\1305031126.255236.png,0.007937908172607422,0.0017979145050048828,947,0.008726100000785664,0.0017585999994480517,0.0215040000002773,0.023262599999725353,0.03198870000051102,80252928
715,1305031126.279363,data\rgbd_dataset_freiburg1_xyz\rgb\1305031126.279363.png,data\rgbd_dataset_freiburg1_xyz\depth\1305031126.287105.png,0.007742166519165039,0.0038628578186035156,940,0.00802520000070217,0.0016826999999466352,0.007908100000349805,0.00959080000029644,0.01761600000099861,80252928
716,1305031126.311332,data\rgbd_dataset_freiburg1_xyz\rgb\1305031126.311332.png,data\rgbd_dataset_freiburg1_xyz\depth\1305031126.319787.png,0.008455038070678711,0.004168033599853516,903,0.008525299999746494,0.0017799999986891635,0.007339299998420756,0.00911929999710992,0.017644599996856414,80289792
717,1305031126.347363,data\rgbd_dataset_freiburg1_xyz\rgb\1305031126.347363.png,data\rgbd_dataset_freiburg1_xyz\depth\1305031126.355415.png,0.00805211067199707,0.0017631053924560547,837,0.008181900000636233,0.0016227000014623627,0.005507500000021537,0.0071302000014838995,0.015312100002120133,80297984
718,1305031126.379423,data\rgbd_dataset_freiburg1_xyz\rgb\1305031126.379423.png,data\rgbd_dataset_freiburg1_xyz\depth\1305031126.387483.png,0.008059978485107422,0.0037229061126708984,854,0.007583500000691856,0.0016875000001164153,0.006290499999522581,0.007977999999638996,0.015561500000330852,80293888
719,1305031126.411465,data\rgbd_dataset_freiburg1_xyz\rgb\1305031126.411465.png,data\rgbd_dataset_freiburg1_xyz\depth\1305031126.419793.png,0.008327960968017578,0.004034996032714844,773,0.00789499999882537,0.001783699999577948,0.005155500000910251,0.006939200000488199,0.014834199999313569,80293888
720,1305031126.447361,data\rgbd_dataset_freiburg1_xyz\rgb\1305031126.447361.png,data\rgbd_dataset_freiburg1_xyz\depth\1305031126.455380.png,0.008018970489501953,0.0018610954284667969,749,0.007903300000180025,0.0016536000002815854,0.004377600000225357,0.006031200000506942,0.013934500000686967,80371712
721,1305031126.479533,data\rgbd_dataset_freiburg1_xyz\rgb\1305031126.479533.png,data\rgbd_dataset_freiburg1_xyz\depth\1305031126.490386.png,0.010853052139282227,0.003932952880859375,725,0.007957100000567152,0.001832599999033846,0.0038531000009243144,0.00568569999995816,0.013642800000525312,80388096
722,1305031126.51141,data\rgbd_dataset_freiburg1_xyz\rgb\1305031126.511410.png,data\rgbd_dataset_freiburg1_xyz\depth\1305031126.522321.png,0.010910987854003906,0.004090070724487305,718,0.007860699999582721,0.0016109999996842816,0.0031940000008034986,0.00480500000048778,0.012665700000070501,80424960
723,1305031126.547374,data\rgbd_dataset_freiburg1_xyz\rgb\1305031126.547374.png,data\rgbd_dataset_freiburg1_xyz\depth\1305031126.558209.png,0.010834932327270508,0.0014739036560058594,727,0.008921999999074615,0.001697499999863794,0.006639399998675799,0.008336899998539593,0.017258899997614208,80412672
724,1305031126.579454,data\rgbd_dataset_freiburg1_xyz\rgb\1305031126.579454.png,data\rgbd_dataset_freiburg1_xyz\depth\1305031126.590176.png,0.010722160339355469,0.003854036331176758,703,0.008256799999799114,0.0016663999995216727,0.0056345000011788215,0.007300900000700494,0.015557700000499608,80416768
725,1305031126.611528,data\rgbd_dataset_freiburg1_xyz\rgb\1305031126.611528.png,data\rgbd_dataset_freiburg1_xyz\depth\1305031126.618687.png,0.007158994674682617,0.003972053527832031,695,0.008108099998935359,0.0016352999991795514,0.0046530999989045085,0.00628839999808406,0.014396499997019419,80429056
726,1305031126.647376,data\rgbd_dataset_freiburg1_xyz\rgb\1305031126.647376.png,data\rgbd_dataset_freiburg1_xyz\depth\1305031126.654474.png,0.007097959518432617,0.0018761157989501953,694,0.008365399999092915,0.0017644999988988275,0.005169800000658142,0.00693429999955697,0.015299699998649885,80437248
727,1305031126.679479,data\rgbd_dataset_freiburg1_xyz\rgb\1305031126.679479.png,data\rgbd_dataset_freiburg1_xyz\depth\1305031126.690022.png,0.010543107986450195,0.0038788318634033203,677,0.00813670000025013,0.001617699999769684,0.0028734999996231636,0.0044911999993928475,0.012627899999642977,80584704
728,1305031126.711583,data\rgbd_dataset_freiburg1_xyz\rgb\1305031126.711583.png,data\rgbd_dataset_freiburg1_xyz\depth\1305031126.715770.png,0.004187107086181641,0.003917217254638672,678,0.0076775000015913974,0.0016546000006201211,0.00412039999901026,0.005774999999630381,0.013452500001221779,80646144
729,1305031126.747316,data\rgbd_dataset_freiburg1_xyz\rgb\1305031126.747316.png,data\rgbd_dataset_freiburg1_xyz\depth\1305031126.755374.png,0.00805807113647461,0.0017158985137939453,645,0.008713400000488036,0.0015529000011156313,0.002246000000013737,0.0037989000011293683,0.012512300001617405,80674816
730,1305031126.779379,data\rgbd_dataset_freiburg1_xyz\rgb\1305031126.779379.png,data\rgbd_dataset_freiburg1_xyz\depth\1305031126.787565.png,0.008186101913452148,0.0038788318634033203,650,0.007594299999254872,0.001617699999769684,0.0022702999995090067,0.0038879999992786907,0.011482299998533563,80687104
731,1305031126.811602,data\rgbd_dataset_freiburg1_xyz\rgb\1305031126.811602.png,data\rgbd_dataset_freiburg1_xyz\depth\1305031126.819929.png,0.00832676887512207,0.003997802734375,663,0.008036199998969096,0.0028395999997883337,0.002881399999751011,0.005720999999539345,0.01375719999850844,80728064
732,1305031126.847343,data\rgbd_dataset_freiburg1_xyz\rgb\1305031126.847343.png,data\rgbd_dataset_freiburg1_xyz\depth\1305031126.858378.png,0.011034965515136719,0.0018429756164550781,679,0.007745999999315245,0.0016197999993892154,0.0028452000005927403,0.004464999999981956,0.0122109999992972,80736256
733,1305031126.879357,data\rgbd_dataset_freiburg1_xyz\rgb\1305031126.879357.png,data\rgbd_dataset_freiburg1_xyz\depth\1305031126.888154.png,0.008796930313110352,0.0033571720123291016,681,0.0077496000012615696,0.0016109999996842816,0.002632800000355928,0.00424380000004021,0.01199340000130178,80752640
734,1305031126.911364,data\rgbd_dataset_freiburg1_xyz\rgb\1305031126.911364.png,data\rgbd_dataset_freiburg1_xyz\depth\1305031126.919409.png,0.008044958114624023,0.004135847091674805,677,0.007840099999157246,0.0016584000004513655,0.0030365000002348097,0.004694900000686175,0.012534999999843421,80674816
735,1305031126.947437,data\rgbd_dataset_freiburg1_xyz\rgb\1305031126.947437.png,data\rgbd_dataset_freiburg1_xyz\depth\1305031126.955501.png,0.008064031600952148,0.0019371509552001953,686,0.008053199999267235,0.0016847999995661667,0.003111100000751321,0.004795900000317488,0.012849099999584723,80748544
736,1305031126.979337,data\rgbd_dataset_freiburg1_xyz\rgb\1305031126.979337.png,data\rgbd_dataset_freiburg1_xyz\depth\1305031126.987316.png,0.00797891616821289,0.0037369728088378906,685,0.008397300000069663,0.0016596999994362704,0.0029199999989941716,0.004579699998430442,0.012976999998500105,80797696
737,1305031127.011371,data\rgbd_dataset_freiburg1_xyz\rgb\1305031127.011371.png,data\rgbd_dataset_freiburg1_xyz\depth\1305031127.019524.png,0.008153200149536133,0.004229068756103516,693,0.0083835999994335,0.001670600000579725,0.0026682999996410217,0.004338900000220747,0.012722499999654246,80728064
738,1305031127.047297,data\rgbd_dataset_freiburg1_xyz\rgb\1305031127.047297.png,data\rgbd_dataset_freiburg1_xyz\depth\1305031127.053318.png,0.006021022796630859,0.0017969608306884766,684,0.008438299999397714,0.0017834999998740386,0.002594199999293778,0.004377699999167817,0.01281599999856553,80756736
739,1305031127.079299,data\rgbd_dataset_freiburg1_xyz\rgb\1305031127.079299.png,data\rgbd_dataset_freiburg1_xyz\depth\1305031127.088649.png,0.009350061416625977,0.003798961639404297,688,0.008221000000048662,0.001654699999562581,0.0019088999997620704,0.0035635999993246514,0.011784599999373313,80777216
740,1305031127.111435,data\rgbd_dataset_freiburg1_xyz\rgb\1305031127.111435.png,data\rgbd_dataset_freiburg1_xyz\depth\1305031127.120963.png,0.009528160095214844,0.004065036773681641,702,0.007976900000358,0.0017123999987234129,0.002539499999329564,0.004251899998052977,0.012228799998410977,80777216
741,1305031127.147307,data\rgbd_dataset_freiburg1_xyz\rgb\1305031127.147307.png,data\rgbd_dataset_freiburg1_xyz\depth\1305031127.157692.png,0.01038503646850586,0.0018069744110107422,689,0.008707499999218271,0.0018405999999231426,0.002744400000665337,0.0045850000005884795,0.01329249999980675,80760832
742,1305031127.179349,data\rgbd_dataset_freiburg1_xyz\rgb\1305031127.179349.png,data\rgbd_dataset_freiburg1_xyz\depth\1305031127.187500.png,0.008151054382324219,0.0037488937377929688,701,0.008300700001200312,0.002350799999476294,0.003335999999762862,0.005686799999239156,0.013987500000439468,80797696
743,1305031127.2117,data\rgbd_dataset_freiburg1_xyz\rgb\1305031127.211700.png,data\rgbd_dataset_freiburg1_xyz\depth\1305031127.221831.png,0.010131120681762695,0.0038001537322998047,686,0.008212299999286188,0.0017279999992751982,0.0031441999999515247,0.004872199999226723,0.01308449999851291,80814080
744,1305031127.247374,data\rgbd_dataset_freiburg1_xyz\rgb\1305031127.247374.png,data\rgbd_dataset_freiburg1_xyz\depth\1305031127.259761.png,0.01238703727722168,0.0018739700317382812,683,0.009081099999093567,0.002079300000332296,0.002472000000125263,0.004551300000457559,0.013632399999551126,80822272
745,1305031127.279465,data\rgbd_dataset_freiburg1_xyz\rgb\1305031127.279465.png,data\rgbd_dataset_freiburg1_xyz\depth\1305031127.287038.png,0.007573127746582031,0.003964900970458984,689,0.008285500000056345,0.0018035000011877855,0.004176200000074459,0.005979700001262245,0.01426520000131859,80834560
746,1305031127.311362,data\rgbd_dataset_freiburg1_xyz\rgb\1305031127.311362.png,data\rgbd_dataset_freiburg1_xyz\depth\1305031127.320468.png,0.009105920791625977,0.004137992858886719,661,0.008562200000596931,0.0017805999996198807,0.0025253999992855825,0.004305999998905463,0.012868199999502394,80855040
747,1305031127.347356,data\rgbd_dataset_freiburg1_xyz\rgb\1305031127.347356.png,data\rgbd_dataset_freiburg1_xyz\depth\1305031127.353407.png,0.006050825119018555,0.0017561912536621094,689,0.0090608999998949,0.002858199999536737,0.0026192000004812144,0.005477400000017951,0.014538299999912851,80936960
748,1305031127.379262,data\rgbd_dataset_freiburg1_xyz\rgb\1305031127.379262.png,data\rgbd_dataset_freiburg1_xyz\depth\1305031127.383713.png,0.00445103645324707,0.0037620067596435547,720,0.008345400001417147,0.001730199999656179,0.0033405999984097434,0.005070799998065922,0.01341619999948307,80977920
749,1305031127.411371,data\rgbd_dataset_freiburg1_xyz\rgb\1305031127.411371.png,data\rgbd_dataset_freiburg1_xyz\depth\1305031127.419650.png,0.008279085159301758,0.004029035568237305,717,0.008544300000721705,0.0016899000002013054,0.0026520000010350486,0.004341900001236354,0.01288620000195806,80982016
750,1305031127.447333,data\rgbd_dataset_freiburg1_xyz\rgb\1305031127.447333.png,data\rgbd_dataset_freiburg1_xyz\depth\1305031127.454246.png,0.006912946701049805,0.001833200454711914,700,0.007895400000052177,0.0015909000012470642,0.0029722999988734955,0.00456320000012056,0.012458600000172737,81002496
751,1305031127.479362,data\rgbd_dataset_freiburg1_xyz\rgb\1305031127.479362.png,data\rgbd_dataset_freiburg1_xyz\depth\1305031127.487200.png,0.007838010787963867,0.0038619041442871094,706,0.00812459999906423,0.0017298999991908204,0.002639800000906689,0.0043697000000975095,0.01249429999916174,80994304
752,1305031127.511356,data\rgbd_dataset_freiburg1_xyz\rgb\1305031127.511356.png,data\rgbd_dataset_freiburg1_xyz\depth\1305031127.521900.png,0.0105438232421875,0.004143953323364258,697,0.008630700000139768,0.001680700001088553,0.0026698999990912853,0.004350600000179838,0.012981300000319607,80982016
753,1305031127.547348,data\rgbd_dataset_freiburg1_xyz\rgb\1305031127.547348.png,data\rgbd_dataset_freiburg1_xyz\depth\1305031127.553725.png,0.006376981735229492,0.001847982406616211,711,0.008271299999250914,0.0017446999991079792,0.002711899998757872,0.004456599997865851,0.012727899997116765,80998400
754,1305031127.579345,data\rgbd_dataset_freiburg1_xyz\rgb\1305031127.579345.png,data\rgbd_dataset_freiburg1_xyz\depth\1305031127.586632.png,0.007287025451660156,0.0038449764251708984,704,0.008418400000664406,0.001686899999185698,0.003018999999767402,0.0047058999989531,0.013124299999617506,81055744
755,1305031127.611271,data\rgbd_dataset_freiburg1_xyz\rgb\1305031127.611271.png,data\rgbd_dataset_freiburg1_xyz\depth\1305031127.620657.png,0.009386062622070312,0.004129171371459961,699,0.008085299999947893,0.0017037000015989179,0.0029862999999750173,0.004690000001573935,0.012775300001521828,81076224
756,1305031127.647358,data\rgbd_dataset_freiburg1_xyz\rgb\1305031127.647358.png,data\rgbd_dataset_freiburg1_xyz\depth\1305031127.654656.png,0.007297992706298828,0.0016579627990722656,687,0.00807630000053905,0.0015739999998913845,0.0029043999984423863,0.004478399998333771,0.01255469999887282,80998400
757,1305031127.679298,data\rgbd_dataset_freiburg1_xyz\rgb\1305031127.679298.png,data\rgbd_dataset_freiburg1_xyz\depth\1305031127.687110.png,0.007812023162841797,0.0037980079650878906,708,0.00863049999861687,0.0019382999998924788,0.0054388999997172505,0.007377199999609729,0.0160076999982266,81031168
758,1305031127.711375,data\rgbd_dataset_freiburg1_xyz\rgb\1305031127.711375.png,data\rgbd_dataset_freiburg1_xyz\depth\1305031127.723210.png,0.011835098266601562,0.004125118255615234,727,0.008171099998435238,0.0015911999998934334,0.002952999999251915,0.0045441999991453486,0.012715299997580587,81035264
759,1305031127.747304,data\rgbd_dataset_freiburg1_xyz\rgb\1305031127.747304.png,data\rgbd_dataset_freiburg1_xyz\depth\1305031127.754694.png,0.007390022277832031,0.0018038749694824219,703,0.008430500000031316,0.001561700000820565,0.0033191000002261717,0.004880800001046737,0.013311300001078052,81047552
760,1305031127.779346,data\rgbd_dataset_freiburg1_xyz\rgb\1305031127.779346.png,data\rgbd_dataset_freiburg1_xyz\depth\1305031127.787641.png,0.008295059204101562,0.0038459300994873047,719,0.007949399998324225,0.0017138999992312165,0.0038744999983464368,0.005588399997577653,0.013537799995901878,81047552
761,1305031127.811829,data\rgbd_dataset_freiburg1_xyz\rgb\1305031127.811829.png,data\rgbd_dataset_freiburg1_xyz\depth\1305031127.820128.png,0.008298873901367188,0.003670930862426758,734,0.00842460000058054,0.0015715000008640345,0.003291200000603567,0.004862700001467601,0.013287300002048141,81068032
762,1305031127.847366,data\rgbd_dataset_freiburg1_xyz\rgb\1305031127.847366.png,data\rgbd_dataset_freiburg1_xyz\depth\1305031127.855132.png,0.007766008377075195,0.001766204833984375,725,0.008468800000628107,0.001577200000610901,0.0029431999992084457,0.004520399999819347,0.012989200000447454,81063936
763,1305031127.87938,data\rgbd_dataset_freiburg1_xyz\rgb\1305031127.879380.png,data\rgbd_dataset_freiburg1_xyz\depth\1305031127.887122.png,0.0077419281005859375,0.003880023956298828,723,0.00809789999948407,0.0015567999998893356,0.00258399999984249,0.004140799999731826,0.012238699999215896,81068032
764,1305031127.911476,data\rgbd_dataset_freiburg1_xyz\rgb\1305031127.911476.png,data\rgbd_dataset_freiburg1_xyz\depth\1305031127.922560.png,0.01108407974243164,0.004024028778076172,710,0.007974899999680929,0.0016193999999813968,0.0026784999990923097,0.004297899999073707,0.012272799998754635,81072128
765,1305031127.947366,data\rgbd_dataset_freiburg1_xyz\rgb\1305031127.947366.png,data\rgbd_dataset_freiburg1_xyz\depth\1305031127.955088.png,0.007721900939941406,0.0018661022186279297,711,0.00807859999986249,0.0016737999994802522,0.004441799999767682,0.006115599999247934,0.014194199999110424,81080320
766,1305031127.979371,data\rgbd_dataset_freiburg1_xyz\rgb\1305031127.979371.png,data\rgbd_dataset_freiburg1_xyz\depth\1305031127.987093.png,0.007721900939941406,0.0038709640502929688,714,0.00848750000113796,0.0016491999995196238,0.0038777999998274026,0.0055269999993470265,0.014014500000484986,81080320
767,1305031128.011427,data\rgbd_dataset_freiburg1_xyz\rgb\1305031128.011427.png,data\rgbd_dataset_freiburg1_xyz\depth\1305031128.021776.png,0.010349035263061523,0.0039730072021484375,683,0.008272500001112348,0.0016353000009985408,0.002706699999180273,0.004342000000178814,0.012614500001291162,81108992
768,1305031128.047369,data\rgbd_dataset_freiburg1_xyz\rgb\1305031128.047369.png,data\rgbd_dataset_freiburg1_xyz\depth\1305031128.055718.png,0.008348941802978516,0.0018689632415771484,699,0.009152299999186653,0.001719500000035623,0.002604000001156237,0.00432350000119186,0.013475800000378513,81104896
769,1305031128.079334,data\rgbd_dataset_freiburg1_xyz\rgb\1305031128.079334.png,data\rgbd_dataset_freiburg1_xyz\depth\1305031128.087206.png,0.007871866226196289,0.003734111785888672,698,0.008280799998829025,0.0016857999999047024,0.0026164000009885058,0.004302200000893208,0.012582999999722233,81117184
770,1305031128.111391,data\rgbd_dataset_freiburg1_xyz\rgb\1305031128.111391.png,data\rgbd_dataset_freiburg1_xyz\depth\1305031128.124746.png,0.013355016708374023,0.004108905792236328,689,0.008264699999926961,0.001720799999020528,0.002813000000969623,0.004533799999990151,0.012798499999917112,81121280
771,1305031128.147418,data\rgbd_dataset_freiburg1_xyz\rgb\1305031128.147418.png,data\rgbd_dataset_freiburg1_xyz\depth\1305031128.157782.png,0.010364055633544922,0.0019180774688720703,692,0.009224000001267996,0.0016238000007433584,0.0032821999993757345,0.004906000000119093,0.014130000001387089,81125376
772,1305031128.17935,data\rgbd_dataset_freiburg1_xyz\rgb\1305031128.179350.png,data\rgbd_dataset_freiburg1_xyz\depth\1305031128.187221.png,0.007871150970458984,0.0038499832153320312,699,0.008312699999805773,0.001604600000064238,0.002561999999670661,0.004166599999734899,0.012479299999540672,81129472
773,1305031128.211447,data\rgbd_dataset_freiburg1_xyz\rgb\1305031128.211447.png,data\rgbd_dataset_freiburg1_xyz\depth\1305031128.225442.png,0.013994932174682617,0.0040531158447265625,678,0.008119199999782722,0.0016060999987530522,0.002676899999642046,0.004282999998395098,0.01240219999817782,81125376
774,1305031128.24748,data\rgbd_dataset_freiburg1_xyz\rgb\1305031128.247480.png,data\rgbd_dataset_freiburg1_xyz\depth\1305031128.256007.png,0.008527040481567383,0.001979827880859375,682,0.009172600000965758,0.0019623999996838393,0.0026755000017146813,0.0046379000013985205,0.013810500002364279,81137664
775,1305031128.279336,data\rgbd_dataset_freiburg1_xyz\rgb\1305031128.279336.png,data\rgbd_dataset_freiburg1_xyz\depth\1305031128.291275.png,0.011939048767089844,0.003835916519165039,679,0.008378000000448083,0.0015855000001465669,0.001936000000569038,0.003521500000715605,0.011899500001163688,81133568
776,1305031128.311483,data\rgbd_dataset_freiburg1_xyz\rgb\1305031128.311483.png,data\rgbd_dataset_freiburg1_xyz\depth\1305031128.324170.png,0.012687206268310547,0.0040171146392822266,676,0.008743399999730173,0.0015134000004763948,0.0034077999989676755,0.00492119999944407,0.013664599999174243,81141760
777,1305031128.347423,data\rgbd_dataset_freiburg1_xyz\rgb\1305031128.347423.png,data\rgbd_dataset_freiburg1_xyz\depth\1305031128.355206.png,0.007782936096191406,0.0019230842590332031,670,0.008888899999874411,0.0016725000004953472,0.0025406000004295493,0.0042131000009248964,0.013102000000799308,81125376
778,1305031128.379404,data\rgbd_dataset_freiburg1_xyz\rgb\1305031128.379404.png,data\rgbd_dataset_freiburg1_xyz\depth\1305031128.391397.png,0.011992931365966797,0.003904104232788086,680,0.008603099999163533,0.0018036999990727054,0.003043999999135849,0.0048476999982085545,0.013450799997372087,81154048
779,1305031128.411337,data\rgbd_dataset_freiburg1_xyz\rgb\1305031128.411337.png,data\rgbd_dataset_freiburg1_xyz\depth\1305031128.423609.png,0.012272119522094727,0.004063129425048828,688,0.009536000001389766,0.0019372000006114831,0.003025800000614254,0.004963000001225737,0.014499000002615503,81178624
780,1305031128.447296,data\rgbd_dataset_freiburg1_xyz\rgb\1305031128.447296.png,data\rgbd_dataset_freiburg1_xyz\depth\1305031128.455499.png,0.00820302963256836,0.001895904541015625,655,0.008616699999038246,0.002018600000155857,0.003347399999256595,0.005365999999412452,0.013982699998450698,81162240
781,1305031128.479296,data\rgbd_dataset_freiburg1_xyz\rgb\1305031128.479296.png,data\rgbd_dataset_freiburg1_xyz\depth\1305031128.489523.png,0.010226964950561523,0.0037958621978759766,672,0.00928829999975278,0.001767699999618344,0.0027253999996901257,0.00449309999930847,0.01378139999906125,81125376
782,1305031128.511433,data\rgbd_dataset_freiburg1_xyz\rgb\1305031128.511433.png,data\rgbd_dataset_freiburg1_xyz\depth\1305031128.523604.png,0.012171030044555664,0.004167079925537109,670,0.007441599998855963,0.0014710999985254603,0.0024684999989403877,0.003939599997465848,0.011381199996321811,81145856
783,1305031128.547399,data\rgbd_dataset_freiburg1_xyz\rgb\1305031128.547399.png,data\rgbd_dataset_freiburg1_xyz\depth\1305031128.555639.png,0.008239984512329102,0.0018990039825439453,679,0.008415199999944889,0.0020566000002872897,0.002341899999009911,0.004398499999297201,0.01281369999924209,81203200
784,1305031128.579455,data\rgbd_dataset_freiburg1_xyz\rgb\1305031128.579455.png,data\rgbd_dataset_freiburg1_xyz\depth\1305031128.591460.png,0.012005090713500977,0.003954887390136719,665,0.00771809999969264,0.0016468000012537232,0.0022867000006954186,0.003933500001949142,0.011651600001641782,81186816
785,1305031128.611395,data\rgbd_dataset_freiburg1_xyz\rgb\1305031128.611395.png,data\rgbd_dataset_freiburg1_xyz\depth\1305031128.623368.png,0.011973142623901367,0.004105091094970703,684,0.00778820000050473,0.0016292000000248663,0.0027633999998215586,0.004392599999846425,0.012180800000351155,81215488
786,1305031128.647352,data\rgbd_dataset_freiburg1_xyz\rgb\1305031128.647352.png,data\rgbd_dataset_freiburg1_xyz\depth\1305031128.655554.png,0.008202075958251953,0.0018520355224609375,689,0.008378099999390543,0.0015610000009473879,0.0024116999993566424,0.00397270000030403,0.012350799999694573,81215488
787,1305031128.679282,data\rgbd_dataset_freiburg1_xyz\rgb\1305031128.679282.png,data\rgbd_dataset_freiburg1_xyz\depth\1305031128.690449.png,0.011167049407958984,0.003782033920288086,676,0.008004400000572787,0.0017590000006748596,0.0033131999989564065,0.005072199999631266,0.013076600000204053,81203200
788,1305031128.711457,data\rgbd_dataset_freiburg1_xyz\rgb\1305031128.711457.png,data\rgbd_dataset_freiburg1_xyz\depth\1305031128.722976.png,0.01151895523071289,0.004043102264404297,680,0.00813190000008035,0.0018191999988630414,0.002807500000926666,0.004626699999789707,0.012758599999870057,81223680
789,1305031128.747363,data\rgbd_dataset_freiburg1_xyz\rgb\1305031128.747363.png,data\rgbd_dataset_freiburg1_xyz\depth\1305031128.754646.png,0.00728297233581543,0.0018630027770996094,697,0.008027599998968071,0.001747699998304597,0.0025385999997524777,0.004286299998057075,0.012313899997025146,81108992
