frame_index,rgb_timestamp,rgb_path,depth_path,rgb_depth_offset_s,rgb_ground_truth_offset_s,point_count,rgbd_read_runtime_s,base_preprocessing_runtime_s,normal_estimation_runtime_s,preprocessing_runtime_s,registration_runtime_s,compute_runtime_s,input_to_pose_runtime_s,process_rss_bytes_after_frame
0,1305031102.175304,data\rgbd_dataset_freiburg1_xyz\rgb\1305031102.175304.png,data\rgbd_dataset_freiburg1_xyz\depth\1305031102.160407.png,0.014896869659423828,0.0004961490631103516,1286,0.00879729999905976,0.0019768000001931796,0.0060684999989462085,0.008045299999139388,0.0,0.008045299999139388,0.016842599998199148,147935232
1,1305031102.211214,data\rgbd_dataset_freiburg1_xyz\rgb\1305031102.211214.png,data\rgbd_dataset_freiburg1_xyz\depth\1305031102.226738.png,0.015523910522460938,0.004685878753662109,1294,0.01057539999965229,0.0025521999996271916,0.008397799998419941,0.010949999998047133,0.012086500000805245,0.023036499998852378,0.03361189999850467,148832256
2,1305031102.275326,data\rgbd_dataset_freiburg1_xyz\rgb\1305031102.275326.png,data\rgbd_dataset_freiburg1_xyz\depth\1305031102.262886.png,0.012439966201782227,0.00047397613525390625,1181,0.014168199999403441,0.003867399998853216,0.006095300001106807,0.009962699999960023,0.008327100000315113,0.018289800000275136,0.03245799999967858,149348352
3,1305031102.311267,data\rgbd_dataset_freiburg1_xyz\rgb\1305031102.311267.png,data\rgbd_dataset_freiburg1_xyz\depth\1305031102.295279.png,0.015987873077392578,0.004533052444458008,1158,0.014906799999153009,0.0038751000010961434,0.0060052999997424195,0.009880400000838563,0.007803800001056516,0.01768420000189508,0.03259100000104809,149692416
4,1305031102.343233,data\rgbd_dataset_freiburg1_xyz\rgb\1305031102.343233.png,data\rgbd_dataset_freiburg1_xyz\depth\1305031102.329195.png,0.0140380859375,0.002566814422607422,1047,0.014369700000315788,0.00360499999987951,0.005990300000121351,0.009595300000000861,0.008082399999693735,0.017677699999694596,0.032047400000010384,150315008
5,1305031102.375329,data\rgbd_dataset_freiburg1_xyz\rgb\1305031102.375329.png,data\rgbd_dataset_freiburg1_xyz\depth\1305031102.363013.png,0.012315988540649414,0.00047087669372558594,1067,0.014377299999978277,0.0037302999990060925,0.004462400000193156,0.008192699999199249,0.006736100000125589,0.014928799999324838,0.029306099999303115,150319104
6,1305031102.411258,data\rgbd_dataset_freiburg1_xyz\rgb\1305031102.411258.png,data\rgbd_dataset_freiburg1_xyz\depth\1305031102.394772.png,0.016485929489135742,0.004642009735107422,1031,0.01397980000001553,0.0038848000003781635,0.004634299999452196,0.00851909999983036,0.00686160000077507,0.01538070000060543,0.02936050000062096,150323200
7,1305031102.443271,data\rgbd_dataset_freiburg1_xyz\rgb\1305031102.443271.png,data\rgbd_dataset_freiburg1_xyz\depth\1305031102.427815.png,0.015455961227416992,0.002529144287109375,1005,0.01419759999953385,0.003722699999343604,0.004489700000704033,0.008212400000047637,0.006831300001067575,0.015043700001115212,0.029241300000649062,150949888
8,1305031102.475318,data\rgbd_dataset_freiburg1_xyz\rgb\1305031102.475318.png,data\rgbd_dataset_freiburg1_xyz\depth\1305031102.462395.png,0.012923002243041992,0.0004820823669433594,1017,0.01391189999958442,0.0038153000004967907,0.00466480000068259,0.00848010000117938,0.00721230000090145,0.01569240000208083,0.02960430000166525,150949888
9,1305031102.511219,data\rgbd_dataset_freiburg1_xyz\rgb\1305031102.511219.png,data\rgbd_dataset_freiburg1_xyz\depth\1305031102.526330.png,0.015110969543457031,0.0046808719635009766,930,0.014079900000069756,0.0038485000004584435,0.004664299998694332,0.008512799999152776,0.0072220000001834705,0.015734799999336246,0.029814699999406002,150958080
10,1305031102.575286,data\rgbd_dataset_freiburg1_xyz\rgb\1305031102.575286.png,data\rgbd_dataset_freiburg1_xyz\depth\1305031102.562224.png,0.013062000274658203,0.000614166259765625,883,0.014015700000527431,0.0038045999990572454,0.004685399999289075,0.00848999999834632,0.006710999999995693,0.015200999998342013,0.029216699998869444,151080960
11,1305031102.611233,data\rgbd_dataset_freiburg1_xyz\rgb\1305031102.611233.png,data\rgbd_dataset_freiburg1_xyz\depth\1305031102.626818.png,0.015584945678710938,0.004667043685913086,842,0.014118699999016826,0.0038795000000391155,0.0046058000007178634,0.008485300000756979,0.009599899998647743,0.018085199999404722,0.03220389999842155,151080960
12,1305031102.675285,data\rgbd_dataset_freiburg1_xyz\rgb\1305031102.675285.png,data\rgbd_dataset_freiburg1_xyz\depth\1305031102.663273.png,0.012012004852294922,0.0006148815155029297,794,0.014501699999527773,0.0037259000000631204,0.004572199999529403,0.008298099999592523,0.006347099999402417,0.01464519999899494,0.029146899998522713,151179264
13,1305031102.711263,data\rgbd_dataset_freiburg1_xyz\rgb\1305031102.711263.png,data\rgbd_dataset_freiburg1_xyz\depth\1305031102.695165.png,0.0160980224609375,0.004637002944946289,779,0.014294700000391458,0.0035722000011446653,0.0043358999992051395,0.007908100000349805,0.006291100000453298,0.014199200000803103,0.02849390000119456,151216128
14,1305031102.743234,data\rgbd_dataset_freiburg1_xyz\rgb\1305031102.743234.png,data\rgbd_dataset_freiburg1_xyz\depth\1305031102.728423.png,0.014810800552368164,0.002566099166870117,747,0.013803700001517427,0.0036123999998380896,0.0044410999998945044,0.008053499999732594,0.005897200000617886,0.01395070000035048,0.027754400001867907,151252992
15,1305031102.775472,data\rgbd_dataset_freiburg1_xyz\rgb\1305031102.775472.png,data\rgbd_dataset_freiburg1_xyz\depth\1305031102.763549.png,0.011922836303710938,0.00032806396484375,791,0.013836500000252272,0.003835899999103276,0.004324699999415316,0.008160599998518592,0.006183499999679043,0.014344099998197635,0.028180599998449907,151252992
16,1305031102.811232,data\rgbd_dataset_freiburg1_xyz\rgb\1305031102.811232.png,data\rgbd_dataset_freiburg1_xyz\depth\1305031102.794978.png,0.016254186630249023,0.004667997360229492,765,0.014014700000188896,0.0036830999997619074,0.004194999999526772,0.007878099999288679,0.006079299999328214,0.013957399998616893,0.02797209999880579,151257088
17,1305031102.84329,data\rgbd_dataset_freiburg1_xyz\rgb\1305031102.843290.png,data\rgbd_dataset_freiburg1_xyz\depth\1305031102.828537.png,0.014753103256225586,0.0025098323822021484,698,0.013829199999236153,0.0035747000001720153,0.0042310000008001225,0.007805700000972138,0.00674569999864616,0.014551399999618297,0.02838059999885445,151261184
18,1305031102.875363,data\rgbd_dataset_freiburg1_xyz\rgb\1305031102.875363.png,data\rgbd_dataset_freiburg1_xyz\depth\1305031102.862808.png,0.012555122375488281,0.0004367828369140625,718,0.014191199999913806,0.00369930000124441,0.004418800001076306,0.008118100002320716,0.006280499999775202,0.014398600002095918,0.028589800002009724,151261184
19,1305031102.911185,data\rgbd_dataset_freiburg1_xyz\rgb\1305031102.911185.png,data\rgbd_dataset_freiburg1_xyz\depth\1305031102.926851.png,0.01566600799560547,0.0047149658203125,679,0.01382019999982731,0.0039109000008465955,0.0045588000011775875,0.008469700002024183,0.006118499999502092,0.014588200001526275,0.028408400001353584,151298048
20,1305031102.975203,data\rgbd_dataset_freiburg1_xyz\rgb\1305031102.975203.png,data\rgbd_dataset_freiburg1_xyz\depth\1305031102.962137.png,0.01306605339050293,0.0006968975067138672,649,0.01383209999949031,0.0036677999996754806,0.004284799999368261,0.007952599999043741,0.006751999999323743,0.014704599998367485,0.028536699997857795,151302144
21,1305031103.011215,data\rgbd_dataset_freiburg1_xyz\rgb\1305031103.011215.png,data\rgbd_dataset_freiburg1_xyz\depth\1305031102.994164.png,0.017050981521606445,0.004684925079345703,671,0.013950300000942661,0.0037128000003576744,0.004197099999146303,0.007909899999503978,0.006230599999980768,0.014140499999484746,0.028090800000427407,151306240
22,1305031103.043227,data\rgbd_dataset_freiburg1_xyz\rgb\1305031103.043227.png,data\rgbd_dataset_freiburg1_xyz\depth\1305031103.027881.png,0.015346050262451172,0.0025730133056640625,653,0.01408389999960491,0.0037520999994740123,0.004261300000507617,0.00801339999998163,0.005571699999563862,0.013585099999545491,0.0276689999991504,151302144
23,1305031103.075319,data\rgbd_dataset_freiburg1_xyz\rgb\1305031103.075319.png,data\rgbd_dataset_freiburg1_xyz\depth\1305031103.062273.png,0.013046026229858398,0.00048089027404785156,632,0.01410550000036892,0.0036163000004307833,0.004232999999658205,0.007849300000088988,0.005696100000932347,0.013545400001021335,0.027650900001390255,151924736
24,1305031103.11124,data\rgbd_dataset_freiburg1_xyz\rgb\1305031103.111240.png,data\rgbd_dataset_freiburg1_xyz\depth\1305031103.094040.png,0.017199993133544922,0.004559993743896484,623,0.01394359999903827,0.003730399999767542,0.004377699999167817,0.008108099998935359,0.005807800000184216,0.013915899999119574,0.027859499998157844,151924736
25,1305031103.143318,data\rgbd_dataset_freiburg1_xyz\rgb\1305031103.143318.png,data\rgbd_dataset_freiburg1_xyz\depth\1305031103.129109.png,0.01420903205871582,0.002582073211669922,623,0.013967299999421812,0.0035974999991594814,0.005620099998850492,0.009217599998009973,0.005985100000543753,0.015202699998553726,0.029169999997975538,151924736
26,1305031103.175452,data\rgbd_dataset_freiburg1_xyz\rgb\1305031103.175452.png,data\rgbd_dataset_freiburg1_xyz\depth\1305031103.162795.png,0.012656927108764648,0.00034809112548828125,594,0.013218399999459507,0.0035971999986941228,0.003723399999216781,0.007320599997910904,0.005742499999541906,0.01306309999745281,0.026281499996912316,151924736
27,1305031103.243216,data\rgbd_dataset_freiburg1_xyz\rgb\1305031103.243216.png,data\rgbd_dataset_freiburg1_xyz\depth\1305031103.227845.png,0.015371084213256836,0.0025839805603027344,581,0.013286800000059884,0.003579399999580346,0.004342199999882723,0.00792159999946307,0.005815200000142795,0.013736799999605864,0.02702359999966575,151924736
28,1305031103.27537,data\rgbd_dataset_freiburg1_xyz\rgb\1305031103.275370.png,data\rgbd_dataset_freiburg1_xyz\depth\1305031103.262576.png,0.012793779373168945,0.00043010711669921875,545,0.013567699999839533,0.003621699999712291,0.003977800000939169,0.00759950000065146,0.005738599998949212,0.013338099999600672,0.026905799999440205,151928832
29,1305031103.31121,data\rgbd_dataset_freiburg1_xyz\rgb\1305031103.311210.png,data\rgbd_dataset_freiburg1_xyz\depth\1305031103.294208.png,0.017001867294311523,0.004590034484863281,532,0.013397799999438575,0.0036639999998442363,0.004429900000104681,0.008093899999948917,0.005671599999914179,0.013765499999863096,0.02716329999930167,151932928
30,1305031103.343223,data\rgbd_dataset_freiburg1_xyz\rgb\1305031103.343223.png,data\rgbd_dataset_freiburg1_xyz\depth\1305031103.327550.png,0.015673160552978516,0.0026769638061523438,531,0.01375469999948109,0.003693000000566826,0.003852499999993597,0.007545500000560423,0.005586799999946379,0.013132300000506802,0.026886999999987893,151932928
31,1305031103.375327,data\rgbd_dataset_freiburg1_xyz\rgb\1305031103.375327.png,data\rgbd_dataset_freiburg1_xyz\depth\1305031103.362405.png,0.012922048568725586,0.0005729198455810547,511,0.013659800000823452,0.003524400000969763,0.004020000000309665,0.007544400001279428,0.005574900000283378,0.013119300001562806,0.026779100002386258,151932928
32,1305031103.41126,data\rgbd_dataset_freiburg1_xyz\rgb\1305031103.411260.png,data\rgbd_dataset_freiburg1_xyz\depth\1305031103.394162.png,0.017097949981689453,0.004540205001831055,503,0.013584799999080133,0.00360269999873708,0.0037333000000217,0.00733599999875878,0.005157699999472243,0.012493699998231023,0.026078499997311155,151932928
33,1305031103.44328,data\rgbd_dataset_freiburg1_xyz\rgb\1305031103.443280.png,data\rgbd_dataset_freiburg1_xyz\depth\1305031103.428437.png,0.014842987060546875,0.0025200843811035156,502,0.013563200000135112,0.0035640000005514594,0.003985300001659198,0.007549300002210657,0.005668600000717561,0.013217900002928218,0.02678110000306333,151932928
34,1305031103.475274,data\rgbd_dataset_freiburg1_xyz\rgb\1305031103.475274.png,data\rgbd_dataset_freiburg1_xyz\depth\1305031103.463886.png,0.011388063430786133,0.0006258487701416016,519,0.013419900000371854,0.003519800000503892,0.003988500000559725,0.007508300001063617,0.005492899999808287,0.013001200000871904,0.026421100001243758,151932928
35,1305031103.511333,data\rgbd_dataset_freiburg1_xyz\rgb\1305031103.511333.png,data\rgbd_dataset_freiburg1_xyz\depth\1305031103.494472.png,0.0168609619140625,0.004667043685913086,525,0.013402499998846906,0.003598900000724825,0.004000099999757367,0.007599000000482192,0.005530700000235811,0.013129700000718003,0.02653219999956491,151932928
36,1305031103.543444,data\rgbd_dataset_freiburg1_xyz\rgb\1305031103.543444.png,data\rgbd_dataset_freiburg1_xyz\depth\1305031103.531502.png,0.011941909790039062,0.0023560523986816406,536,0.013482700000167824,0.0035778000001300825,0.004244300000209478,0.00782210000033956,0.005832699998791213,0.013654799999130773,0.027137499999298598,151932928
37,1305031103.575474,data\rgbd_dataset_freiburg1_xyz\rgb\1305031103.575474.png,data\rgbd_dataset_freiburg1_xyz\depth\1305031103.562651.png,0.012823104858398438,0.0004260540008544922,544,0.013645500001075561,0.0036130999997112667,0.004278499998690677,0.007891599998401944,0.006078000000343309,0.013969599998745252,0.027615099999820814,151932928
38,1305031103.611223,data\rgbd_dataset_freiburg1_xyz\rgb\1305031103.611223.png,data\rgbd_dataset_freiburg1_xyz\depth\1305031103.595310.png,0.015913009643554688,0.0046770572662353516,570,0.013501399998858687,0.003777300000365358,0.003916700001354911,0.007694000001720269,0.005691200000001118,0.013385200001721387,0.026886600000580074,151932928
39,1305031103.643445,data\rgbd_dataset_freiburg1_xyz\rgb\1305031103.643445.png,data\rgbd_dataset_freiburg1_xyz\depth\1305031103.631376.png,0.012068986892700195,0.0023550987243652344,615,0.013481899999533198,0.0035934999996243278,0.0041959000009228475,0.007789400000547175,0.00580670000090322,0.013596100001450395,0.027078000000983593,151932928
40,1305031103.675523,data\rgbd_dataset_freiburg1_xyz\rgb\1305031103.675523.png,data\rgbd_dataset_freiburg1_xyz\depth\1305031103.663594.png,0.011929035186767578,0.0002770423889160156,644,0.013377699999182369,0.003712299998369417,0.004209699998682481,0.007921999997051898,0.005824600000778446,0.013746599997830344,0.027124299997012713,151932928
41,1305031103.71161,data\rgbd_dataset_freiburg1_xyz\rgb\1305031103.711610.png,data\rgbd_dataset_freiburg1_xyz\depth\1305031103.694695.png,0.016915082931518555,0.004189968109130859,662,0.013828200000716606,0.0036194000003888505,0.004208099999232218,0.007827499999621068,0.006035799999153824,0.013863299998774892,0.027691499999491498,151965696
42,1305031103.743326,data\rgbd_dataset_freiburg1_xyz\rgb\1305031103.743326.png,data\rgbd_dataset_freiburg1_xyz\depth\1305031103.731542.png,0.011783838272094727,0.002474069595336914,679,0.013496400000803987,0.0037333000000217,0.004401600001074257,0.008134900001095957,0.006072000000131084,0.01420690000122704,0.02770330000203103,151965696
43,1305031103.775342,data\rgbd_dataset_freiburg1_xyz\rgb\1305031103.775342.png,data\rgbd_dataset_freiburg1_xyz\depth\1305031103.762865.png,0.012476921081542969,0.00045800209045410156,734,0.013442000001305132,0.0037248999997245846,0.0039985999992495636,0.007723499998974148,0.005839600000399514,0.013563099999373662,0.027005100000678794,151965696
44,1305031103.811242,data\rgbd_dataset_freiburg1_xyz\rgb\1305031103.811242.png,data\rgbd_dataset_freiburg1_xyz\depth\1305031103.794329.png,0.016913175582885742,0.0046579837799072266,727,0.01366030000099272,0.0035736999998334795,0.003886100001182058,0.007459800001015537,0.005943500000284985,0.013403300001300522,0.027063600002293242,151965696
45,1305031103.843251,data\rgbd_dataset_freiburg1_xyz\rgb\1305031103.843251.png,data\rgbd_dataset_freiburg1_xyz\depth\1305031103.830367.png,0.012883901596069336,0.0025489330291748047,742,0.01361680000081833,0.0035874000004696427,0.004242799999701674,0.007830200000171317,0.006248099998629186,0.014078299998800503,0.027695099999618833,151965696
46,1305031103.875361,data\rgbd_dataset_freiburg1_xyz\rgb\1305031103.875361.png,data\rgbd_dataset_freiburg1_xyz\depth\1305031103.862379.png,0.012981891632080078,0.00043892860412597656,760,0.013680699999895296,0.003778099999180995,0.004214299999148352,0.007992399998329347,0.006155300001410069,0.014147699999739416,0.027828399999634712,151965696
47,1305031103.911221,data\rgbd_dataset_freiburg1_xyz\rgb\1305031103.911221.png,data\rgbd_dataset_freiburg1_xyz\depth\1305031103.894237.png,0.016983985900878906,0.004579067230224609,774,0.01323220000085712,0.0036201999992044875,0.00412040000082925,0.007740600000033737,0.005991300000459887,0.013731900000493624,0.026964100001350744,151965696
48,1305031103.943211,data\rgbd_dataset_freiburg1_xyz\rgb\1305031103.943211.png,data\rgbd_dataset_freiburg1_xyz\depth\1305031103.930503.png,0.012708187103271484,0.002588987350463867,818,0.013603299999886076,0.003682800001115538,0.004425799999808078,0.008108600000923616,0.006165599999803817,0.014274200000727433,0.02787750000061351,151965696
49,1305031103.975373,data\rgbd_dataset_freiburg1_xyz\rgb\1305031103.975373.png,data\rgbd_dataset_freiburg1_xyz\depth\1305031103.962461.png,0.01291203498840332,0.00042700767517089844,853,0.013497800000550342,0.003568000000086613,0.004484999999476713,0.008052999999563326,0.006995199999437318,0.015048199999000644,0.028545999999550986,151965696
50,1305031104.011232,data\rgbd_dataset_freiburg1_xyz\rgb\1305031104.011232.png,data\rgbd_dataset_freiburg1_xyz\depth\1305031103.994365.png,0.01686692237854004,0.0045680999755859375,921,0.01337019999846234,0.003650700000434881,0.0043875999999727355,0.008038300000407617,0.006368899999870337,0.014407200000277953,0.027777399998740293,152477696
51,1305031104.043249,data\rgbd_dataset_freiburg1_xyz\rgb\1305031104.043249.png,data\rgbd_dataset_freiburg1_xyz\depth\1305031104.030279.png,0.012969970703125,0.0025510787963867188,913,0.013383600000452134,0.004175600000962731,0.00449290000142355,0.008668500002386281,0.006455900000219117,0.015124400002605398,0.028508000003057532,152477696
52,1305031104.075425,data\rgbd_dataset_freiburg1_xyz\rgb\1305031104.075425.png,data\rgbd_dataset_freiburg1_xyz\depth\1305031104.062542.png,0.01288294792175293,0.00047516822814941406,981,0.014521299999614712,0.0036670000008598436,0.004445099999429658,0.008112100000289502,0.01017379999939294,0.018285899999682442,0.032807199999297154,152481792
53,1305031104.111235,data\rgbd_dataset_freiburg1_xyz\rgb\1305031104.111235.png,data\rgbd_dataset_freiburg1_xyz\depth\1305031104.095305.png,0.0159299373626709,0.004565000534057617,990,0.015655900000638212,0.004395599999043043,0.004439199999978882,0.008834799999021925,0.00736249999863503,0.016197299997656955,0.03185319999829517,152485888
54,1305031104.14323,data\rgbd_dataset_freiburg1_xyz\rgb\1305031104.143230.png,data\rgbd_dataset_freiburg1_xyz\depth\1305031104.131292.png,0.011937856674194336,0.0025701522827148438,1020,0.01574839999921096,0.004423500000484637,0.004159800000707037,0.008583300001191674,0.007278099999894039,0.015861400001085713,0.03160980000029667,152481792
55,1305031104.175424,data\rgbd_dataset_freiburg1_xyz\rgb\1305031104.175424.png,data\rgbd_dataset_freiburg1_xyz\depth\1305031104.163440.png,0.011984109878540039,0.00037598609924316406,1053,0.01360720000047877,0.003504999998767744,0.004290499999115127,0.007795499997882871,0.0070756999994046055,0.014871199997287476,0.028478399997766246,152481792
56,1305031104.211283,data\rgbd_dataset_freiburg1_xyz\rgb\1305031104.211283.png,data\rgbd_dataset_freiburg1_xyz\depth\1305031104.194053.png,0.01723003387451172,0.004616975784301758,1026,0.01319320000038715,0.0035152000000380212,0.004420999999638298,0.007936199999676319,0.006873899999845889,0.014810099999522208,0.02800329999990936,152481792
57,1305031104.243196,data\rgbd_dataset_freiburg1_xyz\rgb\1305031104.243196.png,data\rgbd_dataset_freiburg1_xyz\depth\1305031104.227247.png,0.015949010848999023,0.0026040077209472656,1104,0.013304399999469751,0.003574000000298838,0.0042632000004232395,0.007837200000722078,0.006955599999855622,0.0147928000005777,0.02809720000004745,152481792
58,1305031104.275546,data\rgbd_dataset_freiburg1_xyz\rgb\1305031104.275546.png,data\rgbd_dataset_freiburg1_xyz\depth\1305031104.263335.png,0.012211084365844727,0.00035381317138671875,1131,0.01367250000112108,0.00363880000077188,0.00445919999947364,0.00809800000024552,0.006572999998752493,0.014670999998998013,0.028343500000119093,152481792
59,1305031104.311219,data\rgbd_dataset_freiburg1_xyz\rgb\1305031104.311219.png,data\rgbd_dataset_freiburg1_xyz\depth\1305031104.294957.png,0.016262054443359375,0.004580974578857422,1159,0.013791999999739346,0.003533300001436146,0.004610500000126194,0.00814380000156234,0.007865200001106132,0.016009000002668472,0.029801000002407818,152485888
60,1305031104.343342,data\rgbd_dataset_freiburg1_xyz\rgb\1305031104.343342.png,data\rgbd_dataset_freiburg1_xyz\depth\1305031104.331403.png,0.011939048767089844,0.0026578903198242188,1205,0.01587889999973413,0.0044190000007802155,0.004528899999058922,0.008947899999839137,0.006569600000148057,0.015517499999987194,0.031396399999721325,152485888
61,1305031104.375837,data\rgbd_dataset_freiburg1_xyz\rgb\1305031104.375837.png,data\rgbd_dataset_freiburg1_xyz\depth\1305031104.363345.png,0.012492179870605469,3.719329833984375e-05,1215,0.013434500000585103,0.00359050000042771,0.004326799999034847,0.007917299999462557,0.006874900000184425,0.014792199999646982,0.028226700000232086,152485888
62,1305031104.411509,data\rgbd_dataset_freiburg1_xyz\rgb\1305031104.411509.png,data\rgbd_dataset_freiburg1_xyz\depth\1305031104.395019.png,0.01648998260498047,0.004291057586669922,1216,0.014126199999736855,0.0034809999997378327,0.004757400000016787,0.00823839999975462,0.007086700001309509,0.01532510000106413,0.029451300000800984,152485888
63,1305031104.443288,data\rgbd_dataset_freiburg1_xyz\rgb\1305031104.443288.png,data\rgbd_dataset_freiburg1_xyz\depth\1305031104.431435.png,0.01185297966003418,0.0025119781494140625,1255,0.013714599999730126,0.0035657000007631723,0.004426100000273436,0.007991800001036609,0.007363299999269657,0.015355100000306265,0.02906970000003639,152485888
64,1305031104.475456,data\rgbd_dataset_freiburg1_xyz\rgb\1305031104.475456.png,data\rgbd_dataset_freiburg1_xyz\depth\1305031104.463413.png,0.012042999267578125,0.0003440380096435547,1233,0.01354910000009113,0.003477599999314407,0.005640999999741325,0.009118599999055732,0.006998599999860744,0.016117199998916476,0.029666299999007606,152485888
65,1305031104.511329,data\rgbd_dataset_freiburg1_xyz\rgb\1305031104.511329.png,data\rgbd_dataset_freiburg1_xyz\depth\1305031104.495673.png,0.015655994415283203,0.0044710636138916016,1245,0.013778300000922172,0.0035449000006337883,0.006006100000377046,0.009551000001010834,0.007604600001286599,0.017155600002297433,0.030933900003219605,152485888
66,1305031104.543368,data\rgbd_dataset_freiburg1_xyz\rgb\1305031104.543368.png,data\rgbd_dataset_freiburg1_xyz\depth\1305031104.531450.png,0.011918067932128906,0.0024318695068359375,1315,0.013783099999272963,0.003814599998804624,0.00491640000109328,0.008730999999897904,0.00853839999945194,0.017269399999349844,0.031052499998622807,152485888
67,1305031104.575343,data\rgbd_dataset_freiburg1_xyz\rgb\1305031104.575343.png,data\rgbd_dataset_freiburg1_xyz\depth\1305031104.563149.png,0.012193918228149414,0.0004570484161376953,1399,0.01314739999907033,0.003510800001095049,0.004997699999876204,0.008508500000971253,0.008016599998882157,0.01652509999985341,0.02967249999892374,152485888
68,1305031104.611336,data\rgbd_dataset_freiburg1_xyz\rgb\1305031104.611336.png,data\rgbd_dataset_freiburg1_xyz\depth\1305031104.595033.png,0.016303062438964844,0.004564046859741211,1447,0.013289200000144774,0.003613299999415176,0.005545199999687611,0.009158499999102787,0.007797799999025301,0.016956299998128088,0.030245499998272862,152485888
69,1305031104.643243,data\rgbd_dataset_freiburg1_xyz\rgb\1305031104.643243.png,data\rgbd_dataset_freiburg1_xyz\depth\1305031104.631368.png,0.011875152587890625,0.002557039260864258,1565,0.013437199999316363,0.003851200001008692,0.005540199999813922,0.009391400000822614,0.009173300000838935,0.01856470000166155,0.03200190000097791,152510464
70,1305031104.675525,data\rgbd_dataset_freiburg1_xyz\rgb\1305031104.675525.png,data\rgbd_dataset_freiburg1_xyz\depth\1305031104.659863.png,0.015661954879760742,0.0003750324249267578,1622,0.013668999999936204,0.0037283999990904704,0.005476199999975506,0.009204599999065977,0.008482400000502821,0.017686999999568798,0.031355999999505,152514560
71,1305031104.711277,data\rgbd_dataset_freiburg1_xyz\rgb\1305031104.711277.png,data\rgbd_dataset_freiburg1_xyz\depth\1305031104.695185.png,0.01609206199645996,0.004523038864135742,1683,0.013850299999830895,0.003825699999651988,0.005513699999937671,0.00933939999958966,0.008635500000309548,0.017974899999899208,0.0318251999997301,152567808
72,1305031104.74328,data\rgbd_dataset_freiburg1_xyz\rgb\1305031104.743280.png,data\rgbd_dataset_freiburg1_xyz\depth\1305031104.730936.png,0.012343883514404297,0.0025200843811035156,1781,0.013624799999888637,0.003747099999600323,0.005962299999737297,0.00970939999933762,0.010142700000869809,0.01985210000020743,0.033476900000096066,152788992
73,1305031104.775327,data\rgbd_dataset_freiburg1_xyz\rgb\1305031104.775327.png,data\rgbd_dataset_freiburg1_xyz\depth\1305031104.763178.png,0.012148857116699219,0.0004730224609375,1870,0.013585699998657219,0.0036973999995097984,0.005833699999129749,0.009531099998639547,0.009668900000178837,0.019199999998818384,0.032785699997475604,152862720
74,1305031104.811465,data\rgbd_dataset_freiburg1_xyz\rgb\1305031104.811465.png,data\rgbd_dataset_freiburg1_xyz\depth\1305031104.799499.png,0.01196599006652832,0.004334926605224609,1952,0.013688400000319234,0.003680200001326739,0.005941399998846464,0.009621600000173203,0.010371899999881862,0.019993500000055064,0.0336819000003743,153493504
75,1305031104.843258,data\rgbd_dataset_freiburg1_xyz\rgb\1305031104.843258.png,data\rgbd_dataset_freiburg1_xyz\depth\1305031104.830961.png,0.012296915054321289,0.0025420188903808594,1990,0.014332599999761442,0.0038155000002007,0.0056643999996595085,0.009479899999860208,0.009038000000145985,0.018517900000006193,0.032850499999767635,153788416
76,1305031104.87535,data\rgbd_dataset_freiburg1_xyz\rgb\1305031104.875350.png,data\rgbd_dataset_freiburg1_xyz\depth\1305031104.863256.png,0.01209402084350586,0.00044989585876464844,2111,0.01400889999968058,0.003752399999939371,0.005746599999838509,0.00949899999977788,0.009154199999102275,0.018653199998880154,0.032662099998560734,153567232
77,1305031104.911534,data\rgbd_dataset_freiburg1_xyz\rgb\1305031104.911534.png,data\rgbd_dataset_freiburg1_xyz\depth\1305031104.899165.png,0.012369155883789062,0.004266023635864258,2097,0.01377900000079535,0.0034447999987605726,0.006129499999588006,0.009574299998348579,0.011782199999288423,0.021356499997637002,0.03513549999843235,153632768
78,1305031104.943262,data\rgbd_dataset_freiburg1_xyz\rgb\1305031104.943262.png,data\rgbd_dataset_freiburg1_xyz\depth\1305031104.931091.png,0.012171030044555664,0.002537965774536133,2067,0.014113799999904586,0.003588300000046729,0.0060981999995419756,0.009686499999588705,0.009272900000723894,0.0189594000003126,0.033073200000217184,153632768
79,1305031104.975202,data\rgbd_dataset_freiburg1_xyz\rgb\1305031104.975202.png,data\rgbd_dataset_freiburg1_xyz\depth\1305031104.959750.png,0.015452146530151367,0.0006978511810302734,2051,0.013770100000328966,0.0034985999991477,0.0051872999993065605,0.00868589999845426,0.008776099999522557,0.017461999997976818,0.031232099998305785,153632768
80,1305031105.01129,data\rgbd_dataset_freiburg1_xyz\rgb\1305031105.011290.png,data\rgbd_dataset_freiburg1_xyz\depth\1305031104.998342.png,0.012948036193847656,0.004509925842285156,2077,0.013920600000346894,0.003637199999502627,0.005033499999626656,0.008670699999129283,0.008286099999168073,0.016956799998297356,0.03087739999864425,153632768
81,1305031105.043373,data\rgbd_dataset_freiburg1_xyz\rgb\1305031105.043373.png,data\rgbd_dataset_freiburg1_xyz\depth\1305031105.030427.png,0.012946128845214844,0.0024268627166748047,2053,0.013669600000866922,0.0037873000001127366,0.005251700000371784,0.00903900000048452,0.009066500000699307,0.018105500001183827,0.03177510000205075,153632768
82,1305031105.07532,data\rgbd_dataset_freiburg1_xyz\rgb\1305031105.075320.png,data\rgbd_dataset_freiburg1_xyz\depth\1305031105.062445.png,0.012875080108642578,0.0004799365997314453,1994,0.013714000000618398,0.0036725999998452608,0.004818500001420034,0.008491100001265295,0.008627100000012433,0.017118200001277728,0.030832200001896126,153632768
83,1305031105.111299,data\rgbd_dataset_freiburg1_xyz\rgb\1305031105.111299.png,data\rgbd_dataset_freiburg1_xyz\depth\1305031105.097639.png,0.013659954071044922,0.004500865936279297,1953,0.01405490000070131,0.0037215999982436188,0.005921899999520974,0.009643499997764593,0.009046000001035281,0.018689499998799874,0.032744399999501184,153632768
84,1305031105.143106,data\rgbd_dataset_freiburg1_xyz\rgb\1305031105.143106.png,data\rgbd_dataset_freiburg1_xyz\depth\1305031105.130269.png,0.012836933135986328,0.0026941299438476562,1907,0.01413209999918763,0.003666200000225217,0.005274799999824609,0.008941000000049826,0.008549799998945673,0.0174907999989955,0.03162289999818313,151691264
85,1305031105.175159,data\rgbd_dataset_freiburg1_xyz\rgb\1305031105.175159.png,data\rgbd_dataset_freiburg1_xyz\depth\1305031105.159979.png,0.015179872512817383,0.0006411075592041016,1816,0.013857299998562667,0.003793099998802063,0.005010500000935281,0.008803599999737344,0.00831079999989015,0.017114399999627494,0.03097169999819016,153317376
86,1305031105.211268,data\rgbd_dataset_freiburg1_xyz\rgb\1305031105.211268.png,data\rgbd_dataset_freiburg1_xyz\depth\1305031105.198212.png,0.013056039810180664,0.004631996154785156,1733,0.015703799999755574,0.004427500000019791,0.0056096999996952945,0.010037199999715085,0.009344899999632617,0.0193820999993477,0.035085899999103276,151519232
87,1305031105.24327,data\rgbd_dataset_freiburg1_xyz\rgb\1305031105.243270.png,data\rgbd_dataset_freiburg1_xyz\depth\1305031105.228250.png,0.015019893646240234,0.0025300979614257812,1631,0.013907399999879999,0.0038271000012173317,0.004964400000972091,0.008791500002189423,0.008909599999242346,0.01770110000143177,0.03160850000131177,154472448
88,1305031105.275288,data\rgbd_dataset_freiburg1_xyz\rgb\1305031105.275288.png,data\rgbd_dataset_freiburg1_xyz\depth\1305031105.262389.png,0.012899160385131836,0.0005118846893310547,1578,0.01321049999933166,0.0038198000002012122,0.005162400000699563,0.008982200000900775,0.012055999999574851,0.021038200000475626,0.034248699999807286,154542080
89,1305031105.31129,data\rgbd_dataset_freiburg1_xyz\rgb\1305031105.311290.png,data\rgbd_dataset_freiburg1_xyz\depth\1305031105.298501.png,0.012789011001586914,0.004509925842285156,1484,0.013487300000633695,0.003973099999711849,0.005492899999808287,0.009465999999520136,0.008530700000846991,0.017996700000367127,0.03148400000100082,154558464
90,1305031105.343302,data\rgbd_dataset_freiburg1_xyz\rgb\1305031105.343302.png,data\rgbd_dataset_freiburg1_xyz\depth\1305031105.328878.png,0.01442408561706543,0.0024979114532470703,1403,0.013449000000036904,0.004009700000096927,0.005374399999709567,0.009384099999806494,0.007872300000599353,0.017256400000405847,0.03070540000044275,154558464
91,1305031105.375338,data\rgbd_dataset_freiburg1_xyz\rgb\1305031105.375338.png,data\rgbd_dataset_freiburg1_xyz\depth\1305031105.362286.png,0.013051986694335938,0.00046181678771972656,1277,0.013499999999112333,0.003703000000314205,0.00503269999899203,0.008735699999306235,0.007854199999201228,0.016589899998507462,0.030089899997619796,154558464
92,1305031105.411286,data\rgbd_dataset_freiburg1_xyz\rgb\1305031105.411286.png,data\rgbd_dataset_freiburg1_xyz\depth\1305031105.398191.png,0.01309514045715332,0.004513978958129883,1246,0.013264200000776327,0.003651700000773417,0.00523099999918486,0.008882699999958277,0.007464399999662419,0.016347099999620696,0.029611300000397023,154562560
93,1305031105.443316,data\rgbd_dataset_freiburg1_xyz\rgb\1305031105.443316.png,data\rgbd_dataset_freiburg1_xyz\depth\1305031105.430336.png,0.012979984283447266,0.0024840831756591797,1202,0.013189799999963725,0.0036990999997215113,0.005606799999441137,0.009305899999162648,0.007748300000457675,0.017054199999620323,0.030243999999584048,154562560
94,1305031105.47528,data\rgbd_dataset_freiburg1_xyz\rgb\1305031105.475280.png,data\rgbd_dataset_freiburg1_xyz\depth\1305031105.461421.png,0.013859033584594727,0.0008199214935302734,1143,0.013304400001288741,0.0037224999996396946,0.0053259999986039475,0.009048499998243642,0.006752100000085193,0.015800599998328835,0.029104999999617576,154562560
95,1305031105.511332,data\rgbd_dataset_freiburg1_xyz\rgb\1305031105.511332.png,data\rgbd_dataset_freiburg1_xyz\depth\1305031105.497931.png,0.013401031494140625,0.004467964172363281,1111,0.012955399999555084,0.0035443000015220605,0.004997899999580113,0.008542200001102174,0.007127200000468292,0.015669400001570466,0.02862480000112555,154566656
96,1305031105.543282,data\rgbd_dataset_freiburg1_xyz\rgb\1305031105.543282.png,data\rgbd_dataset_freiburg1_xyz\depth\1305031105.529583.png,0.013699054718017578,0.002618074417114258,1047,0.013075500000923057,0.0036457000005611917,0.005309699999997974,0.008955400000559166,0.007073400000081165,0.01602880000064033,0.029104300001563388,154566656
97,1305031105.575449,data\rgbd_dataset_freiburg1_xyz\rgb\1305031105.575449.png,data\rgbd_dataset_freiburg1_xyz\depth\1305031105.562109.png,0.013339996337890625,0.0003509521484375,1003,0.013163599998733844,0.0035993000001326436,0.005357199999707518,0.008956499999840162,0.006768799999917974,0.015725299999758136,0.02888889999849198,154566656
98,1305031105.611378,data\rgbd_dataset_freiburg1_xyz\rgb\1305031105.611378.png,data\rgbd_dataset_freiburg1_xyz\depth\1305031105.597193.png,0.014184951782226562,0.00442194938659668,982,0.012662600000112434,0.0036431999997148523,0.005010499999116291,0.008653699998831144,0.006865399998787325,0.015519099997618468,0.028181699997730902,154570752
99,1305031105.643273,data\rgbd_dataset_freiburg1_xyz\rgb\1305031105.643273.png,data\rgbd_dataset_freiburg1_xyz\depth\1305031105.659104.png,0.01583099365234375,0.002526998519897461,918,0.013038299999607261,0.0038199000009626616,0.005087100000309874,0.008907000001272536,0.0070601000006718095,0.015967100001944345,0.029005400001551607,154570752
100,1305031105.711309,data\rgbd_dataset_freiburg1_xyz\rgb\1305031105.711309.png,data\rgbd_dataset_freiburg1_xyz\depth\1305031105.698235.png,0.013073921203613281,0.004491090774536133,909,0.013295599999764818,0.004144600001382059,0.006187799999679555,0.010332400001061615,0.0090634999996837,0.019395900000745314,0.03269150000051013,154570752
101,1305031105.743312,data\rgbd_dataset_freiburg1_xyz\rgb\1305031105.743312.png,data\rgbd_dataset_freiburg1_xyz\depth\1305031105.730336.png,0.012975931167602539,0.002588033676147461,908,0.01283030000013241,0.0035669000008056173,0.0047517000002699206,0.008318600001075538,0.006782200000088778,0.015100800001164316,0.027931100001296727,154570752
102,1305031105.775339,data\rgbd_dataset_freiburg1_xyz\rgb\1305031105.775339.png,data\rgbd_dataset_freiburg1_xyz\depth\1305031105.762384.png,0.012954950332641602,0.0004611015319824219,892,0.012744900001052883,0.003597299999455572,0.004663899999286514,0.008261199998742086,0.006659900000158814,0.0149210999989009,0.027665999999953783,153645056
103,1305031105.811283,data\rgbd_dataset_freiburg1_xyz\rgb\1305031105.811283.png,data\rgbd_dataset_freiburg1_xyz\depth\1305031105.798056.png,0.013227224349975586,0.0045168399810791016,848,0.013203999998950167,0.003764400000363821,0.005363799999031471,0.009128199999395292,0.00683980000030715,0.015967999999702442,0.02917199999865261,154570752
104,1305031105.843271,data\rgbd_dataset_freiburg1_xyz\rgb\1305031105.843271.png,data\rgbd_dataset_freiburg1_xyz\depth\1305031105.830008.png,0.01326298713684082,0.0025289058685302734,797,0.012931499999467633,0.0036655999992945,0.0046983999982330715,0.008363999997527571,0.006698000001051696,0.015061999998579267,0.0279934999980469,153645056
105,1305031105.875337,data\rgbd_dataset_freiburg1_xyz\rgb\1305031105.875337.png,data\rgbd_dataset_freiburg1_xyz\depth\1305031105.862238.png,0.013098955154418945,0.0004630088806152344,809,0.013289099999383325,0.00363419999848702,0.005031500000768574,0.008665699999255594,0.006564799999978277,0.01523049999923387,0.028519599998617196,153649152
106,1305031105.911262,data\rgbd_dataset_freiburg1_xyz\rgb\1305031105.911262.png,data\rgbd_dataset_freiburg1_xyz\depth\1305031105.898018.png,0.013244152069091797,0.004637956619262695,809,0.01324419999946258,0.0036713999998028157,0.004745899999761605,0.00841729999956442,0.006367100000716164,0.014784400000280584,0.028028599999743165,154574848
107,1305031105.943272,data\rgbd_dataset_freiburg1_xyz\rgb\1305031105.943272.png,data\rgbd_dataset_freiburg1_xyz\depth\1305031105.929855.png,0.01341700553894043,0.002527952194213867,760,0.01319110000076762,0.0037597000009554904,0.005259300000034273,0.009019000000989763,0.006362400001307833,0.015381400002297596,0.028572500003065215,153649152
108,1305031105.975329,data\rgbd_dataset_freiburg1_xyz\rgb\1305031105.975329.png,data\rgbd_dataset_freiburg1_xyz\depth\1305031105.966193.png,0.009135961532592773,0.0004711151123046875,760,0.012959100000443868,0.003691800000524381,0.004743900000903523,0.008435700001427904,0.008753900001465809,0.017189600002893712,0.03014870000333758,154578944
109,1305031106.011285,data\rgbd_dataset_freiburg1_xyz\rgb\1305031106.011285.png,data\rgbd_dataset_freiburg1_xyz\depth\1305031105.998271.png,0.013014078140258789,0.004514932632446289,695,0.012737600000036764,0.003571500001271488,0.004791699999259436,0.008363200000530924,0.00872489999892423,0.017088099999455153,0.029825699999491917,154583040
110,1305031106.043355,data\rgbd_dataset_freiburg1_xyz\rgb\1305031106.043355.png,data\rgbd_dataset_freiburg1_xyz\depth\1305031106.030147.png,0.01320791244506836,0.0024449825286865234,661,0.012571200000820681,0.0035344999996596016,0.005017099998440244,0.008551599998099846,0.009242899999662768,0.017794499997762614,0.030365699998583295,154583040
111,1305031106.07533,data\rgbd_dataset_freiburg1_xyz\rgb\1305031106.075330.png,data\rgbd_dataset_freiburg1_xyz\depth\1305031106.066060.png,0.009269952774047852,0.0004699230194091797,620,0.013363000000026659,0.0035152000000380212,0.00498410000000149,0.008499300000039511,0.006248199999390636,0.014747499999430147,0.028110499999456806,154591232
112,1305031106.111327,data\rgbd_dataset_freiburg1_xyz\rgb\1305031106.111327.png,data\rgbd_dataset_freiburg1_xyz\depth\1305031106.096295.png,0.015031814575195312,0.004472970962524414,573,0.013385900001594564,0.003789499998674728,0.004912099999273778,0.008701599997948506,0.006163899999592104,0.01486549999754061,0.028251399999135174,151277568
113,1305031106.143355,data\rgbd_dataset_freiburg1_xyz\rgb\1305031106.143355.png,data\rgbd_dataset_freiburg1_xyz\depth\1305031106.130445.png,0.012909889221191406,0.002445220947265625,569,0.013594500000181142,0.003844099999696482,0.005063699998572702,0.008907799998269184,0.00615990000005695,0.015067699998326134,0.028662199998507276,154464256
114,1305031106.175534,data\rgbd_dataset_freiburg1_xyz\rgb\1305031106.175534.png,data\rgbd_dataset_freiburg1_xyz\depth\1305031106.166330.png,0.009203910827636719,0.00026607513427734375,557,0.013064499999018153,0.003508599998895079,0.005011900000681635,0.008520499999576714,0.006532199999128352,0.015052699998705066,0.02811719999772322,154497024
115,1305031106.211275,data\rgbd_dataset_freiburg1_xyz\rgb\1305031106.211275.png,data\rgbd_dataset_freiburg1_xyz\depth\1305031106.195074.png,0.016201019287109375,0.004524946212768555,542,0.01304589999926975,0.0037974000006215647,0.004730399999971269,0.008527800000592833,0.006439299999328796,0.01496709999992163,0.02801299999919138,151281664
116,1305031106.243267,data\rgbd_dataset_freiburg1_xyz\rgb\1305031106.243267.png,data\rgbd_dataset_freiburg1_xyz\depth\1305031106.230058.png,0.013209104537963867,0.002532958984375,519,0.013860800001566531,0.0035509999997884734,0.0051843999990524026,0.008735399998840876,0.005481000000145286,0.014216399998986162,0.028077200000552693,154533888
117,1305031106.276385,data\rgbd_dataset_freiburg1_xyz\rgb\1305031106.276385.png,data\rgbd_dataset_freiburg1_xyz\depth\1305031106.265976.png,0.010409116744995117,0.0005850791931152344,493,0.013111999998727697,0.00359539999953995,0.004527999999481835,0.008123399999021785,0.005633700000544195,0.01375709999956598,0.026869099998293677,154542080
118,1305031106.311238,data\rgbd_dataset_freiburg1_xyz\rgb\1305031106.311238.png,data\rgbd_dataset_freiburg1_xyz\depth\1305031106.298174.png,0.013064146041870117,0.004561901092529297,498,0.013081799999781651,0.003606700000091223,0.004111000000193599,0.007717700000284822,0.007167400000980706,0.014885100001265528,0.02796690000104718,154546176
119,1305031106.343258,data\rgbd_dataset_freiburg1_xyz\rgb\1305031106.343258.png,data\rgbd_dataset_freiburg1_xyz\depth\1305031106.330215.png,0.013042926788330078,0.0025420188903808594,495,0.012820400001146481,0.003682700000354089,0.0043917000002693385,0.008074400000623427,0.006102199999077129,0.014176599999700557,0.026997000000847038,154554368
120,1305031106.375388,data\rgbd_dataset_freiburg1_xyz\rgb\1305031106.375388.png,data\rgbd_dataset_freiburg1_xyz\depth\1305031106.366158.png,0.009229898452758789,0.0004119873046875,494,0.015364999999292195,0.004349400000137393,0.0043387000005168375,0.00868810000065423,0.005719100001442712,0.014407200002096943,0.029772200001389137,154554368
121,1305031106.41132,data\rgbd_dataset_freiburg1_xyz\rgb\1305031106.411320.png,data\rgbd_dataset_freiburg1_xyz\depth\1305031106.398281.png,0.013038873672485352,0.004480123519897461,470,0.012970499999937601,0.0036426000006031245,0.004993099999410333,0.008635700000013458,0.0060855000010633375,0.014721200001076795,0.027691700001014397,154554368
122,1305031106.443278,data\rgbd_dataset_freiburg1_xyz\rgb\1305031106.443278.png,data\rgbd_dataset_freiburg1_xyz\depth\1305031106.430639.png,0.012639045715332031,0.002521991729736328,434,0.015556700000161072,0.0036496000011538854,0.004864399999860325,0.00851400000101421,0.006092699999499018,0.014606700000513229,0.0301634000006743,154570752
123,1305031106.475345,data\rgbd_dataset_freiburg1_xyz\rgb\1305031106.475345.png,data\rgbd_dataset_freiburg1_xyz\depth\1305031106.466046.png,0.00929880142211914,0.0004551410675048828,413,0.01557900000079826,0.004337300000770483,0.004349099999672035,0.008686400000442518,0.006370000000970322,0.01505640000141284,0.0306354000022111,151371776
124,1305031106.511129,data\rgbd_dataset_freiburg1_xyz\rgb\1305031106.511129.png,data\rgbd_dataset_freiburg1_xyz\depth\1305031106.498096.png,0.013032913208007812,0.004770994186401367,425,0.01341839999986405,0.003481100000499282,0.004911099998935242,0.008392199999434524,0.005412800001067808,0.013805000000502332,0.027223400000366382,154484736
125,1305031106.543302,data\rgbd_dataset_freiburg1_xyz\rgb\1305031106.543302.png,data\rgbd_dataset_freiburg1_xyz\depth\1305031106.528267.png,0.015035152435302734,0.0024979114532470703,452,0.01255470000069181,0.003471500000159722,0.004655700000512297,0.008127200000672019,0.005660300001181895,0.013787500001853914,0.026342200002545724,151158784
126,1305031106.575282,data\rgbd_dataset_freiburg1_xyz\rgb\1305031106.575282.png,data\rgbd_dataset_freiburg1_xyz\depth\1305031106.564414.png,0.010868072509765625,0.0005178451538085938,471,0.013275400000566151,0.003719799999089446,0.004612599999745726,0.008332399998835172,0.006000400000630179,0.014332799999465351,0.027608200000031502,154497024
127,1305031106.611151,data\rgbd_dataset_freiburg1_xyz\rgb\1305031106.611151.png,data\rgbd_dataset_freiburg1_xyz\depth\1305031106.597879.png,0.01327204704284668,0.004648923873901367,467,0.013024900001255446,0.0036147999999229796,0.005020999999032938,0.008635799998955918,0.00591329999951995,0.014549099998475867,0.027573999999731313,154587136
128,1305031106.643207,data\rgbd_dataset_freiburg1_xyz\rgb\1305031106.643207.png,data\rgbd_dataset_freiburg1_xyz\depth\1305031106.630776.png,0.012431144714355469,0.0025930404663085938,514,0.013123699998686789,0.0038901999996596714,0.00520180000057735,0.009092000000237022,0.006791100000555161,0.015883100000792183,0.02900679999947897,154648576
129,1305031106.675279,data\rgbd_dataset_freiburg1_xyz\rgb\1305031106.675279.png,data\rgbd_dataset_freiburg1_xyz\depth\1305031106.667282.png,0.007996797561645508,0.0005211830139160156,525,0.012710199998764438,0.00357359999907203,0.004661799999666982,0.008235399998739013,0.0060623999997915234,0.014297799998530536,0.027007999997294974,154648576
130,1305031106.711508,data\rgbd_dataset_freiburg1_xyz\rgb\1305031106.711508.png,data\rgbd_dataset_freiburg1_xyz\depth\1305031106.699110.png,0.012398004531860352,0.004292011260986328,522,0.012852699999712058,0.003693300001032185,0.004415800000060699,0.008109100001092884,0.005539000001590466,0.01364810000268335,0.026500800002395408,154648576
131,1305031106.743341,data\rgbd_dataset_freiburg1_xyz\rgb\1305031106.743341.png,data\rgbd_dataset_freiburg1_xyz\depth\1305031106.729550.png,0.013791084289550781,0.0024590492248535156,562,0.012853499998527695,0.003669399999125744,0.004714300001069205,0.008383700000194949,0.006362600001011742,0.014746300001206691,0.027599799999734387,154648576
132,1305031106.77539,data\rgbd_dataset_freiburg1_xyz\rgb\1305031106.775390.png,data\rgbd_dataset_freiburg1_xyz\depth\1305031106.767126.png,0.008263826370239258,0.0004100799560546875,588,0.01523059999999532,0.0038475999990623677,0.0049397000002500135,0.008787299999312381,0.008686700000907877,0.017474000000220258,0.03270460000021558,154652672
133,1305031106.811289,data\rgbd_dataset_freiburg1_xyz\rgb\1305031106.811289.png,data\rgbd_dataset_freiburg1_xyz\depth\1305031106.798309.png,0.012979984283447266,0.0045108795166015625,623,0.01296610000099463,0.003713199999765493,0.004940900000292459,0.008654100000057952,0.006012600000758539,0.01466670000081649,0.02763280000181112,154652672
134,1305031106.843416,data\rgbd_dataset_freiburg1_xyz\rgb\1305031106.843416.png,data\rgbd_dataset_freiburg1_xyz\depth\1305031106.830652.png,0.01276397705078125,0.0023839473724365234,640,0.012846399999034475,0.0036717000002681743,0.004634099999748287,0.008305800000016461,0.005927800000790739,0.0142336000008072,0.027079999999841675,154652672
135,1305031106.875905,data\rgbd_dataset_freiburg1_xyz\rgb\1305031106.875905.png,data\rgbd_dataset_freiburg1_xyz\depth\1305031106.866893.png,0.009011983871459961,9.489059448242188e-05,641,0.01297549999981129,0.0036402000005182344,0.0051093999991280725,0.008749599999646307,0.005695199999536271,0.014444799999182578,0.02742029999899387,153735168
136,1305031106.911243,data\rgbd_dataset_freiburg1_xyz\rgb\1305031106.911243.png,data\rgbd_dataset_freiburg1_xyz\depth\1305031106.897828.png,0.013414859771728516,0.004557132720947266,700,0.013199600000007194,0.003967399999964982,0.004777900001499802,0.008745300001464784,0.005925900000875117,0.014671200002339901,0.027870800002347096,154664960
137,1305031106.943439,data\rgbd_dataset_freiburg1_xyz\rgb\1305031106.943439.png,data\rgbd_dataset_freiburg1_xyz\depth\1305031106.930797.png,0.01264190673828125,0.0023610591888427734,687,0.012911799998619244,0.0037431999990076292,0.004750000000058208,0.008493199999065837,0.006073599999581347,0.014566799998647184,0.02747859999726643,154673152
138,1305031106.975547,data\rgbd_dataset_freiburg1_xyz\rgb\1305031106.975547.png,data\rgbd_dataset_freiburg1_xyz\depth\1305031106.967232.png,0.008315086364746094,0.0002529621124267578,721,0.012988100001166458,0.00373570000010659,0.004670399999668007,0.008406099999774597,0.0090438000006543,0.017449900000428897,0.030438000001595356,154677248
139,1305031107.011576,data\rgbd_dataset_freiburg1_xyz\rgb\1305031107.011576.png,data\rgbd_dataset_freiburg1_xyz\depth\1305031106.998876.png,0.01269984245300293,0.004224061965942383,782,0.013055299999905401,0.0036854999998467974,0.005274299999655341,0.008959799999502138,0.006428099999538972,0.01538789999904111,0.02844319999894651,154681344
140,1305031107.043281,data\rgbd_dataset_freiburg1_xyz\rgb\1305031107.043281.png,data\rgbd_dataset_freiburg1_xyz\depth\1305031107.030348.png,0.012933015823364258,0.002518892288208008,796,0.012805099999241065,0.0036397999992914265,0.005370999999286141,0.009010799998577568,0.0068317999994178535,0.01584259999799542,0.028647699997236487,154685440
141,1305031107.075432,data\rgbd_dataset_freiburg1_xyz\rgb\1305031107.075432.png,data\rgbd_dataset_freiburg1_xyz\depth\1305031107.066405.png,0.00902700424194336,0.0004680156707763672,834,0.01315969999996014,0.003778599999350263,0.005125900001075934,0.008904500000426196,0.006913900000654394,0.01581840000108059,0.02897810000104073,154697728
142,1305031107.111229,data\rgbd_dataset_freiburg1_xyz\rgb\1305031107.111229.png,data\rgbd_dataset_freiburg1_xyz\depth\1305031107.098268.png,0.01296091079711914,0.004570960998535156,859,0.01283039999907487,0.003677499998957501,0.00499390000004496,0.00867139999900246,0.006737499999871943,0.015408899998874404,0.028239299997949274,154701824
143,1305031107.14326,data\rgbd_dataset_freiburg1_xyz\rgb\1305031107.143260.png,data\rgbd_dataset_freiburg1_xyz\depth\1305031107.130308.png,0.012952089309692383,0.002540111541748047,892,0.013454199999614502,0.0036194000003888505,0.005522699999346514,0.009142099999735365,0.007067600001391838,0.016209700001127203,0.029663900000741705,151851008
144,1305031107.175399,data\rgbd_dataset_freiburg1_xyz\rgb\1305031107.175399.png,data\rgbd_dataset_freiburg1_xyz\depth\1305031107.165964.png,0.009435176849365234,0.0004010200500488281,955,0.013182900000174413,0.003518199999234639,0.005263299999569426,0.008781499998804065,0.006666900000709575,0.01544839999951364,0.028631299999688054,153014272
145,1305031107.211358,data\rgbd_dataset_freiburg1_xyz\rgb\1305031107.211358.png,data\rgbd_dataset_freiburg1_xyz\depth\1305031107.198208.png,0.01314997673034668,0.004441976547241211,912,0.013049500001216074,0.0035963999998784857,0.004847500000323635,0.00844390000020212,0.0064664000001357635,0.014910300000337884,0.02795980000155396,153157632
146,1305031107.243378,data\rgbd_dataset_freiburg1_xyz\rgb\1305031107.243378.png,data\rgbd_dataset_freiburg1_xyz\depth\1305031107.235026.png,0.008352041244506836,0.0024220943450927734,1019,0.012987500000235741,0.0036041000003024237,0.00484859999960463,0.008452699999907054,0.0076367000001482666,0.01608940000005532,0.02907690000029106,153169920
147,1305031107.275398,data\rgbd_dataset_freiburg1_xyz\rgb\1305031107.275398.png,data\rgbd_dataset_freiburg1_xyz\depth\1305031107.267071.png,0.008327007293701172,0.0004019737243652344,1041,0.01554030000079365,0.0045001999988016905,0.004702099999121856,0.009202299997923546,0.006611299999349285,0.01581359999727283,0.03135389999806648,153186304
148,1305031107.311226,data\rgbd_dataset_freiburg1_xyz\rgb\1305031107.311226.png,data\rgbd_dataset_freiburg1_xyz\depth\1305031107.299273.png,0.011952877044677734,0.0045740604400634766,1160,0.013221499999417574,0.0037835000002814922,0.00519940000049246,0.008982900000773952,0.007570899999336689,0.01655380000011064,0.029775299999528215,153198592
149,1305031107.343509,data\rgbd_dataset_freiburg1_xyz\rgb\1305031107.343509.png,data\rgbd_dataset_freiburg1_xyz\depth\1305031107.334800.png,0.008708953857421875,0.002290964126586914,1135,0.013559299999542418,0.0037395000017568236,0.005256500000541564,0.008996000002298388,0.0072517999997216975,0.016247800002020085,0.029807100001562503,153292800
150,1305031107.375413,data\rgbd_dataset_freiburg1_xyz\rgb\1305031107.375413.png,data\rgbd_dataset_freiburg1_xyz\depth\1305031107.367183.png,0.008229970932006836,0.00038695335388183594,1229,0.013398499999311753,0.0037867999999434687,0.005430499999420135,0.009217299999363604,0.007408100000247941,0.016625399999611545,0.030023899998923298,153309184
151,1305031107.411271,data\rgbd_dataset_freiburg1_xyz\rgb\1305031107.411271.png,data\rgbd_dataset_freiburg1_xyz\depth\1305031107.399345.png,0.01192617416381836,0.004528999328613281,1302,0.013344600001801155,0.0035838000003423076,0.005673499999829801,0.009257300000172108,0.007497799999327981,0.01675509999950009,0.030099700001301244,153325568
152,1305031107.443419,data\rgbd_dataset_freiburg1_xyz\rgb\1305031107.443419.png,data\rgbd_dataset_freiburg1_xyz\depth\1305031107.434926.png,0.00849294662475586,0.0023810863494873047,1387,0.013196700001572026,0.0037283000001480104,0.005364399999962188,0.009092700000110199,0.007299299999431241,0.01639199999954144,0.029588700001113466,153346048
153,1305031107.475377,data\rgbd_dataset_freiburg1_xyz\rgb\1305031107.475377.png,data\rgbd_dataset_freiburg1_xyz\depth\1305031107.467141.png,0.008236169815063477,0.0004229545593261719,1425,0.013497799998731352,0.0036772999992535915,0.005694600000424543,0.009371899999678135,0.00807610000083514,0.017448000000513275,0.030945799999244628,153358336
154,1305031107.511352,data\rgbd_dataset_freiburg1_xyz\rgb\1305031107.511352.png,data\rgbd_dataset_freiburg1_xyz\depth\1305031107.498426.png,0.012926101684570312,0.00444793701171875,1433,0.01365080000141461,0.003904399998646113,0.005283899999994901,0.009188299998641014,0.012125799999921583,0.021314099998562597,0.034964899999977206,153399296
155,1305031107.543605,data\rgbd_dataset_freiburg1_xyz\rgb\1305031107.543605.png,data\rgbd_dataset_freiburg1_xyz\depth\1305031107.534830.png,0.008774995803833008,0.0020949840545654297,1422,0.016093000000182656,0.004325500000049942,0.0057940000006055925,0.010119500000655535,0.007925699999759672,0.018045200000415207,0.03413820000059786,153792512
156,1305031107.575454,data\rgbd_dataset_freiburg1_xyz\rgb\1305031107.575454.png,data\rgbd_dataset_freiburg1_xyz\depth\1305031107.567015.png,0.008439064025878906,0.0003459453582763672,1389,0.01401120000082301,0.003617599999415688,0.005282500000248547,0.008900099999664235,0.008259499998530373,0.017159599998194608,0.031170799999017618,153792512
157,1305031107.611271,data\rgbd_dataset_freiburg1_xyz\rgb\1305031107.611271.png,data\rgbd_dataset_freiburg1_xyz\depth\1305031107.598904.png,0.012367010116577148,0.004528999328613281,1379,0.013742299999648822,0.0037123000001884066,0.00501070000063919,0.008723000000827597,0.007487799999580602,0.0162108000004082,0.02995310000005702,153808896
158,1305031107.643323,data\rgbd_dataset_freiburg1_xyz\rgb\1305031107.643323.png,data\rgbd_dataset_freiburg1_xyz\depth\1305031107.634944.png,0.008378982543945312,0.0024771690368652344,1379,0.013613499999337364,0.0035797999989881646,0.005483699998876546,0.00906349999786471,0.007301899999220041,0.01636539999708475,0.029978899996422115,153812992
159,1305031107.675568,data\rgbd_dataset_freiburg1_xyz\rgb\1305031107.675568.png,data\rgbd_dataset_freiburg1_xyz\depth\1305031107.667179.png,0.008388996124267578,0.0002319812774658203,1356,0.01339910000024247,0.0036521000001812354,0.005172499999389402,0.008824599999570637,0.007299299999431241,0.01612389999900188,0.029522999999244348,153812992
160,1305031107.711307,data\rgbd_dataset_freiburg1_xyz\rgb\1305031107.711307.png,data\rgbd_dataset_freiburg1_xyz\depth\1305031107.699390.png,0.0119171142578125,0.004392862319946289,1311,0.01526219999868772,0.003523499999573687,0.005316700000548735,0.008840200000122422,0.006896099999721628,0.01573629999984405,0.03099849999853177,153825280
161,1305031107.743538,data\rgbd_dataset_freiburg1_xyz\rgb\1305031107.743538.png,data\rgbd_dataset_freiburg1_xyz\depth\1305031107.735041.png,0.008496999740600586,0.002262115478515625,1291,0.013255699999717763,0.0034957999996549916,0.005173999999897205,0.008669799999552197,0.007265199999892502,0.0159349999994447,0.02919069999916246,153825280
162,1305031107.775802,data\rgbd_dataset_freiburg1_xyz\rgb\1305031107.775802.png,data\rgbd_dataset_freiburg1_xyz\depth\1305031107.767895.png,0.007906913757324219,1.9073486328125e-06,1305,0.013458099998388207,0.0037004000005254056,0.0049866999997902894,0.008687100000315695,0.010914099999354221,0.019601199999669916,0.03305929999805812,151994368
163,1305031107.811596,data\rgbd_dataset_freiburg1_xyz\rgb\1305031107.811596.png,data\rgbd_dataset_freiburg1_xyz\depth\1305031107.799544.png,0.012051820755004883,0.0042040348052978516,1281,0.014102500001172302,0.0036884000001009554,0.005681700000423007,0.009370100000523962,0.00809570000092208,0.01746580000144604,0.031568300002618344,153583616
164,1305031107.843332,data\rgbd_dataset_freiburg1_xyz\rgb\1305031107.843332.png,data\rgbd_dataset_freiburg1_xyz\depth\1305031107.835751.png,0.007580995559692383,0.0025680065155029297,1238,0.013794099999358878,0.0035712999997485895,0.005193299999518786,0.008764599999267375,0.007838400000764523,0.016603000000031898,0.030397099999390775,153645056
165,1305031107.875358,data\rgbd_dataset_freiburg1_xyz\rgb\1305031107.875358.png,data\rgbd_dataset_freiburg1_xyz\depth\1305031107.863505.png,0.011853218078613281,0.0003418922424316406,1226,0.014249500000005355,0.003843599999527214,0.005010999999285559,0.008854599998812773,0.006712999998853775,0.015567599997666548,0.029817099997671903,153665536
166,1305031107.911541,data\rgbd_dataset_freiburg1_xyz\rgb\1305031107.911541.png,data\rgbd_dataset_freiburg1_xyz\depth\1305031107.899222.png,0.012319087982177734,0.0042591094970703125,1191,0.014730000000781729,0.0038165000005392358,0.005408299999544397,0.009224800000083633,0.006771800000933581,0.015996600001017214,0.030726600001798943,153726976
167,1305031107.943122,data\rgbd_dataset_freiburg1_xyz\rgb\1305031107.943122.png,data\rgbd_dataset_freiburg1_xyz\depth\1305031107.933609.png,0.009512901306152344,0.0026781558990478516,1201,0.013164900001356727,0.0035033000003750203,0.004950099999405211,0.008453399999780231,0.007322299999941606,0.015775699999721837,0.028940600001078565,153726976
168,1305031107.975807,data\rgbd_dataset_freiburg1_xyz\rgb\1305031107.975807.png,data\rgbd_dataset_freiburg1_xyz\depth\1305031107.964840.png,0.010967016220092773,6.9141387939453125e-06,1190,0.01314989999991667,0.0036980999993829755,0.005073899999842979,0.008771999999225955,0.007584399998449953,0.016356399997675908,0.029506299997592578,153739264
169,1305031108.01132,data\rgbd_dataset_freiburg1_xyz\rgb\1305031108.011320.png,data\rgbd_dataset_freiburg1_xyz\depth\1305031107.998469.png,0.01285099983215332,0.004579782485961914,1250,0.013559099999838509,0.003648800000519259,0.005537200000617304,0.009186000001136563,0.007226300000183983,0.016412300001320546,0.029971400001159054,153776128
170,1305031108.043418,data\rgbd_dataset_freiburg1_xyz\rgb\1305031108.043418.png,data\rgbd_dataset_freiburg1_xyz\depth\1305031108.034824.png,0.008594036102294922,0.002382040023803711,1263,0.01329979999900388,0.0038870000007591443,0.005591099999946891,0.009478100000706036,0.008529199998520198,0.018007299999226234,0.031307099998230115,153776128
171,1305031108.075352,data\rgbd_dataset_freiburg1_xyz\rgb\1305031108.075352.png,data\rgbd_dataset_freiburg1_xyz\depth\1305031108.067271.png,0.00808095932006836,0.00044798851013183594,1274,0.015276399999493151,0.0038211999999475665,0.005111200000101235,0.008932400000048801,0.012011500000880915,0.020943900000929716,0.03622030000042287,153800704
172,1305031108.111378,data\rgbd_dataset_freiburg1_xyz\rgb\1305031108.111378.png,data\rgbd_dataset_freiburg1_xyz\depth\1305031108.099365.png,0.012012958526611328,0.00442194938659668,1234,0.015933399999994435,0.00396309999996447,0.004914999999527936,0.008878099999492406,0.00926649999928486,0.018144599998777267,0.0340779999987717,153804800
173,1305031108.143334,data\rgbd_dataset_freiburg1_xyz\rgb\1305031108.143334.png,data\rgbd_dataset_freiburg1_xyz\depth\1305031108.135281.png,0.008052825927734375,0.002566099166870117,1252,0.013242600000012317,0.003821599999355385,0.005218399999648682,0.009039999999004067,0.007835199998226017,0.016875199997230084,0.0301177999972424,153804800
174,1305031108.176058,data\rgbd_dataset_freiburg1_xyz\rgb\1305031108.176058.png,data\rgbd_dataset_freiburg1_xyz\depth\1305031108.167357.png,0.008701086044311523,0.0002579689025878906,1263,0.01360720000047877,0.00378649999947811,0.005323999999745865,0.009110499999223975,0.008012600001165993,0.017123100000389968,0.030730300000868738,153808896
175,1305031108.211475,data\rgbd_dataset_freiburg1_xyz\rgb\1305031108.211475.png,data\rgbd_dataset_freiburg1_xyz\depth\1305031108.199225.png,0.012249946594238281,0.004325151443481445,1226,0.013506700001016725,0.0039049999995768303,0.004833500001041102,0.008738500000617933,0.007913800000096671,0.016652300000714604,0.03015900000173133,153812992
176,1305031108.243347,data\rgbd_dataset_freiburg1_xyz\rgb\1305031108.243347.png,data\rgbd_dataset_freiburg1_xyz\depth\1305031108.235213.png,0.008133888244628906,0.0024530887603759766,1170,0.013157699999283068,0.003871400000207359,0.0052252000004955335,0.009096600000702892,0.011319999999614083,0.020416600000316976,0.033574299999600044,153817088
177,1305031108.275358,data\rgbd_dataset_freiburg1_xyz\rgb\1305031108.275358.png,data\rgbd_dataset_freiburg1_xyz\depth\1305031108.267660.png,0.00769805908203125,0.0004420280456542969,1172,0.01335549999930663,0.0038516000004165107,0.005284499999106629,0.00913609999952314,0.007553899999038549,0.01668999999856169,0.03004549999786832,153825280
178,1305031108.311332,data\rgbd_dataset_freiburg1_xyz\rgb\1305031108.311332.png,data\rgbd_dataset_freiburg1_xyz\depth\1305031108.299547.png,0.011785030364990234,0.0043680667877197266,1144,0.013539999999920838,0.0038638000005448703,0.0047774999984540045,0.008641299998998875,0.007229500000903499,0.015870799999902374,0.02941079999982321,153833472
179,1305031108.343278,data\rgbd_dataset_freiburg1_xyz\rgb\1305031108.343278.png,data\rgbd_dataset_freiburg1_xyz\depth\1305031108.335019.png,0.008258819580078125,0.002521991729736328,1094,0.013492199999745935,0.003674999999930151,0.004955399999744259,0.00863039999967441,0.007248300000355812,0.01587870000003022,0.029370899999776157,153870336
180,1305031108.37541,data\rgbd_dataset_freiburg1_xyz\rgb\1305031108.375410.png,data\rgbd_dataset_freiburg1_xyz\depth\1305031108.367285.png,0.008125066757202148,0.0003898143768310547,1061,0.013451900000291062,0.0038865999995323364,0.005355200000849436,0.009241800000381772,0.006848499999250635,0.016090299999632407,0.02954219999992347,153874432
181,1305031108.411361,data\rgbd_dataset_freiburg1_xyz\rgb\1305031108.411361.png,data\rgbd_dataset_freiburg1_xyz\depth\1305031108.399284.png,0.012077093124389648,0.004338979721069336,1003,0.013092700000925106,0.0037996000010025455,0.0048903999995673075,0.008690000000569853,0.007001299998592003,0.015691299999161856,0.028784000000086962,153915392
182,1305031108.44361,data\rgbd_dataset_freiburg1_xyz\rgb\1305031108.443610.png,data\rgbd_dataset_freiburg1_xyz\depth\1305031108.435023.png,0.008586883544921875,0.002290010452270508,985,0.013349400000151945,0.0038026999991416233,0.0055750999999872874,0.00937779999912891,0.007039500000246335,0.016417299999375246,0.02976669999952719,153931776
183,1305031108.475471,data\rgbd_dataset_freiburg1_xyz\rgb\1305031108.475471.png,data\rgbd_dataset_freiburg1_xyz\depth\1305031108.467680.png,0.007791042327880859,0.00032901763916015625,954,0.013655199998538592,0.004037000000607804,0.00490660000104981,0.008943600001657614,0.0068721000006917166,0.01581570000234933,0.029470900000887923,151912448
184,1305031108.511378,data\rgbd_dataset_freiburg1_xyz\rgb\1305031108.511378.png,data\rgbd_dataset_freiburg1_xyz\depth\1305031108.503548.png,0.007830142974853516,0.00442194938659668,956,0.015982499999154243,0.004995299999791314,0.004736899998533772,0.009732199998325086,0.007453099999111146,0.017185299997436232,0.033167799996590475,153583616
185,1305031108.543737,data\rgbd_dataset_freiburg1_xyz\rgb\1305031108.543737.png,data\rgbd_dataset_freiburg1_xyz\depth\1305031108.534811.png,0.008925914764404297,0.0020630359649658203,933,0.013107200000376906,0.003925299999536946,0.004550100000415114,0.00847539999995206,0.006974800000534742,0.015450200000486802,0.02855740000086371,153886720
186,1305031108.575414,data\rgbd_dataset_freiburg1_xyz\rgb\1305031108.575414.png,data\rgbd_dataset_freiburg1_xyz\depth\1305031108.567154.png,0.008260011672973633,0.00048613548278808594,961,0.01326349999908416,0.003821500000412925,0.004873199999565259,0.008694699999978184,0.00718349999988277,0.015878199999860954,0.029141699998945114,153886720
187,1305031108.611407,data\rgbd_dataset_freiburg1_xyz\rgb\1305031108.611407.png,data\rgbd_dataset_freiburg1_xyz\depth\1305031108.603547.png,0.007859945297241211,0.004292964935302734,919,0.013543699998990633,0.003930599999875994,0.004975100000592647,0.008905700000468642,0.007608200001413934,0.016513900001882575,0.030057600000873208,153927680
188,1305031108.643303,data\rgbd_dataset_freiburg1_xyz\rgb\1305031108.643303.png,data\rgbd_dataset_freiburg1_xyz\depth\1305031108.634212.png,0.009090900421142578,0.0023970603942871094,903,0.015573299999232404,0.004718100000900449,0.004317200000514276,0.009035300001414726,0.007049799998640083,0.01608510000005481,0.03165839999928721,153935872
189,1305031108.675375,data\rgbd_dataset_freiburg1_xyz\rgb\1305031108.675375.png,data\rgbd_dataset_freiburg1_xyz\depth\1305031108.667189.png,0.008186101913452148,0.0003249645233154297,869,0.013247299999420648,0.003829100000075414,0.00445419999959995,0.008283299999675364,0.006789999999455176,0.01507329999913054,0.028320599998551188,153944064
190,1305031108.711411,data\rgbd_dataset_freiburg1_xyz\rgb\1305031108.711411.png,data\rgbd_dataset_freiburg1_xyz\depth\1305031108.703346.png,0.008064985275268555,0.004389047622680664,853,0.013066100000287406,0.003959499999837135,0.005117699998663738,0.009077199998500873,0.006539100000736653,0.015616299999237526,0.028682399999524932,153960448
191,1305031108.743502,data\rgbd_dataset_freiburg1_xyz\rgb\1305031108.743502.png,data\rgbd_dataset_freiburg1_xyz\depth\1305031108.735052.png,0.008449792861938477,0.002298116683959961,819,0.013310500000443426,0.003919400000086171,0.004891100001259474,0.008810500001345645,0.006529299998874194,0.015339800000219839,0.028650300000663265,153964544
192,1305031108.775493,data\rgbd_dataset_freiburg1_xyz\rgb\1305031108.775493.png,data\rgbd_dataset_freiburg1_xyz\depth\1305031108.767031.png,0.008461952209472656,0.0003070831298828125,815,0.013430299999527051,0.0039264999995793914,0.004347000000052503,0.008273499999631895,0.0065329000008205185,0.014806400000452413,0.028236699999979464,153993216
193,1305031108.811244,data\rgbd_dataset_freiburg1_xyz\rgb\1305031108.811244.png,data\rgbd_dataset_freiburg1_xyz\depth\1305031108.803370.png,0.007874011993408203,0.004656076431274414,824,0.013441299999612966,0.00398249999852851,0.004927800000587013,0.008910299999115523,0.007023299998763832,0.015933599997879355,0.02937489999749232,153993216
194,1305031108.843264,data\rgbd_dataset_freiburg1_xyz\rgb\1305031108.843264.png,data\rgbd_dataset_freiburg1_xyz\depth\1305031108.835163.png,0.00810098648071289,0.007564067840576172,800,0.013826599999447353,0.0041282999991381075,0.0053210000005492475,0.009449299999687355,0.0068745999997190665,0.01632389999940642,0.030150499998853775,154005504
195,1305031108.943243,data\rgbd_dataset_freiburg1_xyz\rgb\1305031108.943243.png,data\rgbd_dataset_freiburg1_xyz\depth\1305031108.935116.png,0.008126974105834961,0.002557039260864258,803,0.013356600000406615,0.004103600000235019,0.005087899999125511,0.00919149999936053,0.0064872000002651475,0.015678699999625678,0.029035300000032294,154013696
196,1305031108.975268,data\rgbd_dataset_freiburg1_xyz\rgb\1305031108.975268.png,data\rgbd_dataset_freiburg1_xyz\depth\1305031108.967245.png,0.008022785186767578,0.0005321502685546875,850,0.013376700000662822,0.0037229999998089625,0.005443100000775303,0.009166100000584265,0.007247300000017276,0.01641340000060154,0.029790100001264364,154025984
197,1305031109.011269,data\rgbd_dataset_freiburg1_xyz\rgb\1305031109.011269.png,data\rgbd_dataset_freiburg1_xyz\depth\1305031109.003064.png,0.008205175399780273,0.004431009292602539,860,0.016187100000024657,0.004634599999917555,0.0053769000005559064,0.010011500000473461,0.006787300000723917,0.016798800001197378,0.032985900001222035,154030080
198,1305031109.043277,data\rgbd_dataset_freiburg1_xyz\rgb\1305031109.043277.png,data\rgbd_dataset_freiburg1_xyz\depth\1305031109.034955.png,0.008322000503540039,0.0025229454040527344,851,0.013424599999780185,0.0038681000005453825,0.00555510000049253,0.009423200001037912,0.006941800000276999,0.01636500000131491,0.029789600001095096,154042368
199,1305031109.07541,data\rgbd_dataset_freiburg1_xyz\rgb\1305031109.075410.png,data\rgbd_dataset_freiburg1_xyz\depth\1305031109.067091.png,0.008318901062011719,0.00029015541076660156,864,0.013231099999757134,0.003988599999502185,0.005358899999919231,0.009347499999421416,0.006664099999397877,0.016011599998819293,0.029242699998576427,154054656
200,1305031109.111282,data\rgbd_dataset_freiburg1_xyz\rgb\1305031109.111282.png,data\rgbd_dataset_freiburg1_xyz\depth\1305031109.103294.png,0.007988214492797852,0.004417896270751953,869,0.013163100000383565,0.0037735000005341135,0.0051990000010846416,0.008972500001618755,0.006953800000701449,0.015926300002320204,0.02908940000270377,154054656
201,1305031109.143334,data\rgbd_dataset_freiburg1_xyz\rgb\1305031109.143334.png,data\rgbd_dataset_freiburg1_xyz\depth\1305031109.134968.png,0.008365869522094727,0.0023660659790039062,861,0.01299509999989823,0.0037471000014193123,0.005468599998494028,0.00921569999991334,0.006503800001155469,0.01571950000106881,0.02871460000096704,154062848
202,1305031109.175464,data\rgbd_dataset_freiburg1_xyz\rgb\1305031109.175464.png,data\rgbd_dataset_freiburg1_xyz\depth\1305031109.165848.png,0.009615898132324219,0.00023603439331054688,857,0.013100400001349044,0.0038284999991446966,0.0052912000010110205,0.009119700000155717,0.006921000000147615,0.016040700000303332,0.029141100001652376,154066944
203,1305031109.211379,data\rgbd_dataset_freiburg1_xyz\rgb\1305031109.211379.png,data\rgbd_dataset_freiburg1_xyz\depth\1305031109.203388.png,0.00799107551574707,0.004320859909057617,895,0.013081699999020202,0.0037314999990485376,0.005035299998780829,0.008766799997829366,0.0075254999992466765,0.016292299997076043,0.029373999996096245,154071040
204,1305031109.24329,data\rgbd_dataset_freiburg1_xyz\rgb\1305031109.243290.png,data\rgbd_dataset_freiburg1_xyz\depth\1305031109.234324.png,0.00896596908569336,0.0024099349975585938,888,0.015702900000178488,0.0047672999990027165,0.005097199998999713,0.00986449999800243,0.00710369999978866,0.01696819999779109,0.03267109999796958,154071040
205,1305031109.275308,data\rgbd_dataset_freiburg1_xyz\rgb\1305031109.275308.png,data\rgbd_dataset_freiburg1_xyz\depth\1305031109.266325.png,0.00898289680480957,0.0003921985626220703,869,0.01298279999900842,0.0038044000011723256,0.005620299998554401,0.009424699999726727,0.006601500001124805,0.01602620000085153,0.029008999999859952,154079232
206,1305031109.311329,data\rgbd_dataset_freiburg1_xyz\rgb\1305031109.311329.png,data\rgbd_dataset_freiburg1_xyz\depth\1305031109.303457.png,0.007871866226196289,0.004371166229248047,889,0.013013100000534905,0.003920200000720797,0.0053996999995433725,0.00931990000026417,0.007200500000180909,0.01652040000044508,0.029533500000979984,154087424
207,1305031109.343248,data\rgbd_dataset_freiburg1_xyz\rgb\1305031109.343248.png,data\rgbd_dataset_freiburg1_xyz\depth\1305031109.334602.png,0.008645772933959961,0.0024521350860595703,918,0.013063700000202516,0.0038586000009672716,0.005158899999514688,0.00901750000048196,0.007607600000483217,0.016625100000965176,0.029688800001167692,154099712
208,1305031109.375397,data\rgbd_dataset_freiburg1_xyz\rgb\1305031109.375397.png,data\rgbd_dataset_freiburg1_xyz\depth\1305031109.364882.png,0.010514974594116211,0.00030303001403808594,919,0.015484300000025542,0.00472760000047856,0.005638099999487167,0.010365699999965727,0.0071898000005603535,0.01755550000052608,0.03303980000055162,154103808
209,1305031109.411329,data\rgbd_dataset_freiburg1_xyz\rgb\1305031109.411329.png,data\rgbd_dataset_freiburg1_xyz\depth\1305031109.403386.png,0.007942914962768555,0.0044710636138916016,905,0.013138399999661488,0.003819000001385575,0.0048439000001962995,0.008662900001581875,0.009739299999637296,0.01840220000121917,0.03154060000088066,154116096
210,1305031109.443302,data\rgbd_dataset_freiburg1_xyz\rgb\1305031109.443302.png,data\rgbd_dataset_freiburg1_xyz\depth\1305031109.434469.png,0.008832931518554688,0.0023980140686035156,922,0.013103400000545662,0.0038134999995236285,0.004950600001393468,0.008764100000917097,0.007035599999653641,0.015799700000570738,0.0289031000011164,154120192
211,1305031109.475363,data\rgbd_dataset_freiburg1_xyz\rgb\1305031109.475363.png,data\rgbd_dataset_freiburg1_xyz\depth\1305031109.467362.png,0.008001089096069336,0.00043702125549316406,919,0.014698099999804981,0.003777500000069267,0.004896800001006341,0.008674300001075608,0.008150900001055561,0.01682520000213117,0.03152330000193615,154128384
212,1305031109.511273,data\rgbd_dataset_freiburg1_xyz\rgb\1305031109.511273.png,data\rgbd_dataset_freiburg1_xyz\depth\1305031109.503193.png,0.008080005645751953,0.004527091979980469,914,0.01556209999944258,0.004559399998470326,0.00522369999998773,0.009783099998458056,0.00967329999912181,0.019456399997579865,0.035018499997022445,154132480
213,1305031109.543294,data\rgbd_dataset_freiburg1_xyz\rgb\1305031109.543294.png,data\rgbd_dataset_freiburg1_xyz\depth\1305031109.535715.png,0.007578849792480469,0.0025060176849365234,957,0.01341350000075181,0.003819899999143672,0.00483170000006794,0.008651599999211612,0.006427099999200436,0.015078699998412048,0.02849219999916386,154132480
214,1305031109.575362,data\rgbd_dataset_freiburg1_xyz\rgb\1305031109.575362.png,data\rgbd_dataset_freiburg1_xyz\depth\1305031109.567452.png,0.007910013198852539,0.0003380775451660156,994,0.013486899999406887,0.0038979000000836095,0.0053157000002101995,0.009213600000293809,0.006422200000088196,0.015635800000382005,0.029122699999788892,154132480
215,1305031109.61131,data\rgbd_dataset_freiburg1_xyz\rgb\1305031109.611310.png,data\rgbd_dataset_freiburg1_xyz\depth\1305031109.603601.png,0.007709026336669922,0.004489898681640625,980,0.013182400000005146,0.0038992999998299638,0.005376799999794457,0.009276099999624421,0.006884499998704996,0.016160599998329417,0.029342999998334562,154140672
216,1305031109.643229,data\rgbd_dataset_freiburg1_xyz\rgb\1305031109.643229.png,data\rgbd_dataset_freiburg1_xyz\depth\1305031109.635323.png,0.007905960083007812,0.0024709701538085938,996,0.014070600000195554,0.004016000000774511,0.0050249999985680915,0.009040999999342603,0.007438300001012976,0.01647930000035558,0.030549900000551133,154152960
217,1305031109.675263,data\rgbd_dataset_freiburg1_xyz\rgb\1305031109.675263.png,data\rgbd_dataset_freiburg1_xyz\depth\1305031109.667570.png,0.007692813873291016,0.00043702125549316406,986,0.013446799999655923,0.0037301000011211727,0.005259699999442091,0.008989800000563264,0.006492399999842746,0.01548220000040601,0.028929000000061933,154165248
218,1305031109.711312,data\rgbd_dataset_freiburg1_xyz\rgb\1305031109.711312.png,data\rgbd_dataset_freiburg1_xyz\depth\1305031109.703265.png,0.008047103881835938,0.004387855529785156,995,0.013468099999954575,0.0038063000010879477,0.004971300000761403,0.00877760000184935,0.006664500000624685,0.015442100002474035,0.02891020000242861,154169344
219,1305031109.743274,data\rgbd_dataset_freiburg1_xyz\rgb\1305031109.743274.png,data\rgbd_dataset_freiburg1_xyz\depth\1305031109.735059.png,0.008214950561523438,0.0024259090423583984,975,0.013223399999333196,0.00375029999850085,0.00480509999943024,0.00855539999793109,0.00739870000143128,0.01595409999936237,0.029177499998695566,154181632
220,1305031109.775277,data\rgbd_dataset_freiburg1_xyz\rgb\1305031109.775277.png,data\rgbd_dataset_freiburg1_xyz\depth\1305031109.767470.png,0.007807016372680664,0.0005230903625488281,967,0.013327799999387935,0.0035979000003862893,0.005093199999464559,0.008691099999850849,0.006744500000422704,0.015435600000273553,0.028763399999661488,154189824
221,1305031109.811371,data\rgbd_dataset_freiburg1_xyz\rgb\1305031109.811371.png,data\rgbd_dataset_freiburg1_xyz\depth\1305031109.803396.png,0.007975101470947266,0.00432896614074707,950,0.01304339999842341,0.003784699998504948,0.005201199999646633,0.00898589999815158,0.007376499999736552,0.016362399997888133,0.029405799996311544,154202112
222,1305031109.843296,data\rgbd_dataset_freiburg1_xyz\rgb\1305031109.843296.png,data\rgbd_dataset_freiburg1_xyz\depth\1305031109.834910.png,0.00838613510131836,0.0024039745330810547,939,0.01566360000106215,0.00438640000174928,0.004850600000281702,0.009237000002030982,0.007433100001435378,0.01667010000346636,0.03233370000452851,154210304
223,1305031109.875306,data\rgbd_dataset_freiburg1_xyz\rgb\1305031109.875306.png,data\rgbd_dataset_freiburg1_xyz\depth\1305031109.871271.png,0.004034996032714844,0.0004940032958984375,942,0.01317179999932705,0.0038894999997864943,0.004922399999486515,0.00881189999927301,0.0061451999990822515,0.014957099998355261,0.02812889999768231,154214400
224,1305031109.911265,data\rgbd_dataset_freiburg1_xyz\rgb\1305031109.911265.png,data\rgbd_dataset_freiburg1_xyz\depth\1305031109.900535.png,0.010729789733886719,0.004535198211669922,911,0.01281340000059572,0.003933400001187692,0.004826500000490341,0.008759900001678034,0.006613699999434175,0.015373600001112209,0.02818700000170793,154218496
225,1305031109.943299,data\rgbd_dataset_freiburg1_xyz\rgb\1305031109.943299.png,data\rgbd_dataset_freiburg1_xyz\depth\1305031109.934960.png,0.008339166641235352,0.0024008750915527344,927,0.013329600000361097,0.003922899999452056,0.004740899999887915,0.008663799999339972,0.0067453999999997905,0.015409199999339762,0.02873879999970086,154226688
226,1305031109.975258,data\rgbd_dataset_freiburg1_xyz\rgb\1305031109.975258.png,data\rgbd_dataset_freiburg1_xyz\depth\1305031109.970213.png,0.005045175552368164,0.0005419254302978516,903,0.012992199999644072,0.003681000000142376,0.005172400000446942,0.008853400000589318,0.007320400000025984,0.0161738000006153,0.029166000000259373,154226688
227,1305031110.011256,data\rgbd_dataset_freiburg1_xyz\rgb\1305031110.011256.png,data\rgbd_dataset_freiburg1_xyz\depth\1305031109.999657.png,0.011599063873291016,0.004444122314453125,961,0.013029499999902328,0.0037544000006164424,0.004375900000013644,0.008130300000630086,0.006728300000759191,0.014858600001389277,0.027888100001291605,154226688
228,1305031110.043299,data\rgbd_dataset_freiburg1_xyz\rgb\1305031110.043299.png,data\rgbd_dataset_freiburg1_xyz\depth\1305031110.031356.png,0.011942863464355469,0.002401113510131836,938,0.013283700000101817,0.003748499999346677,0.005051199999797973,0.00879969999914465,0.0070524000002478715,0.01585209999939252,0.02913579999949434,154234880
229,1305031110.075319,data\rgbd_dataset_freiburg1_xyz\rgb\1305031110.075319.png,data\rgbd_dataset_freiburg1_xyz\depth\1305031110.068125.png,0.007194042205810547,0.0003809928894042969,930,0.013171399999919231,0.003823200000624638,0.0048790000000735745,0.008702200000698213,0.007389799999145907,0.01609199999984412,0.02926339999976335,154243072
230,1305031110.111325,data\rgbd_dataset_freiburg1_xyz\rgb\1305031110.111325.png,data\rgbd_dataset_freiburg1_xyz\depth\1305031110.101397.png,0.009927988052368164,0.004374980926513672,954,0.015658399999665562,0.00445679999938875,0.005364200000258279,0.009820999999647029,0.007515900000726106,0.017336900000373134,0.032995300000038696,154312704
231,1305031110.143432,data\rgbd_dataset_freiburg1_xyz\rgb\1305031110.143432.png,data\rgbd_dataset_freiburg1_xyz\depth\1305031110.132317.png,0.011114835739135742,0.0023682117462158203,972,0.01332410000031814,0.00381060000108846,0.005021900000429014,0.008832500001517474,0.006813099998908001,0.015645600000425475,0.028969700000743615,154324992
232,1305031110.175641,data\rgbd_dataset_freiburg1_xyz\rgb\1305031110.175641.png,data\rgbd_dataset_freiburg1_xyz\depth\1305031110.168323.png,0.007318019866943359,5.888938903808594e-05,976,0.013076499999442603,0.003637199999502627,0.004523100000369595,0.008160299999872223,0.007275199999639881,0.015435499999512103,0.028511999998954707,154329088
233,1305031110.211637,data\rgbd_dataset_freiburg1_xyz\rgb\1305031110.211637.png,data\rgbd_dataset_freiburg1_xyz\depth\1305031110.203162.png,0.008475065231323242,0.004163026809692383,965,0.01312589999906777,0.0037450999989232514,0.005073899999842979,0.00881899999876623,0.0066793000005418435,0.015498299999308074,0.028624199998375843,154337280
234,1305031110.243323,data\rgbd_dataset_freiburg1_xyz\rgb\1305031110.243323.png,data\rgbd_dataset_freiburg1_xyz\depth\1305031110.234909.png,0.008414030075073242,0.0023767948150634766,970,0.013092099999994389,0.0037806999989697943,0.005017000001316774,0.008797700000286568,0.010653999999703956,0.019451699999990524,0.03254379999998491,154357760
235,1305031110.279321,data\rgbd_dataset_freiburg1_xyz\rgb\1305031110.279321.png,data\rgbd_dataset_freiburg1_xyz\depth\1305031110.271394.png,0.00792694091796875,0.0036208629608154297,1024,0.013562100000854116,0.0035969000000477536,0.004754800000227988,0.008351700000275741,0.008220600000640843,0.016572300000916584,0.0301344000017707,154370048
236,1305031110.311404,data\rgbd_dataset_freiburg1_xyz\rgb\1305031110.311404.png,data\rgbd_dataset_freiburg1_xyz\depth\1305031110.303648.png,0.00775599479675293,0.004296064376831055,1051,0.012829900000724592,0.003669600000648643,0.0051052999988314696,0.008774899999480112,0.010685899998861714,0.019460799998341827,0.03229069999906642,154370048
237,1305031110.343355,data\rgbd_dataset_freiburg1_xyz\rgb\1305031110.343355.png,data\rgbd_dataset_freiburg1_xyz\depth\1305031110.331570.png,0.011785030364990234,0.0023450851440429688,1105,0.015260199999829638,0.004440200000317418,0.0055644999993091915,0.01000469999962661,0.007728700000370736,0.017733399999997346,0.032993599999826984,154374144
238,1305031110.379281,data\rgbd_dataset_freiburg1_xyz\rgb\1305031110.379281.png,data\rgbd_dataset_freiburg1_xyz\depth\1305031110.371607.png,0.007673978805541992,0.0035810470581054688,1152,0.013291799999933573,0.003678099999888218,0.005601599999863538,0.009279699999751756,0.00786100000004808,0.017140699999799835,0.03043249999973341,154382336
239,1305031110.411469,data\rgbd_dataset_freiburg1_xyz\rgb\1305031110.411469.png,data\rgbd_dataset_freiburg1_xyz\depth\1305031110.403480.png,0.007988929748535156,0.004230976104736328,1162,0.013385399999606307,0.003768399999898975,0.004988599999705912,0.008756999999604886,0.010802500000863802,0.019559500000468688,0.032944900000074995,154382336
240,1305031110.44326,data\rgbd_dataset_freiburg1_xyz\rgb\1305031110.443260.png,data\rgbd_dataset_freiburg1_xyz\depth\1305031110.435647.png,0.007612943649291992,0.0024399757385253906,1206,0.01300450000053388,0.0036433000004763016,0.004924300001221127,0.008567600001697429,0.00725109999984852,0.01581870000154595,0.02882320000207983,154382336
241,1305031110.479331,data\rgbd_dataset_freiburg1_xyz\rgb\1305031110.479331.png,data\rgbd_dataset_freiburg1_xyz\depth\1305031110.470588.png,0.008743047714233398,0.003631114959716797,1269,0.013224000000263914,0.003965600000810809,0.004747400000269408,0.008713000001080218,0.007472600000255625,0.016185600001335843,0.029409600001599756,154390528
242,1305031110.511429,data\rgbd_dataset_freiburg1_xyz\rgb\1305031110.511429.png,data\rgbd_dataset_freiburg1_xyz\depth\1305031110.502539.png,0.008890151977539062,0.004271030426025391,1310,0.012926299999890034,0.003728199999386561,0.005376700000851997,0.009104900000238558,0.008036100000026636,0.017141000000265194,0.030067300000155228,154398720
243,1305031110.543408,data\rgbd_dataset_freiburg1_xyz\rgb\1305031110.543408.png,data\rgbd_dataset_freiburg1_xyz\depth\1305031110.534532.png,0.008875846862792969,0.002292156219482422,1349,0.013083399999231915,0.003912000000127591,0.005114199999297853,0.009026199999425444,0.007700600001044222,0.016726800000469666,0.02981019999970158,154406912
244,1305031110.579426,data\rgbd_dataset_freiburg1_xyz\rgb\1305031110.579426.png,data\rgbd_dataset_freiburg1_xyz\depth\1305031110.571676.png,0.007750034332275391,0.0037260055541992188,1360,0.013424499999018735,0.004190100000414532,0.005428899999969872,0.009619000000384403,0.008554500000172993,0.018173500000557397,0.03159799999957613,154415104
245,1305031110.611307,data\rgbd_dataset_freiburg1_xyz\rgb\1305031110.611307.png,data\rgbd_dataset_freiburg1_xyz\depth\1305031110.604289.png,0.007017850875854492,0.004393100738525391,1355,0.01345729999957257,0.004041599999254686,0.005701399999452406,0.009742999998707091,0.011403499998777988,0.02114649999748508,0.03460379999705765,154431488
246,1305031110.643418,data\rgbd_dataset_freiburg1_xyz\rgb\1305031110.643418.png,data\rgbd_dataset_freiburg1_xyz\depth\1305031110.635485.png,0.00793313980102539,0.0022819042205810547,1382,0.013487000000168337,0.003916600000593462,0.005628699998851516,0.009545299999444978,0.007711599999311147,0.017256899998756126,0.030743899998924462,154435584
247,1305031110.679606,data\rgbd_dataset_freiburg1_xyz\rgb\1305031110.679606.png,data\rgbd_dataset_freiburg1_xyz\depth\1305031110.671775.png,0.00783085823059082,0.0039060115814208984,1381,0.013361499999518855,0.004000099999757367,0.00495989999944868,0.008959999999206048,0.00789489999988291,0.016854899999088957,0.030216399998607812,154435584
248,1305031110.711412,data\rgbd_dataset_freiburg1_xyz\rgb\1305031110.711412.png,data\rgbd_dataset_freiburg1_xyz\depth\1305031110.699957.png,0.011455059051513672,0.0042879581451416016,1399,0.013724700000238954,0.004097499999261345,0.005190699999729986,0.009288199998991331,0.007554200001322897,0.016842400000314228,0.030567100000553182,154443776
249,1305031110.743249,data\rgbd_dataset_freiburg1_xyz\rgb\1305031110.743249.png,data\rgbd_dataset_freiburg1_xyz\depth\1305031110.735440.png,0.0078089237213134766,0.0024509429931640625,1370,0.013552200000049197,0.003991900000983151,0.005850100000316161,0.009842000001299311,0.008418499999606865,0.018260500000906177,0.031812700000955374,154443776
250,1305031110.779193,data\rgbd_dataset_freiburg1_xyz\rgb\1305031110.779193.png,data\rgbd_dataset_freiburg1_xyz\depth\1305031110.769734.png,0.00945901870727539,0.003392934799194336,1392,0.015827700000954792,0.004740000000310829,0.0055175999987113755,0.010257599999022204,0.007641199999852688,0.017898799998874892,0.033726499999829684,154447872
251,1305031110.811386,data\rgbd_dataset_freiburg1_xyz\rgb\1305031110.811386.png,data\rgbd_dataset_freiburg1_xyz\depth\1305031110.799684.png,0.01170206069946289,0.004313945770263672,1335,0.013448100000459817,0.003781100000196602,0.005244100000709295,0.009025200000905897,0.007663799999136245,0.016689000000042142,0.03013710000050196,154451968
252,1305031110.843218,data\rgbd_dataset_freiburg1_xyz\rgb\1305031110.843218.png,data\rgbd_dataset_freiburg1_xyz\depth\1305031110.835248.png,0.007970094680786133,0.0024819374084472656,1367,0.013643999998748768,0.0038597000002482673,0.005287399999360787,0.009147099999609054,0.008950499999627937,0.01809759999923699,0.03174159999798576,154537984
253,1305031110.879313,data\rgbd_dataset_freiburg1_xyz\rgb\1305031110.879313.png,data\rgbd_dataset_freiburg1_xyz\depth\1305031110.871293.png,0.00801992416381836,0.003612995147705078,1365,0.01369180000074266,0.004010099999504746,0.005144000000655069,0.009154100000159815,0.008668499998748302,0.017822599998908117,0.03151439999965078,154537984
254,1305031110.911333,data\rgbd_dataset_freiburg1_xyz\rgb\1305031110.911333.png,data\rgbd_dataset_freiburg1_xyz\depth\1305031110.901900.png,0.00943303108215332,0.004467010498046875,1353,0.015930600000501727,0.0037998000007064547,0.004844800001592375,0.00864460000229883,0.007449000000633532,0.016093600002932362,0.03202420000343409,154546176
255,1305031110.943862,data\rgbd_dataset_freiburg1_xyz\rgb\1305031110.943862.png,data\rgbd_dataset_freiburg1_xyz\depth\1305031110.938668.png,0.005193948745727539,0.0018379688262939453,1351,0.013779900000372436,0.0037350000002334127,0.00495980000050622,0.008694800000739633,0.007517899999584188,0.01621270000032382,0.029992600000696257,154550272
256,1305031110.979345,data\rgbd_dataset_freiburg1_xyz\rgb\1305031110.979345.png,data\rgbd_dataset_freiburg1_xyz\depth\1305031110.971316.png,0.008028984069824219,0.003645181655883789,1340,0.013331699999980628,0.003843399999823305,0.005244000001766835,0.00908740000159014,0.007058699999106466,0.016146100000696606,0.029477800000677234,154562560
257,1305031111.011431,data\rgbd_dataset_freiburg1_xyz\rgb\1305031111.011431.png,data\rgbd_dataset_freiburg1_xyz\depth\1305031111.003669.png,0.007761955261230469,0.004269123077392578,1363,0.013090000000374857,0.0038030000014259713,0.005036599999584723,0.008839600001010695,0.007247800000186544,0.01608740000119724,0.029177400001572096,154566656
258,1305031111.043327,data\rgbd_dataset_freiburg1_xyz\rgb\1305031111.043327.png,data\rgbd_dataset_freiburg1_xyz\depth\1305031111.039669.png,0.0036580562591552734,0.0024728775024414062,1378,0.013358599999264698,0.004598299999997835,0.005558299999393057,0.010156599999390892,0.012075000000550062,0.022231599999940954,0.03559019999920565,154583040
259,1305031111.079283,data\rgbd_dataset_freiburg1_xyz\rgb\1305031111.079283.png,data\rgbd_dataset_freiburg1_xyz\depth\1305031111.071605.png,0.007678031921386719,0.0035829544067382812,1364,0.014432400001169299,0.0040275999999721535,0.005172200000743032,0.009199800000715186,0.008420899999691756,0.01762070000040694,0.03205310000157624,154587136
260,1305031111.111508,data\rgbd_dataset_freiburg1_xyz\rgb\1305031111.111508.png,data\rgbd_dataset_freiburg1_xyz\depth\1305031111.103658.png,0.007849931716918945,0.0041921138763427734,1342,0.014071300000068732,0.00427270000000135,0.0062576999989687465,0.010530399998970097,0.00894729999890842,0.019477699997878517,0.03354899999794725,154591232
261,1305031111.143257,data\rgbd_dataset_freiburg1_xyz\rgb\1305031111.143257.png,data\rgbd_dataset_freiburg1_xyz\depth\1305031111.139211.png,0.004045963287353516,0.002443075180053711,1331,0.014148199999908684,0.003947199998947326,0.005425499999546446,0.009372699998493772,0.007944799999677343,0.017317499998171115,0.0314656999980798,154595328
262,1305031111.179326,data\rgbd_dataset_freiburg1_xyz\rgb\1305031111.179326.png,data\rgbd_dataset_freiburg1_xyz\depth\1305031111.170937.png,0.008388996124267578,0.003626108169555664,1328,0.013275299999804702,0.003974900000685011,0.005091900000479654,0.009066800001164665,0.00811029999931634,0.017177100000481005,0.030452400000285706,154607616
263,1305031111.211433,data\rgbd_dataset_freiburg1_xyz\rgb\1305031111.211433.png,data\rgbd_dataset_freiburg1_xyz\depth\1305031111.199395.png,0.012037992477416992,0.004266977310180664,1323,0.013426499999695807,0.003984599999967031,0.005422700000053737,0.009407300000020768,0.00799630000074103,0.0174036000007618,0.030830100000457605,154607616
264,1305031111.243236,data\rgbd_dataset_freiburg1_xyz\rgb\1305031111.243236.png,data\rgbd_dataset_freiburg1_xyz\depth\1305031111.236670.png,0.006566047668457031,0.002563953399658203,1268,0.013398799999777111,0.003898999999364605,0.004668199999287026,0.008567199998651631,0.008797899999990477,0.01736509999864211,0.03076389999841922,154611712
265,1305031111.279308,data\rgbd_dataset_freiburg1_xyz\rgb\1305031111.279308.png,data\rgbd_dataset_freiburg1_xyz\depth\1305031111.269939.png,0.009369134902954102,0.0036079883575439453,1224,0.015452100000402424,0.00456560000020545,0.005200999999942724,0.009766600000148173,0.006938000000445754,0.016704600000593928,0.03215670000099635,154619904
266,1305031111.311547,data\rgbd_dataset_freiburg1_xyz\rgb\1305031111.311547.png,data\rgbd_dataset_freiburg1_xyz\depth\1305031111.302311.png,0.00923609733581543,0.004153013229370117,1241,0.013439599999401253,0.0037837999989278615,0.005083500000182539,0.0088672999991104,0.009470699998928467,0.018337999998038867,0.03177759999744012,154628096
267,1305031111.343397,data\rgbd_dataset_freiburg1_xyz\rgb\1305031111.343397.png,data\rgbd_dataset_freiburg1_xyz\depth\1305031111.339460.png,0.0039370059967041016,0.0023031234741210938,1200,0.013654300000780495,0.0038748000006307848,0.004822499999136198,0.008697299999766983,0.007595400000354857,0.01629270000012184,0.029947000000902335,154628096
268,1305031111.379134,data\rgbd_dataset_freiburg1_xyz\rgb\1305031111.379134.png,data\rgbd_dataset_freiburg1_xyz\depth\1305031111.370908.png,0.00822591781616211,0.0034339427947998047,1185,0.013012800000069547,0.0037492000010388438,0.004883600000539445,0.008632800001578289,0.007370599998466787,0.016003400000045076,0.029016200000114623,154640384
269,1305031111.411296,data\rgbd_dataset_freiburg1_xyz\rgb\1305031111.411296.png,data\rgbd_dataset_freiburg1_xyz\depth\1305031111.402911.png,0.008384943008422852,0.0044040679931640625,1188,0.013725900000281399,0.003931000001102802,0.005229799999142415,0.009160800000245217,0.00855050000063784,0.017711300000883057,0.031437200001164456,154644480
270,1305031111.443386,data\rgbd_dataset_freiburg1_xyz\rgb\1305031111.443386.png,data\rgbd_dataset_freiburg1_xyz\depth\1305031111.438948.png,0.004438161849975586,0.002313852310180664,1165,0.01329270000132965,0.0037957000004098518,0.0049699000010150485,0.0087656000014249,0.010747700000138138,0.01951330000156304,0.03280600000289269,154660864
271,1305031111.479259,data\rgbd_dataset_freiburg1_xyz\rgb\1305031111.479259.png,data\rgbd_dataset_freiburg1_xyz\depth\1305031111.470919.png,0.008340120315551758,0.003258943557739258,1197,0.013205900000684778,0.003765900000871625,0.0051806999999826076,0.008946600000854232,0.007685099999434897,0.01663170000028913,0.029837600000973907,154664960
272,1305031111.511264,data\rgbd_dataset_freiburg1_xyz\rgb\1305031111.511264.png,data\rgbd_dataset_freiburg1_xyz\depth\1305031111.503531.png,0.00773310661315918,0.004436016082763672,1121,0.0133507999998983,0.004007100000308128,0.005005400000300142,0.00901250000060827,0.008232600001065293,0.017245100001673563,0.030595900001571863,154673152
273,1305031111.54325,data\rgbd_dataset_freiburg1_xyz\rgb\1305031111.543250.png,data\rgbd_dataset_freiburg1_xyz\depth\1305031111.539482.png,0.0037679672241210938,0.002549886703491211,1073,0.01335569999901054,0.003841699999611592,0.0050759999994625105,0.008917699999074102,0.00796740000077989,0.016885099999853992,0.03024079999886453,154677248
274,1305031111.579237,data\rgbd_dataset_freiburg1_xyz\rgb\1305031111.579237.png,data\rgbd_dataset_freiburg1_xyz\depth\1305031111.571320.png,0.007916927337646484,0.003437042236328125,1059,0.013334100000065519,0.0039664999985689064,0.005053399998359964,0.00901989999692887,0.010593599999992875,0.019613499996921746,0.032947599996987265,154677248
275,1305031111.611271,data\rgbd_dataset_freiburg1_xyz\rgb\1305031111.611271.png,data\rgbd_dataset_freiburg1_xyz\depth\1305031111.603391.png,0.007879972457885742,0.0044291019439697266,1018,0.013525499998650048,0.0037568000007013325,0.005605600001217681,0.009362400001919013,0.010632299999997485,0.0199947000019165,0.03352020000056655,154693632
276,1305031111.643395,data\rgbd_dataset_freiburg1_xyz\rgb\1305031111.643395.png,data\rgbd_dataset_freiburg1_xyz\depth\1305031111.639405.png,0.0039899349212646484,0.0023050308227539062,1004,0.013352500000110012,0.0036714999987452757,0.005004499998904066,0.008675999997649342,0.007523300000684685,0.016199299998334027,0.02955179999844404,154693632
277,1305031111.67932,data\rgbd_dataset_freiburg1_xyz\rgb\1305031111.679320.png,data\rgbd_dataset_freiburg1_xyz\depth\1305031111.671252.png,0.008068084716796875,0.003620147705078125,1029,0.012922100000650971,0.0037337000012485078,0.005524199999854318,0.009257900001102826,0.007353999999395455,0.01661190000049828,0.029534000001149252,154693632
278,1305031111.71176,data\rgbd_dataset_freiburg1_xyz\rgb\1305031111.711760.png,data\rgbd_dataset_freiburg1_xyz\depth\1305031111.703791.png,0.007969141006469727,0.00393986701965332,970,0.01335560000006808,0.004054400000313763,0.004907000000457629,0.008961400000771391,0.007611299999553012,0.016572700000324403,0.029928300000392483,154701824
279,1305031111.743386,data\rgbd_dataset_freiburg1_xyz\rgb\1305031111.743386.png,data\rgbd_dataset_freiburg1_xyz\depth\1305031111.739504.png,0.0038819313049316406,0.002313852310180664,947,0.013006000001041684,0.0038736999995307997,0.005048100001658895,0.008921800001189695,0.008293099999718834,0.01721490000090853,0.030220900001950213,154714112
280,1305031111.779423,data\rgbd_dataset_freiburg1_xyz\rgb\1305031111.779423.png,data\rgbd_dataset_freiburg1_xyz\depth\1305031111.771228.png,0.008194923400878906,0.0037229061126708984,925,0.015239700000165612,0.0046796000005997485,0.00492859999940265,0.009608200000002398,0.00712539999949513,0.016733599999497528,0.03197329999966314,154726400
281,1305031111.811406,data\rgbd_dataset_freiburg1_xyz\rgb\1305031111.811406.png,data\rgbd_dataset_freiburg1_xyz\depth\1305031111.800077.png,0.011328935623168945,0.004294157028198242,903,0.01286170000093989,0.0038025000012567034,0.004849900000408525,0.008652400001665228,0.007172899999204674,0.015825300000869902,0.028687000001809793,154730496
282,1305031111.843299,data\rgbd_dataset_freiburg1_xyz\rgb\1305031111.843299.png,data\rgbd_dataset_freiburg1_xyz\depth\1305031111.839333.png,0.003965854644775391,0.0025010108947753906,838,0.013469800000166288,0.0037716000006184913,0.005123300001287134,0.008894900001905626,0.007428500000969507,0.016323400002875132,0.02979320000304142,154738688
283,1305031111.879442,data\rgbd_dataset_freiburg1_xyz\rgb\1305031111.879442.png,data\rgbd_dataset_freiburg1_xyz\depth\1305031111.870985.png,0.008456945419311523,0.0037419795989990234,868,0.01421929999924032,0.0037990000000718283,0.004937100000461214,0.008736100000533042,0.00726339999891934,0.015999499999452382,0.030218799998692703,154796032
284,1305031111.911354,data\rgbd_dataset_freiburg1_xyz\rgb\1305031111.911354.png,data\rgbd_dataset_freiburg1_xyz\depth\1305031111.903356.png,0.007997989654541016,0.004345893859863281,866,0.013612599999760278,0.004043999999339576,0.004770499999722233,0.008814499999061809,0.006292400001257192,0.015106900000319001,0.02871950000007928,154816512
285,1305031111.9433,data\rgbd_dataset_freiburg1_xyz\rgb\1305031111.943300.png,data\rgbd_dataset_freiburg1_xyz\depth\1305031111.939680.png,0.0036199092864990234,0.002399921417236328,805,0.014687799999592244,0.003776100000322913,0.0044451000012486475,0.00822120000157156,0.00628810000125668,0.01450930000282824,0.029197100002420484,154890240
286,1305031111.979449,data\rgbd_dataset_freiburg1_xyz\rgb\1305031111.979449.png,data\rgbd_dataset_freiburg1_xyz\depth\1305031111.971494.png,0.007955074310302734,0.003648996353149414,875,0.014510799999698065,0.003922500000044238,0.004935099999784143,0.00885759999982838,0.006069299999580835,0.014926899999409216,0.02943769999910728,154898432
287,1305031112.011433,data\rgbd_dataset_freiburg1_xyz\rgb\1305031112.011433.png,data\rgbd_dataset_freiburg1_xyz\depth\1305031112.003596.png,0.00783681869506836,0.004267215728759766,847,0.013342199999897275,0.003690400000778027,0.004786700001204736,0.008477100001982762,0.006868599999506841,0.015345700001489604,0.02868790000138688,154902528
288,1305031112.04327,data\rgbd_dataset_freiburg1_xyz\rgb\1305031112.043270.png,data\rgbd_dataset_freiburg1_xyz\depth\1305031112.039412.png,0.0038580894470214844,0.0025298595428466797,868,0.01547260000006645,0.003964100000303006,0.004559799999697134,0.00852390000000014,0.006812899999204092,0.015336799999204231,0.03080939999927068,154910720
289,1305031112.079339,data\rgbd_dataset_freiburg1_xyz\rgb\1305031112.079339.png,data\rgbd_dataset_freiburg1_xyz\depth\1305031112.070731.png,0.008608102798461914,0.0036389827728271484,888,0.014585999999326305,0.003992699999798788,0.004931800000122166,0.008924499999920954,0.007588200000100187,0.01651270000002114,0.031098699999347446,154914816
290,1305031112.111423,data\rgbd_dataset_freiburg1_xyz\rgb\1305031112.111423.png,data\rgbd_dataset_freiburg1_xyz\depth\1305031112.102495.png,0.008928060531616211,0.00427699089050293,849,0.015235199998642202,0.004389499999888358,0.005029100000683684,0.009418600000572042,0.00771329999952286,0.017131900000094902,0.0323670999987371,154918912
291,1305031112.144342,data\rgbd_dataset_freiburg1_xyz\rgb\1305031112.144342.png,data\rgbd_dataset_freiburg1_xyz\depth\1305031112.139107.png,0.005234956741333008,0.0013580322265625,835,0.015233599999191938,0.004698099999586702,0.00504220000038913,0.009740299999975832,0.0072517999997216975,0.01699209999969753,0.03222569999888947,154927104
292,1305031112.17939,data\rgbd_dataset_freiburg1_xyz\rgb\1305031112.179390.png,data\rgbd_dataset_freiburg1_xyz\depth\1305031112.169345.png,0.010045051574707031,0.003690004348754883,825,0.013698199998543714,0.003705699999045464,0.005026099999668077,0.00873179999871354,0.00714469999911671,0.01587649999783025,0.029574699996373965,154939392
293,1305031112.211254,data\rgbd_dataset_freiburg1_xyz\rgb\1305031112.211254.png,data\rgbd_dataset_freiburg1_xyz\depth\1305031112.207733.png,0.003520965576171875,0.004546165466308594,842,0.014380599999640253,0.004549200000838027,0.004700699999375502,0.009249900000213529,0.006959800000913674,0.016209700001127203,0.030590300000767456,154943488
294,1305031112.243369,data\rgbd_dataset_freiburg1_xyz\rgb\1305031112.243369.png,data\rgbd_dataset_freiburg1_xyz\depth\1305031112.235657.png,0.007712125778198242,0.002330780029296875,839,0.013711499999772059,0.003799300000537187,0.004772499998580315,0.008571799999117502,0.007038599998850259,0.015610399997967761,0.02932189999773982,154951680
295,1305031112.279353,data\rgbd_dataset_freiburg1_xyz\rgb\1305031112.279353.png,data\rgbd_dataset_freiburg1_xyz\depth\1305031112.269488.png,0.00986480712890625,0.003652811050415039,858,0.014742199999091099,0.003868499999953201,0.0050033000006806105,0.008871800000633812,0.009683100000984268,0.01855490000161808,0.03329710000070918,154959872
296,1305031112.311312,data\rgbd_dataset_freiburg1_xyz\rgb\1305031112.311312.png,data\rgbd_dataset_freiburg1_xyz\depth\1305031112.303591.png,0.007720947265625,0.004388093948364258,845,0.013555199999245815,0.003716799999892828,0.005019299998821225,0.008736099998714053,0.00689300000158255,0.015629100000296603,0.029184299999542418,154963968
297,1305031112.343323,data\rgbd_dataset_freiburg1_xyz\rgb\1305031112.343323.png,data\rgbd_dataset_freiburg1_xyz\depth\1305031112.335789.png,0.007534027099609375,0.002476930618286133,848,0.013528600000427105,0.003726200000528479,0.004981500000212691,0.00870770000074117,0.006313200001386576,0.015020900002127746,0.02854950000255485,154968064
298,1305031112.37936,data\rgbd_dataset_freiburg1_xyz\rgb\1305031112.379360.png,data\rgbd_dataset_freiburg1_xyz\depth\1305031112.371231.png,0.008128881454467773,0.003659963607788086,850,0.013364099999307655,0.003722800000105053,0.005198200000450015,0.008921000000555068,0.007037400000626803,0.01595840000118187,0.029322500000489526,154980352
299,1305031112.411442,data\rgbd_dataset_freiburg1_xyz\rgb\1305031112.411442.png,data\rgbd_dataset_freiburg1_xyz\depth\1305031112.407491.png,0.003951072692871094,0.004257917404174805,832,0.013517100000171922,0.003693300001032185,0.005373899999540299,0.009067200000572484,0.0062177999989216914,0.015284999999494175,0.028802099999666098,154980352
300,1305031112.443391,data\rgbd_dataset_freiburg1_xyz\rgb\1305031112.443391.png,data\rgbd_dataset_freiburg1_xyz\depth\1305031112.439064.png,0.004327058792114258,0.0023088455200195312,864,0.01340149999850837,0.0036921000009897398,0.004672400000345078,0.008364500001334818,0.006489400000646128,0.014853900001980946,0.028255400000489317,154988544
301,1305031112.479418,data\rgbd_dataset_freiburg1_xyz\rgb\1305031112.479418.png,data\rgbd_dataset_freiburg1_xyz\depth\1305031112.471066.png,0.008352041244506836,0.003718137741088867,884,0.01598050000029616,0.004625300000043353,0.005073300000731251,0.009698600000774604,0.006767000000763801,0.016465600001538405,0.032446100001834566,154988544
302,1305031112.511504,data\rgbd_dataset_freiburg1_xyz\rgb\1305031112.511504.png,data\rgbd_dataset_freiburg1_xyz\depth\1305031112.506669.png,0.004834890365600586,0.0041961669921875,862,0.013525800000934396,0.003768500000660424,0.005132600001161336,0.00890110000182176,0.006465700000262586,0.015366800002084346,0.028892600003018742,155000832
303,1305031112.543212,data\rgbd_dataset_freiburg1_xyz\rgb\1305031112.543212.png,data\rgbd_dataset_freiburg1_xyz\depth\1305031112.538310.png,0.004901885986328125,0.002688169479370117,867,0.013549600000260398,0.0038444000001618406,0.004414600000018254,0.008259000000180095,0.007420300000376301,0.015679300000556395,0.029228900000816793,155009024
304,1305031112.579252,data\rgbd_dataset_freiburg1_xyz\rgb\1305031112.579252.png,data\rgbd_dataset_freiburg1_xyz\depth\1305031112.567470.png,0.011781930923461914,0.003551959991455078,883,0.016041900000345777,0.0044548999994731275,0.00503740000021935,0.009492299999692477,0.006524200000058045,0.016016499999750522,0.0320584000000963,155017216
305,1305031112.611261,data\rgbd_dataset_freiburg1_xyz\rgb\1305031112.611261.png,data\rgbd_dataset_freiburg1_xyz\depth\1305031112.606742.png,0.004518985748291016,0.004439115524291992,878,0.013487500000337604,0.0035587000002124114,0.004686700000092969,0.00824540000030538,0.006807999998272862,0.015053399998578243,0.028540899998915847,155021312
306,1305031112.643246,data\rgbd_dataset_freiburg1_xyz\rgb\1305031112.643246.png,data\rgbd_dataset_freiburg1_xyz\depth\1305031112.639418.png,0.0038280487060546875,0.002554178237915039,911,0.013617800001156866,0.0037587999995594146,0.004903099999864935,0.00866189999942435,0.01022249999914493,0.01888439999856928,0.032502199999726145,155037696
307,1305031112.679952,data\rgbd_dataset_freiburg1_xyz\rgb\1305031112.679952.png,data\rgbd_dataset_freiburg1_xyz\depth\1305031112.671325.png,0.008626937866210938,0.004151821136474609,883,0.014302999999927124,0.003746500000488595,0.00488989999939804,0.008636399999886635,0.006287700000029872,0.014924099999916507,0.02922709999984363,155041792
308,1305031112.711251,data\rgbd_dataset_freiburg1_xyz\rgb\1305031112.711251.png,data\rgbd_dataset_freiburg1_xyz\depth\1305031112.707325.png,0.00392603874206543,0.004448890686035156,855,0.013538600000174483,0.0037038000009488314,0.004983299999366864,0.008687100000315695,0.006589700000404264,0.015276800000719959,0.028815400000894442,155041792
309,1305031112.743245,data\rgbd_dataset_freiburg1_xyz\rgb\1305031112.743245.png,data\rgbd_dataset_freiburg1_xyz\depth\1305031112.739546.png,0.0036988258361816406,0.002454996109008789,844,0.01338220000070578,0.003930100001525716,0.004873099998803809,0.008803200000329525,0.0066079999996873084,0.015411200000016834,0.028793400000722613,155045888
310,1305031112.77931,data\rgbd_dataset_freiburg1_xyz\rgb\1305031112.779310.png,data\rgbd_dataset_freiburg1_xyz\depth\1305031112.771523.png,0.007786989212036133,0.003609895706176758,807,0.01329480000094918,0.003934700000172597,0.004623200000423822,0.008557900000596419,0.0066556000001583016,0.01521350000075472,0.0285083000017039,155054080
311,1305031112.81131,data\rgbd_dataset_freiburg1_xyz\rgb\1305031112.811310.png,data\rgbd_dataset_freiburg1_xyz\depth\1305031112.807539.png,0.003771066665649414,0.00439000129699707,771,0.013395899999522953,0.003807899998719222,0.004786200001035468,0.00859409999975469,0.006563500000993372,0.015157600000748062,0.028553500000271015,155054080
312,1305031112.843286,data\rgbd_dataset_freiburg1_xyz\rgb\1305031112.843286.png,data\rgbd_dataset_freiburg1_xyz\depth\1305031112.839560.png,0.0037260055541992188,0.0024139881134033203,765,0.013173499999538762,0.00377680000019609,0.00470110000060231,0.0084779000007984,0.006093899999541463,0.014571800000339863,0.027745299999878625,155062272
313,1305031112.879421,data\rgbd_dataset_freiburg1_xyz\rgb\1305031112.879421.png,data\rgbd_dataset_freiburg1_xyz\depth\1305031112.871083.png,0.008337974548339844,0.003720998764038086,783,0.01351029999932507,0.003953699999328819,0.005099899999549962,0.00905359999887878,0.0068693999983224785,0.01592299999720126,0.02943329999652633,155074560
314,1305031112.911411,data\rgbd_dataset_freiburg1_xyz\rgb\1305031112.911411.png,data\rgbd_dataset_freiburg1_xyz\depth\1305031112.907246.png,0.004164934158325195,0.004288911819458008,743,0.015374099999462487,0.004097899998669163,0.004907699998511816,0.00900559999718098,0.006260499998461455,0.015266099995642435,0.030640199995104922,155078656
315,1305031112.943321,data\rgbd_dataset_freiburg1_xyz\rgb\1305031112.943321.png,data\rgbd_dataset_freiburg1_xyz\depth\1305031112.939323.png,0.0039980411529541016,0.0023789405822753906,749,0.013281199999255477,0.0038971000012679724,0.00450749999981781,0.008404600001085782,0.006620699999984936,0.015025300001070718,0.028306500000326196,155090944
316,1305031112.979278,data\rgbd_dataset_freiburg1_xyz\rgb\1305031112.979278.png,data\rgbd_dataset_freiburg1_xyz\depth\1305031112.971164.png,0.008114099502563477,0.00357818603515625,717,0.01320050000140327,0.0037128000003576744,0.0047856000001047505,0.008498400000462425,0.006507000000055996,0.01500540000051842,0.02820590000192169,155095040
317,1305031113.011353,data\rgbd_dataset_freiburg1_xyz\rgb\1305031113.011353.png,data\rgbd_dataset_freiburg1_xyz\depth\1305031113.007166.png,0.004187107086181641,0.004347085952758789,728,0.013228400001025875,0.0036236999985703733,0.004988400000002002,0.008612099998572376,0.00615769999967597,0.014769799998248345,0.02799819999927422,155111424
318,1305031113.043231,data\rgbd_dataset_freiburg1_xyz\rgb\1305031113.043231.png,data\rgbd_dataset_freiburg1_xyz\depth\1305031113.039492.png,0.0037391185760498047,0.002568960189819336,727,0.012957599999936065,0.003819899999143672,0.00481969999964349,0.008639599998787162,0.006103399999119574,0.014742999997906736,0.0277005999978428,155119616
319,1305031113.079251,data\rgbd_dataset_freiburg1_xyz\rgb\1305031113.079251.png,data\rgbd_dataset_freiburg1_xyz\depth\1305031113.071210.png,0.008041143417358398,0.003551006317138672,737,0.01307509999969625,0.003766699999687262,0.0045552000010502525,0.008321900000737514,0.006306299999778275,0.01462820000051579,0.02770330000021204,155119616
320,1305031113.111316,data\rgbd_dataset_freiburg1_xyz\rgb\1305031113.111316.png,data\rgbd_dataset_freiburg1_xyz\depth\1305031113.107662.png,0.003654003143310547,0.004384040832519531,756,0.013047899999946821,0.0037331000003177905,0.0042051000000356,0.00793820000035339,0.00915789999999106,0.01709610000034445,0.03014400000029127,155123712
321,1305031113.143306,data\rgbd_dataset_freiburg1_xyz\rgb\1305031113.143306.png,data\rgbd_dataset_freiburg1_xyz\depth\1305031113.139664.png,0.0036420822143554688,0.002393960952758789,804,0.012988700000278186,0.0037984999999025604,0.004461700000319979,0.00826020000022254,0.006289299999480136,0.014549499999702675,0.02753819999998086,155123712
322,1305031113.179343,data\rgbd_dataset_freiburg1_xyz\rgb\1305031113.179343.png,data\rgbd_dataset_freiburg1_xyz\depth\1305031113.171088.png,0.0082550048828125,0.003643035888671875,793,0.01292959999955201,0.0038340999999491032,0.00483650000023772,0.008670600000186823,0.006203900000400608,0.014874500000587432,0.027804100000139442,155127808
323,1305031113.211259,data\rgbd_dataset_freiburg1_xyz\rgb\1305031113.211259.png,data\rgbd_dataset_freiburg1_xyz\depth\1305031113.207181.png,0.004077911376953125,0.004641056060791016,802,0.013278500000524218,0.003792899999098154,0.004876900000454043,0.008669799999552197,0.008918999999877997,0.017588799999430194,0.030867299999954412,155127808
324,1305031113.243227,data\rgbd_dataset_freiburg1_xyz\rgb\1305031113.243227.png,data\rgbd_dataset_freiburg1_xyz\depth\1305031113.239732.png,0.0034949779510498047,0.0024728775024414062,804,0.013366700000915444,0.003923600001144223,0.0045964999990246724,0.008520100000168895,0.00705510000079812,0.015575200000967016,0.02894190000188246,155136000
325,1305031113.279312,data\rgbd_dataset_freiburg1_xyz\rgb\1305031113.279312.png,data\rgbd_dataset_freiburg1_xyz\depth\1305031113.271470.png,0.007841825485229492,0.0036118030548095703,840,0.012994100001378683,0.0037444000008690637,0.004788399999597459,0.008532800000466523,0.007013099999312544,0.015545899999779067,0.02854000000115775,155148288
326,1305031113.311452,data\rgbd_dataset_freiburg1_xyz\rgb\1305031113.311452.png,data\rgbd_dataset_freiburg1_xyz\depth\1305031113.307323.png,0.004128932952880859,0.004248142242431641,833,0.013246100001197192,0.00401649999912479,0.004880700000285287,0.008897199999410077,0.009218700000928948,0.018115900000339025,0.03136200000153622,155148288
327,1305031113.343252,data\rgbd_dataset_freiburg1_xyz\rgb\1305031113.343252.png,data\rgbd_dataset_freiburg1_xyz\depth\1305031113.339396.png,0.0038559436798095703,0.0024480819702148438,873,0.013156499999240623,0.003937900000892114,0.005230599999777041,0.009168500000669155,0.006622300001254189,0.015790800001923344,0.028947300001163967,155156480
328,1305031113.379312,data\rgbd_dataset_freiburg1_xyz\rgb\1305031113.379312.png,data\rgbd_dataset_freiburg1_xyz\depth\1305031113.371377.png,0.007935047149658203,0.003612041473388672,922,0.013211400000727735,0.003835899999103276,0.005298300000504241,0.009134199999607517,0.007301700001335121,0.016435900000942638,0.029647300001670374,155160576
329,1305031113.411625,data\rgbd_dataset_freiburg1_xyz\rgb\1305031113.411625.png,data\rgbd_dataset_freiburg1_xyz\depth\1305031113.407351.png,0.004273891448974609,0.004075050354003906,931,0.013395899999522953,0.003773399999772664,0.004975500000000466,0.00874889999977313,0.007344900001044152,0.016093800000817282,0.029489700000340235,155172864
330,1305031113.443266,data\rgbd_dataset_freiburg1_xyz\rgb\1305031113.443266.png,data\rgbd_dataset_freiburg1_xyz\depth\1305031113.439787.png,0.00347900390625,0.0024340152740478516,974,0.013051599999016616,0.0039288000007218216,0.004863799998929608,0.00879259999965143,0.007161700001233839,0.01595430000088527,0.029005899999901885,155176960
331,1305031113.479311,data\rgbd_dataset_freiburg1_xyz\rgb\1305031113.479311.png,data\rgbd_dataset_freiburg1_xyz\depth\1305031113.475657.png,0.003654003143310547,0.0036110877990722656,971,0.015437000000019907,0.004559999999401043,0.004855099999986123,0.009415099999387166,0.009810399998968933,0.0192254999983561,0.034662499998376006,155189248
332,1305031113.511523,data\rgbd_dataset_freiburg1_xyz\rgb\1305031113.511523.png,data\rgbd_dataset_freiburg1_xyz\depth\1305031113.507987.png,0.0035359859466552734,0.004177093505859375,958,0.013612999999168096,0.003789399999732268,0.005155700000614161,0.008945100000346429,0.007834799998818198,0.016779899999164627,0.030392899998332723,155193344
333,1305031113.543242,data\rgbd_dataset_freiburg1_xyz\rgb\1305031113.543242.png,data\rgbd_dataset_freiburg1_xyz\depth\1305031113.539417.png,0.003824949264526367,0.0024580955505371094,950,0.015593100000842242,0.004566799998428905,0.0047570999995514285,0.009323899997980334,0.00697290000061912,0.016296799998599454,0.031889899999441695,155197440
334,1305031113.579301,data\rgbd_dataset_freiburg1_xyz\rgb\1305031113.579301.png,data\rgbd_dataset_freiburg1_xyz\depth\1305031113.574964.png,0.0043370723724365234,0.00360107421875,960,0.013729100001000916,0.00373080000099435,0.0053989000007277355,0.009129700001722085,0.007867700000133482,0.016997400001855567,0.030726500002856483,155205632
335,1305031113.611268,data\rgbd_dataset_freiburg1_xyz\rgb\1305031113.611268.png,data\rgbd_dataset_freiburg1_xyz\depth\1305031113.607216.png,0.004052162170410156,0.0045318603515625,974,0.013537999999243766,0.0036350999998830957,0.004995499999495223,0.008630599999378319,0.00753429999895161,0.01616489999832993,0.029702899997573695,155209728
336,1305031113.643222,data\rgbd_dataset_freiburg1_xyz\rgb\1305031113.643222.png,data\rgbd_dataset_freiburg1_xyz\depth\1305031113.638418.png,0.004804134368896484,0.002477884292602539,954,0.01369680000061635,0.003994300001068041,0.004830300000321586,0.008824600001389626,0.0066328000011708355,0.015457400002560462,0.02915420000317681,155213824
337,1305031113.679288,data\rgbd_dataset_freiburg1_xyz\rgb\1305031113.679288.png,data\rgbd_dataset_freiburg1_xyz\depth\1305031113.674244.png,0.005043983459472656,0.003587961196899414,932,0.013467400000081398,0.00388800000109768,0.004863699999987148,0.008751700001084828,0.006453300000430318,0.015205000001515145,0.028672400001596543,155217920
338,1305031113.711931,data\rgbd_dataset_freiburg1_xyz\rgb\1305031113.711931.png,data\rgbd_dataset_freiburg1_xyz\depth\1305031113.704256.png,0.0076749324798583984,0.0037689208984375,952,0.013354300001083175,0.0036158000002615154,0.005246400000032736,0.008862200000294251,0.006395299998985138,0.01525749999927939,0.028611800000362564,155222016
339,1305031113.74359,data\rgbd_dataset_freiburg1_xyz\rgb\1305031113.743590.png,data\rgbd_dataset_freiburg1_xyz\depth\1305031113.736263.png,0.007327079772949219,0.002209901809692383,946,0.01366539999980887,0.0035303000004205387,0.005271899999570451,0.00880219999999099,0.0067780000008497154,0.015580200000840705,0.029245600000649574,155226112
340,1305031113.77932,data\rgbd_dataset_freiburg1_xyz\rgb\1305031113.779320.png,data\rgbd_dataset_freiburg1_xyz\depth\1305031113.774168.png,0.005151987075805664,0.0036199092864990234,949,0.013630100000227685,0.0036073999999644,0.004974100000254111,0.008581500000218512,0.006201899999723537,0.014783399999942048,0.028413500000169734,155230208
341,1305031113.811237,data\rgbd_dataset_freiburg1_xyz\rgb\1305031113.811237.png,data\rgbd_dataset_freiburg1_xyz\depth\1305031113.805795.png,0.005442142486572266,0.0044629573822021484,963,0.013469900000927737,0.0036097000011068303,0.0047998999998526415,0.008409600000959472,0.007263199999215431,0.015672800000174902,0.02914270000110264,155451392
342,1305031113.843295,data\rgbd_dataset_freiburg1_xyz\rgb\1305031113.843295.png,data\rgbd_dataset_freiburg1_xyz\depth\1305031113.838437.png,0.0048580169677734375,0.002404928207397461,986,0.01343790000100853,0.003542899999956717,0.00468890000047395,0.008231800000430667,0.006519799999296083,0.01475159999972675,0.02818950000073528,155459584
343,1305031113.879281,data\rgbd_dataset_freiburg1_xyz\rgb\1305031113.879281.png,data\rgbd_dataset_freiburg1_xyz\depth\1305031113.874200.png,0.0050809383392333984,0.0035810470581054688,1010,0.013415499999609892,0.003675699999803328,0.004778900000019348,0.008454599999822676,0.006587300000319374,0.01504190000014205,0.028457399999751942,155467776
344,1305031113.91129,data\rgbd_dataset_freiburg1_xyz\rgb\1305031113.911290.png,data\rgbd_dataset_freiburg1_xyz\depth\1305031113.906361.png,0.0049288272857666016,0.0044100284576416016,1037,0.01359279999996943,0.0036188000012771226,0.0045279000005393755,0.008146700001816498,0.006615099999180529,0.014761800000997027,0.028354600000966457,155897856
345,1305031113.943291,data\rgbd_dataset_freiburg1_xyz\rgb\1305031113.943291.png,data\rgbd_dataset_freiburg1_xyz\depth\1305031113.938561.png,0.0047299861907958984,0.0024089813232421875,1039,0.013315800000782474,0.003864800000883406,0.0050168000016128644,0.00888160000249627,0.007080899998982204,0.015962500001478475,0.02927830000226095,155906048
346,1305031113.979293,data\rgbd_dataset_freiburg1_xyz\rgb\1305031113.979293.png,data\rgbd_dataset_freiburg1_xyz\depth\1305031113.974245.png,0.005048036575317383,0.0035932064056396484,1043,0.013080799999443116,0.0036818999997194624,0.0049556000012671575,0.00863750000098662,0.006499499999335967,0.015137000000322587,0.028217799999765703,155914240
347,1305031114.011257,data\rgbd_dataset_freiburg1_xyz\rgb\1305031114.011257.png,data\rgbd_dataset_freiburg1_xyz\depth\1305031114.007082.png,0.004174947738647461,0.004443168640136719,1082,0.012854099999458413,0.0035177999998268206,0.004889399999228772,0.008407199999055592,0.0067371999994065845,0.015144399998462177,0.02799849999792059,155914240
348,1305031114.043301,data\rgbd_dataset_freiburg1_xyz\rgb\1305031114.043301.png,data\rgbd_dataset_freiburg1_xyz\depth\1305031114.038546.png,0.0047550201416015625,0.002398967742919922,1115,0.013112300001012045,0.0037503000003198395,0.004618099999788683,0.008368400000108522,0.007341799999267096,0.015710199999375618,0.028822500000387663,155922432
349,1305031114.079285,data\rgbd_dataset_freiburg1_xyz\rgb\1305031114.079285.png,data\rgbd_dataset_freiburg1_xyz\depth\1305031114.074298.png,0.004987001419067383,0.0035848617553710938,1156,0.013219700000263401,0.003712600000653765,0.005132899999807705,0.00884550000046147,0.007399200001600548,0.016244700002062018,0.02946440000232542,155930624
350,1305031114.111263,data\rgbd_dataset_freiburg1_xyz\rgb\1305031114.111263.png,data\rgbd_dataset_freiburg1_xyz\depth\1305031114.106402.png,0.004861116409301758,0.004436969757080078,1196,0.013122899999871152,0.003953600000386359,0.006426300000384799,0.010379900000771158,0.007879299999331124,0.018259200000102283,0.031382099999973434,155930624
351,1305031114.143284,data\rgbd_dataset_freiburg1_xyz\rgb\1305031114.143284.png,data\rgbd_dataset_freiburg1_xyz\depth\1305031114.138562.png,0.004722118377685547,0.002415895462036133,1240,0.013028399998802342,0.003716000001077191,0.004886300001089694,0.008602300002166885,0.00787289999971108,0.016475200001877965,0.029503600000680308,155934720
352,1305031114.179337,data\rgbd_dataset_freiburg1_xyz\rgb\1305031114.179337.png,data\rgbd_dataset_freiburg1_xyz\depth\1305031114.174114.png,0.00522303581237793,0.003637075424194336,1300,0.013466099999277503,0.003614999999626889,0.005306499999278458,0.008921499998905347,0.008735200000955956,0.017656699999861303,0.031122799999138806,155947008
353,1305031114.211303,data\rgbd_dataset_freiburg1_xyz\rgb\1305031114.211303.png,data\rgbd_dataset_freiburg1_xyz\depth\1305031114.206255.png,0.005048036575317383,0.004396915435791016,1319,0.016163000000233296,0.003966599999330356,0.005280900000798283,0.009247500000128639,0.008482999999614549,0.017730499999743188,0.033893499999976484,155955200
354,1305031114.243337,data\rgbd_dataset_freiburg1_xyz\rgb\1305031114.243337.png,data\rgbd_dataset_freiburg1_xyz\depth\1305031114.238473.png,0.0048639774322509766,0.0022630691528320312,1338,0.013983999999254593,0.0035979000003862893,0.005316699998729746,0.008914599999116035,0.007380900000498514,0.01629549999961455,0.03027949999886914,155963392
355,1305031114.27939,data\rgbd_dataset_freiburg1_xyz\rgb\1305031114.279390.png,data\rgbd_dataset_freiburg1_xyz\depth\1305031114.271075.png,0.008315086364746094,0.003690004348754883,1396,0.012927699999636388,0.00371629999972356,0.005774100000053295,0.009490399999776855,0.007956399998874986,0.01744679999865184,0.03037449999828823,155975680
356,1305031114.311429,data\rgbd_dataset_freiburg1_xyz\rgb\1305031114.311429.png,data\rgbd_dataset_freiburg1_xyz\depth\1305031114.306710.png,0.0047190189361572266,0.004271030426025391,1438,0.013567900001362432,0.003755300000193529,0.005252000000837143,0.009007300001030671,0.0077362999982142355,0.016743599999244907,0.03031150000060734,155975680
357,1305031114.343331,data\rgbd_dataset_freiburg1_xyz\rgb\1305031114.343331.png,data\rgbd_dataset_freiburg1_xyz\depth\1305031114.338919.png,0.004412174224853516,0.002368927001953125,1460,0.013366799999857903,0.00433320000047388,0.005812600000353996,0.010145800000827876,0.008358199998838245,0.01850399999966612,0.031870799999524024,155975680
358,1305031114.37932,data\rgbd_dataset_freiburg1_xyz\rgb\1305031114.379320.png,data\rgbd_dataset_freiburg1_xyz\depth\1305031114.374307.png,0.005012989044189453,0.0036199092864990234,1485,0.013442299999951501,0.0038349000005837297,0.00589380000019446,0.00972870000077819,0.00818749999962165,0.01791620000039984,0.03135850000035134,155983872
359,1305031114.411397,data\rgbd_dataset_freiburg1_xyz\rgb\1305031114.411397.png,data\rgbd_dataset_freiburg1_xyz\depth\1305031114.406591.png,0.004806041717529297,0.004302978515625,1500,0.013821999998981482,0.003884400000970345,0.005356400000891881,0.009240800001862226,0.007490100000723032,0.01673090000258526,0.03055290000156674,155987968
360,1305031114.443345,data\rgbd_dataset_freiburg1_xyz\rgb\1305031114.443345.png,data\rgbd_dataset_freiburg1_xyz\depth\1305031114.438540.png,0.004805088043212891,0.002254962921142578,1548,0.013393499999438063,0.003856400000586291,0.005497599999216618,0.009353999999802909,0.008338099998582038,0.017692099998384947,0.03108559999782301,155996160
361,1305031114.479332,data\rgbd_dataset_freiburg1_xyz\rgb\1305031114.479332.png,data\rgbd_dataset_freiburg1_xyz\depth\1305031114.474489.png,0.004842996597290039,0.003632068634033203,1580,0.0134330000000773,0.003932400000849157,0.005422399999588379,0.009354800000437535,0.008765499998844462,0.018120299999281997,0.0315532999993593,155996160
362,1305031114.511266,data\rgbd_dataset_freiburg1_xyz\rgb\1305031114.511266.png,data\rgbd_dataset_freiburg1_xyz\depth\1305031114.506573.png,0.004693031311035156,0.004434108734130859,1638,0.01341099999990547,0.004094600000826176,0.005505699999048375,0.00960029999987455,0.008163899999999558,0.01776419999987411,0.03117519999977958,156004352
363,1305031114.543236,data\rgbd_dataset_freiburg1_xyz\rgb\1305031114.543236.png,data\rgbd_dataset_freiburg1_xyz\depth\1305031114.539953.png,0.0032830238342285156,0.0024640560150146484,1666,0.013566499999797088,0.003932699999495526,0.005414499999460531,0.009347199998956057,0.008409699999901932,0.01775689999885799,0.03132339999865508,156626944
364,1305031114.579237,data\rgbd_dataset_freiburg1_xyz\rgb\1305031114.579237.png,data\rgbd_dataset_freiburg1_xyz\depth\1305031114.575185.png,0.004051923751831055,0.003637075424194336,1650,0.013495299999704002,0.00382759999956761,0.005360499999369495,0.009188099998937105,0.008524099999704049,0.017712199998641154,0.031207499998345156,157577216
365,1305031114.611391,data\rgbd_dataset_freiburg1_xyz\rgb\1305031114.611391.png,data\rgbd_dataset_freiburg1_xyz\depth\1305031114.607560.png,0.003831148147583008,0.004308938980102539,1634,0.013512300000002142,0.0038621999992756173,0.005815200000142795,0.009677399999418412,0.008802500000456348,0.01847989999987476,0.0319921999998769,157593600
366,1305031114.644136,data\rgbd_dataset_freiburg1_xyz\rgb\1305031114.644136.png,data\rgbd_dataset_freiburg1_xyz\depth\1305031114.644150.png,1.4066696166992188e-05,0.0014641284942626953,1643,0.013058500000624917,0.004050799998367438,0.005307499999616994,0.009358299997984432,0.01248440000017581,0.021842699998160242,0.03490119999878516,157597696
367,1305031114.679251,data\rgbd_dataset_freiburg1_xyz\rgb\1305031114.679251.png,data\rgbd_dataset_freiburg1_xyz\depth\1305031114.675655.png,0.003596067428588867,0.003551006317138672,1674,0.013228199999502976,0.0039578000014444115,0.005218000000240863,0.009175800001685275,0.008756499999435619,0.017932300001120893,0.03116050000062387,157601792
368,1305031114.711306,data\rgbd_dataset_freiburg1_xyz\rgb\1305031114.711306.png,data\rgbd_dataset_freiburg1_xyz\depth\1305031114.706141.png,0.00516510009765625,0.004393815994262695,1702,0.014569000000847154,0.004545499999949243,0.005537299999559764,0.010082799999509007,0.00876330000028247,0.018846099999791477,0.03341510000063863,157605888
369,1305031114.7432,data\rgbd_dataset_freiburg1_xyz\rgb\1305031114.743200.png,data\rgbd_dataset_freiburg1_xyz\depth\1305031114.743276.png,7.581710815429688e-05,0.002499818801879883,1672,0.014167999999699532,0.00397530000009283,0.005452499999591964,0.009427799999684794,0.008093400001598638,0.017521200001283432,0.031689200000982964,156688384
370,1305031114.779289,data\rgbd_dataset_freiburg1_xyz\rgb\1305031114.779289.png,data\rgbd_dataset_freiburg1_xyz\depth\1305031114.774847.png,0.004441976547241211,0.0035889148712158203,1671,0.0141395000009652,0.0039949000001797685,0.005364900000131456,0.009359800000311225,0.008322600000610691,0.017682400000921916,0.031821900001887116,156696576
371,1305031114.811303,data\rgbd_dataset_freiburg1_xyz\rgb\1305031114.811303.png,data\rgbd_dataset_freiburg1_xyz\depth\1305031114.807310.png,0.003992795944213867,0.004297018051147461,1646,0.01365809999879275,0.003741000000445638,0.00510029999895778,0.008841299999403418,0.008377600001040264,0.017218900000443682,0.030876999999236432,156696576
372,1305031114.843208,data\rgbd_dataset_freiburg1_xyz\rgb\1305031114.843208.png,data\rgbd_dataset_freiburg1_xyz\depth\1305031114.842137.png,0.0010709762573242188,0.0024919509887695312,1656,0.014335100000607781,0.0038187999998626765,0.005381000000852509,0.009199800000715186,0.007358400000157417,0.016558200000872603,0.030893300001480384,156700672
373,1305031114.879281,data\rgbd_dataset_freiburg1_xyz\rgb\1305031114.879281.png,data\rgbd_dataset_freiburg1_xyz\depth\1305031114.875056.png,0.004225015640258789,0.0035810470581054688,1627,0.01358510000136448,0.0037125999988347758,0.005382800000006682,0.009095399998841458,0.007105000000592554,0.016200399999434012,0.029785500000798493,156708864
374,1305031114.912879,data\rgbd_dataset_freiburg1_xyz\rgb\1305031114.912879.png,data\rgbd_dataset_freiburg1_xyz\depth\1305031114.907504.png,0.005374908447265625,0.0028209686279296875,1630,0.01347860000169021,0.0037675999992643483,0.005470699999932549,0.009238299999196897,0.007913299999927403,0.0171515999991243,0.03063020000081451,156712960
375,1305031114.943234,data\rgbd_dataset_freiburg1_xyz\rgb\1305031114.943234.png,data\rgbd_dataset_freiburg1_xyz\depth\1305031114.943264.png,3.0040740966796875e-05,0.0023660659790039062,1643,0.013635499999509193,0.0037800999998580664,0.005414499999460531,0.009194599999318598,0.007397700001092744,0.016592300000411342,0.030227799999920535,156721152
376,1305031114.97928,data\rgbd_dataset_freiburg1_xyz\rgb\1305031114.979280.png,data\rgbd_dataset_freiburg1_xyz\depth\1305031114.975411.png,0.0038690567016601562,0.0035800933837890625,1660,0.01547969999955967,0.003886899999997695,0.0049849999995785765,0.008871899999576272,0.008723599999939324,0.017595499999515596,0.03307519999907527,156733440
377,1305031115.0113,data\rgbd_dataset_freiburg1_xyz\rgb\1305031115.011300.png,data\rgbd_dataset_freiburg1_xyz\depth\1305031115.007179.png,0.004121065139770508,0.004400014877319336,1608,0.013896499998736545,0.003979000000981614,0.005502700001670746,0.00948170000265236,0.008224000001064269,0.01770570000371663,0.031602200002453174,156737536
378,1305031115.043508,data\rgbd_dataset_freiburg1_xyz\rgb\1305031115.043508.png,data\rgbd_dataset_freiburg1_xyz\depth\1305031115.043530.png,2.193450927734375e-05,0.0021920204162597656,1579,0.016320599999744445,0.0039913000000524335,0.0049938000011025,0.008985100001154933,0.008166600000549806,0.01715170000170474,0.033472300001449184,156749824
379,1305031115.079238,data\rgbd_dataset_freiburg1_xyz\rgb\1305031115.079238.png,data\rgbd_dataset_freiburg1_xyz\depth\1305031115.071577.png,0.007660865783691406,0.003638029098510742,1549,0.013643700000102399,0.003991499999756343,0.00503500000013446,0.009026499999890802,0.00821390000055544,0.017240400000446243,0.030884100000548642,156758016
380,1305031115.11123,data\rgbd_dataset_freiburg1_xyz\rgb\1305031115.111230.png,data\rgbd_dataset_freiburg1_xyz\depth\1305031115.107074.png,0.004155874252319336,0.004470109939575195,1518,0.013464099998600432,0.003916499999832013,0.0055542999998579035,0.009470799999689916,0.00856950000161305,0.018040300001302967,0.0315043999999034,156758016
381,1305031115.143275,data\rgbd_dataset_freiburg1_xyz\rgb\1305031115.143275.png,data\rgbd_dataset_freiburg1_xyz\depth\1305031115.143294.png,1.9073486328125e-05,0.002424955368041992,1453,0.013230200000180048,0.003968499999245978,0.005575400000452646,0.009543899999698624,0.009282899998652283,0.018826799998350907,0.032056999998530955,156762112
382,1305031115.17944,data\rgbd_dataset_freiburg1_xyz\rgb\1305031115.179440.png,data\rgbd_dataset_freiburg1_xyz\depth\1305031115.172642.png,0.0067980289459228516,0.0038399696350097656,1372,0.014844599998468766,0.003845200000796467,0.0048468000004504574,0.008692000001246925,0.007825099999536178,0.016517100000783103,0.03136169999925187,156774400
383,1305031115.211374,data\rgbd_dataset_freiburg1_xyz\rgb\1305031115.211374.png,data\rgbd_dataset_freiburg1_xyz\depth\1305031115.206453.png,0.00492095947265625,0.00432586669921875,1366,0.013110899999446701,0.003929799999241368,0.005300800001350581,0.009230600000591949,0.008036400000491994,0.017267000001083943,0.030377900000530644,156782592
384,1305031115.243297,data\rgbd_dataset_freiburg1_xyz\rgb\1305031115.243297.png,data\rgbd_dataset_freiburg1_xyz\depth\1305031115.240975.png,0.0023221969604492188,0.002402782440185547,1318,0.014177199998812284,0.003985299999840208,0.005112799999551498,0.009098099999391707,0.008034500000576372,0.01713259999996808,0.03130979999878036,156782592
385,1305031115.279966,data\rgbd_dataset_freiburg1_xyz\rgb\1305031115.279966.png,data\rgbd_dataset_freiburg1_xyz\depth\1305031115.273468.png,0.006498098373413086,0.004266023635864258,1309,0.015047000000777189,0.003922500000044238,0.0059779000002890825,0.00990040000033332,0.008261900000434252,0.018162300000767573,0.03320930000154476,154828800
386,1305031115.311704,data\rgbd_dataset_freiburg1_xyz\rgb\1305031115.311704.png,data\rgbd_dataset_freiburg1_xyz\depth\1305031115.305534.png,0.006170034408569336,0.003895998001098633,1291,0.013424200000372366,0.003879399999277666,0.005344100000002072,0.009223499999279738,0.00794780000069295,0.01717129999997269,0.030595500000345055,156164096
387,1305031115.343235,data\rgbd_dataset_freiburg1_xyz\rgb\1305031115.343235.png,data\rgbd_dataset_freiburg1_xyz\depth\1305031115.343426.png,0.00019097328186035156,0.0023648738861083984,1244,0.013370499998927698,0.003874500000165426,0.004870099999607191,0.008744599999772618,0.010507400000278722,0.01925200000005134,0.03262249999897904,156749824
388,1305031115.379166,data\rgbd_dataset_freiburg1_xyz\rgb\1305031115.379166.png,data\rgbd_dataset_freiburg1_xyz\depth\1305031115.375054.png,0.0041120052337646484,0.003465890884399414,1210,0.013571800000136136,0.0038567000010516495,0.005402099999628263,0.009258800000679912,0.009100199999011238,0.01835899999969115,0.031930799999827286,156909568
389,1305031115.411237,data\rgbd_dataset_freiburg1_xyz\rgb\1305031115.411237.png,data\rgbd_dataset_freiburg1_xyz\depth\1305031115.406164.png,0.005073070526123047,0.0044629573822021484,1087,0.012961700000232668,0.003883900000801077,0.0046278000008896925,0.00851170000169077,0.006934499999260879,0.015446200000951649,0.028407900001184316,157872128
390,1305031115.443159,data\rgbd_dataset_freiburg1_xyz\rgb\1305031115.443159.png,data\rgbd_dataset_freiburg1_xyz\depth\1305031115.443040.png,0.00011920928955078125,0.0025408267974853516,1083,0.013826300000800984,0.003904099999999744,0.004816800001208321,0.008720900001208065,0.006682400000499911,0.015403300001707976,0.02922960000250896,157888512
391,1305031115.479241,data\rgbd_dataset_freiburg1_xyz\rgb\1305031115.479241.png,data\rgbd_dataset_freiburg1_xyz\depth\1305031115.474863.png,0.004377841949462891,0.003640890121459961,1056,0.013308800000231713,0.0038617999998677988,0.005061199999545352,0.00892299999941315,0.006792000000132248,0.015714999999545398,0.02902379999977711,157896704
392,1305031115.511253,data\rgbd_dataset_freiburg1_xyz\rgb\1305031115.511253.png,data\rgbd_dataset_freiburg1_xyz\depth\1305031115.507440.png,0.003813028335571289,0.0043468475341796875,1034,0.012543199998617638,0.003639399999883608,0.004590099999404629,0.008229499999288237,0.007737199999610311,0.015966699998898548,0.028509899997516186,154652672
393,1305031115.543604,data\rgbd_dataset_freiburg1_xyz\rgb\1305031115.543604.png,data\rgbd_dataset_freiburg1_xyz\depth\1305031115.543620.png,1.621246337890625e-05,0.0020961761474609375,951,0.01570229999924777,0.004431800000020303,0.004653699999835226,0.009085499999855529,0.0077525000015157275,0.016838000001371256,0.03254030000061903,157655040
394,1305031115.579315,data\rgbd_dataset_freiburg1_xyz\rgb\1305031115.579315.png,data\rgbd_dataset_freiburg1_xyz\depth\1305031115.575290.png,0.004024982452392578,0.0036149024963378906,912,0.013584299998910865,0.003868400001010741,0.005190800000491436,0.009059200001502177,0.0072106000006897375,0.016269800002191914,0.02985410000110278,157675520
395,1305031115.611424,data\rgbd_dataset_freiburg1_xyz\rgb\1305031115.611424.png,data\rgbd_dataset_freiburg1_xyz\depth\1305031115.607428.png,0.0039958953857421875,0.0042760372161865234,871,0.014818700001342222,0.004438399999344256,0.0052545999988069525,0.009692999998151208,0.006943499998669722,0.01663649999682093,0.03145519999816315,157708288
396,1305031115.643254,data\rgbd_dataset_freiburg1_xyz\rgb\1305031115.643254.png,data\rgbd_dataset_freiburg1_xyz\depth\1305031115.643254.png,0.0,0.0024459362030029297,848,0.01275319999876956,0.003775799999857554,0.004344999999375432,0.008120799999232986,0.007729799999651732,0.015850599998884718,0.028603799997654278,157741056
397,1305031115.679241,data\rgbd_dataset_freiburg1_xyz\rgb\1305031115.679241.png,data\rgbd_dataset_freiburg1_xyz\depth\1305031115.675106.png,0.0041348934173583984,0.0035409927368164062,790,0.012998399999560206,0.0038688999993610196,0.005076700001154677,0.008945600000515697,0.0072766000012052245,0.01622220000172092,0.029220600001281127,157802496
398,1305031115.71132,data\rgbd_dataset_freiburg1_xyz\rgb\1305031115.711320.png,data\rgbd_dataset_freiburg1_xyz\depth\1305031115.706301.png,0.005018949508666992,0.004379987716674805,802,0.01533460000064224,0.0044369999995979015,0.00491639999927429,0.009353399998872192,0.006359000000884407,0.0157123999997566,0.03104700000039884,157810688
399,1305031115.74325,data\rgbd_dataset_freiburg1_xyz\rgb\1305031115.743250.png,data\rgbd_dataset_freiburg1_xyz\depth\1305031115.742905.png,0.00034499168395996094,0.0024499893188476562,813,0.01263210000070103,0.0038218999998207437,0.004908500000965432,0.008730400000786176,0.006488000000899774,0.01521840000168595,0.02785050000238698,157810688
400,1305031115.779425,data\rgbd_dataset_freiburg1_xyz\rgb\1305031115.779425.png,data\rgbd_dataset_freiburg1_xyz\depth\1305031115.774329.png,0.005095958709716797,0.003724813461303711,778,0.012956900000062888,0.003730599999471451,0.005088399999294779,0.00881899999876623,0.00940450000052806,0.01822349999929429,0.031180399999357178,157904896
401,1305031115.811277,data\rgbd_dataset_freiburg1_xyz\rgb\1305031115.811277.png,data\rgbd_dataset_freiburg1_xyz\depth\1305031115.806425.png,0.004851818084716797,0.004323005676269531,799,0.012746100001095328,0.0042286000007152325,0.005042699998739408,0.00927129999945464,0.007475399999748333,0.016746699999202974,0.029492800000298303,157937664
402,1305031115.843224,data\rgbd_dataset_freiburg1_xyz\rgb\1305031115.843224.png,data\rgbd_dataset_freiburg1_xyz\depth\1305031115.841936.png,0.0012879371643066406,0.0024759769439697266,780,0.01271679999990738,0.00442760000078124,0.005077600000731763,0.009505200001513003,0.009572500001013395,0.0190777000025264,0.03179450000243378,157945856
403,1305031115.879198,data\rgbd_dataset_freiburg1_xyz\rgb\1305031115.879198.png,data\rgbd_dataset_freiburg1_xyz\depth\1305031115.875347.png,0.003851175308227539,0.0035979747772216797,761,0.014534899999489426,0.004658299998482107,0.004740899999887915,0.009399199998370023,0.006486399999630521,0.015885599998000544,0.03042049999748997,157966336
404,1305031115.911118,data\rgbd_dataset_freiburg1_xyz\rgb\1305031115.911118.png,data\rgbd_dataset_freiburg1_xyz\depth\1305031115.910716.png,0.0004019737243652344,0.0044820308685302734,773,0.013654899999892223,0.003925899998648674,0.0050645000010263175,0.008990399999674992,0.007022499999948195,0.016012899999623187,0.02966779999951541,157970432
405,1305031115.943311,data\rgbd_dataset_freiburg1_xyz\rgb\1305031115.943311.png,data\rgbd_dataset_freiburg1_xyz\depth\1305031115.942015.png,0.0012960433959960938,0.0023889541625976562,756,0.012533400000393158,0.003804600000876235,0.0048528999996051425,0.008657500000481377,0.006257499999264837,0.014914999999746215,0.027448400000139372,158097408
406,1305031115.98074,data\rgbd_dataset_freiburg1_xyz\rgb\1305031115.980740.png,data\rgbd_dataset_freiburg1_xyz\depth\1305031115.973799.png,0.006941080093383789,0.004959821701049805,739,0.012670000000071013,0.00393889999941166,0.004651600000215694,0.008590499999627355,0.0065288000005239155,0.01511930000015127,0.027789300000222283,158097408
407,1305031116.011379,data\rgbd_dataset_freiburg1_xyz\rgb\1305031116.011379.png,data\rgbd_dataset_freiburg1_xyz\depth\1305031116.010843.png,0.0005359649658203125,0.0042209625244140625,709,0.013017999999647145,0.003819500001554843,0.004648399999496178,0.00846790000105102,0.006199500001457636,0.014667400002508657,0.027685400002155802,158101504
408,1305031116.043164,data\rgbd_dataset_freiburg1_xyz\rgb\1305031116.043164.png,data\rgbd_dataset_freiburg1_xyz\depth\1305031116.042618.png,0.0005459785461425781,0.0025360584259033203,680,0.012539800000013201,0.004026500000691158,0.004700199999206234,0.008726699999897392,0.006502199999886216,0.015228899999783607,0.02776869999979681,158121984
409,1305031116.08003,data\rgbd_dataset_freiburg1_xyz\rgb\1305031116.080030.png,data\rgbd_dataset_freiburg1_xyz\depth\1305031116.071527.png,0.008502960205078125,0.0043299198150634766,636,0.012347800000497955,0.003746099999261787,0.005029899999499321,0.008775999998761108,0.006189300000187359,0.014965299998948467,0.027313099999446422,158130176
410,1305031116.1113,data\rgbd_dataset_freiburg1_xyz\rgb\1305031116.111300.png,data\rgbd_dataset_freiburg1_xyz\depth\1305031116.108247.png,0.003052949905395508,0.004400014877319336,614,0.012352900001133094,0.004035900001326809,0.004361100000096485,0.008397000001423294,0.006185000000186847,0.01458200000161014,0.026934900002743234,158134272
411,1305031116.143441,data\rgbd_dataset_freiburg1_xyz\rgb\1305031116.143441.png,data\rgbd_dataset_freiburg1_xyz\depth\1305031116.143447.png,5.9604644775390625e-06,0.0022590160369873047,602,0.012858599999162834,0.003938100000596023,0.004681200000050012,0.008619300000646035,0.0060790999996243045,0.01469840000027034,0.027556999999433174,158138368
412,1305031116.179572,data\rgbd_dataset_freiburg1_xyz\rgb\1305031116.179572.png,data\rgbd_dataset_freiburg1_xyz\depth\1305031116.174891.png,0.004681110382080078,0.0038721561431884766,587,0.015056000000186032,0.00466960000085237,0.00414939999973285,0.00881900000058522,0.008183699999790406,0.017002700000375626,0.03205870000056166,158146560
413,1305031116.211299,data\rgbd_dataset_freiburg1_xyz\rgb\1305031116.211299.png,data\rgbd_dataset_freiburg1_xyz\depth\1305031116.211320.png,2.09808349609375e-05,0.004400968551635742,562,0.014844999999695574,0.0038662000006297603,0.00477110000065295,0.00863730000128271,0.005798900001536822,0.014436200002819533,0.029281200002515106,158154752
414,1305031116.24332,data\rgbd_dataset_freiburg1_xyz\rgb\1305031116.243320.png,data\rgbd_dataset_freiburg1_xyz\depth\1305031116.242720.png,0.0006000995635986328,0.002379894256591797,568,0.012571299999763141,0.003925000000890577,0.005008599999200669,0.008933600000091246,0.0062629999993077945,0.01519659999939904,0.027767899999162182,158171136
415,1305031116.279385,data\rgbd_dataset_freiburg1_xyz\rgb\1305031116.279385.png,data\rgbd_dataset_freiburg1_xyz\depth\1305031116.274421.png,0.004964113235473633,0.00368499755859375,569,0.014217300000382238,0.003835800000160816,0.0048843000004126225,0.008720100000573439,0.0057773000007728115,0.01449740000134625,0.028714700001728488,158179328
416,1305031116.311336,data\rgbd_dataset_freiburg1_xyz\rgb\1305031116.311336.png,data\rgbd_dataset_freiburg1_xyz\depth\1305031116.310686.png,0.0006499290466308594,0.004263877868652344,573,0.012343299998974544,0.003915999999662745,0.004091099999641301,0.008007099999304046,0.008832500001517474,0.01683960000082152,0.029182899999796064,158179328
417,1305031116.343292,data\rgbd_dataset_freiburg1_xyz\rgb\1305031116.343292.png,data\rgbd_dataset_freiburg1_xyz\depth\1305031116.342459.png,0.0008330345153808594,0.0024080276489257812,576,0.01494030000139901,0.004700399998910143,0.004606099999364233,0.009306499998274376,0.005912700000408222,0.015219199998682598,0.030159500000081607,158179328
418,1305031116.379384,data\rgbd_dataset_freiburg1_xyz\rgb\1305031116.379384.png,data\rgbd_dataset_freiburg1_xyz\depth\1305031116.374490.png,0.0048940181732177734,0.0036840438842773438,558,0.012518800000179908,0.0038194999997358536,0.004827599999771337,0.00864709999950719,0.005736099999921862,0.014383199999429053,0.02690199999960896,158191616
419,1305031116.411333,data\rgbd_dataset_freiburg1_xyz\rgb\1305031116.411333.png,data\rgbd_dataset_freiburg1_xyz\depth\1305031116.409631.png,0.0017020702362060547,0.004366874694824219,562,0.013061800000286894,0.003886999998940155,0.0046624000005976995,0.008549399999537854,0.0057780999995884486,0.014327499999126303,0.027389299999413197,158199808
420,1305031116.443369,data\rgbd_dataset_freiburg1_xyz\rgb\1305031116.443369.png,data\rgbd_dataset_freiburg1_xyz\depth\1305031116.442496.png,0.0008728504180908203,0.002231121063232422,567,0.015360900000814581,0.004597300001478288,0.0047439999998459825,0.00934130000132427,0.005547099999603233,0.014888400000927504,0.030249300001742085,158199808
421,1305031116.47985,data\rgbd_dataset_freiburg1_xyz\rgb\1305031116.479850.png,data\rgbd_dataset_freiburg1_xyz\depth\1305031116.473394.png,0.006456136703491211,0.0041501522064208984,558,0.013097999999445165,0.0038769000002503162,0.004692499998782296,0.008569399999032612,0.006241399998543784,0.014810799997576396,0.02790879999702156,158199808
422,1305031116.511205,data\rgbd_dataset_freiburg1_xyz\rgb\1305031116.511205.png,data\rgbd_dataset_freiburg1_xyz\depth\1305031116.510576.png,0.0006289482116699219,0.004495143890380859,557,0.013467300001138938,0.0037389000008261064,0.00437910000073316,0.008118000001559267,0.006015300001308788,0.014133300002868054,0.027600600004006992,158208000
423,1305031116.543262,data\rgbd_dataset_freiburg1_xyz\rgb\1305031116.543262.png,data\rgbd_dataset_freiburg1_xyz\depth\1305031116.542695.png,0.0005669593811035156,0.002337932586669922,551,0.012827599999582162,0.003910299999915878,0.00438650000069174,0.008296800000607618,0.006256900000153109,0.014553700000760728,0.02738130000034289,158216192
424,1305031116.579313,data\rgbd_dataset_freiburg1_xyz\rgb\1305031116.579313.png,data\rgbd_dataset_freiburg1_xyz\depth\1305031116.574389.png,0.00492405891418457,0.003612995147705078,543,0.012678500001129578,0.003763799999433104,0.004446599999937462,0.008210399999370566,0.005875299999388517,0.014085699998759083,0.02676419999988866,158224384
425,1305031116.611261,data\rgbd_dataset_freiburg1_xyz\rgb\1305031116.611261.png,data\rgbd_dataset_freiburg1_xyz\depth\1305031116.610891.png,0.00036978721618652344,0.004439115524291992,552,0.012700900000709225,0.0038354000007529976,0.004885199999989709,0.008720600000742706,0.00829639999938081,0.017017000000123517,0.029717900000832742,158236672
426,1305031116.643355,data\rgbd_dataset_freiburg1_xyz\rgb\1305031116.643355.png,data\rgbd_dataset_freiburg1_xyz\depth\1305031116.642664.png,0.0006909370422363281,0.0023450851440429688,574,0.012795500000720494,0.0038270999993983423,0.004475499999898602,0.008302599999296945,0.005657400000927737,0.013960000000224682,0.026755500000945176,158244864
427,1305031116.679281,data\rgbd_dataset_freiburg1_xyz\rgb\1305031116.679281.png,data\rgbd_dataset_freiburg1_xyz\depth\1305031116.674523.png,0.004757881164550781,0.0036809444427490234,563,0.012712400000964408,0.004072399999131449,0.004370300001028227,0.008442700000159675,0.005991600000925246,0.014434300001084921,0.02714670000204933,158244864
428,1305031116.711634,data\rgbd_dataset_freiburg1_xyz\rgb\1305031116.711634.png,data\rgbd_dataset_freiburg1_xyz\depth\1305031116.710942.png,0.0006918907165527344,0.004065990447998047,591,0.012881900000138558,0.0038860999993630685,0.00425340000037977,0.008139499999742839,0.008318700000017998,0.016458199999760836,0.029340099999899394,158244864
429,1305031116.743291,data\rgbd_dataset_freiburg1_xyz\rgb\1305031116.743291.png,data\rgbd_dataset_freiburg1_xyz\depth\1305031116.740575.png,0.0027158260345458984,0.0024089813232421875,584,0.012346999999863328,0.003915900000720285,0.0043602999994618585,0.008276200000182143,0.006062700000256882,0.014338900000439025,0.026685900000302354,158253056
430,1305031116.779298,data\rgbd_dataset_freiburg1_xyz\rgb\1305031116.779298.png,data\rgbd_dataset_freiburg1_xyz\depth\1305031116.775059.png,0.004239082336425781,0.0035979747772216797,603,0.012216700000863057,0.0037728000006609363,0.004651199998988886,0.008423999999649823,0.0063265999997383915,0.014750599999388214,0.02696730000025127,158253056
431,1305031116.811318,data\rgbd_dataset_freiburg1_xyz\rgb\1305031116.811318.png,data\rgbd_dataset_freiburg1_xyz\depth\1305031116.811343.png,2.5033950805664062e-05,0.0042819976806640625,615,0.014772500000617583,0.004546899999695597,0.0044132000002719,0.008960099999967497,0.005727699999624747,0.014687799999592244,0.029460300000209827,158261248
432,1305031116.846089,data\rgbd_dataset_freiburg1_xyz\rgb\1305031116.846089.png,data\rgbd_dataset_freiburg1_xyz\depth\1305031116.840370.png,0.00571894645690918,0.0004889965057373047,638,0.012325600000622217,0.00378640000053565,0.004943199999615899,0.00872960000015155,0.0063461000008828705,0.01507570000103442,0.027401300001656637,158273536
433,1305031116.880165,data\rgbd_dataset_freiburg1_xyz\rgb\1305031116.880165.png,data\rgbd_dataset_freiburg1_xyz\depth\1305031116.871726.png,0.008439064025878906,0.0044651031494140625,639,0.012442900000678492,0.0038188999988051364,0.004665099999328959,0.008483999998134095,0.007462100000338978,0.015946099998473073,0.028388999999151565,158277632
434,1305031116.912044,data\rgbd_dataset_freiburg1_xyz\rgb\1305031116.912044.png,data\rgbd_dataset_freiburg1_xyz\depth\1305031116.907955.png,0.0040891170501708984,0.0036559104919433594,661,0.01290049999988696,0.003928699999960372,0.004999500000849366,0.008928200000809738,0.006036400000084541,0.01496460000089428,0.02786510000078124,158281728
435,1305031116.943296,data\rgbd_dataset_freiburg1_xyz\rgb\1305031116.943296.png,data\rgbd_dataset_freiburg1_xyz\depth\1305031116.940626.png,0.0026700496673583984,0.0023040771484375,665,0.012797500001397566,0.0038478999995277263,0.004493800001000636,0.008341700000528363,0.006237999999939348,0.01457970000046771,0.027377200001865276,158289920
436,1305031116.979351,data\rgbd_dataset_freiburg1_xyz\rgb\1305031116.979351.png,data\rgbd_dataset_freiburg1_xyz\depth\1305031116.974656.png,0.004694938659667969,0.003751039505004883,663,0.012950800000908202,0.0038771999988966854,0.004342099999121274,0.00821929999801796,0.0063967000005504815,0.01461599999856844,0.027566799999476643,158310400
437,1305031117.011382,data\rgbd_dataset_freiburg1_xyz\rgb\1305031117.011382.png,data\rgbd_dataset_freiburg1_xyz\depth\1305031117.008812.png,0.0025701522827148438,0.0043179988861083984,677,0.013347400001293863,0.0038930999999138294,0.004723399999420508,0.008616499999334337,0.006895999998960178,0.015512499998294516,0.02885989999958838,158318592
438,1305031117.043261,data\rgbd_dataset_freiburg1_xyz\rgb\1305031117.043261.png,data\rgbd_dataset_freiburg1_xyz\depth\1305031117.042065.png,0.001196146011352539,0.0024390220642089844,712,0.014431200001126854,0.0036915000000590226,0.004881900000327732,0.008573400000386755,0.006448799998906907,0.015022199999293662,0.029453400000420515,158334976
439,1305031117.07952,data\rgbd_dataset_freiburg1_xyz\rgb\1305031117.079520.png,data\rgbd_dataset_freiburg1_xyz\depth\1305031117.071181.png,0.00833892822265625,0.0038199424743652344,737,0.0126879999988887,0.003822099999524653,0.004759699999340228,0.00858179999886488,0.006469500000093831,0.015051299998958712,0.02773929999784741,158339072
440,1305031117.111238,data\rgbd_dataset_freiburg1_xyz\rgb\1305031117.111238.png,data\rgbd_dataset_freiburg1_xyz\depth\1305031117.110454.png,0.0007839202880859375,0.004662036895751953,716,0.012927499999932479,0.0037379000004875707,0.004842999998800224,0.008580899999287794,0.0058841999998549,0.014465099999142694,0.027392599999075173,158343168
441,1305031117.143218,data\rgbd_dataset_freiburg1_xyz\rgb\1305031117.143218.png,data\rgbd_dataset_freiburg1_xyz\depth\1305031117.142383.png,0.0008349418640136719,0.0024819374084472656,706,0.012271399999008281,0.0038105999992694706,0.005167300001630792,0.008977900000900263,0.006648599999607541,0.015626500000507804,0.027897899999516085,158347264
442,1305031117.179264,data\rgbd_dataset_freiburg1_xyz\rgb\1305031117.179264.png,data\rgbd_dataset_freiburg1_xyz\depth\1305031117.175059.png,0.004204988479614258,0.0036640167236328125,710,0.012541199999759556,0.0037623000007442897,0.004669300000387011,0.0084316000011313,0.006870100000014645,0.015301700001145946,0.0278429000009055,158355456
443,1305031117.211361,data\rgbd_dataset_freiburg1_xyz\rgb\1305031117.211361.png,data\rgbd_dataset_freiburg1_xyz\depth\1305031117.207753.png,0.0036079883575439453,0.004338979721069336,734,0.012604800000190153,0.0036562000004778383,0.005312299999786774,0.008968500000264612,0.007070499999827007,0.01603900000009162,0.02864380000028177,158363648
444,1305031117.243277,data\rgbd_dataset_freiburg1_xyz\rgb\1305031117.243277.png,data\rgbd_dataset_freiburg1_xyz\depth\1305031117.241340.png,0.0019371509552001953,0.0023229122161865234,734,0.012860599999839906,0.0038003000008757226,0.004931000001306529,0.008731300002182252,0.008882899999662186,0.017614200001844438,0.030474800001684343,158363648
445,1305031117.279299,data\rgbd_dataset_freiburg1_xyz\rgb\1305031117.279299.png,data\rgbd_dataset_freiburg1_xyz\depth\1305031117.276516.png,0.002783060073852539,0.003699064254760742,702,0.012983200000235229,0.0036782000006496673,0.005040199999712058,0.008718400000361726,0.006673199999568169,0.015391599999929895,0.028374800000165123,158367744
446,1305031117.3112,data\rgbd_dataset_freiburg1_xyz\rgb\1305031117.311200.png,data\rgbd_dataset_freiburg1_xyz\depth\1305031117.310121.png,0.0010788440704345703,0.004400014877319336,678,0.013128900000083377,0.0037096000014571473,0.005019599999286584,0.008729200000743731,0.006260699999984354,0.014989900000728085,0.02811880000081146,158380032
447,1305031117.343243,data\rgbd_dataset_freiburg1_xyz\rgb\1305031117.343243.png,data\rgbd_dataset_freiburg1_xyz\depth\1305031117.341044.png,0.002198934555053711,0.002457141876220703,683,0.013071599998511374,0.0036516000000119675,0.004586299999573384,0.008237899999585352,0.006203799999639159,0.014441699999224511,0.027513299997735885,158384128
448,1305031117.379454,data\rgbd_dataset_freiburg1_xyz\rgb\1305031117.379454.png,data\rgbd_dataset_freiburg1_xyz\depth\1305031117.375067.png,0.00438690185546875,0.0037539005279541016,684,0.013143299998773728,0.003620999999839114,0.004569000000628876,0.00819000000046799,0.0056048000005830545,0.013794800001051044,0.02693809999982477,158388224
449,1305031117.411221,data\rgbd_dataset_freiburg1_xyz\rgb\1305031117.411221.png,data\rgbd_dataset_freiburg1_xyz\depth\1305031117.408538.png,0.002682924270629883,0.0043790340423583984,680,0.01293470000018715,0.0037146000013308367,0.005475600000863778,0.009190200002194615,0.006130099998699734,0.015320300000894349,0.0282550000010815,158400512
450,1305031117.443274,data\rgbd_dataset_freiburg1_xyz\rgb\1305031117.443274.png,data\rgbd_dataset_freiburg1_xyz\depth\1305031117.442208.png,0.001065969467163086,0.0023260116577148438,707,0.012995600000067498,0.0037128999993001344,0.004856300000028568,0.008569199999328703,0.006171699998958502,0.014740899998287205,0.027736499998354702,157786112
451,1305031117.479403,data\rgbd_dataset_freiburg1_xyz\rgb\1305031117.479403.png,data\rgbd_dataset_freiburg1_xyz\depth\1305031117.475651.png,0.003751993179321289,0.0037031173706054688,722,0.012983599999643047,0.0038386999985959847,0.004615199999534525,0.00845389999813051,0.006436200001189718,0.014890099999320228,0.027873699998963275,158416896
452,1305031117.511325,data\rgbd_dataset_freiburg1_xyz\rgb\1305031117.511325.png,data\rgbd_dataset_freiburg1_xyz\depth\1305031117.508882.png,0.0024428367614746094,0.004275083541870117,741,0.012657999999646563,0.003868400001010741,0.004557099999146885,0.008425500000157626,0.006039399999281159,0.014464899999438785,0.027122899999085348,158425088
453,1305031117.544285,data\rgbd_dataset_freiburg1_xyz\rgb\1305031117.544285.png,data\rgbd_dataset_freiburg1_xyz\depth\1305031117.539736.png,0.0045490264892578125,0.0013148784637451172,762,0.012601099999301368,0.0037145999995118473,0.005025899999964167,0.008740499999476015,0.0061064000001351815,0.014846899999611196,0.027447999998912564,158425088
454,1305031117.579155,data\rgbd_dataset_freiburg1_xyz\rgb\1305031117.579155.png,data\rgbd_dataset_freiburg1_xyz\depth\1305031117.577860.png,0.001294851303100586,0.003454923629760742,819,0.012967099999514176,0.00377929999922344,0.0048385999998572515,0.008617899999080691,0.0064235999998345505,0.015041499998915242,0.028008599998429418,158429184
455,1305031117.611159,data\rgbd_dataset_freiburg1_xyz\rgb\1305031117.611159.png,data\rgbd_dataset_freiburg1_xyz\depth\1305031117.607777.png,0.003381967544555664,0.004540920257568359,816,0.012971699999980046,0.0036908000001858454,0.004825899999559624,0.00851669999974547,0.009746300000188057,0.018262999999933527,0.031234699999913573,158437376
456,1305031117.643252,data\rgbd_dataset_freiburg1_xyz\rgb\1305031117.643252.png,data\rgbd_dataset_freiburg1_xyz\depth\1305031117.643284.png,3.218650817871094e-05,0.0024480819702148438,830,0.015910099999018712,0.004597399998601759,0.004939000000376836,0.009536399998978595,0.006589200000234996,0.01612559999921359,0.0320356999982323,158441472
457,1305031117.679262,data\rgbd_dataset_freiburg1_xyz\rgb\1305031117.679262.png,data\rgbd_dataset_freiburg1_xyz\depth\1305031117.675483.png,0.0037789344787597656,0.0036618709564208984,872,0.01300450000053388,0.003829000001132954,0.005013300000427989,0.008842300001560943,0.006244300000616931,0.015086600002177875,0.028091100002711755,158445568
458,1305031117.711184,data\rgbd_dataset_freiburg1_xyz\rgb\1305031117.711184.png,data\rgbd_dataset_freiburg1_xyz\depth\1305031117.711215.png,3.0994415283203125e-05,0.004415988922119141,890,0.013015599999562255,0.0037687000003643334,0.0052574000001186505,0.009026100000482984,0.007290600000487757,0.01631670000097074,0.029332300000532996,157839360
459,1305031117.743184,data\rgbd_dataset_freiburg1_xyz\rgb\1305031117.743184.png,data\rgbd_dataset_freiburg1_xyz\depth\1305031117.742995.png,0.00018906593322753906,0.0025157928466796875,920,0.013096300001052441,0.003664800000478863,0.0049813000005087815,0.008646100000987644,0.0068150999995850725,0.015461200000572717,0.028557500001625158,158466048
460,1305031117.779467,data\rgbd_dataset_freiburg1_xyz\rgb\1305031117.779467.png,data\rgbd_dataset_freiburg1_xyz\depth\1305031117.778969.png,0.0004980564117431641,0.0037670135498046875,926,0.01333600000180013,0.0036331999999674736,0.0052842999994027195,0.008917499999370193,0.010092200000144658,0.01900969999951485,0.03234570000131498,158466048
461,1305031117.81132,data\rgbd_dataset_freiburg1_xyz\rgb\1305031117.811320.png,data\rgbd_dataset_freiburg1_xyz\depth\1305031117.811060.png,0.0002601146697998047,0.0042798519134521484,925,0.013126699999702396,0.003693000000566826,0.004868300000453019,0.008561300001019845,0.007090299999617855,0.0156516000006377,0.028778300000340096,158474240
462,1305031117.843291,data\rgbd_dataset_freiburg1_xyz\rgb\1305031117.843291.png,data\rgbd_dataset_freiburg1_xyz\depth\1305031117.843307.png,1.5974044799804688e-05,0.0024089813232421875,927,0.013075900000330876,0.0035539999989850912,0.004842599999392405,0.008396599998377496,0.007309599999643979,0.015706199998021475,0.02878209999835235,158482432
463,1305031117.879451,data\rgbd_dataset_freiburg1_xyz\rgb\1305031117.879451.png,data\rgbd_dataset_freiburg1_xyz\depth\1305031117.879467.png,1.5974044799804688e-05,0.003751039505004883,964,0.015363300000899471,0.004471000000194181,0.00515110000014829,0.00962210000034247,0.007076199999573873,0.016698299999916344,0.032061600000815815,158490624
464,1305031117.911407,data\rgbd_dataset_freiburg1_xyz\rgb\1305031117.911407.png,data\rgbd_dataset_freiburg1_xyz\depth\1305031117.908762.png,0.0026450157165527344,0.00419306755065918,963,0.013276600000608596,0.003460399999312358,0.00510270000086166,0.008563100000174018,0.006187099999806378,0.014750199999980396,0.02802680000058899,158490624
465,1305031117.943253,data\rgbd_dataset_freiburg1_xyz\rgb\1305031117.943253.png,data\rgbd_dataset_freiburg1_xyz\depth\1305031117.943272.png,1.9073486328125e-05,0.0023469924926757812,965,0.012841100000514416,0.003619299999627401,0.0044797999998991145,0.008099099999526516,0.009235700001227087,0.017334800000753603,0.03017590000126802,158498816
466,1305031117.979228,data\rgbd_dataset_freiburg1_xyz\rgb\1305031117.979228.png,data\rgbd_dataset_freiburg1_xyz\depth\1305031117.979263.png,3.504753112792969e-05,0.0036280155181884766,947,0.013028499999563792,0.0035676000006787945,0.004698299999290612,0.008265899999969406,0.00644069999907515,0.014706599999044556,0.027735099998608348,158502912
467,1305031118.011228,data\rgbd_dataset_freiburg1_xyz\rgb\1305031118.011228.png,data\rgbd_dataset_freiburg1_xyz\depth\1305031118.011013.png,0.00021505355834960938,0.004472017288208008,952,0.012928899999678833,0.003531199999997625,0.005122599999594968,0.008653799999592593,0.009436599999389728,0.01809039999898232,0.031019299998661154,158502912
468,1305031118.043521,data\rgbd_dataset_freiburg1_xyz\rgb\1305031118.043521.png,data\rgbd_dataset_freiburg1_xyz\depth\1305031118.043549.png,2.8133392333984375e-05,0.0021791458129882812,936,0.01317639999979292,0.003551300000253832,0.004536100001132581,0.008087400001386413,0.006250399999771616,0.01433780000115803,0.02751420000095095,158515200
469,1305031118.079334,data\rgbd_dataset_freiburg1_xyz\rgb\1305031118.079334.png,data\rgbd_dataset_freiburg1_xyz\depth\1305031118.079369.png,3.504753112792969e-05,0.0036339759826660156,967,0.013050300000031712,0.0034333999992668396,0.004967999999280437,0.008401399998547276,0.007409699999698205,0.01581109999824548,0.028861399998277193,158523392
470,1305031118.111217,data\rgbd_dataset_freiburg1_xyz\rgb\1305031118.111217.png,data\rgbd_dataset_freiburg1_xyz\depth\1305031118.110863.png,0.0003540515899658203,0.004383087158203125,956,0.014120999998340267,0.003457100001469371,0.005002399999284535,0.008459500000753906,0.007203500001196517,0.015663000001950422,0.02978400000029069,158527488
471,1305031118.143256,data\rgbd_dataset_freiburg1_xyz\rgb\1305031118.143256.png,data\rgbd_dataset_freiburg1_xyz\depth\1305031118.142285.png,0.0009708404541015625,0.002444028854370117,933,0.013377699999182369,0.003452199998719152,0.005203700000492972,0.008655899999212124,0.0067596000008052215,0.015415500000017346,0.028793199999199715,158535680
472,1305031118.179323,data\rgbd_dataset_freiburg1_xyz\rgb\1305031118.179323.png,data\rgbd_dataset_freiburg1_xyz\depth\1305031118.178170.png,0.0011529922485351562,0.0037229061126708984,922,0.01294199999938428,0.0034992999990208773,0.004442800000106217,0.007942099999127095,0.006604399999559973,0.014546499998687068,0.027488499998071347,158535680
473,1305031118.211202,data\rgbd_dataset_freiburg1_xyz\rgb\1305031118.211202.png,data\rgbd_dataset_freiburg1_xyz\depth\1305031118.210782.png,0.00041985511779785156,0.0043981075286865234,934,0.013349799999559764,0.003469000001132372,0.004713999998784857,0.008182999999917229,0.009433100000023842,0.01761609999994107,0.030965899999500834,158822400
474,1305031118.243173,data\rgbd_dataset_freiburg1_xyz\rgb\1305031118.243173.png,data\rgbd_dataset_freiburg1_xyz\depth\1305031118.242948.png,0.00022482872009277344,0.0024271011352539062,930,0.01326119999976072,0.003481199999441742,0.005063499998868792,0.008544699998310534,0.00677209999957995,0.015316799997890485,0.028577999997651204,158834688
475,1305031118.279194,data\rgbd_dataset_freiburg1_xyz\rgb\1305031118.279194.png,data\rgbd_dataset_freiburg1_xyz\depth\1305031118.278991.png,0.00020313262939453125,0.0034940242767333984,957,0.012940899998284294,0.0034953999984281836,0.004957999999533058,0.008453399997961242,0.006552499999088468,0.01500589999704971,0.027946799995334004,158846976
476,1305031118.311299,data\rgbd_dataset_freiburg1_xyz\rgb\1305031118.311299.png,data\rgbd_dataset_freiburg1_xyz\depth\1305031118.310731.png,0.0005681514739990234,0.004300832748413086,1000,0.012835600000471459,0.003375700000106008,0.0049499999986437615,0.00832569999874977,0.006569400000444148,0.014895099999193917,0.027730699999665376,158846976
477,1305031118.343324,data\rgbd_dataset_freiburg1_xyz\rgb\1305031118.343324.png,data\rgbd_dataset_freiburg1_xyz\depth\1305031118.342079.png,0.0012450218200683594,0.002376079559326172,1020,0.012645099999645026,0.0035845000002154848,0.004779900000357884,0.008364400000573369,0.00698980000015581,0.015354200000729179,0.027999300000374205,158851072
478,1305031118.379208,data\rgbd_dataset_freiburg1_xyz\rgb\1305031118.379208.png,data\rgbd_dataset_freiburg1_xyz\depth\1305031118.377003.png,0.0022051334381103516,0.0036079883575439453,1029,0.012845999999626656,0.0034642000009625917,0.005051599999205791,0.008515800000168383,0.007037600000330713,0.015553400000499096,0.028399400000125752,158855168
479,1305031118.411296,data\rgbd_dataset_freiburg1_xyz\rgb\1305031118.411296.png,data\rgbd_dataset_freiburg1_xyz\depth\1305031118.408818.png,0.002477884292602539,0.004304170608520508,1062,0.012931299999763723,0.0034256999988429016,0.004605500000252505,0.008031199999095406,0.009832599998844671,0.017863799997940077,0.0307950999977038,158855168
480,1305031118.445692,data\rgbd_dataset_freiburg1_xyz\rgb\1305031118.445692.png,data\rgbd_dataset_freiburg1_xyz\depth\1305031118.445703.png,1.0967254638671875e-05,7.867813110351562e-06,1090,0.013386299999183393,0.0034051000002364162,0.005026299999371986,0.008431399999608402,0.007014500000877888,0.01544590000048629,0.028832199999669683,158863360
481,1305031118.479285,data\rgbd_dataset_freiburg1_xyz\rgb\1305031118.479285.png,data\rgbd_dataset_freiburg1_xyz\depth\1305031118.477869.png,0.0014159679412841797,0.0035851001739501953,1078,0.01334570000108215,0.003432399998928304,0.005157600000529783,0.008589999999458087,0.007370600000285776,0.015960599999743863,0.029306300000826013,158867456
482,1305031118.511255,data\rgbd_dataset_freiburg1_xyz\rgb\1305031118.511255.png,data\rgbd_dataset_freiburg1_xyz\depth\1305031118.510201.png,0.0010540485382080078,0.004344940185546875,1088,0.01295639999989362,0.0035023000000364846,0.004961900000125752,0.008464200000162236,0.006774800000130199,0.015239000000292435,0.028195400000186055,158875648
483,1305031118.544414,data\rgbd_dataset_freiburg1_xyz\rgb\1305031118.544414.png,data\rgbd_dataset_freiburg1_xyz\depth\1305031118.545199.png,0.0007848739624023438,0.0011858940124511719,1051,0.013029400000959868,0.003353600000991719,0.005254100000456674,0.008607700001448393,0.006930200001079356,0.01553790000252775,0.028567300003487617,158879744
484,1305031118.579285,data\rgbd_dataset_freiburg1_xyz\rgb\1305031118.579285.png,data\rgbd_dataset_freiburg1_xyz\depth\1305031118.576377.png,0.002907991409301758,0.00368499755859375,1081,0.012873400000898982,0.003423399999519461,0.004930099999910453,0.008353499999429914,0.007344600000578794,0.015698100000008708,0.02857150000090769,158883840
485,1305031118.616142,data\rgbd_dataset_freiburg1_xyz\rgb\1305031118.616142.png,data\rgbd_dataset_freiburg1_xyz\depth\1305031118.610869.png,0.005273103713989258,0.0005419254302978516,1031,0.012853700000050594,0.00344779999977618,0.0050938999993377365,0.008541699999113916,0.006625699999858625,0.015167399998972542,0.028021099999023136,158904320
486,1305031118.645325,data\rgbd_dataset_freiburg1_xyz\rgb\1305031118.645325.png,data\rgbd_dataset_freiburg1_xyz\depth\1305031118.645331.png,5.9604644775390625e-06,0.0002751350402832031,1000,0.012776600000506733,0.0032952999990811804,0.005155599999852711,0.008450899998933892,0.006708599999910803,0.015159499998844694,0.027936099999351427,158908416
487,1305031118.679295,data\rgbd_dataset_freiburg1_xyz\rgb\1305031118.679295.png,data\rgbd_dataset_freiburg1_xyz\depth\1305031118.675082.png,0.004213094711303711,0.0036950111389160156,1000,0.012626399999135174,0.0033153000003949273,0.005041700000219862,0.00835700000061479,0.006570800000190502,0.014927800000805291,0.027554199999940465,158916608
488,1305031118.711421,data\rgbd_dataset_freiburg1_xyz\rgb\1305031118.711421.png,data\rgbd_dataset_freiburg1_xyz\depth\1305031118.710140.png,0.0012810230255126953,0.0041790008544921875,976,0.013083399999231915,0.003543799999533803,0.0053895000000920845,0.008933299999625888,0.00761400000010326,0.016547299999729148,0.029630699998961063,158920704
489,1305031118.74677,data\rgbd_dataset_freiburg1_xyz\rgb\1305031118.746770.png,data\rgbd_dataset_freiburg1_xyz\depth\1305031118.746801.png,3.0994415283203125e-05,0.0011699199676513672,977,0.013156099999832804,0.0035886000005120877,0.00468899999941641,0.008277599999928498,0.007235400000354275,0.015513000000282773,0.028669100000115577,158924800
490,1305031118.779277,data\rgbd_dataset_freiburg1_xyz\rgb\1305031118.779277.png,data\rgbd_dataset_freiburg1_xyz\depth\1305031118.778790.png,0.0004870891571044922,0.0036771297454833984,1026,0.015418199998748605,0.0042061999993165955,0.004591799999616342,0.008797999998932937,0.0072587000013299985,0.016056700000262936,0.03147489999901154,158924800
491,1305031118.811221,data\rgbd_dataset_freiburg1_xyz\rgb\1305031118.811221.png,data\rgbd_dataset_freiburg1_xyz\depth\1305031118.810703.png,0.0005178451538085938,0.0043790340423583984,980,0.01325899999937974,0.003481199999441742,0.004440400000021327,0.00792159999946307,0.006729999999151914,0.014651599998614984,0.027910599997994723,158932992
492,1305031118.846753,data\rgbd_dataset_freiburg1_xyz\rgb\1305031118.846753.png,data\rgbd_dataset_freiburg1_xyz\depth\1305031118.846774.png,2.1219253540039062e-05,0.0011529922485351562,953,0.012898599999971339,0.0034385999988444382,0.0051599999987956835,0.008598599997640122,0.007048800000120536,0.015647399997760658,0.028545999997731997,158941184
493,1305031118.879208,data\rgbd_dataset_freiburg1_xyz\rgb\1305031118.879208.png,data\rgbd_dataset_freiburg1_xyz\depth\1305031118.875402.png,0.0038061141967773438,0.0036079883575439453,977,0.012916099998619757,0.003565000000889995,0.004482700000153272,0.008047700001043268,0.006622300001254189,0.014670000002297456,0.027586100000917213,158941184
494,1305031118.911177,data\rgbd_dataset_freiburg1_xyz\rgb\1305031118.911177.png,data\rgbd_dataset_freiburg1_xyz\depth\1305031118.909608.png,0.0015690326690673828,0.0044231414794921875,988,0.01305560000037076,0.0035932999999204185,0.0048760999998194166,0.008469399999739835,0.006838900000730064,0.015308300000469899,0.02836390000084066,158949376
495,1305031118.946974,data\rgbd_dataset_freiburg1_xyz\rgb\1305031118.946974.png,data\rgbd_dataset_freiburg1_xyz\depth\1305031118.947009.png,3.504753112792969e-05,0.0013740062713623047,998,0.013659800000823452,0.0034372999998595333,0.004714599999715574,0.008151899999575107,0.006629100000282051,0.014780999999857158,0.02844080000068061,158961664
496,1305031118.979374,data\rgbd_dataset_freiburg1_xyz\rgb\1305031118.979374.png,data\rgbd_dataset_freiburg1_xyz\depth\1305031118.979394.png,2.002716064453125e-05,0.003773927688598633,960,0.012662499999350985,0.0034594999997352716,0.005132899999807705,0.008592399999542977,0.006872399999338086,0.015464799998881062,0.028127299998232047,158969856
497,1305031119.011363,data\rgbd_dataset_freiburg1_xyz\rgb\1305031119.011363.png,data\rgbd_dataset_freiburg1_xyz\depth\1305031119.009712.png,0.0016510486602783203,0.0043370723724365234,901,0.013285799999721348,0.003640099999756785,0.004474800000025425,0.00811489999978221,0.008976799999800278,0.017091699999582488,0.030377499999303836,158978048
498,1305031119.047172,data\rgbd_dataset_freiburg1_xyz\rgb\1305031119.047172.png,data\rgbd_dataset_freiburg1_xyz\depth\1305031119.047180.png,7.867813110351562e-06,0.0015721321105957031,966,0.013028100000155973,0.003702500000144937,0.004719700000350713,0.00842220000049565,0.007063600000037695,0.015485800000533345,0.02851390000068932,158986240
499,1305031119.079223,data\rgbd_dataset_freiburg1_xyz\rgb\1305031119.079223.png,data\rgbd_dataset_freiburg1_xyz\depth\1305031119.078966.png,0.0002570152282714844,0.0035228729248046875,938,0.01528159999907075,0.004491499999858206,0.005253100000118138,0.009744599999976344,0.00697539999964647,0.016719999999622814,0.032001599998693564,158998528
500,1305031119.111328,data\rgbd_dataset_freiburg1_xyz\rgb\1305031119.111328.png,data\rgbd_dataset_freiburg1_xyz\depth\1305031119.110884.png,0.0004439353942871094,0.0042722225189208984,934,0.012903400000141119,0.0035647000004246365,0.004819800000404939,0.008384500000829576,0.006744500000422704,0.01512900000125228,0.0280324000013934,159002624
501,1305031119.147616,data\rgbd_dataset_freiburg1_xyz\rgb\1305031119.147616.png,data\rgbd_dataset_freiburg1_xyz\depth\1305031119.147629.png,1.3113021850585938e-05,0.0019159317016601562,928,0.012453700001060497,0.003690600000481936,0.004960299998856499,0.008650899999338435,0.00656650000018999,0.015217399999528425,0.027671100000588922,159002624
502,1305031119.179226,data\rgbd_dataset_freiburg1_xyz\rgb\1305031119.179226.png,data\rgbd_dataset_freiburg1_xyz\depth\1305031119.179262.png,3.600120544433594e-05,0.003525972366333008,925,0.012633599999389844,0.0037321999989217147,0.0057500000002619345,0.00948219999918365,0.006443700000090757,0.015925899999274407,0.02855949999866425,155967488
503,1305031119.211364,data\rgbd_dataset_freiburg1_xyz\rgb\1305031119.211364.png,data\rgbd_dataset_freiburg1_xyz\depth\1305031119.210906.png,0.00045800209045410156,0.004235982894897461,941,0.013491699999576667,0.003651700000773417,0.005167299999811803,0.00881900000058522,0.006614600000830251,0.01543360000141547,0.028925300000992138,158789632
504,1305031119.247399,data\rgbd_dataset_freiburg1_xyz\rgb\1305031119.247399.png,data\rgbd_dataset_freiburg1_xyz\depth\1305031119.247660.png,0.0002608299255371094,0.001699209213256836,943,0.012821599999369937,0.003672000000733533,0.004888199999186327,0.00856019999991986,0.006890000000566943,0.015450200000486802,0.02827179999985674,158826496
505,1305031119.279212,data\rgbd_dataset_freiburg1_xyz\rgb\1305031119.279212.png,data\rgbd_dataset_freiburg1_xyz\depth\1305031119.279244.png,3.1948089599609375e-05,0.003612041473388672,949,0.01317879999987781,0.003786900000704918,0.0052407000002858695,0.009027600000990788,0.006643400000029942,0.01567100000102073,0.02884980000089854,158875648
506,1305031119.311212,data\rgbd_dataset_freiburg1_xyz\rgb\1305031119.311212.png,data\rgbd_dataset_freiburg1_xyz\depth\1305031119.310755.png,0.0004570484161376953,0.004387855529785156,964,0.012847099998907652,0.003829799999948591,0.004941099999996368,0.008770899999944959,0.006699899999148329,0.015470799999093288,0.02831789999800094,158875648
507,1305031119.347741,data\rgbd_dataset_freiburg1_xyz\rgb\1305031119.347741.png,data\rgbd_dataset_freiburg1_xyz\depth\1305031119.347750.png,9.059906005859375e-06,0.002040863037109375,968,0.012886999998954707,0.00370180000027176,0.004974100000254111,0.008675900000525871,0.006706399999529822,0.015382300000055693,0.0282692999990104,158937088
508,1305031119.379239,data\rgbd_dataset_freiburg1_xyz\rgb\1305031119.379239.png,data\rgbd_dataset_freiburg1_xyz\depth\1305031119.378631.png,0.0006079673767089844,0.0036389827728271484,979,0.012710200000583427,0.0037432999997690786,0.00472760000047856,0.008470900000247639,0.006732399999236804,0.015203299999484443,0.02791350000006787,158949376
509,1305031119.411484,data\rgbd_dataset_freiburg1_xyz\rgb\1305031119.411484.png,data\rgbd_dataset_freiburg1_xyz\depth\1305031119.411492.png,8.106231689453125e-06,0.004116058349609375,933,0.012723699999696692,0.0036046999994141515,0.0052453999996942,0.008850099999108352,0.006570300000021234,0.015420399999129586,0.028144099998826277,158961664
510,1305031119.447706,data\rgbd_dataset_freiburg1_xyz\rgb\1305031119.447706.png,data\rgbd_dataset_freiburg1_xyz\depth\1305031119.447726.png,2.002716064453125e-05,0.0021059513092041016,913,0.012629300001208321,0.0037087000000610715,0.004888100000243867,0.008596800000304938,0.006290499999522581,0.014887299999827519,0.02751660000103584,158994432
511,1305031119.479267,data\rgbd_dataset_freiburg1_xyz\rgb\1305031119.479267.png,data\rgbd_dataset_freiburg1_xyz\depth\1305031119.477682.png,0.001584768295288086,0.0036668777465820312,891,0.012655100001211395,0.003681600001073093,0.0048129999995580874,0.00849460000063118,0.006386900000507012,0.014881500001138193,0.027536600002349587,158994432
512,1305031119.51124,data\rgbd_dataset_freiburg1_xyz\rgb\1305031119.511240.png,data\rgbd_dataset_freiburg1_xyz\depth\1305031119.511258.png,1.7881393432617188e-05,0.00446009635925293,906,0.01285710000047402,0.003712600000653765,0.004654200000004494,0.008366800000658259,0.006101199998738593,0.014467999999396852,0.027325099999870872,158998528
513,1305031119.547382,data\rgbd_dataset_freiburg1_xyz\rgb\1305031119.547382.png,data\rgbd_dataset_freiburg1_xyz\depth\1305031119.547414.png,3.1948089599609375e-05,0.0017821788787841797,886,0.012783500000296044,0.0037539000004471745,0.005036399999880814,0.008790300000327989,0.0060998999997536885,0.014890200000081677,0.02767370000037772,159006720
514,1305031119.579559,data\rgbd_dataset_freiburg1_xyz\rgb\1305031119.579559.png,data\rgbd_dataset_freiburg1_xyz\depth\1305031119.579569.png,1.0013580322265625e-05,0.003959178924560547,866,0.012647300000026007,0.0036760000002686866,0.005225300001256983,0.00890130000152567,0.009631400000216672,0.01853270000174234,0.03118000000176835,159014912
515,1305031119.615017,data\rgbd_dataset_freiburg1_xyz\rgb\1305031119.615017.png,data\rgbd_dataset_freiburg1_xyz\depth\1305031119.615024.png,7.152557373046875e-06,0.0005831718444824219,865,0.013247699998828466,0.003787699999520555,0.004850899998928071,0.008638599998448626,0.006795100000090315,0.015433699998538941,0.028681399997367407,159019008
516,1305031119.647903,data\rgbd_dataset_freiburg1_xyz\rgb\1305031119.647903.png,data\rgbd_dataset_freiburg1_xyz\depth\1305031119.648889.png,0.0009860992431640625,0.002302885055541992,866,0.012889100000393228,0.0036725999998452608,0.004907399999865447,0.008579999999710708,0.006834499999968102,0.01541449999967881,0.028303600000072038,159023104
517,1305031119.679208,data\rgbd_dataset_freiburg1_xyz\rgb\1305031119.679208.png,data\rgbd_dataset_freiburg1_xyz\depth\1305031119.675566.png,0.0036420822143554688,0.0036079883575439453,859,0.012882199998784927,0.003760300000067218,0.005012499999793363,0.008772799999860581,0.0065329000008205185,0.0153057000006811,0.028187899999466026,159031296
518,1305031119.715232,data\rgbd_dataset_freiburg1_xyz\rgb\1305031119.715232.png,data\rgbd_dataset_freiburg1_xyz\depth\1305031119.715249.png,1.71661376953125e-05,0.0004680156707763672,812,0.01303600000028382,0.0037474000000656815,0.005095299999084091,0.008842699999149772,0.007397299999865936,0.01623999999901571,0.02927599999929953,159076352
519,1305031119.747193,data\rgbd_dataset_freiburg1_xyz\rgb\1305031119.747193.png,data\rgbd_dataset_freiburg1_xyz\depth\1305031119.744886.png,0.0023071765899658203,0.001493215560913086,800,0.013007599998672958,0.00377200000002631,0.005086600000140606,0.008858600000166916,0.007831500000975211,0.016690100001142127,0.029697699999815086,159088640
520,1305031119.779169,data\rgbd_dataset_freiburg1_xyz\rgb\1305031119.779169.png,data\rgbd_dataset_freiburg1_xyz\depth\1305031119.778628.png,0.0005409717559814453,0.0035691261291503906,786,0.012974499999472755,0.0037733000008302042,0.0050771000005624956,0.0088504000013927,0.006398499999704654,0.015248900001097354,0.02822340000057011,159088640
521,1305031119.814537,data\rgbd_dataset_freiburg1_xyz\rgb\1305031119.814537.png,data\rgbd_dataset_freiburg1_xyz\depth\1305031119.814571.png,3.3855438232421875e-05,0.0010628700256347656,793,0.01313300000037998,0.0038134999995236285,0.004774500001076376,0.008588000000600005,0.006661100000201259,0.015249100000801263,0.028382100001181243,159084544
522,1305031119.847429,data\rgbd_dataset_freiburg1_xyz\rgb\1305031119.847429.png,data\rgbd_dataset_freiburg1_xyz\depth\1305031119.847445.png,1.5974044799804688e-05,0.0018291473388671875,803,0.013740799999141018,0.0037219000005279668,0.005217900001298403,0.00893980000182637,0.006105700000262004,0.015045500002088374,0.028786300001229392,158486528
523,1305031119.879214,data\rgbd_dataset_freiburg1_xyz\rgb\1305031119.879214.png,data\rgbd_dataset_freiburg1_xyz\depth\1305031119.879232.png,1.7881393432617188e-05,0.0035140514373779297,764,0.013277000000016415,0.003683699998873635,0.00470330000098329,0.008386999999856926,0.006586199999219389,0.014973199999076314,0.02825019999909273,158490624
524,1305031119.911401,data\rgbd_dataset_freiburg1_xyz\rgb\1305031119.911401.png,data\rgbd_dataset_freiburg1_xyz\depth\1305031119.911424.png,2.288818359375e-05,0.0040988922119140625,748,0.013220799999544397,0.0037142999990464887,0.004791700001078425,0.008506000000124914,0.006432600001062383,0.014938600001187297,0.028159400000731694,158498816
525,1305031119.947392,data\rgbd_dataset_freiburg1_xyz\rgb\1305031119.947392.png,data\rgbd_dataset_freiburg1_xyz\depth\1305031119.947462.png,7.009506225585938e-05,0.0017919540405273438,767,0.012745599999107071,0.0034968999989359872,0.0046755000003031455,0.008172399999239133,0.006830000000263681,0.015002399999502813,0.027747999998609885,158502912
526,1305031119.979537,data\rgbd_dataset_freiburg1_xyz\rgb\1305031119.979537.png,data\rgbd_dataset_freiburg1_xyz\depth\1305031119.979546.png,9.059906005859375e-06,0.0039370059967041016,755,0.01302409999880183,0.00355420000050799,0.004567199999655713,0.008121400000163703,0.005709199998818804,0.013830599998982507,0.026854699997784337,158507008
527,1305031120.015264,data\rgbd_dataset_freiburg1_xyz\rgb\1305031120.015264.png,data\rgbd_dataset_freiburg1_xyz\depth\1305031120.015283.png,1.9073486328125e-05,0.00033593177795410156,753,0.01285240000106569,0.003794600001128856,0.004578599999149446,0.008373200000278302,0.006593500000235508,0.01496670000051381,0.0278191000015795,158515200
528,1305031120.04729,data\rgbd_dataset_freiburg1_xyz\rgb\1305031120.047290.png,data\rgbd_dataset_freiburg1_xyz\depth\1305031120.047310.png,2.002716064453125e-05,0.0016901493072509766,757,0.01318619999983639,0.0037088999997649807,0.0052728999999089865,0.008981799999673967,0.006456900000557653,0.01543870000023162,0.02862490000006801,158519296
529,1305031120.079418,data\rgbd_dataset_freiburg1_xyz\rgb\1305031120.079418.png,data\rgbd_dataset_freiburg1_xyz\depth\1305031120.075690.png,0.0037279129028320312,0.003818035125732422,743,0.012979900000573252,0.0035470999991957797,0.0052007000012963545,0.008747800000492134,0.00666809999893303,0.015415899999425164,0.028395799999998417,158523392
530,1305031120.115232,data\rgbd_dataset_freiburg1_xyz\rgb\1305031120.115232.png,data\rgbd_dataset_freiburg1_xyz\depth\1305031120.115249.png,1.6927719116210938e-05,0.0003681182861328125,756,0.013201399999161367,0.0037823000002390472,0.004626300000381889,0.008408600000620936,0.006362200001603924,0.01477080000222486,0.027972200001386227,158527488
531,1305031120.148157,data\rgbd_dataset_freiburg1_xyz\rgb\1305031120.148157.png,data\rgbd_dataset_freiburg1_xyz\depth\1305031120.148175.png,1.811981201171875e-05,0.0025568008422851562,746,0.013034699999479926,0.003698399999848334,0.005131199999595992,0.008829599999444326,0.006335300000500865,0.015164899999945192,0.028199599999425118,158535680
532,1305031120.179246,data\rgbd_dataset_freiburg1_xyz\rgb\1305031120.179246.png,data\rgbd_dataset_freiburg1_xyz\depth\1305031120.179261.png,1.5020370483398438e-05,0.0036458969116210938,734,0.01308950000020559,0.003647399998953915,0.004585499998938758,0.008232899997892673,0.0064235999998345505,0.014656499997727224,0.027745999997932813,158543872
533,1305031120.215249,data\rgbd_dataset_freiburg1_xyz\rgb\1305031120.215249.png,data\rgbd_dataset_freiburg1_xyz\depth\1305031120.215260.png,1.0967254638671875e-05,0.0003509521484375,740,0.012731799999528448,0.0038555999999516644,0.004618199998731143,0.008473799998682807,0.006692400000247289,0.015166199998930097,0.027897999998458545,158556160
534,1305031120.248003,data\rgbd_dataset_freiburg1_xyz\rgb\1305031120.248003.png,data\rgbd_dataset_freiburg1_xyz\depth\1305031120.248018.png,1.5020370483398438e-05,0.0024030208587646484,755,0.01306269999986398,0.003782399999181507,0.0050902999992104014,0.008872699998391909,0.006529700000101002,0.01540239999849291,0.02846509999835689,158568448
535,1305031120.27943,data\rgbd_dataset_freiburg1_xyz\rgb\1305031120.279430.png,data\rgbd_dataset_freiburg1_xyz\depth\1305031120.279441.png,1.1205673217773438e-05,0.0037298202514648438,744,0.015208400000119582,0.004520200000115437,0.004764900000736816,0.009285100000852253,0.006297599999015802,0.015582699999868055,0.030791099999987637,158572544
536,1305031120.315196,data\rgbd_dataset_freiburg1_xyz\rgb\1305031120.315196.png,data\rgbd_dataset_freiburg1_xyz\depth\1305031120.315213.png,1.6927719116210938e-05,0.0004038810729980469,756,0.01308180000160064,0.003643400001237751,0.0043875999999727355,0.008031000001210487,0.008527800000592833,0.01655880000180332,0.02964060000340396,158576640
537,1305031120.347787,data\rgbd_dataset_freiburg1_xyz\rgb\1305031120.347787.png,data\rgbd_dataset_freiburg1_xyz\depth\1305031120.347797.png,1.0013580322265625e-05,0.002187013626098633,750,0.013019699999858858,0.003654199999800767,0.005186499998671934,0.0088406999984727,0.006953100000828272,0.015793799999300973,0.02881349999915983,158576640
538,1305031120.379437,data\rgbd_dataset_freiburg1_xyz\rgb\1305031120.379437.png,data\rgbd_dataset_freiburg1_xyz\depth\1305031120.379446.png,9.059906005859375e-06,0.0038368701934814453,739,0.015606400000251597,0.004471899999771267,0.004618399998435052,0.00909029999820632,0.008532099998774356,0.017622399996980675,0.03322879999723227,158588928
539,1305031120.415445,data\rgbd_dataset_freiburg1_xyz\rgb\1305031120.415445.png,data\rgbd_dataset_freiburg1_xyz\depth\1305031120.415490.png,4.482269287109375e-05,0.00015497207641601562,746,0.014112299999396782,0.0037914000004093396,0.004836299998714821,0.008627699999124161,0.00599319999855652,0.01462089999768068,0.028733199997077463,158588928
540,1305031120.447417,data\rgbd_dataset_freiburg1_xyz\rgb\1305031120.447417.png,data\rgbd_dataset_freiburg1_xyz\depth\1305031120.447433.png,1.5974044799804688e-05,0.0018169879913330078,761,0.013145899998562527,0.00382759999956761,0.004707199999756995,0.008534799999324605,0.00623499999892374,0.014769799998248345,0.027915699996810872,158593024
541,1305031120.479432,data\rgbd_dataset_freiburg1_xyz\rgb\1305031120.479432.png,data\rgbd_dataset_freiburg1_xyz\depth\1305031120.475582.png,0.003850221633911133,0.003832101821899414,752,0.01342570000088017,0.0037924999996903352,0.005092800000056741,0.008885299999747076,0.00601239999923564,0.014897699998982716,0.028323399999862886,158605312
542,1305031120.514819,data\rgbd_dataset_freiburg1_xyz\rgb\1305031120.514819.png,data\rgbd_dataset_freiburg1_xyz\depth\1305031120.514877.png,5.817413330078125e-05,0.0007810592651367188,747,0.013012299999900279,0.003909400000338792,0.004685199999585166,0.008594599999923958,0.008968699999968521,0.01756329999989248,0.030575599999792757,158609408
543,1305031120.547736,data\rgbd_dataset_freiburg1_xyz\rgb\1305031120.547736.png,data\rgbd_dataset_freiburg1_xyz\depth\1305031120.547807.png,7.104873657226562e-05,0.0021359920501708984,786,0.012962499999048305,0.0038361999995686347,0.0049111999996966915,0.008747399999265326,0.009418400000868132,0.01816580000013346,0.031128299999181763,158609408
544,1305031120.579551,data\rgbd_dataset_freiburg1_xyz\rgb\1305031120.579551.png,data\rgbd_dataset_freiburg1_xyz\depth\1305031120.579559.png,8.106231689453125e-06,0.003951072692871094,824,0.014346199999636156,0.0035843999994540354,0.004857500000071013,0.008441899999525049,0.009908300000461168,0.018350199999986216,0.03269639999962237,158617600
545,1305031120.615236,data\rgbd_dataset_freiburg1_xyz\rgb\1305031120.615236.png,data\rgbd_dataset_freiburg1_xyz\depth\1305031120.615271.png,3.504753112792969e-05,0.00036406517028808594,840,0.014115899999524117,0.003695499999594176,0.004772899999807123,0.0084683999994013,0.006869200000437559,0.015337599999838858,0.029453499999362975,158625792
546,1305031120.647354,data\rgbd_dataset_freiburg1_xyz\rgb\1305031120.647354.png,data\rgbd_dataset_freiburg1_xyz\depth\1305031120.646607.png,0.0007469654083251953,0.0017538070678710938,878,0.013413900000159629,0.0036575000012817327,0.0045315999996091705,0.008189100000890903,0.00916730000062671,0.017356400001517613,0.030770300001677242,158638080
547,1305031120.679318,data\rgbd_dataset_freiburg1_xyz\rgb\1305031120.679318.png,data\rgbd_dataset_freiburg1_xyz\depth\1305031120.678467.png,0.0008509159088134766,0.003618001937866211,900,0.013537599999835948,0.0036481000006460818,0.005388600000514998,0.00903670000116108,0.006807600000684033,0.015844300001845113,0.02938190000168106,158646272
548,1305031120.714522,data\rgbd_dataset_freiburg1_xyz\rgb\1305031120.714522.png,data\rgbd_dataset_freiburg1_xyz\depth\1305031120.714553.png,3.123283386230469e-05,0.0010781288146972656,901,0.015306499999496737,0.004312200000640587,0.005394199999500415,0.009706400000141002,0.006257600000026287,0.01596400000016729,0.031270499999664025,158646272
549,1305031120.747369,data\rgbd_dataset_freiburg1_xyz\rgb\1305031120.747369.png,data\rgbd_dataset_freiburg1_xyz\depth\1305031120.747396.png,2.6941299438476562e-05,0.001669168472290039,907,0.013441900000543683,0.0038499999991472578,0.004941499999404186,0.008791499998551444,0.00701889999982086,0.015810399998372304,0.029252299998915987,158654464
550,1305031120.779894,data\rgbd_dataset_freiburg1_xyz\rgb\1305031120.779894.png,data\rgbd_dataset_freiburg1_xyz\depth\1305031120.779908.png,1.3828277587890625e-05,0.004294157028198242,965,0.013238999999884982,0.0038800000002083834,0.004924599999867496,0.00880460000007588,0.007384700000329758,0.016189300000405638,0.02942830000029062,158658560
551,1305031120.814944,data\rgbd_dataset_freiburg1_xyz\rgb\1305031120.814944.png,data\rgbd_dataset_freiburg1_xyz\depth\1305031120.814905.png,3.910064697265625e-05,0.0006558895111083984,992,0.014752600000065286,0.003688799999508774,0.0054074999989097705,0.009096299998418544,0.007641700000021956,0.0167379999984405,0.031490599998505786,158666752
552,1305031120.847921,data\rgbd_dataset_freiburg1_xyz\rgb\1305031120.847921.png,data\rgbd_dataset_freiburg1_xyz\depth\1305031120.847942.png,2.1219253540039062e-05,0.002321004867553711,973,0.01627100000041537,0.004324699999415316,0.005141699999512639,0.009466399998927955,0.006860200001028716,0.01632659999995667,0.03259760000037204,158679040
553,1305031120.883435,data\rgbd_dataset_freiburg1_xyz\rgb\1305031120.883435.png,data\rgbd_dataset_freiburg1_xyz\depth\1305031120.883454.png,1.9073486328125e-05,0.002165079116821289,1018,0.01383460000033665,0.003804899999522604,0.0047713999992993195,0.008576299998821924,0.00662209999973129,0.015198399998553214,0.029032999998889863,158679040
554,1305031120.915444,data\rgbd_dataset_freiburg1_xyz\rgb\1305031120.915444.png,data\rgbd_dataset_freiburg1_xyz\depth\1305031120.915454.png,1.0013580322265625e-05,0.00015616416931152344,1018,0.01390979999996489,0.003739800000403193,0.004918599999655271,0.008658400000058464,0.006693200000881916,0.01535160000094038,0.02926140000090527,158687232
555,1305031120.947488,data\rgbd_dataset_freiburg1_xyz\rgb\1305031120.947488.png,data\rgbd_dataset_freiburg1_xyz\depth\1305031120.947509.png,2.09808349609375e-05,0.0017881393432617188,1027,0.013761099999101134,0.003726200000528479,0.005285799999910523,0.009012000000439002,0.007023399999525282,0.016035399999964284,0.029796499999065418,158695424
556,1305031120.983366,data\rgbd_dataset_freiburg1_xyz\rgb\1305031120.983366.png,data\rgbd_dataset_freiburg1_xyz\depth\1305031120.983390.png,2.4080276489257812e-05,0.0022339820861816406,1042,0.013717899999392102,0.003536599999279133,0.005386900000303285,0.008923499999582418,0.007005299999946146,0.015928799999528565,0.029646699998920667,158699520
557,1305031121.015019,data\rgbd_dataset_freiburg1_xyz\rgb\1305031121.015019.png,data\rgbd_dataset_freiburg1_xyz\depth\1305031121.015029.png,1.0013580322265625e-05,0.0005810260772705078,1043,0.013811099999657017,0.003694000000905362,0.005003199999919161,0.008697200000824523,0.007074299999658251,0.015771500000482774,0.02958260000013979,158703616
558,1305031121.047498,data\rgbd_dataset_freiburg1_xyz\rgb\1305031121.047498.png,data\rgbd_dataset_freiburg1_xyz\depth\1305031121.047755.png,0.0002570152282714844,0.001898050308227539,1055,0.013596299999335315,0.0035790000001725275,0.005091699998956756,0.008670699999129283,0.007508400000006077,0.01617909999913536,0.029775399998470675,158720000
559,1305031121.083099,data\rgbd_dataset_freiburg1_xyz\rgb\1305031121.083099.png,data\rgbd_dataset_freiburg1_xyz\depth\1305031121.083117.png,1.811981201171875e-05,0.0025010108947753906,1041,0.013293500000145286,0.0036349000001791865,0.005041899999923771,0.008676800000102958,0.006642600001214305,0.015319400001317263,0.02861290000146255,158728192
560,1305031121.114696,data\rgbd_dataset_freiburg1_xyz\rgb\1305031121.114696.png,data\rgbd_dataset_freiburg1_xyz\depth\1305031121.114878.png,0.0001819133758544922,0.000904083251953125,1097,0.013598499999716296,0.003594100000555045,0.005625499999950989,0.009219600000506034,0.010973399999784306,0.02019300000029034,0.033791500000006636,158728192
561,1305031121.147331,data\rgbd_dataset_freiburg1_xyz\rgb\1305031121.147331.png,data\rgbd_dataset_freiburg1_xyz\depth\1305031121.147355.png,2.4080276489257812e-05,0.0017309188842773438,1123,0.013793800000712508,0.0036034999993717065,0.0053198000005068025,0.008923299999878509,0.007649700000911253,0.01657300000078976,0.03036680000150227,158728192
562,1305031121.183271,data\rgbd_dataset_freiburg1_xyz\rgb\1305031121.183271.png,data\rgbd_dataset_freiburg1_xyz\depth\1305031121.183281.png,1.0013580322265625e-05,0.002329111099243164,1166,0.014053799999601324,0.0037154999990889337,0.005095999998957268,0.008811499998046202,0.007567099999505444,0.016378599997551646,0.03043239999715297,158732288
563,1305031121.21142,data\rgbd_dataset_freiburg1_xyz\rgb\1305031121.211420.png,data\rgbd_dataset_freiburg1_xyz\depth\1305031121.211431.png,1.0967254638671875e-05,0.004179954528808594,1160,0.013752900000326918,0.0036123999998380896,0.005252100001598592,0.008864500001436681,0.007562500000858563,0.016427000002295244,0.030179900002622162,158744576
564,1305031121.247194,data\rgbd_dataset_freiburg1_xyz\rgb\1305031121.247194.png,data\rgbd_dataset_freiburg1_xyz\depth\1305031121.247201.png,6.9141387939453125e-06,0.0015940666198730469,1186,0.013527699999031029,0.0034052999999403255,0.00461639999957697,0.008021699999517296,0.010417999999845051,0.018439699999362347,0.031967399998393375,158748672
565,1305031121.282876,data\rgbd_dataset_freiburg1_xyz\rgb\1305031121.282876.png,data\rgbd_dataset_freiburg1_xyz\depth\1305031121.282822.png,5.412101745605469e-05,0.0027239322662353516,1202,0.013616400001410511,0.00377209999896877,0.005011600000216276,0.008783699999185046,0.008089799999652314,0.01687349999883736,0.03048990000024787,158756864
566,1305031121.313568,data\rgbd_dataset_freiburg1_xyz\rgb\1305031121.313568.png,data\rgbd_dataset_freiburg1_xyz\depth\1305031121.313588.png,1.9788742065429688e-05,0.0020318031311035156,1217,0.016259300000456278,0.0044076000012864824,0.004698000000644242,0.009105600001930725,0.007468699999662931,0.016574300001593656,0.032833600002049934,158760960
567,1305031121.347517,data\rgbd_dataset_freiburg1_xyz\rgb\1305031121.347517.png,data\rgbd_dataset_freiburg1_xyz\depth\1305031121.347540.png,2.288818359375e-05,0.001917123794555664,1235,0.01373030000104336,0.003678099999888218,0.005075799999758601,0.00875389999964682,0.006918700000824174,0.015672600000470993,0.029402900001514354,158769152
568,1305031121.383226,data\rgbd_dataset_freiburg1_xyz\rgb\1305031121.383226.png,data\rgbd_dataset_freiburg1_xyz\depth\1305031121.383248.png,2.2172927856445312e-05,0.0023741722106933594,1249,0.013514400001440663,0.0036725999998452608,0.005568699998548254,0.009241299998393515,0.007714199999099947,0.01695549999749346,0.030469899998934125,158781440
569,1305031121.414318,data\rgbd_dataset_freiburg1_xyz\rgb\1305031121.414318.png,data\rgbd_dataset_freiburg1_xyz\depth\1305031121.414328.png,1.0013580322265625e-05,0.0012819766998291016,1257,0.013765100000455277,0.003629600001659128,0.005032000000937842,0.00866160000259697,0.008466899998893496,0.017128500001490465,0.030893600001945742,156151808
570,1305031121.447319,data\rgbd_dataset_freiburg1_xyz\rgb\1305031121.447319.png,data\rgbd_dataset_freiburg1_xyz\depth\1305031121.447024.png,0.0002949237823486328,0.0017189979553222656,1296,0.01707380000152625,0.004468699999051751,0.00494789999902423,0.00941659999807598,0.00699709999935294,0.01641369999742892,0.03348749999895517,158158848
571,1305031121.482964,data\rgbd_dataset_freiburg1_xyz\rgb\1305031121.482964.png,data\rgbd_dataset_freiburg1_xyz\depth\1305031121.483015.png,5.1021575927734375e-05,0.002635955810546875,1343,0.013508399999409448,0.003607999999076128,0.0056125999999494525,0.00922059999902558,0.007629300000189687,0.016849899999215268,0.030358299998624716,158191616
572,1305031121.514107,data\rgbd_dataset_freiburg1_xyz\rgb\1305031121.514107.png,data\rgbd_dataset_freiburg1_xyz\depth\1305031121.514164.png,5.698204040527344e-05,0.0014929771423339844,1340,0.014701000000059139,0.003685500001665787,0.005888300000151503,0.00957380000181729,0.008420000000114669,0.01799380000193196,0.0326948000019911,158339072
573,1305031121.54727,data\rgbd_dataset_freiburg1_xyz\rgb\1305031121.547270.png,data\rgbd_dataset_freiburg1_xyz\depth\1305031121.546810.png,0.0004601478576660156,0.0016701221466064453,1328,0.014759300000150688,0.0035425000005488982,0.005667500001436565,0.009210000001985463,0.007637299999259994,0.016847300001245458,0.031606600001396146,158408704
574,1305031121.583204,data\rgbd_dataset_freiburg1_xyz\rgb\1305031121.583204.png,data\rgbd_dataset_freiburg1_xyz\depth\1305031121.583213.png,9.059906005859375e-06,0.0023958683013916016,1316,0.013692299999092938,0.003481299998384202,0.004814000001715613,0.008295300000099814,0.007273700000951067,0.015569000001050881,0.02926130000014382,158408704
575,1305031121.6147,data\rgbd_dataset_freiburg1_xyz\rgb\1305031121.614700.png,data\rgbd_dataset_freiburg1_xyz\depth\1305031121.614719.png,1.8835067749023438e-05,0.0009000301361083984,1312,0.013910400000895606,0.0034500000001571607,0.005252499999187421,0.008702499999344582,0.007296699999642442,0.015999199998987024,0.02990959999988263,158429184
576,1305031121.647183,data\rgbd_dataset_freiburg1_xyz\rgb\1305031121.647183.png,data\rgbd_dataset_freiburg1_xyz\depth\1305031121.646966.png,0.00021696090698242188,0.0015828609466552734,1358,0.013816399999996065,0.0034723999997368082,0.005337699998563039,0.008810099998299847,0.007377300000371179,0.016187399998671026,0.03000379999866709,158449664
577,1305031121.6832,data\rgbd_dataset_freiburg1_xyz\rgb\1305031121.683200.png,data\rgbd_dataset_freiburg1_xyz\depth\1305031121.683211.png,1.1205673217773438e-05,0.0024001598358154297,1351,0.01381749999927706,0.0035427000002528075,0.005038600000261795,0.008581300000514602,0.00746150000122725,0.016042800001741853,0.029860300001018913,158453760
578,1305031121.71452,data\rgbd_dataset_freiburg1_xyz\rgb\1305031121.714520.png,data\rgbd_dataset_freiburg1_xyz\depth\1305031121.714528.png,8.106231689453125e-06,0.0010800361633300781,1336,0.013693900000362191,0.0035420000003796304,0.005138000000442844,0.008680000000822474,0.00668500000028871,0.015365000001111184,0.029058900001473376,158486528
579,1305031121.747145,data\rgbd_dataset_freiburg1_xyz\rgb\1305031121.747145.png,data\rgbd_dataset_freiburg1_xyz\depth\1305031121.746484.png,0.0006608963012695312,0.0014450550079345703,1317,0.01392180000038934,0.0033881999988807365,0.005144899998413166,0.008533099997293903,0.007093000000168104,0.015626099997462006,0.029547899997851346,158502912
580,1305031121.782835,data\rgbd_dataset_freiburg1_xyz\rgb\1305031121.782835.png,data\rgbd_dataset_freiburg1_xyz\depth\1305031121.782871.png,3.600120544433594e-05,0.0027649402618408203,1306,0.013887200000681332,0.003319299999930081,0.0052622999992308905,0.008581599999160971,0.010622500001773005,0.019204100000933977,0.03309130000161531,158502912
581,1305031121.81154,data\rgbd_dataset_freiburg1_xyz\rgb\1305031121.811540.png,data\rgbd_dataset_freiburg1_xyz\depth\1305031121.811545.png,5.0067901611328125e-06,0.004060029983520508,1304,0.013583400001152768,0.003359199999977136,0.004894399999102461,0.008253599999079597,0.007627099999808706,0.015880699998888304,0.02946410000004107,158511104
582,1305031121.847335,data\rgbd_dataset_freiburg1_xyz\rgb\1305031121.847335.png,data\rgbd_dataset_freiburg1_xyz\depth\1305031121.846870.png,0.00046515464782714844,0.0016350746154785156,1297,0.013770099998509977,0.0033065999996324535,0.005348599999706494,0.008655199999338947,0.007830700000340585,0.016485899999679532,0.03025599999818951,158519296
583,1305031121.88206,data\rgbd_dataset_freiburg1_xyz\rgb\1305031121.882060.png,data\rgbd_dataset_freiburg1_xyz\depth\1305031121.882123.png,6.29425048828125e-05,0.0035400390625,1297,0.015186799999355571,0.003434299998843926,0.005411000000094646,0.008845299998938572,0.007513999998991494,0.016359299997930066,0.03154609999728564,158531584
584,1305031121.914931,data\rgbd_dataset_freiburg1_xyz\rgb\1305031121.914931.png,data\rgbd_dataset_freiburg1_xyz\depth\1305031121.914943.png,1.1920928955078125e-05,0.0006690025329589844,1271,0.013842500000464497,0.003512699999191682,0.005398999999670195,0.008911699998861877,0.007325299999138224,0.0162369999980001,0.0300794999984646,158531584
585,1305031121.947288,data\rgbd_dataset_freiburg1_xyz\rgb\1305031121.947288.png,data\rgbd_dataset_freiburg1_xyz\depth\1305031121.947318.png,3.0040740966796875e-05,0.0016880035400390625,1273,0.01349089999894204,0.003309600000648061,0.005090799999379669,0.00840040000002773,0.007963699999891105,0.016364099999918835,0.029854999998860876,158539776
586,1305031121.982926,data\rgbd_dataset_freiburg1_xyz\rgb\1305031121.982926.png,data\rgbd_dataset_freiburg1_xyz\depth\1305031121.982935.png,9.059906005859375e-06,0.002674102783203125,1272,0.013800099999571103,0.003356200000780518,0.005157100000360515,0.008513300001141033,0.007119300000340445,0.015632600001481478,0.02943270000105258,158547968
587,1305031122.014256,data\rgbd_dataset_freiburg1_xyz\rgb\1305031122.014256.png,data\rgbd_dataset_freiburg1_xyz\depth\1305031122.014424.png,0.00016808509826660156,0.0013439655303955078,1265,0.013630400000693044,0.0034212999998999294,0.00528400000075635,0.00870530000065628,0.007796400001097936,0.016501700001754216,0.03013210000244726,158560256
588,1305031122.047306,data\rgbd_dataset_freiburg1_xyz\rgb\1305031122.047306.png,data\rgbd_dataset_freiburg1_xyz\depth\1305031122.046908.png,0.0003981590270996094,0.0017061233520507812,1280,0.013829299999997602,0.0035611999992397614,0.0048920999997790204,0.008453299999018782,0.0078002999998716405,0.016253599998890422,0.030082899998888024,158560256
589,1305031122.082959,data\rgbd_dataset_freiburg1_xyz\rgb\1305031122.082959.png,data\rgbd_dataset_freiburg1_xyz\depth\1305031122.082969.png,1.0013580322265625e-05,0.0028409957885742188,1288,0.01644299999861687,0.004192500000499422,0.005188200000702636,0.009380700001202058,0.0077390999995259335,0.01711980000072799,0.03356279999934486,158638080
590,1305031122.114672,data\rgbd_dataset_freiburg1_xyz\rgb\1305031122.114672.png,data\rgbd_dataset_freiburg1_xyz\depth\1305031122.114688.png,1.5974044799804688e-05,0.0009281635284423828,1301,0.013819600000715582,0.0033194999996339902,0.004650700000638608,0.007970200000272598,0.007792299998982344,0.015762499999254942,0.029582099999970524,156561408
591,1305031122.150725,data\rgbd_dataset_freiburg1_xyz\rgb\1305031122.150725.png,data\rgbd_dataset_freiburg1_xyz\depth\1305031122.150748.png,2.3126602172851562e-05,0.00487518310546875,1256,0.014324800000395044,0.003461599999354803,0.00444939999943017,0.007910999998784973,0.007399699999950826,0.0153106999987358,0.029635499999130843,158408704
592,1305031122.183042,data\rgbd_dataset_freiburg1_xyz\rgb\1305031122.183042.png,data\rgbd_dataset_freiburg1_xyz\depth\1305031122.183052.png,1.0013580322265625e-05,0.002557992935180664,1235,0.013547300000936957,0.003516700000545825,0.005148100000951672,0.008664800001497497,0.007232500000100117,0.015897300001597614,0.02944460000253457,158461952
593,1305031122.214959,data\rgbd_dataset_freiburg1_xyz\rgb\1305031122.214959.png,data\rgbd_dataset_freiburg1_xyz\depth\1305031122.214969.png,1.0013580322265625e-05,0.0006411075592041016,1245,0.013514000000213855,0.0035758000012720004,0.005209599999943748,0.008785400001215748,0.007019200000286219,0.015804600001501967,0.029318600001715822,158482432
594,1305031122.251319,data\rgbd_dataset_freiburg1_xyz\rgb\1305031122.251319.png,data\rgbd_dataset_freiburg1_xyz\depth\1305031122.251355.png,3.600120544433594e-05,0.004281044006347656,1211,0.013859499998943647,0.0034251999986736337,0.005654599999616039,0.009079799998289673,0.006822200000897283,0.015901999999186955,0.029761499998130603,156721152
595,1305031122.28356,data\rgbd_dataset_freiburg1_xyz\rgb\1305031122.283560.png,data\rgbd_dataset_freiburg1_xyz\depth\1305031122.283866.png,0.0003058910369873047,0.0020399093627929688,1159,0.0142240999994101,0.0035702999994100537,0.004843200000323122,0.008413499999733176,0.007824199999959092,0.016237699999692268,0.030461799999102368,158248960
596,1305031122.314289,data\rgbd_dataset_freiburg1_xyz\rgb\1305031122.314289.png,data\rgbd_dataset_freiburg1_xyz\depth\1305031122.314309.png,1.9788742065429688e-05,0.0013108253479003906,1111,0.013809199999741395,0.0034594000007928116,0.00517539999964356,0.008634800000436371,0.007982200000697048,0.01661700000113342,0.030426200000874815,158388224
597,1305031122.351327,data\rgbd_dataset_freiburg1_xyz\rgb\1305031122.351327.png,data\rgbd_dataset_freiburg1_xyz\depth\1305031122.351351.png,2.4080276489257812e-05,0.004273176193237305,1119,0.01619140000002517,0.004285499999241438,0.005148899999767309,0.009434399999008747,0.008051299999351613,0.01748569999836036,0.03367709999838553,158461952
598,1305031122.38263,data\rgbd_dataset_freiburg1_xyz\rgb\1305031122.382630.png,data\rgbd_dataset_freiburg1_xyz\depth\1305031122.382678.png,4.792213439941406e-05,0.002869844436645508,1088,0.013876099999833968,0.0035337000008439645,0.00545359999887296,0.008987299999716925,0.0073308999999426305,0.016318199999659555,0.030194299999493524,158482432
599,1305031122.414997,data\rgbd_dataset_freiburg1_xyz\rgb\1305031122.414997.png,data\rgbd_dataset_freiburg1_xyz\depth\1305031122.415008.png,1.0967254638671875e-05,0.0006029605865478516,1092,0.014081999999689288,0.0035296999994898215,0.004436799999893992,0.007966499999383814,0.007496099999116268,0.015462599998500082,0.02954459999818937,158486528
600,1305031122.451257,data\rgbd_dataset_freiburg1_xyz\rgb\1305031122.451257.png,data\rgbd_dataset_freiburg1_xyz\depth\1305031122.451272.png,1.5020370483398438e-05,0.004242897033691406,1072,0.013877000001230044,0.0035795999992842553,0.005486099998961436,0.009065699998245691,0.007404600000882056,0.016470299999127747,0.03034730000035779,158511104
601,1305031122.48336,data\rgbd_dataset_freiburg1_xyz\rgb\1305031122.483360.png,data\rgbd_dataset_freiburg1_xyz\depth\1305031122.483388.png,2.7894973754882812e-05,0.0022399425506591797,1102,0.013734100000874605,0.00369930000124441,0.005051000000094064,0.008750300001338474,0.007530599999881815,0.01628090000122029,0.030015000002094894,158511104
602,1305031122.515097,data\rgbd_dataset_freiburg1_xyz\rgb\1305031122.515097.png,data\rgbd_dataset_freiburg1_xyz\depth\1305031122.515135.png,3.814697265625e-05,0.0005030632019042969,1092,0.01358280000022205,0.0037449999999807915,0.005018599998948048,0.00876359999892884,0.007265599999300321,0.01602919999822916,0.02961199999845121,158523392
603,1305031122.55149,data\rgbd_dataset_freiburg1_xyz\rgb\1305031122.551490.png,data\rgbd_dataset_freiburg1_xyz\depth\1305031122.551510.png,2.002716064453125e-05,0.00400996208190918,1105,0.013537500000893488,0.003651800001534866,0.005077400001027854,0.00872920000256272,0.007374400000117021,0.01610360000267974,0.02964110000357323,158527488
604,1305031122.583208,data\rgbd_dataset_freiburg1_xyz\rgb\1305031122.583208.png,data\rgbd_dataset_freiburg1_xyz\depth\1305031122.583217.png,8.821487426757812e-06,0.002391815185546875,1080,0.01376209999943967,0.003918800000974443,0.005138399999850662,0.009057200000825105,0.007599499998832471,0.016656699999657576,0.030418799999097246,158658560
605,1305031122.61498,data\rgbd_dataset_freiburg1_xyz\rgb\1305031122.614980.png,data\rgbd_dataset_freiburg1_xyz\depth\1305031122.615017.png,3.695487976074219e-05,0.0007200241088867188,1039,0.01365079999959562,0.003562400001101196,0.005121500000313972,0.008683900001415168,0.00780289999966044,0.016486800001075608,0.030137600000671227,158662656
606,1305031122.648788,data\rgbd_dataset_freiburg1_xyz\rgb\1305031122.648788.png,data\rgbd_dataset_freiburg1_xyz\depth\1305031122.648810.png,2.193450927734375e-05,0.003187894821166992,1054,0.016571799998928327,0.004152599998633377,0.0047832000000198605,0.008935799998653238,0.0066715000011754455,0.015607299999828683,0.03217909999875701,158666752
607,1305031122.683402,data\rgbd_dataset_freiburg1_xyz\rgb\1305031122.683402.png,data\rgbd_dataset_freiburg1_xyz\depth\1305031122.683420.png,1.7881393432617188e-05,0.0021979808807373047,1023,0.014076800000111689,0.00366799999937939,0.005135600000357954,0.008803599999737344,0.006995699999606586,0.01579929999934393,0.02987609999945562,158703616
608,1305031122.715208,data\rgbd_dataset_freiburg1_xyz\rgb\1305031122.715208.png,data\rgbd_dataset_freiburg1_xyz\depth\1305031122.715219.png,1.0967254638671875e-05,0.00039196014404296875,1040,0.014052799999262788,0.003682800001115538,0.004826300000786432,0.00850910000190197,0.006988400000409456,0.015497500002311426,0.029550300001574215,158703616
609,1305031122.751298,data\rgbd_dataset_freiburg1_xyz\rgb\1305031122.751298.png,data\rgbd_dataset_freiburg1_xyz\depth\1305031122.751309.png,1.0967254638671875e-05,0.004302024841308594,1051,0.013388400000621914,0.0037907000005361624,0.005136900001161848,0.00892760000169801,0.00678909999987809,0.0157167000015761,0.029105100002198014,158707712
610,1305031122.783423,data\rgbd_dataset_freiburg1_xyz\rgb\1305031122.783423.png,data\rgbd_dataset_freiburg1_xyz\depth\1305031122.783438.png,1.5020370483398438e-05,0.002177000045776367,1027,0.013346499999897787,0.0036961000005248934,0.005194100000153412,0.008890200000678306,0.008020100000067032,0.016910300000745337,0.030256800000643125,157011968
611,1305031122.812555,data\rgbd_dataset_freiburg1_xyz\rgb\1305031122.812555.png,data\rgbd_dataset_freiburg1_xyz\depth\1305031122.812565.png,1.0013580322265625e-05,0.0030448436737060547,982,0.014076800000111689,0.0037243999995553168,0.005031299999245675,0.008755699998800992,0.00705510000079812,0.015810799999599112,0.0298875999997108,158597120
612,1305031122.851418,data\rgbd_dataset_freiburg1_xyz\rgb\1305031122.851418.png,data\rgbd_dataset_freiburg1_xyz\depth\1305031122.851486.png,6.794929504394531e-05,0.004182100296020508,960,0.013491600000634207,0.0038593000008404488,0.005603800000244519,0.009463100001084968,0.007724299999608775,0.017187400000693742,0.03067900000132795,156897280
613,1305031122.883754,data\rgbd_dataset_freiburg1_xyz\rgb\1305031122.883754.png,data\rgbd_dataset_freiburg1_xyz\depth\1305031122.883775.png,2.09808349609375e-05,0.0018460750579833984,932,0.01614259999951173,0.004663899999286514,0.00465500000063912,0.009318899999925634,0.010041199999250239,0.019360099999175873,0.035502699998687604,158445568
614,1305031122.914571,data\rgbd_dataset_freiburg1_xyz\rgb\1305031122.914571.png,data\rgbd_dataset_freiburg1_xyz\depth\1305031122.914585.png,1.4066696166992188e-05,0.0010290145874023438,893,0.013526599999750033,0.003656799999589566,0.004825400001209346,0.008482200000798912,0.007351199999902747,0.01583340000070166,0.02936000000045169,158621696
615,1305031122.951341,data\rgbd_dataset_freiburg1_xyz\rgb\1305031122.951341.png,data\rgbd_dataset_freiburg1_xyz\depth\1305031122.951413.png,7.200241088867188e-05,0.0042591094970703125,898,0.01347429999987071,0.003698399999848334,0.004574500000671833,0.008272900000520167,0.006517200001326273,0.01479010000184644,0.02826440000171715,158629888
616,1305031122.982815,data\rgbd_dataset_freiburg1_xyz\rgb\1305031122.982815.png,data\rgbd_dataset_freiburg1_xyz\depth\1305031122.983000.png,0.0001850128173828125,0.0027849674224853516,883,0.01329979999900388,0.003799500000241096,0.005178900000828435,0.00897840000106953,0.006765600001017447,0.015744000002086977,0.029043800001090858,158633984
617,1305031123.01545,data\rgbd_dataset_freiburg1_xyz\rgb\1305031123.015450.png,data\rgbd_dataset_freiburg1_xyz\depth\1305031123.015462.png,1.1920928955078125e-05,5.0067901611328125e-05,870,0.01343520000045828,0.003820199999609031,0.005175900001631817,0.008996100001240848,0.007146299998566974,0.01614239999980782,0.029577600000266102,158703616
618,1305031123.051827,data\rgbd_dataset_freiburg1_xyz\rgb\1305031123.051827.png,data\rgbd_dataset_freiburg1_xyz\depth\1305031123.051838.png,1.0967254638671875e-05,0.003873109817504883,862,0.013453800000206684,0.0035767999997915467,0.005746899998484878,0.009323699998276425,0.006755999998858897,0.01607969999713532,0.029533499997342005,156987392
619,1305031123.082975,data\rgbd_dataset_freiburg1_xyz\rgb\1305031123.082975.png,data\rgbd_dataset_freiburg1_xyz\depth\1305031123.082992.png,1.71661376953125e-05,0.002624988555908203,870,0.01412009999876318,0.0036605999994208105,0.005095000000437722,0.008755599999858532,0.0068620000001828885,0.01561760000004142,0.0297376999988046,158650368
620,1305031123.113873,data\rgbd_dataset_freiburg1_xyz\rgb\1305031123.113873.png,data\rgbd_dataset_freiburg1_xyz\depth\1305031123.113939.png,6.604194641113281e-05,0.0017271041870117188,887,0.013635000001158915,0.003598599998440477,0.0048129999995580874,0.008411599997998565,0.006239399999685702,0.014650999997684266,0.02828599999884318,158687232
621,1305031123.150822,data\rgbd_dataset_freiburg1_xyz\rgb\1305031123.150822.png,data\rgbd_dataset_freiburg1_xyz\depth\1305031123.150840.png,1.811981201171875e-05,0.004678010940551758,889,0.013692399999854388,0.0037207000004855217,0.004943299998558359,0.008663999999043881,0.006758600000466686,0.015422599999510567,0.029114999999364954,158715904
622,1305031123.182155,data\rgbd_dataset_freiburg1_xyz\rgb\1305031123.182155.png,data\rgbd_dataset_freiburg1_xyz\depth\1305031123.182176.png,2.1219253540039062e-05,0.003345012664794922,853,0.013449300000502262,0.0036946000000170898,0.005367899999328074,0.009062499999345164,0.006820900000093388,0.015883399999438552,0.029332699999940814,156823552
623,1305031123.214704,data\rgbd_dataset_freiburg1_xyz\rgb\1305031123.214704.png,data\rgbd_dataset_freiburg1_xyz\depth\1305031123.214724.png,2.002716064453125e-05,0.0007960796356201172,854,0.013895300000513089,0.003735499998583691,0.004787699999724282,0.008523199998307973,0.008285500000056345,0.016808699998364318,0.030703999998877407,158515200
624,1305031123.250618,data\rgbd_dataset_freiburg1_xyz\rgb\1305031123.250618.png,data\rgbd_dataset_freiburg1_xyz\depth\1305031123.250641.png,2.3126602172851562e-05,0.004882097244262695,813,0.013126800000463845,0.0035284000005049165,0.0048219000000244705,0.008350300000529387,0.006363399999827379,0.014713700000356766,0.02784050000082061,158572544
625,1305031123.282347,data\rgbd_dataset_freiburg1_xyz\rgb\1305031123.282347.png,data\rgbd_dataset_freiburg1_xyz\depth\1305031123.282363.png,1.5974044799804688e-05,0.0032529830932617188,756,0.01299519999884069,0.0035248000003775815,0.0044369999995979015,0.007961799999975483,0.006096500001149252,0.014058300001124735,0.027053499999965425,158642176
626,1305031123.311327,data\rgbd_dataset_freiburg1_xyz\rgb\1305031123.311327.png,data\rgbd_dataset_freiburg1_xyz\depth\1305031123.320992.png,0.00966501235961914,0.004272937774658203,759,0.013449100000798353,0.003667300001325202,0.0046595999992860015,0.008326900000611204,0.008568899998863344,0.016895799999474548,0.0303449000002729,158711808
627,1305031123.350481,data\rgbd_dataset_freiburg1_xyz\rgb\1305031123.350481.png,data\rgbd_dataset_freiburg1_xyz\depth\1305031123.350493.png,1.1920928955078125e-05,0.004881143569946289,734,0.013644000000567758,0.00377200000002631,0.0051901000006182585,0.008962100000644568,0.006671899998764275,0.015633999999408843,0.0292779999999766,158806016
628,1305031123.382255,data\rgbd_dataset_freiburg1_xyz\rgb\1305031123.382255.png,data\rgbd_dataset_freiburg1_xyz\depth\1305031123.382263.png,7.867813110351562e-06,0.003345012664794922,731,0.013471399999616551,0.003830999999991036,0.005043400000431575,0.008874400000422611,0.006696599999486352,0.015570999999908963,0.029042399999525514,158818304
629,1305031123.411363,data\rgbd_dataset_freiburg1_xyz\rgb\1305031123.411363.png,data\rgbd_dataset_freiburg1_xyz\depth\1305031123.421343.png,0.009980201721191406,0.004237174987792969,737,0.013285099999848171,0.0036791999991692137,0.005711199999495875,0.009390399998665089,0.006849999999758438,0.016240399998423527,0.029525499998271698,156995584
630,1305031123.451255,data\rgbd_dataset_freiburg1_xyz\rgb\1305031123.451255.png,data\rgbd_dataset_freiburg1_xyz\depth\1305031123.451266.png,1.0967254638671875e-05,0.004244804382324219,713,0.013919799999712268,0.003735199999937322,0.004849799999647075,0.008584999999584397,0.006418099999791593,0.01500309999937599,0.02892289999908826,158511104
631,1305031123.483594,data\rgbd_dataset_freiburg1_xyz\rgb\1305031123.483594.png,data\rgbd_dataset_freiburg1_xyz\depth\1305031123.483605.png,1.0967254638671875e-05,0.002006053924560547,709,0.013292300000102841,0.003654100000858307,0.0045417999990604585,0.008195899999918765,0.006515499999295571,0.014711399999214336,0.028003699999317178,158527488
632,1305031123.51136,data\rgbd_dataset_freiburg1_xyz\rgb\1305031123.511360.png,data\rgbd_dataset_freiburg1_xyz\depth\1305031123.519725.png,0.008365154266357422,0.004140138626098633,734,0.013751000000411295,0.0037014999998064013,0.004490200000873301,0.008191700000679702,0.006206199999724049,0.014397900000403752,0.028148900000815047,158556160
633,1305031123.551513,data\rgbd_dataset_freiburg1_xyz\rgb\1305031123.551513.png,data\rgbd_dataset_freiburg1_xyz\depth\1305031123.551573.png,6.008148193359375e-05,0.004086971282958984,729,0.013526000000638305,0.0038252000013017096,0.004650400000173249,0.008475600001474959,0.006523699999888777,0.014999300001363736,0.02852530000200204,158556160
634,1305031123.579583,data\rgbd_dataset_freiburg1_xyz\rgb\1305031123.579583.png,data\rgbd_dataset_freiburg1_xyz\depth\1305031123.579616.png,3.314018249511719e-05,0.004082918167114258,717,0.013326700000106939,0.0038691000008839183,0.004581600000165054,0.008450700001048972,0.006471599999713362,0.014922300000762334,0.028249000000869273,158560256
635,1305031123.611335,data\rgbd_dataset_freiburg1_xyz\rgb\1305031123.611335.png,data\rgbd_dataset_freiburg1_xyz\depth\1305031123.620387.png,0.009052038192749023,0.004164934158325195,736,0.013700299999982235,0.0037166999991313787,0.0048879000005399575,0.008604599999671336,0.006422099999326747,0.015026699998998083,0.028726999998980318,158576640
636,1305031123.652411,data\rgbd_dataset_freiburg1_xyz\rgb\1305031123.652411.png,data\rgbd_dataset_freiburg1_xyz\depth\1305031123.652430.png,1.9073486328125e-05,0.0031890869140625,733,0.01346180000109598,0.0038567999999941094,0.005847200000062003,0.009704000000056112,0.006526499999381485,0.016230499999437598,0.029692300000533578,156934144
637,1305031123.683753,data\rgbd_dataset_freiburg1_xyz\rgb\1305031123.683753.png,data\rgbd_dataset_freiburg1_xyz\depth\1305031123.683785.png,3.1948089599609375e-05,0.0018470287322998047,735,0.013790599999992992,0.003909199998815893,0.005166599999938626,0.009075799998754519,0.006611000000702916,0.015686799999457435,0.029477399999450427,156971008
638,1305031123.711323,data\rgbd_dataset_freiburg1_xyz\rgb\1305031123.711323.png,data\rgbd_dataset_freiburg1_xyz\depth\1305031123.719975.png,0.008651971817016602,0.004177093505859375,737,0.013509200000044075,0.0037757000009150943,0.0043590999994194135,0.008134800000334508,0.006080900000597467,0.014215700000931975,0.02772490000097605,158461952
639,1305031123.751723,data\rgbd_dataset_freiburg1_xyz\rgb\1305031123.751723.png,data\rgbd_dataset_freiburg1_xyz\depth\1305031123.751980.png,0.0002570152282714844,0.003777027130126953,715,0.01343799999995099,0.0037057999998069135,0.004511299999649054,0.008217099999455968,0.006138700000519748,0.014355799999975716,0.027793799999926705,158470144
640,1305031123.783858,data\rgbd_dataset_freiburg1_xyz\rgb\1305031123.783858.png,data\rgbd_dataset_freiburg1_xyz\depth\1305031123.784138.png,0.0002799034118652344,0.0017418861389160156,732,0.013548100001571584,0.0037694999991799705,0.0053740000003017485,0.009143499999481719,0.006391899998561712,0.015535399998043431,0.029083499999615015,156827648
641,1305031123.811608,data\rgbd_dataset_freiburg1_xyz\rgb\1305031123.811608.png,data\rgbd_dataset_freiburg1_xyz\depth\1305031123.819696.png,0.008087873458862305,0.0038919448852539062,724,0.013803699999698438,0.003957599999921513,0.005133900000146241,0.009091500000067754,0.006479800000306568,0.015571300000374322,0.02937500000007276,157007872
642,1305031123.851444,data\rgbd_dataset_freiburg1_xyz\rgb\1305031123.851444.png,data\rgbd_dataset_freiburg1_xyz\depth\1305031123.851551.png,0.00010704994201660156,0.004055976867675781,728,0.013808499999868218,0.0037456999998539686,0.004484299999603536,0.008229999999457505,0.0060529999991558725,0.014282999998613377,0.028091499998481595,158539776
643,1305031123.883786,data\rgbd_dataset_freiburg1_xyz\rgb\1305031123.883786.png,data\rgbd_dataset_freiburg1_xyz\depth\1305031123.883819.png,3.314018249511719e-05,0.0017139911651611328,733,0.013019500000154949,0.003697199999805889,0.0047505000002274755,0.008447700000033365,0.0062034000002313405,0.014651100000264705,0.027670600000419654,158629888
644,1305031123.911243,data\rgbd_dataset_freiburg1_xyz\rgb\1305031123.911243.png,data\rgbd_dataset_freiburg1_xyz\depth\1305031123.915794.png,0.004550933837890625,0.0042569637298583984,731,0.0134182999991026,0.00374299999930372,0.005159199999980046,0.008902199999283766,0.006008500000461936,0.014910699999745702,0.028328999998848303,158720000
645,1305031123.951442,data\rgbd_dataset_freiburg1_xyz\rgb\1305031123.951442.png,data\rgbd_dataset_freiburg1_xyz\depth\1305031123.951530.png,8.797645568847656e-05,0.00415802001953125,737,0.013013800000408082,0.0035939000008511357,0.00490180000088003,0.008495700001731166,0.006630100000620587,0.015125800002351752,0.028139600002759835,158724096
646,1305031123.983415,data\rgbd_dataset_freiburg1_xyz\rgb\1305031123.983415.png,data\rgbd_dataset_freiburg1_xyz\depth\1305031123.983421.png,6.198883056640625e-06,0.0021851062774658203,723,0.015561799998977222,0.004414499999256805,0.004471599999305909,0.008886099998562713,0.006398100000296836,0.015284199998859549,0.03084599999783677,158724096
647,1305031124.011302,data\rgbd_dataset_freiburg1_xyz\rgb\1305031124.011302.png,data\rgbd_dataset_freiburg1_xyz\depth\1305031124.019737.png,0.00843501091003418,0.0041980743408203125,727,0.012844899998526671,0.0038381000013032462,0.005365799999708543,0.009203900001011789,0.006873299998915172,0.01607719999992696,0.028922099998453632,157024256
648,1305031124.051505,data\rgbd_dataset_freiburg1_xyz\rgb\1305031124.051505.png,data\rgbd_dataset_freiburg1_xyz\depth\1305031124.051531.png,2.5987625122070312e-05,0.003994941711425781,738,0.01334359999964363,0.0038420999990194105,0.004971799999111681,0.008813899998131092,0.0063693000010971446,0.015183199999228236,0.028526799998871866,158597120
649,1305031124.083837,data\rgbd_dataset_freiburg1_xyz\rgb\1305031124.083837.png,data\rgbd_dataset_freiburg1_xyz\depth\1305031124.083902.png,6.4849853515625e-05,0.0016629695892333984,729,0.012906500000099186,0.0036760999992111465,0.0053299000010156306,0.009006000000226777,0.006006700001307763,0.01501270000153454,0.027919200001633726,156950528
650,1305031124.111331,data\rgbd_dataset_freiburg1_xyz\rgb\1305031124.111331.png,data\rgbd_dataset_freiburg1_xyz\depth\1305031124.119669.png,0.008337974548339844,0.004168987274169922,723,0.013521900000341702,0.003891199999998207,0.004753900000650901,0.008645100000649109,0.0059951000002911314,0.01464020000094024,0.028162100001281942,158588928
651,1305031124.147446,data\rgbd_dataset_freiburg1_xyz\rgb\1305031124.147446.png,data\rgbd_dataset_freiburg1_xyz\depth\1305031124.147458.png,1.2159347534179688e-05,0.0018458366394042969,738,0.013258499999210471,0.0037508000004891073,0.004643199999918579,0.008394000000407686,0.009217799999532872,0.01761179999994056,0.03087029999915103,158613504
652,1305031124.182694,data\rgbd_dataset_freiburg1_xyz\rgb\1305031124.182694.png,data\rgbd_dataset_freiburg1_xyz\depth\1305031124.182707.png,1.3113021850585938e-05,0.002805948257446289,729,0.01605550000022049,0.00467930000013439,0.00485599999956321,0.0095352999996976,0.006169300000692601,0.0157046000003902,0.03176010000061069,158744576
653,1305031124.211396,data\rgbd_dataset_freiburg1_xyz\rgb\1305031124.211396.png,data\rgbd_dataset_freiburg1_xyz\depth\1305031124.217179.png,0.0057830810546875,0.004104137420654297,720,0.01308210000024701,0.0037314000001060776,0.004677799999626586,0.008409199999732664,0.006234099999346654,0.014643299999079318,0.027725399999326328,158756864
654,1305031124.249327,data\rgbd_dataset_freiburg1_xyz\rgb\1305031124.249327.png,data\rgbd_dataset_freiburg1_xyz\depth\1305031124.249340.png,1.3113021850585938e-05,0.0038268566131591797,726,0.01329510000141454,0.0038163000008353265,0.004502300000240211,0.008318600001075538,0.00609220000114874,0.014410800002224278,0.027705900003638817,158769152
655,1305031124.282545,data\rgbd_dataset_freiburg1_xyz\rgb\1305031124.282545.png,data\rgbd_dataset_freiburg1_xyz\depth\1305031124.282555.png,1.0013580322265625e-05,0.0029549598693847656,755,0.013415000001259614,0.0037826999996468658,0.004263399998308159,0.008046099997955025,0.006438700000217068,0.014484799998172093,0.027899799999431707,158781440
656,1305031124.311361,data\rgbd_dataset_freiburg1_xyz\rgb\1305031124.311361.png,data\rgbd_dataset_freiburg1_xyz\depth\1305031124.316782.png,0.0054209232330322266,0.004138946533203125,718,0.013473899998643901,0.0037578000010398682,0.004982200000085868,0.008740000001125736,0.0066128999987995485,0.015352899999925285,0.028826799998569186,158785536
657,1305031124.350354,data\rgbd_dataset_freiburg1_xyz\rgb\1305031124.350354.png,data\rgbd_dataset_freiburg1_xyz\depth\1305031124.350371.png,1.6927719116210938e-05,0.004853963851928711,730,0.013133800001014606,0.00367769999866141,0.004937600000630482,0.008615299999291892,0.006542499999341089,0.015157799998632981,0.028291599999647588,158793728
658,1305031124.38242,data\rgbd_dataset_freiburg1_xyz\rgb\1305031124.382420.png,data\rgbd_dataset_freiburg1_xyz\depth\1305031124.382432.png,1.1920928955078125e-05,0.0031800270080566406,749,0.013450599999487167,0.003683900000396534,0.004188799999610637,0.007872700000007171,0.0061920000007376075,0.014064700000744779,0.027515300000231946,158797824
659,1305031124.411439,data\rgbd_dataset_freiburg1_xyz\rgb\1305031124.411439.png,data\rgbd_dataset_freiburg1_xyz\depth\1305031124.418555.png,0.007116079330444336,0.004060983657836914,750,0.01299739999922167,0.0036446999984036665,0.005125499999849126,0.008770199998252792,0.009103499998673215,0.017873699996926007,0.030871099996147677,158822400
660,1305031124.450245,data\rgbd_dataset_freiburg1_xyz\rgb\1305031124.450245.png,data\rgbd_dataset_freiburg1_xyz\depth\1305031124.450256.png,1.1205673217773438e-05,0.004644870758056641,766,0.013090299999021227,0.0037224999996396946,0.004473799999686889,0.008196299999326584,0.009505800000624731,0.017702099999951315,0.03079239999897254,158826496
661,1305031124.480099,data\rgbd_dataset_freiburg1_xyz\rgb\1305031124.480099.png,data\rgbd_dataset_freiburg1_xyz\depth\1305031124.480126.png,2.6941299438476562e-05,0.004498958587646484,797,0.015142599999308004,0.003853700000036042,0.0054584000008617295,0.009312100000897772,0.006707900000037625,0.016020000000935397,0.0311626000002434,157024256
662,1305031124.511324,data\rgbd_dataset_freiburg1_xyz\rgb\1305031124.511324.png,data\rgbd_dataset_freiburg1_xyz\depth\1305031124.516737.png,0.005413055419921875,0.004176139831542969,810,0.014229799999156967,0.0039129999986471375,0.004889300000286312,0.00880229999893345,0.006583100001080311,0.01538540000001376,0.029615199999170727,158617600
663,1305031124.550437,data\rgbd_dataset_freiburg1_xyz\rgb\1305031124.550437.png,data\rgbd_dataset_freiburg1_xyz\depth\1305031124.550503.png,6.604194641113281e-05,0.004936933517456055,819,0.013611200000013923,0.0038925999997445615,0.004882900000666268,0.00877550000041083,0.009543100000882987,0.018318600001293817,0.03192980000130774,158842880
664,1305031124.579404,data\rgbd_dataset_freiburg1_xyz\rgb\1305031124.579404.png,data\rgbd_dataset_freiburg1_xyz\depth\1305031124.584606.png,0.005201816558837891,0.003904104232788086,840,0.015797399999428308,0.004553699998723459,0.005136800000400399,0.009690499999123858,0.009911999999530963,0.01960249999865482,0.03539989999808313,157442048
665,1305031124.611358,data\rgbd_dataset_freiburg1_xyz\rgb\1305031124.611358.png,data\rgbd_dataset_freiburg1_xyz\depth\1305031124.617653.png,0.006294965744018555,0.004142045974731445,845,0.013583399999333778,0.0037391999994724756,0.004892599999948288,0.008631799999420764,0.00609470000017609,0.014726499999596854,0.028309899998930632,159019008
666,1305031124.651271,data\rgbd_dataset_freiburg1_xyz\rgb\1305031124.651271.png,data\rgbd_dataset_freiburg1_xyz\depth\1305031124.651313.png,4.1961669921875e-05,0.00432896614074707,879,0.013443200001347577,0.0036605000004783506,0.004774500001076376,0.008435000001554727,0.007090500001140754,0.01552550000269548,0.028968700004043058,159051776
667,1305031124.679362,data\rgbd_dataset_freiburg1_xyz\rgb\1305031124.679362.png,data\rgbd_dataset_freiburg1_xyz\depth\1305031124.685473.png,0.0061109066009521484,0.0037620067596435547,933,0.015249399999447633,0.0038313999993988546,0.004922800000713323,0.008754200000112178,0.006613699999434175,0.015367899999546353,0.030617299998993985,159068160
668,1305031124.711251,data\rgbd_dataset_freiburg1_xyz\rgb\1305031124.711251.png,data\rgbd_dataset_freiburg1_xyz\depth\1305031124.715791.png,0.004539966583251953,0.004249095916748047,956,0.013536399999793503,0.0037308999999368098,0.005385300000853022,0.009116200000789831,0.006331300000965712,0.015447500001755543,0.028983900001549046,157229056
669,1305031124.74989,data\rgbd_dataset_freiburg1_xyz\rgb\1305031124.749890.png,data\rgbd_dataset_freiburg1_xyz\depth\1305031124.749941.png,5.1021575927734375e-05,0.00439000129699707,957,0.014321300001029158,0.004167999999481253,0.004857099998844205,0.009025099998325459,0.006397800001650467,0.015422899999975925,0.029744200001005083,159186944
670,1305031124.779365,data\rgbd_dataset_freiburg1_xyz\rgb\1305031124.779365.png,data\rgbd_dataset_freiburg1_xyz\depth\1305031124.785178.png,0.005812883377075195,0.0038650035858154297,999,0.013584999998784042,0.003713699999934761,0.005015799999455339,0.0087294999993901,0.006392799999957788,0.015122299999347888,0.02870729999813193,159203328
671,1305031124.81136,data\rgbd_dataset_freiburg1_xyz\rgb\1305031124.811360.png,data\rgbd_dataset_freiburg1_xyz\depth\1305031124.816641.png,0.005281209945678711,0.004140138626098633,1022,0.01333119999981136,0.0037306000012904406,0.00507859999925131,0.00880920000054175,0.006559599998581689,0.01536879999912344,0.0286999999989348,159215616
672,1305031124.850535,data\rgbd_dataset_freiburg1_xyz\rgb\1305031124.850535.png,data\rgbd_dataset_freiburg1_xyz\depth\1305031124.850559.png,2.4080276489257812e-05,0.004965066909790039,1050,0.0134859999998298,0.0036337000001367414,0.004684999999881256,0.008318700000017998,0.010600399999020738,0.018919099999038735,0.032405099998868536,159277056
673,1305031124.879355,data\rgbd_dataset_freiburg1_xyz\rgb\1305031124.879355.png,data\rgbd_dataset_freiburg1_xyz\depth\1305031124.883594.png,0.004239082336425781,0.003754854202270508,1105,0.013821599999573664,0.003685800000312156,0.0050759999994625105,0.008761799999774667,0.006995899999310495,0.015757699999085162,0.029579299998658826,159272960
674,1305031124.911448,data\rgbd_dataset_freiburg1_xyz\rgb\1305031124.911448.png,data\rgbd_dataset_freiburg1_xyz\depth\1305031124.918770.png,0.007322072982788086,0.004152059555053711,1099,0.01500780000060331,0.0037398999993456528,0.004719900000054622,0.008459799999400275,0.0068256000013207085,0.015285400000720983,0.030293200001324294,159285248
675,1305031124.95073,data\rgbd_dataset_freiburg1_xyz\rgb\1305031124.950730.png,data\rgbd_dataset_freiburg1_xyz\depth\1305031124.950748.png,1.7881393432617188e-05,0.004869937896728516,1075,0.01425050000034389,0.0036522999998851446,0.005026900000302703,0.008679200000187848,0.010865199999898323,0.01954440000008617,0.03379490000043006,159391744
676,1305031124.979438,data\rgbd_dataset_freiburg1_xyz\rgb\1305031124.979438.png,data\rgbd_dataset_freiburg1_xyz\depth\1305031124.986460.png,0.007021903991699219,0.003638029098510742,1084,0.01592970000092464,0.004716600000392646,0.005088999998406507,0.009805599998799153,0.010331400000723079,0.02013699999952223,0.03606670000044687,159395840
677,1305031125.011454,data\rgbd_dataset_freiburg1_xyz\rgb\1305031125.011454.png,data\rgbd_dataset_freiburg1_xyz\depth\1305031125.019467.png,0.008013010025024414,0.004045963287353516,1121,0.013800200000332552,0.0036728000013681594,0.005073399999673711,0.00874620000104187,0.006682700000965269,0.01542890000200714,0.029229100002339692,159404032
678,1305031125.050763,data\rgbd_dataset_freiburg1_xyz\rgb\1305031125.050763.png,data\rgbd_dataset_freiburg1_xyz\depth\1305031125.050798.png,3.504753112792969e-05,0.004737138748168945,1166,0.01476379999985511,0.0036581999993359204,0.0053014000004623085,0.008959599999798229,0.007971600000018952,0.01693119999981718,0.03169499999967229,157556736
679,1305031125.079364,data\rgbd_dataset_freiburg1_xyz\rgb\1305031125.079364.png,data\rgbd_dataset_freiburg1_xyz\depth\1305031125.083480.png,0.0041158199310302734,0.0038640499114990234,1176,0.013675300000613788,0.0034821999997802777,0.00569309999991674,0.009175299999697017,0.00820919999932812,0.017384499999025138,0.031059799999638926,157286400
680,1305031125.111364,data\rgbd_dataset_freiburg1_xyz\rgb\1305031125.111364.png,data\rgbd_dataset_freiburg1_xyz\depth\1305031125.119029.png,0.007665157318115234,0.004136085510253906,1205,0.014176200000292738,0.0035303999993629986,0.006167000001369161,0.00969740000073216,0.00802309999926365,0.01772049999999581,0.03189670000028855,157532160
681,1305031125.151013,data\rgbd_dataset_freiburg1_xyz\rgb\1305031125.151013.png,data\rgbd_dataset_freiburg1_xyz\depth\1305031125.151037.png,2.4080276489257812e-05,0.0045871734619140625,1194,0.013890600001104758,0.0038116999985504663,0.005187000000660191,0.008998699999210658,0.011469099999885657,0.020467799999096314,0.03435840000020107,159027200
682,1305031125.179353,data\rgbd_dataset_freiburg1_xyz\rgb\1305031125.179353.png,data\rgbd_dataset_freiburg1_xyz\depth\1305031125.187064.png,0.007710933685302734,0.0037529468536376953,1197,0.014583800000764313,0.0036588000002666377,0.0053406000006361865,0.008999400000902824,0.007885500001066248,0.016884900001969072,0.031468700002733385,159035392
683,1305031125.21132,data\rgbd_dataset_freiburg1_xyz\rgb\1305031125.211320.png,data\rgbd_dataset_freiburg1_xyz\depth\1305031125.219018.png,0.00769805908203125,0.004180192947387695,1175,0.016828400001031696,0.004295399998227367,0.00536169999941194,0.009657099997639307,0.007631200000105309,0.017288299997744616,0.03411669999877631,159047680
684,1305031125.250632,data\rgbd_dataset_freiburg1_xyz\rgb\1305031125.250632.png,data\rgbd_dataset_freiburg1_xyz\depth\1305031125.250642.png,1.0013580322265625e-05,0.004868030548095703,1180,0.013596500000858214,0.003684500001327251,0.005014099999243626,0.008698600000570877,0.007338800000070478,0.016037400000641355,0.02963390000149957,159055872
685,1305031125.279467,data\rgbd_dataset_freiburg1_xyz\rgb\1305031125.279467.png,data\rgbd_dataset_freiburg1_xyz\depth\1305031125.286396.png,0.006928920745849609,0.0038671493530273438,1203,0.013838500000929344,0.00356860000101733,0.005130099998496007,0.008698699999513337,0.007649099999980535,0.016347799999493873,0.030186300000423216,159072256
686,1305031125.311493,data\rgbd_dataset_freiburg1_xyz\rgb\1305031125.311493.png,data\rgbd_dataset_freiburg1_xyz\depth\1305031125.319140.png,0.007647037506103516,0.004007101058959961,1206,0.013750300000538118,0.003824499999609543,0.005344499999409891,0.009168999999019434,0.007405300000755233,0.016574299999774667,0.030324600000312785,159145984
687,1305031125.34888,data\rgbd_dataset_freiburg1_xyz\rgb\1305031125.348880.png,data\rgbd_dataset_freiburg1_xyz\depth\1305031125.348899.png,1.8835067749023438e-05,0.002680063247680664,1226,0.013668999999936204,0.003646300001491909,0.005471700000271085,0.009118000001762994,0.006758900000932044,0.015876900002695038,0.029545900002631242,159166464
688,1305031125.379401,data\rgbd_dataset_freiburg1_xyz\rgb\1305031125.379401.png,data\rgbd_dataset_freiburg1_xyz\depth\1305031125.386792.png,0.0073909759521484375,0.0038008689880371094,1196,0.013506999999663094,0.003662099999928614,0.005082299998321105,0.008744399998249719,0.007073400000081165,0.015817799998330884,0.029324799997993978,159174656
689,1305031125.411335,data\rgbd_dataset_freiburg1_xyz\rgb\1305031125.411335.png,data\rgbd_dataset_freiburg1_xyz\depth\1305031125.419574.png,0.008239030838012695,0.0042650699615478516,1217,0.013644900000144844,0.0036116999999649124,0.004922699999951874,0.008534399999916786,0.007259300000441726,0.015793700000358513,0.029438600000503357,159182848
690,1305031125.451195,data\rgbd_dataset_freiburg1_xyz\rgb\1305031125.451195.png,data\rgbd_dataset_freiburg1_xyz\depth\1305031125.451232.png,3.695487976074219e-05,0.004405021667480469,1196,0.013341300000320189,0.003570900000340771,0.005539899999348563,0.009110799999689334,0.007729000000836095,0.01683980000052543,0.030181100000845618,157667328
691,1305031125.479424,data\rgbd_dataset_freiburg1_xyz\rgb\1305031125.479424.png,data\rgbd_dataset_freiburg1_xyz\depth\1305031125.486999.png,0.007575035095214844,0.003823995590209961,1165,0.013752500000919099,0.003381600001375773,0.0055240999990928685,0.008905700000468642,0.007833099998606485,0.016738799999075127,0.030491299999994226,158949376
692,1305031125.511316,data\rgbd_dataset_freiburg1_xyz\rgb\1305031125.511316.png,data\rgbd_dataset_freiburg1_xyz\depth\1305031125.519354.png,0.008038043975830078,0.004283905029296875,1153,0.014112099999692873,0.003679299999930663,0.005580099999860977,0.00925939999979164,0.007798399999956018,0.017057799999747658,0.03116989999944053,158986240
693,1305031125.55102,data\rgbd_dataset_freiburg1_xyz\rgb\1305031125.551020.png,data\rgbd_dataset_freiburg1_xyz\depth\1305031125.551050.png,3.0040740966796875e-05,0.004480123519897461,1138,0.014391300001079799,0.0034415000009175856,0.005386900000303285,0.00882840000122087,0.010435899999720277,0.019264300000941148,0.03365560000202095,159031296
694,1305031125.579308,data\rgbd_dataset_freiburg1_xyz\rgb\1305031125.579308.png,data\rgbd_dataset_freiburg1_xyz\depth\1305031125.585303.png,0.005995035171508789,0.0038080215454101562,1133,0.013975799998661387,0.0035867999995389255,0.004755999998451443,0.008342799997990369,0.010116899999047746,0.018459699997038115,0.0324354999956995,159039488
695,1305031125.611533,data\rgbd_dataset_freiburg1_xyz\rgb\1305031125.611533.png,data\rgbd_dataset_freiburg1_xyz\depth\1305031125.617870.png,0.006337165832519531,0.004067182540893555,1148,0.013734500000282424,0.0036023999982717214,0.005071699999461998,0.00867409999773372,0.007697099999859347,0.016371199997593067,0.03010569999787549,159047680
696,1305031125.650575,data\rgbd_dataset_freiburg1_xyz\rgb\1305031125.650575.png,data\rgbd_dataset_freiburg1_xyz\depth\1305031125.650354.png,0.00022101402282714844,0.005025148391723633,1113,0.013780299999780254,0.0034332000013819197,0.005341699999917182,0.008774900001299102,0.010675300000002608,0.01945020000130171,0.033230500001081964,159100928
697,1305031125.679328,data\rgbd_dataset_freiburg1_xyz\rgb\1305031125.679328.png,data\rgbd_dataset_freiburg1_xyz\depth\1305031125.684602.png,0.005274057388305664,0.0037279129028320312,1176,0.013814299998557544,0.003456200000073295,0.0051032999999733875,0.008559500000046683,0.007124800000383402,0.015684300000430085,0.02949859999898763,159105024
698,1305031125.711443,data\rgbd_dataset_freiburg1_xyz\rgb\1305031125.711443.png,data\rgbd_dataset_freiburg1_xyz\depth\1305031125.715669.png,0.004225969314575195,0.004057168960571289,1203,0.01377409999986412,0.0034149000002798857,0.004770999999891501,0.008185900000171387,0.007221400001071743,0.01540730000124313,0.02918140000110725,159113216
699,1305031125.75126,data\rgbd_dataset_freiburg1_xyz\rgb\1305031125.751260.png,data\rgbd_dataset_freiburg1_xyz\depth\1305031125.751292.png,3.1948089599609375e-05,0.0042400360107421875,1207,0.013816999999107793,0.003404999999474967,0.005087600000479142,0.008492599999954109,0.0071184999997058185,0.015611099999659928,0.02942809999876772,159121408
700,1305031125.779348,data\rgbd_dataset_freiburg1_xyz\rgb\1305031125.779348.png,data\rgbd_dataset_freiburg1_xyz\depth\1305031125.786805.png,0.00745701789855957,0.003847837448120117,1222,0.013765799998509465,0.003451999999015243,0.005235699998593191,0.008687699997608433,0.007835999998860643,0.016523699996469077,0.03028949999497854,159121408
701,1305031125.811573,data\rgbd_dataset_freiburg1_xyz\rgb\1305031125.811573.png,data\rgbd_dataset_freiburg1_xyz\depth\1305031125.819450.png,0.007876873016357422,0.003926992416381836,1191,0.01563749999877473,0.0035599000002548564,0.005521999999473337,0.009081899999728194,0.0073272999998152955,0.01640919999954349,0.03204669999831822,159129600
702,1305031125.847412,data\rgbd_dataset_freiburg1_xyz\rgb\1305031125.847412.png,data\rgbd_dataset_freiburg1_xyz\depth\1305031125.854774.png,0.007361888885498047,0.0019121170043945312,1192,0.013932800000475254,0.003584699999919394,0.005040799998823786,0.00862549999874318,0.008319200000187266,0.016944699998930446,0.0308774999994057,159141888
703,1305031125.879318,data\rgbd_dataset_freiburg1_xyz\rgb\1305031125.879318.png,data\rgbd_dataset_freiburg1_xyz\depth\1305031125.886645.png,0.007327079772949219,0.003818035125732422,1164,0.013709199998629629,0.0035664000006363494,0.004912300000796677,0.008478700001433026,0.007637500000782893,0.01611620000221592,0.029825400000845548,159182848
704,1305031125.911305,data\rgbd_dataset_freiburg1_xyz\rgb\1305031125.911305.png,data\rgbd_dataset_freiburg1_xyz\depth\1305031125.919334.png,0.008028984069824219,0.004194974899291992,1209,0.016148200000316137,0.0043798999995487975,0.005116000000271015,0.009495899999819812,0.007337600000028033,0.016833499999847845,0.03298170000016398,159256576
705,1305031125.947343,data\rgbd_dataset_freiburg1_xyz\rgb\1305031125.947343.png,data\rgbd_dataset_freiburg1_xyz\depth\1305031125.955252.png,0.007908821105957031,0.0016431808471679688,1186,0.013649900000018533,0.0035600999999587657,0.005299700000250596,0.008859800000209361,0.008297200000015437,0.017157000000224798,0.03080690000024333,159281152
706,1305031125.979324,data\rgbd_dataset_freiburg1_xyz\rgb\1305031125.979324.png,data\rgbd_dataset_freiburg1_xyz\depth\1305031125.987094.png,0.00776982307434082,0.003823995590209961,1195,0.01384890000008454,0.0035807999993267003,0.005063400001745322,0.008644200001072022,0.00793119999980263,0.01657540000087465,0.030424300000959192,159285248
707,1305031126.011333,data\rgbd_dataset_freiburg1_xyz\rgb\1305031126.011333.png,data\rgbd_dataset_freiburg1_xyz\depth\1305031126.019572.png,0.008239030838012695,0.004167079925537109,1208,0.013746100001299055,0.0035022000010940246,0.0050307000001339475,0.008532900001227972,0.0072982999990927055,0.015831200000320678,0.029577300001619733,159285248
708,1305031126.047324,data\rgbd_dataset_freiburg1_xyz\rgb\1305031126.047324.png,data\rgbd_dataset_freiburg1_xyz\depth\1305031126.055038.png,0.007714033126831055,0.0018239021301269531,1227,0.013871900000594906,0.003745899999557878,0.004889200001343852,0.00863510000090173,0.008205100000850507,0.016840200001752237,0.030712100002347142,159301632
709,1305031126.079356,data\rgbd_dataset_freiburg1_xyz\rgb\1305031126.079356.png,data\rgbd_dataset_freiburg1_xyz\depth\1305031126.087076.png,0.007719993591308594,0.0037560462951660156,1185,0.013786499999696389,0.0037297999988368247,0.00538339999911841,0.009113199997955235,0.007315199998629396,0.01642839999658463,0.03021489999628102,159309824
710,1305031126.11137,data\rgbd_dataset_freiburg1_xyz\rgb\1305031126.111370.png,data\rgbd_dataset_freiburg1_xyz\depth\1305031126.119452.png,0.008081912994384766,0.004129886627197266,1122,0.013715199998841854,0.003598400000555557,0.004864200000156416,0.008462600000711973,0.008176699999239645,0.016639299999951618,0.03035449999879347,159318016
711,1305031126.147432,data\rgbd_dataset_freiburg1_xyz\rgb\1305031126.147432.png,data\rgbd_dataset_freiburg1_xyz\depth\1305031126.155000.png,0.007567882537841797,0.0019321441650390625,1108,0.014049400000658352,0.003694799999720999,0.005352500000299187,0.009047300000020186,0.006952400000955095,0.01599970000097528,0.030049100001633633,159326208
712,1305031126.179384,data\rgbd_dataset_freiburg1_xyz\rgb\1305031126.179384.png,data\rgbd_dataset_freiburg1_xyz\depth\1305031126.187174.png,0.007790088653564453,0.0038840770721435547,1080,0.014593299998523435,0.004512800000156858,0.004836000000068452,0.00934880000022531,0.007186699998783297,0.016535499999008607,0.031128799997532042,159350784
713,1305031126.211319,data\rgbd_dataset_freiburg1_xyz\rgb\1305031126.211319.png,data\rgbd_dataset_freiburg1_xyz\depth\1305031126.219473.png,0.008153915405273438,0.0041811466217041016,1024,0.013963699999294477,0.003610300000218558,0.005169500000192784,0.008779800000411342,0.007155100000090897,0.01593490000050224,0.029898599999796716,159420416
714,1305031126.247298,data\rgbd_dataset_freiburg1_xyz\rgb\1305031126.247298.png,data\rgbd_dataset_freiburg1_xyz\depth\1305031126.255236.png,0.007937908172607422,0.0017979145050048828,947,0.013446999999359832,0.0037087000000610715,0.004612799999449635,0.008321499999510706,0.007452600000760867,0.015774100000271574,0.029221099999631406,159424512
715,1305031126.279363,data\rgbd_dataset_freiburg1_xyz\rgb\1305031126.279363.png,data\rgbd_dataset_freiburg1_xyz\depth\1305031126.287105.png,0.007742166519165039,0.0038628578186035156,940,0.013377400000536,0.003637799998614355,0.004713500000434578,0.008351299999048933,0.006463400000939146,0.014814699999988079,0.02819210000052408,159432704
716,1305031126.311332,data\rgbd_dataset_freiburg1_xyz\rgb\1305031126.311332.png,data\rgbd_dataset_freiburg1_xyz\depth\1305031126.319787.png,0.008455038070678711,0.004168033599853516,903,0.013700100000278326,0.0037814999996044207,0.004597299999659299,0.00837879999926372,0.006890399999974761,0.01526919999923848,0.028969299999516807,159473664
717,1305031126.347363,data\rgbd_dataset_freiburg1_xyz\rgb\1305031126.347363.png,data\rgbd_dataset_freiburg1_xyz\depth\1305031126.355415.png,0.00805211067199707,0.0017631053924560547,837,0.013290400000187219,0.0037040999995952006,0.0047843000011198455,0.008488400000715046,0.006345800000417512,0.014834200001132558,0.028124600001319777,159522816
718,1305031126.379423,data\rgbd_dataset_freiburg1_xyz\rgb\1305031126.379423.png,data\rgbd_dataset_freiburg1_xyz\depth\1305031126.387483.png,0.008059978485107422,0.0037229061126708984,854,0.013222800000221469,0.003664599998955964,0.004958600000463775,0.00862319999941974,0.006118100000094273,0.014741299999514013,0.02796409999973548,159531008
719,1305031126.411465,data\rgbd_dataset_freiburg1_xyz\rgb\1305031126.411465.png,data\rgbd_dataset_freiburg1_xyz\depth\1305031126.419793.png,0.008327960968017578,0.004034996032714844,773,0.013601900000139722,0.0037128000003576744,0.004450200000064797,0.008163000000422471,0.006698600000163424,0.014861600000585895,0.028463500000725617,159551488
720,1305031126.447361,data\rgbd_dataset_freiburg1_xyz\rgb\1305031126.447361.png,data\rgbd_dataset_freiburg1_xyz\depth\1305031126.455380.png,0.008018970489501953,0.0018610954284667969,749,0.013443199999528588,0.003693699998621014,0.00428250000004482,0.007976199998665834,0.006346099999063881,0.014322299997729715,0.027765499997258303,159563776
721,1305031126.479533,data\rgbd_dataset_freiburg1_xyz\rgb\1305031126.479533.png,data\rgbd_dataset_freiburg1_xyz\depth\1305031126.490386.png,0.010853052139282227,0.003932952880859375,725,0.013079300000754301,0.0036058999994565966,0.005250099999102531,0.008855999998559128,0.006762900000467198,0.015618899999026326,0.028698199999780627,159629312
722,1305031126.51141,data\rgbd_dataset_freiburg1_xyz\rgb\1305031126.511410.png,data\rgbd_dataset_freiburg1_xyz\depth\1305031126.522321.png,0.010910987854003906,0.004090070724487305,718,0.013567299998612725,0.003713199999765493,0.004567300000417163,0.008280500000182656,0.006506100000478909,0.014786600000661565,0.02835389999927429,159633408
723,1305031126.547374,data\rgbd_dataset_freiburg1_xyz\rgb\1305031126.547374.png,data\rgbd_dataset_freiburg1_xyz\depth\1305031126.558209.png,0.010834932327270508,0.0014739036560058594,727,0.01358310000068741,0.003734600000825594,0.0047921999994287034,0.008526800000254298,0.006670999999187188,0.015197799999441486,0.028780900000128895,159645696
724,1305031126.579454,data\rgbd_dataset_freiburg1_xyz\rgb\1305031126.579454.png,data\rgbd_dataset_freiburg1_xyz\depth\1305031126.590176.png,0.010722160339355469,0.003854036331176758,703,0.013048700000581448,0.0035599999991973164,0.00443259999883594,0.007992599998033256,0.006472499999290449,0.014465099997323705,0.027513799997905153,159649792
725,1305031126.611528,data\rgbd_dataset_freiburg1_xyz\rgb\1305031126.611528.png,data\rgbd_dataset_freiburg1_xyz\depth\1305031126.618687.png,0.007158994674682617,0.003972053527832031,695,0.013283799999044277,0.003632800000559655,0.004770700001245132,0.008403500001804787,0.006374500000674743,0.01477800000247953,0.028061800001523807,159657984
726,1305031126.647376,data\rgbd_dataset_freiburg1_xyz\rgb\1305031126.647376.png,data\rgbd_dataset_freiburg1_xyz\depth\1305031126.654474.png,0.007097959518432617,0.0018761157989501953,694,0.013221999999586842,0.0037728000006609363,0.004678399998738314,0.00845119999939925,0.006792500000301516,0.015243699999700766,0.028465699999287608,159670272
727,1305031126.679479,data\rgbd_dataset_freiburg1_xyz\rgb\1305031126.679479.png,data\rgbd_dataset_freiburg1_xyz\depth\1305031126.690022.png,0.010543107986450195,0.0038788318634033203,677,0.01373079999939364,0.0037064999996800907,0.004506100000071456,0.008212599999751546,0.006534199999805423,0.01474679999955697,0.02847759999895061,159682560
728,1305031126.711583,data\rgbd_dataset_freiburg1_xyz\rgb\1305031126.711583.png,data\rgbd_dataset_freiburg1_xyz\depth\1305031126.715770.png,0.004187107086181641,0.003917217254638672,678,0.013718099999096012,0.003704499999003019,0.004953600000590086,0.008658099999593105,0.006299000000581145,0.01495710000017425,0.028675199999270262,159690752
729,1305031126.747316,data\rgbd_dataset_freiburg1_xyz\rgb\1305031126.747316.png,data\rgbd_dataset_freiburg1_xyz\depth\1305031126.755374.png,0.00805807113647461,0.0017158985137939453,645,0.013153399999282556,0.00349370000003546,0.004358000000138418,0.007851700000173878,0.006139900000562193,0.01399160000073607,0.027145000000018626,157528064
730,1305031126.779379,data\rgbd_dataset_freiburg1_xyz\rgb\1305031126.779379.png,data\rgbd_dataset_freiburg1_xyz\depth\1305031126.787565.png,0.008186101913452148,0.0038788318634033203,650,0.014297300000180257,0.003689299999678042,0.0046297999997477746,0.008319099999425816,0.00885299999936251,0.017172099998788326,0.031469399998968584,159469568
731,1305031126.811602,data\rgbd_dataset_freiburg1_xyz\rgb\1305031126.811602.png,data\rgbd_dataset_freiburg1_xyz\depth\1305031126.819929.png,0.00832676887512207,0.003997802734375,663,0.013684300000022631,0.0037374999992607627,0.004243299999870942,0.007980799999131705,0.006624800000281539,0.014605599999413243,0.028289899999435875,159563776
732,1305031126.847343,data\rgbd_dataset_freiburg1_xyz\rgb\1305031126.847343.png,data\rgbd_dataset_freiburg1_xyz\depth\1305031126.858378.png,0.011034965515136719,0.0018429756164550781,679,0.01579409999976633,0.0044096000001445645,0.004917300000670366,0.00932690000081493,0.006497000000308617,0.015823900001123548,0.03161800000088988,159674368
733,1305031126.879357,data\rgbd_dataset_freiburg1_xyz\rgb\1305031126.879357.png,data\rgbd_dataset_freiburg1_xyz\depth\1305031126.888154.png,0.008796930313110352,0.0033571720123291016,681,0.013196500000049127,0.0034789000001183013,0.004471500000363449,0.00795040000048175,0.005992000000333064,0.013942400000814814,0.02713890000086394,159698944
734,1305031126.911364,data\rgbd_dataset_freiburg1_xyz\rgb\1305031126.911364.png,data\rgbd_dataset_freiburg1_xyz\depth\1305031126.919409.png,0.008044958114624023,0.004135847091674805,677,0.013131499999872176,0.0034957999996549916,0.004762100001244107,0.008257900000899099,0.005999400000291644,0.014257300001190742,0.02738880000106292,159727616
735,1305031126.947437,data\rgbd_dataset_freiburg1_xyz\rgb\1305031126.947437.png,data\rgbd_dataset_freiburg1_xyz\depth\1305031126.955501.png,0.008064031600952148,0.0019371509552001953,686,0.013705100000152015,0.003667200000563753,0.005150499999217573,0.008817699999781325,0.006045500000254833,0.014863200000036159,0.028568300000188174,159752192
736,1305031126.979337,data\rgbd_dataset_freiburg1_xyz\rgb\1305031126.979337.png,data\rgbd_dataset_freiburg1_xyz\depth\1305031126.987316.png,0.00797891616821289,0.0037369728088378906,685,0.013175000000046566,0.0033697999988362426,0.00479059999997844,0.008160399998814682,0.006003000000418979,0.014163399999233661,0.027338399999280227,159793152
737,1305031127.011371,data\rgbd_dataset_freiburg1_xyz\rgb\1305031127.011371.png,data\rgbd_dataset_freiburg1_xyz\depth\1305031127.019524.png,0.008153200149536133,0.004229068756103516,693,0.013534300000173971,0.00363409999954456,0.004962799999702838,0.008596899999247398,0.006020500000886386,0.014617400000133784,0.028151700000307756,159838208
738,1305031127.047297,data\rgbd_dataset_freiburg1_xyz\rgb\1305031127.047297.png,data\rgbd_dataset_freiburg1_xyz\depth\1305031127.053318.png,0.006021022796630859,0.0017969608306884766,684,0.013507199999367003,0.003616600000896142,0.0041425999988859985,0.00775919999978214,0.005566200001339894,0.013325400001122034,0.026832600000489037,159895552
739,1305031127.079299,data\rgbd_dataset_freiburg1_xyz\rgb\1305031127.079299.png,data\rgbd_dataset_freiburg1_xyz\depth\1305031127.088649.png,0.009350061416625977,0.003798961639404297,688,0.013242299999546958,0.003430599999774131,0.004668300000048475,0.008098899999822606,0.005520599999726983,0.013619499999549589,0.026861799999096547,159903744
740,1305031127.111435,data\rgbd_dataset_freiburg1_xyz\rgb\1305031127.111435.png,data\rgbd_dataset_freiburg1_xyz\depth\1305031127.120963.png,0.009528160095214844,0.004065036773681641,702,0.013881999999284744,0.00356389999979001,0.005238499999904889,0.008802399999694899,0.0060533000014402205,0.01485570000113512,0.028737700000419863,159903744
741,1305031127.147307,data\rgbd_dataset_freiburg1_xyz\rgb\1305031127.147307.png,data\rgbd_dataset_freiburg1_xyz\depth\1305031127.157692.png,0.01038503646850586,0.0018069744110107422,689,0.013478499999109772,0.0035379999990254873,0.004366900000604801,0.007904899999630288,0.006547400000272319,0.014452299999902607,0.02793079999901238,159911936
742,1305031127.179349,data\rgbd_dataset_freiburg1_xyz\rgb\1305031127.179349.png,data\rgbd_dataset_freiburg1_xyz\depth\1305031127.187500.png,0.008151054382324219,0.0037488937377929688,701,0.013304100000823382,0.0036015000005136244,0.00457289999940258,0.008174399999916204,0.007298599999558064,0.015472999999474268,0.02877710000029765,159916032
743,1305031127.2117,data\rgbd_dataset_freiburg1_xyz\rgb\1305031127.211700.png,data\rgbd_dataset_freiburg1_xyz\depth\1305031127.221831.png,0.010131120681762695,0.0038001537322998047,686,0.015978899999026908,0.004519899999650079,0.004463500001293141,0.00898340000094322,0.006027400000675698,0.015010800001618918,0.030989700000645826,159916032
744,1305031127.247374,data\rgbd_dataset_freiburg1_xyz\rgb\1305031127.247374.png,data\rgbd_dataset_freiburg1_xyz\depth\1305031127.259761.png,0.01238703727722168,0.0018739700317382812,683,0.013239699999758159,0.0038003999998181826,0.004775800000061281,0.008576199999879464,0.00557210000079067,0.014148300000670133,0.027388000000428292,159920128
745,1305031127.279465,data\rgbd_dataset_freiburg1_xyz\rgb\1305031127.279465.png,data\rgbd_dataset_freiburg1_xyz\depth\1305031127.287038.png,0.007573127746582031,0.003964900970458984,689,0.013323899998795241,0.0038437999992311234,0.005228600000918959,0.009072400000150083,0.009201700000630808,0.01827410000078089,0.03159799999957613,159928320
746,1305031127.311362,data\rgbd_dataset_freiburg1_xyz\rgb\1305031127.311362.png,data\rgbd_dataset_freiburg1_xyz\depth\1305031127.320468.png,0.009105920791625977,0.004137992858886719,661,0.013460800000757445,0.003609199999118573,0.004901199999949313,0.008510399999067886,0.00616979999904288,0.014680199998110766,0.02814099999886821,159932416
747,1305031127.347356,data\rgbd_dataset_freiburg1_xyz\rgb\1305031127.347356.png,data\rgbd_dataset_freiburg1_xyz\depth\1305031127.353407.png,0.006050825119018555,0.0017561912536621094,689,0.012977599999430822,0.003634599999713828,0.004569499998979154,0.008204099998692982,0.006604700000025332,0.014808799998718314,0.027786399998149136,159944704
748,1305031127.379262,data\rgbd_dataset_freiburg1_xyz\rgb\1305031127.379262.png,data\rgbd_dataset_freiburg1_xyz\depth\1305031127.383713.png,0.00445103645324707,0.0037620067596435547,720,0.01345720000063011,0.0038442999994003912,0.00452919999952428,0.008373499998924672,0.009285500000260072,0.017658999999184744,0.031116199999814853,159956992
749,1305031127.411371,data\rgbd_dataset_freiburg1_xyz\rgb\1305031127.411371.png,data\rgbd_dataset_freiburg1_xyz\depth\1305031127.419650.png,0.008279085159301758,0.004029035568237305,717,0.014042800001334399,0.0035579000013967743,0.004990900000848342,0.008548800002245116,0.006279499999436666,0.014828300001681782,0.02887110000301618,159969280
750,1305031127.447333,data\rgbd_dataset_freiburg1_xyz\rgb\1305031127.447333.png,data\rgbd_dataset_freiburg1_xyz\depth\1305031127.454246.png,0.006912946701049805,0.001833200454711914,700,0.013566300000093179,0.003618599999754224,0.0051843999990524026,0.008802999998806627,0.006767099999706261,0.015570099998512887,0.029136399998606066,159973376
751,1305031127.479362,data\rgbd_dataset_freiburg1_xyz\rgb\1305031127.479362.png,data\rgbd_dataset_freiburg1_xyz\depth\1305031127.487200.png,0.007838010787963867,0.0038619041442871094,706,0.013796199998978409,0.0037713999990955926,0.005241299999397597,0.00901269999849319,0.006785899999158573,0.015798599997651763,0.029594799996630172,159985664
752,1305031127.511356,data\rgbd_dataset_freiburg1_xyz\rgb\1305031127.511356.png,data\rgbd_dataset_freiburg1_xyz\depth\1305031127.521900.png,0.0105438232421875,0.004143953323364258,697,0.014141399999061832,0.0036879999988741474,0.005234500000369735,0.008922499999243882,0.00912360000074841,0.018046099999992293,0.032187499999054126,159993856
753,1305031127.547348,data\rgbd_dataset_freiburg1_xyz\rgb\1305031127.547348.png,data\rgbd_dataset_freiburg1_xyz\depth\1305031127.553725.png,0.006376981735229492,0.001847982406616211,711,0.01426039999932982,0.003594399999201414,0.004476699999941047,0.008071099999142461,0.006856400001197471,0.014927500000339933,0.029187899999669753,159993856
754,1305031127.579345,data\rgbd_dataset_freiburg1_xyz\rgb\1305031127.579345.png,data\rgbd_dataset_freiburg1_xyz\depth\1305031127.586632.png,0.007287025451660156,0.0038449764251708984,704,0.013961999999082764,0.0035678000003827037,0.004543299999568262,0.008111099999950966,0.006119399999079178,0.014230499999030144,0.028192499998112908,159993856
755,1305031127.611271,data\rgbd_dataset_freiburg1_xyz\rgb\1305031127.611271.png,data\rgbd_dataset_freiburg1_xyz\depth\1305031127.620657.png,0.009386062622070312,0.004129171371459961,699,0.013606200000140234,0.0036213000003044726,0.004146499999478692,0.007767799999783165,0.006485600000814884,0.014253400000598049,0.027859600000738283,160002048
756,1305031127.647358,data\rgbd_dataset_freiburg1_xyz\rgb\1305031127.647358.png,data\rgbd_dataset_freiburg1_xyz\depth\1305031127.654656.png,0.007297992706298828,0.0016579627990722656,687,0.013817299999573152,0.003824499999609543,0.0049890999998751795,0.008813599999484723,0.006728100001055282,0.015541700000540004,0.029359000000113156,160010240
757,1305031127.679298,data\rgbd_dataset_freiburg1_xyz\rgb\1305031127.679298.png,data\rgbd_dataset_freiburg1_xyz\depth\1305031127.687110.png,0.007812023162841797,0.0037980079650878906,708,0.01379810000071302,0.003751199999896926,0.0049486999996588565,0.008699899999555782,0.006444300001021475,0.015144200000577257,0.028942300001290278,160014336
758,1305031127.711375,data\rgbd_dataset_freiburg1_xyz\rgb\1305031127.711375.png,data\rgbd_dataset_freiburg1_xyz\depth\1305031127.723210.png,0.011835098266601562,0.004125118255615234,727,0.01393869999992603,0.003777599999011727,0.005522600000404054,0.009300199999415781,0.006408999999621301,0.015709199999037082,0.029647899998963112,160022528
759,1305031127.747304,data\rgbd_dataset_freiburg1_xyz\rgb\1305031127.747304.png,data\rgbd_dataset_freiburg1_xyz\depth\1305031127.754694.png,0.007390022277832031,0.0018038749694824219,703,0.013976799998999923,0.0036730000010720687,0.005159099999218597,0.008832100000290666,0.00895190000119328,0.017784000001483946,0.03176080000048387,160030720
760,1305031127.779346,data\rgbd_dataset_freiburg1_xyz\rgb\1305031127.779346.png,data\rgbd_dataset_freiburg1_xyz\depth\1305031127.787641.png,0.008295059204101562,0.0038459300994873047,719,0.013586600000053295,0.003818900000624126,0.004922500000247965,0.00874140000087209,0.008890900000551483,0.017632300001423573,0.031218900001476868,160034816
761,1305031127.811829,data\rgbd_dataset_freiburg1_xyz\rgb\1305031127.811829.png,data\rgbd_dataset_freiburg1_xyz\depth\1305031127.820128.png,0.008298873901367188,0.003670930862426758,734,0.014220900000509573,0.0035695999995368766,0.004867499999818392,0.008437099999355269,0.009611600000425824,0.018048699999781093,0.032269600000290666,160038912
762,1305031127.847366,data\rgbd_dataset_freiburg1_xyz\rgb\1305031127.847366.png,data\rgbd_dataset_freiburg1_xyz\depth\1305031127.855132.png,0.007766008377075195,0.001766204833984375,725,0.013928499998655752,0.003810199999861652,0.004902099999526399,0.008712299999388051,0.006330800000796444,0.015043100000184495,0.028971599998840247,160059392
763,1305031127.87938,data\rgbd_dataset_freiburg1_xyz\rgb\1305031127.879380.png,data\rgbd_dataset_freiburg1_xyz\depth\1305031127.887122.png,0.0077419281005859375,0.003880023956298828,723,0.013692300000911928,0.0037341000006563263,0.004992899999706424,0.00872700000036275,0.006618600000365404,0.015345600000728155,0.029037900001640082,160059392
764,1305031127.911476,data\rgbd_dataset_freiburg1_xyz\rgb\1305031127.911476.png,data\rgbd_dataset_freiburg1_xyz\depth\1305031127.922560.png,0.01108407974243164,0.004024028778076172,710,0.06596940000054019,0.00366540000140958,0.0049213999991479795,0.00858680000055756,0.006038899999111891,0.01462569999966945,0.08059510000020964,160067584
765,1305031127.947366,data\rgbd_dataset_freiburg1_xyz\rgb\1305031127.947366.png,data\rgbd_dataset_freiburg1_xyz\depth\1305031127.955088.png,0.007721900939941406,0.0018661022186279297,711,0.014033999999810476,0.003809499999988475,0.005045699999755016,0.00885519999974349,0.007046500000797096,0.015901700000540586,0.029935700000351062,160133120
766,1305031127.979371,data\rgbd_dataset_freiburg1_xyz\rgb\1305031127.979371.png,data\rgbd_dataset_freiburg1_xyz\depth\1305031127.987093.png,0.007721900939941406,0.0038709640502929688,714,0.013566899999204907,0.003722800000105053,0.004925600000206032,0.008648400000311085,0.008856899999955203,0.01750530000026629,0.031072199999471195,160235520
767,1305031128.011427,data\rgbd_dataset_freiburg1_xyz\rgb\1305031128.011427.png,data\rgbd_dataset_freiburg1_xyz\depth\1305031128.021776.png,0.010349035263061523,0.0039730072021484375,683,0.013705700001082732,0.0036801999995077495,0.0048104000015882775,0.008490600001096027,0.0064790999986144016,0.014969699999710429,0.02867540000079316,160235520
768,1305031128.047369,data\rgbd_dataset_freiburg1_xyz\rgb\1305031128.047369.png,data\rgbd_dataset_freiburg1_xyz\depth\1305031128.055718.png,0.008348941802978516,0.0018689632415771484,699,0.01402830000006361,0.003842800000711577,0.0053752000003441935,0.00921800000105577,0.00886270000046352,0.01808070000151929,0.0321090000015829,160239616
769,1305031128.079334,data\rgbd_dataset_freiburg1_xyz\rgb\1305031128.079334.png,data\rgbd_dataset_freiburg1_xyz\depth\1305031128.087206.png,0.007871866226196289,0.003734111785888672,698,0.014035800000783638,0.0036963000002288027,0.004677700000684126,0.008374000000912929,0.006419200000891578,0.014793200001804507,0.028829000002588145,160239616
770,1305031128.111391,data\rgbd_dataset_freiburg1_xyz\rgb\1305031128.111391.png,data\rgbd_dataset_freiburg1_xyz\depth\1305031128.124746.png,0.013355016708374023,0.004108905792236328,689,0.014082199999393197,0.0037277999999787426,0.004677300001276308,0.00840510000125505,0.006098900001234142,0.014504000002489192,0.02858620000188239,160243712
771,1305031128.147418,data\rgbd_dataset_freiburg1_xyz\rgb\1305031128.147418.png,data\rgbd_dataset_freiburg1_xyz\depth\1305031128.157782.png,0.010364055633544922,0.0019180774688720703,692,0.01362399999925401,0.0036354999992909143,0.004660599999624537,0.008296099998915452,0.005955700000413344,0.014251799999328796,0.027875799998582806,160243712
772,1305031128.17935,data\rgbd_dataset_freiburg1_xyz\rgb\1305031128.179350.png,data\rgbd_dataset_freiburg1_xyz\depth\1305031128.187221.png,0.007871150970458984,0.0038499832153320312,699,0.013462900000376976,0.0034464000000298256,0.005077300000266405,0.00852370000029623,0.006199600000400096,0.014723300000696327,0.028186200001073303,160247808
773,1305031128.211447,data\rgbd_dataset_freiburg1_xyz\rgb\1305031128.211447.png,data\rgbd_dataset_freiburg1_xyz\depth\1305031128.225442.png,0.013994932174682617,0.0040531158447265625,678,0.013487700000041514,0.003752800001166179,0.004520000000411528,0.008272800001577707,0.006195800000568852,0.014468600002146559,0.027956300002188073,160247808
774,1305031128.24748,data\rgbd_dataset_freiburg1_xyz\rgb\1305031128.247480.png,data\rgbd_dataset_freiburg1_xyz\depth\1305031128.256007.png,0.008527040481567383,0.001979827880859375,682,0.013516299999537296,0.003596000000470667,0.004639499999029795,0.008235499999500462,0.007066500000291853,0.015301999999792315,0.02881829999932961,160247808
775,1305031128.279336,data\rgbd_dataset_freiburg1_xyz\rgb\1305031128.279336.png,data\rgbd_dataset_freiburg1_xyz\depth\1305031128.291275.png,0.011939048767089844,0.003835916519165039,679,0.013622099999338388,0.003688799999508774,0.004445700000360375,0.00813449999986915,0.005667100000209757,0.013801600000078906,0.027423699999417295,160251904
776,1305031128.311483,data\rgbd_dataset_freiburg1_xyz\rgb\1305031128.311483.png,data\rgbd_dataset_freiburg1_xyz\depth\1305031128.324170.png,0.012687206268310547,0.0040171146392822266,676,0.01403050000044459,0.0035927000008086907,0.004498700000112876,0.008091400000921567,0.006476300000940682,0.01456770000186225,0.02859820000230684,160251904
777,1305031128.347423,data\rgbd_dataset_freiburg1_xyz\rgb\1305031128.347423.png,data\rgbd_dataset_freiburg1_xyz\depth\1305031128.355206.png,0.007782936096191406,0.0019230842590332031,670,0.01526449999983015,0.003424799999265815,0.005281300000206102,0.008706099999471917,0.008421300000918563,0.01712740000039048,0.03239190000022063,160251904
778,1305031128.379404,data\rgbd_dataset_freiburg1_xyz\rgb\1305031128.379404.png,data\rgbd_dataset_freiburg1_xyz\depth\1305031128.391397.png,0.011992931365966797,0.003904104232788086,680,0.013602600000012899,0.0035783000002993504,0.0043639999985316535,0.007942299998831004,0.00553820000095584,0.013480499999786844,0.027083099999799742,160251904
779,1305031128.411337,data\rgbd_dataset_freiburg1_xyz\rgb\1305031128.411337.png,data\rgbd_dataset_freiburg1_xyz\depth\1305031128.423609.png,0.012272119522094727,0.004063129425048828,688,0.01374260000011418,0.0037747000005765585,0.004712599999038503,0.008487299999615061,0.006007300000419491,0.014494600000034552,0.028237200000148732,160251904
780,1305031128.447296,data\rgbd_dataset_freiburg1_xyz\rgb\1305031128.447296.png,data\rgbd_dataset_freiburg1_xyz\depth\1305031128.455499.png,0.00820302963256836,0.001895904541015625,655,0.013574700000390294,0.0036087000007682946,0.004452900000615045,0.00806160000138334,0.008819399999993038,0.01688100000137638,0.030455700001766672,160251904
781,1305031128.479296,data\rgbd_dataset_freiburg1_xyz\rgb\1305031128.479296.png,data\rgbd_dataset_freiburg1_xyz\depth\1305031128.489523.png,0.010226964950561523,0.0037958621978759766,672,0.014276199999585515,0.003700100000060047,0.004958299999998417,0.008658400000058464,0.008673399999679532,0.017331799999737996,0.03160799999932351,160251904
782,1305031128.511433,data\rgbd_dataset_freiburg1_xyz\rgb\1305031128.511433.png,data\rgbd_dataset_freiburg1_xyz\depth\1305031128.523604.png,0.012171030044555664,0.004167079925537109,670,0.01344769999923301,0.003607900000133668,0.004572600000756211,0.008180500000889879,0.0060684999989462085,0.014248999999836087,0.027696699999069097,160251904
783,1305031128.547399,data\rgbd_dataset_freiburg1_xyz\rgb\1305031128.547399.png,data\rgbd_dataset_freiburg1_xyz\depth\1305031128.555639.png,0.008239984512329102,0.0018990039825439453,679,0.015611799999533105,0.003629900000305497,0.004522400000496418,0.008152300000801915,0.005684899999323534,0.01383720000012545,0.029448999999658554,160256000
784,1305031128.579455,data\rgbd_dataset_freiburg1_xyz\rgb\1305031128.579455.png,data\rgbd_dataset_freiburg1_xyz\depth\1305031128.591460.png,0.012005090713500977,0.003954887390136719,665,0.013191399999413989,0.003653199999462231,0.00473470000179077,0.008387900001253001,0.009224299999914365,0.017612200001167366,0.030803600000581355,160260096
785,1305031128.611395,data\rgbd_dataset_freiburg1_xyz\rgb\1305031128.611395.png,data\rgbd_dataset_freiburg1_xyz\depth\1305031128.623368.png,0.011973142623901367,0.004105091094970703,684,0.013860600000043632,0.0038907999987713993,0.004694700000982266,0.008585499999753665,0.006157199999506702,0.014742699999260367,0.028603299999304,160264192
786,1305031128.647352,data\rgbd_dataset_freiburg1_xyz\rgb\1305031128.647352.png,data\rgbd_dataset_freiburg1_xyz\depth\1305031128.655554.png,0.008202075958251953,0.0018520355224609375,689,0.013881499999115476,0.0036148999988654396,0.004905300000245916,0.008520199999111355,0.0057333000004291534,0.014253499999540509,0.028134999998655985,160264192
787,1305031128.679282,data\rgbd_dataset_freiburg1_xyz\rgb\1305031128.679282.png,data\rgbd_dataset_freiburg1_xyz\depth\1305031128.690449.png,0.011167049407958984,0.003782033920288086,676,0.013426599998638267,0.0036170000003039604,0.00511969999934081,0.00873669999964477,0.0062426000004052185,0.014979300000049989,0.028405899998688255,160264192
788,1305031128.711457,data\rgbd_dataset_freiburg1_xyz\rgb\1305031128.711457.png,data\rgbd_dataset_freiburg1_xyz\depth\1305031128.722976.png,0.01151895523071289,0.004043102264404297,680,0.013810899999953108,0.00385669999923266,0.004774800001541735,0.008631500000774395,0.005972300001303665,0.01460380000207806,0.028414700002031168,160268288
789,1305031128.747363,data\rgbd_dataset_freiburg1_xyz\rgb\1305031128.747363.png,data\rgbd_dataset_freiburg1_xyz\depth\1305031128.754646.png,0.00728297233581543,0.0018630027770996094,697,0.013381300001128693,0.0035652000005939044,0.004576999999699183,0.008142200000293087,0.00654949999989185,0.014691700000184937,0.02807300000131363,160272384
