frame_index,rgb_timestamp,rgb_path,depth_path,rgb_depth_offset_s,rgb_ground_truth_offset_s,point_count,rgbd_read_runtime_s,preprocessing_runtime_s,registration_runtime_s,compute_runtime_s,input_to_pose_runtime_s,process_rss_bytes_after_frame
0,1305031102.175304,data\rgbd_dataset_freiburg1_xyz\rgb\1305031102.175304.png,data\rgbd_dataset_freiburg1_xyz\depth\1305031102.160407.png,0.014896869659423828,0.0004961490631103516,1286,0.015367599999080994,0.0017327999994449783,0.0,0.0017327999994449783,0.017100399998525972,70848512
1,1305031102.211214,data\rgbd_dataset_freiburg1_xyz\rgb\1305031102.211214.png,data\rgbd_dataset_freiburg1_xyz\depth\1305031102.226738.png,0.015523910522460938,0.004685878753662109,1294,0.008040999999138876,0.0016031000013754237,0.03377530000034312,0.035378400001718546,0.04341940000085742,70803456
2,1305031102.275326,data\rgbd_dataset_freiburg1_xyz\rgb\1305031102.275326.png,data\rgbd_dataset_freiburg1_xyz\depth\1305031102.262886.png,0.012439966201782227,0.00047397613525390625,1181,0.008369799999854877,0.0015770999998494517,0.016485100000863895,0.018062200000713347,0.026432000000568223,70901760
3,1305031102.311267,data\rgbd_dataset_freiburg1_xyz\rgb\1305031102.311267.png,data\rgbd_dataset_freiburg1_xyz\depth\1305031102.295279.png,0.015987873077392578,0.004533052444458008,1158,0.008520299999872805,0.0017895999990287237,0.015524899999945774,0.017314499998974497,0.025834799998847302,71700480
4,1305031102.343233,data\rgbd_dataset_freiburg1_xyz\rgb\1305031102.343233.png,data\rgbd_dataset_freiburg1_xyz\depth\1305031102.329195.png,0.0140380859375,0.002566814422607422,1047,0.008389399999941816,0.0017017000009218464,0.01047620000099414,0.012177900001915987,0.020567300001857802,70918144
5,1305031102.375329,data\rgbd_dataset_freiburg1_xyz\rgb\1305031102.375329.png,data\rgbd_dataset_freiburg1_xyz\depth\1305031102.363013.png,0.012315988540649414,0.00047087669372558594,1067,0.008153099999617552,0.0017711999989842298,0.008061300000917981,0.009832499999902211,0.017985599999519764,71118848
6,1305031102.411258,data\rgbd_dataset_freiburg1_xyz\rgb\1305031102.411258.png,data\rgbd_dataset_freiburg1_xyz\depth\1305031102.394772.png,0.016485929489135742,0.004642009735107422,1031,0.008247600000686361,0.0015751999999338295,0.006433299999116571,0.0080084999990504,0.01625609999973676,71114752
7,1305031102.443271,data\rgbd_dataset_freiburg1_xyz\rgb\1305031102.443271.png,data\rgbd_dataset_freiburg1_xyz\depth\1305031102.427815.png,0.015455961227416992,0.002529144287109375,1005,0.008333100000527338,0.0016549000010854797,0.009286299999075709,0.010941200000161189,0.019274300000688527,71106560
8,1305031102.475318,data\rgbd_dataset_freiburg1_xyz\rgb\1305031102.475318.png,data\rgbd_dataset_freiburg1_xyz\depth\1305031102.462395.png,0.012923002243041992,0.0004820823669433594,1017,0.008153400000082911,0.0017389999993611127,0.013611500000479282,0.015350499999840395,0.023503899999923306,71106560
9,1305031102.511219,data\rgbd_dataset_freiburg1_xyz\rgb\1305031102.511219.png,data\rgbd_dataset_freiburg1_xyz\depth\1305031102.526330.png,0.015110969543457031,0.0046808719635009766,930,0.007874500000980333,0.0016789000001153909,0.007511600000725593,0.009190500000840984,0.017065000001821318,71053312
10,1305031102.575286,data\rgbd_dataset_freiburg1_xyz\rgb\1305031102.575286.png,data\rgbd_dataset_freiburg1_xyz\depth\1305031102.562224.png,0.013062000274658203,0.000614166259765625,883,0.007981400000062422,0.0016481000002386281,0.00915030000032857,0.010798400000567199,0.01877980000062962,71081984
11,1305031102.611233,data\rgbd_dataset_freiburg1_xyz\rgb\1305031102.611233.png,data\rgbd_dataset_freiburg1_xyz\depth\1305031102.626818.png,0.015584945678710938,0.004667043685913086,842,0.008311100000355509,0.001786099999662838,0.01215299999967101,0.013939099999333848,0.022250199999689357,71061504
12,1305031102.675285,data\rgbd_dataset_freiburg1_xyz\rgb\1305031102.675285.png,data\rgbd_dataset_freiburg1_xyz\depth\1305031102.663273.png,0.012012004852294922,0.0006148815155029297,794,0.008126799999445211,0.0016496000007464318,0.003642399999080226,0.005291999999826658,0.013418799999271869,71041024
13,1305031102.711263,data\rgbd_dataset_freiburg1_xyz\rgb\1305031102.711263.png,data\rgbd_dataset_freiburg1_xyz\depth\1305031102.695165.png,0.0160980224609375,0.004637002944946289,779,0.007912799999758136,0.001556900000650785,0.005185699999856297,0.006742600000507082,0.014655400000265217,71098368
14,1305031102.743234,data\rgbd_dataset_freiburg1_xyz\rgb\1305031102.743234.png,data\rgbd_dataset_freiburg1_xyz\depth\1305031102.728423.png,0.014810800552368164,0.002566099166870117,747,0.007726300000285846,0.001556499999423977,0.004588700001477264,0.006145200000901241,0.013871500001187087,71122944
15,1305031102.775472,data\rgbd_dataset_freiburg1_xyz\rgb\1305031102.775472.png,data\rgbd_dataset_freiburg1_xyz\depth\1305031102.763549.png,0.011922836303710938,0.00032806396484375,791,0.007960500000990578,0.0016948000011325348,0.0042799999991984805,0.005974800000331015,0.013935300001321593,71147520
16,1305031102.811232,data\rgbd_dataset_freiburg1_xyz\rgb\1305031102.811232.png,data\rgbd_dataset_freiburg1_xyz\depth\1305031102.794978.png,0.016254186630249023,0.004667997360229492,765,0.00796029999946768,0.0016570999996474711,0.004730700000436627,0.006387800000084098,0.014348099999551778,71118848
17,1305031102.84329,data\rgbd_dataset_freiburg1_xyz\rgb\1305031102.843290.png,data\rgbd_dataset_freiburg1_xyz\depth\1305031102.828537.png,0.014753103256225586,0.0025098323822021484,698,0.008509899998898618,0.0017499000005045673,0.0033088000000134343,0.005058700000518002,0.01356859999941662,71147520
18,1305031102.875363,data\rgbd_dataset_freiburg1_xyz\rgb\1305031102.875363.png,data\rgbd_dataset_freiburg1_xyz\depth\1305031102.862808.png,0.012555122375488281,0.0004367828369140625,718,0.008487900000545778,0.0016126000009535346,0.0045921000000817,0.006204700001035235,0.014692600001581013,71127040
19,1305031102.911185,data\rgbd_dataset_freiburg1_xyz\rgb\1305031102.911185.png,data\rgbd_dataset_freiburg1_xyz\depth\1305031102.926851.png,0.01566600799560547,0.0047149658203125,679,0.010404299999208888,0.0016150999999808846,0.007527499999923748,0.009142599999904633,0.01954689999911352,71114752
20,1305031102.975203,data\rgbd_dataset_freiburg1_xyz\rgb\1305031102.975203.png,data\rgbd_dataset_freiburg1_xyz\depth\1305031102.962137.png,0.01306605339050293,0.0006968975067138672,649,0.008266700000604033,0.001752199999828008,0.006017800000336138,0.007770000000164146,0.016036700000768178,71135232
21,1305031103.011215,data\rgbd_dataset_freiburg1_xyz\rgb\1305031103.011215.png,data\rgbd_dataset_freiburg1_xyz\depth\1305031102.994164.png,0.017050981521606445,0.004684925079345703,671,0.013291900000695023,0.0017975999999180203,0.004690199999458855,0.006487799999376875,0.019779700000071898,71254016
22,1305031103.043227,data\rgbd_dataset_freiburg1_xyz\rgb\1305031103.043227.png,data\rgbd_dataset_freiburg1_xyz\depth\1305031103.027881.png,0.015346050262451172,0.0025730133056640625,653,0.008470100001432002,0.0017353000002913177,0.0053062999995745486,0.007041599999865866,0.015511700001297868,71241728
23,1305031103.075319,data\rgbd_dataset_freiburg1_xyz\rgb\1305031103.075319.png,data\rgbd_dataset_freiburg1_xyz\depth\1305031103.062273.png,0.013046026229858398,0.00048089027404785156,632,0.007804599999872153,0.0016024999986257171,0.0034302000003663125,0.00503269999899203,0.012837299998864182,71225344
24,1305031103.11124,data\rgbd_dataset_freiburg1_xyz\rgb\1305031103.111240.png,data\rgbd_dataset_freiburg1_xyz\depth\1305031103.094040.png,0.017199993133544922,0.004559993743896484,623,0.007859299999836367,0.0015650999994250014,0.003583499999876949,0.0051485999993019504,0.013007899999138317,71229440
25,1305031103.143318,data\rgbd_dataset_freiburg1_xyz\rgb\1305031103.143318.png,data\rgbd_dataset_freiburg1_xyz\depth\1305031103.129109.png,0.01420903205871582,0.002582073211669922,623,0.007903100000476115,0.0016336999997292878,0.0027472000001580454,0.004380899999887333,0.012284000000363449,71245824
26,1305031103.175452,data\rgbd_dataset_freiburg1_xyz\rgb\1305031103.175452.png,data\rgbd_dataset_freiburg1_xyz\depth\1305031103.162795.png,0.012656927108764648,0.00034809112548828125,594,0.00860100000136299,0.0017138999992312165,0.005501600000570761,0.0072154999998019775,0.015816500001164968,71213056
27,1305031103.243216,data\rgbd_dataset_freiburg1_xyz\rgb\1305031103.243216.png,data\rgbd_dataset_freiburg1_xyz\depth\1305031103.227845.png,0.015371084213256836,0.0025839805603027344,581,0.008159500001056585,0.0016925999989325646,0.00400420000005397,0.005696799998986535,0.01385630000004312,71221248
28,1305031103.27537,data\rgbd_dataset_freiburg1_xyz\rgb\1305031103.275370.png,data\rgbd_dataset_freiburg1_xyz\depth\1305031103.262576.png,0.012793779373168945,0.00043010711669921875,545,0.00796249999984866,0.0016766000007919502,0.0030140999988361727,0.004690699999628123,0.012653199999476783,71303168
29,1305031103.31121,data\rgbd_dataset_freiburg1_xyz\rgb\1305031103.311210.png,data\rgbd_dataset_freiburg1_xyz\depth\1305031103.294208.png,0.017001867294311523,0.004590034484863281,532,0.0092449999992823,0.0017434000001230743,0.00498410000000149,0.006727500000124564,0.015972499999406864,71303168
30,1305031103.343223,data\rgbd_dataset_freiburg1_xyz\rgb\1305031103.343223.png,data\rgbd_dataset_freiburg1_xyz\depth\1305031103.327550.png,0.015673160552978516,0.0026769638061523438,531,0.009152000000540284,0.0018417000010231277,0.004720299999462441,0.006562000000485568,0.015714000001025852,71303168
31,1305031103.375327,data\rgbd_dataset_freiburg1_xyz\rgb\1305031103.375327.png,data\rgbd_dataset_freiburg1_xyz\depth\1305031103.362405.png,0.012922048568725586,0.0005729198455810547,511,0.008483799998430186,0.0018058999994536862,0.002251200001410325,0.004057100000864011,0.012540899999294197,71303168
32,1305031103.41126,data\rgbd_dataset_freiburg1_xyz\rgb\1305031103.411260.png,data\rgbd_dataset_freiburg1_xyz\depth\1305031103.394162.png,0.017097949981689453,0.004540205001831055,503,0.008939699999245931,0.001863599998614518,0.0034295999994355952,0.005293199998050113,0.014232899997296045,71356416
33,1305031103.44328,data\rgbd_dataset_freiburg1_xyz\rgb\1305031103.443280.png,data\rgbd_dataset_freiburg1_xyz\depth\1305031103.428437.png,0.014842987060546875,0.0025200843811035156,502,0.008680200000526384,0.001849700000093435,0.0019797000004473375,0.0038294000005407725,0.012509600001067156,71344128
34,1305031103.475274,data\rgbd_dataset_freiburg1_xyz\rgb\1305031103.475274.png,data\rgbd_dataset_freiburg1_xyz\depth\1305031103.463886.png,0.011388063430786133,0.0006258487701416016,519,0.008585400000811205,0.0017786999997042585,0.002703400001337286,0.004482100001041545,0.01306750000185275,71380992
35,1305031103.511333,data\rgbd_dataset_freiburg1_xyz\rgb\1305031103.511333.png,data\rgbd_dataset_freiburg1_xyz\depth\1305031103.494472.png,0.0168609619140625,0.004667043685913086,525,0.009061200000360259,0.001829699998779688,0.003054599999813945,0.004884299998593633,0.013945499998953892,71401472
36,1305031103.543444,data\rgbd_dataset_freiburg1_xyz\rgb\1305031103.543444.png,data\rgbd_dataset_freiburg1_xyz\depth\1305031103.531502.png,0.011941909790039062,0.0023560523986816406,536,0.008421099999395665,0.0017100999993999721,0.0024823000003380002,0.004192399999737972,0.012613499999133637,71421952
37,1305031103.575474,data\rgbd_dataset_freiburg1_xyz\rgb\1305031103.575474.png,data\rgbd_dataset_freiburg1_xyz\depth\1305031103.562651.png,0.012823104858398438,0.0004260540008544922,544,0.008604399999967427,0.0018497999990358949,0.0022916999987501185,0.004141499997786013,0.01274589999775344,71426048
38,1305031103.611223,data\rgbd_dataset_freiburg1_xyz\rgb\1305031103.611223.png,data\rgbd_dataset_freiburg1_xyz\depth\1305031103.595310.png,0.015913009643554688,0.0046770572662353516,570,0.008338200001162477,0.001797400000214111,0.003384100000403123,0.005181500000617234,0.013519700001779711,71430144
39,1305031103.643445,data\rgbd_dataset_freiburg1_xyz\rgb\1305031103.643445.png,data\rgbd_dataset_freiburg1_xyz\depth\1305031103.631376.png,0.012068986892700195,0.0023550987243652344,615,0.009691600000223843,0.0020601999985956354,0.0036868999995931517,0.005747099998188787,0.01543869999841263,71446528
40,1305031103.675523,data\rgbd_dataset_freiburg1_xyz\rgb\1305031103.675523.png,data\rgbd_dataset_freiburg1_xyz\depth\1305031103.663594.png,0.011929035186767578,0.0002770423889160156,644,0.010634799999024835,0.0021595999987766845,0.00466710000000603,0.006826699998782715,0.01746149999780755,71471104
41,1305031103.71161,data\rgbd_dataset_freiburg1_xyz\rgb\1305031103.711610.png,data\rgbd_dataset_freiburg1_xyz\depth\1305031103.694695.png,0.016915082931518555,0.004189968109130859,662,0.008493499999531195,0.0015929999990476063,0.003412899999602814,0.0050058999986504205,0.013499399998181616,71397376
42,1305031103.743326,data\rgbd_dataset_freiburg1_xyz\rgb\1305031103.743326.png,data\rgbd_dataset_freiburg1_xyz\depth\1305031103.731542.png,0.011783838272094727,0.002474069595336914,679,0.0084076000002824,0.0017886000005091773,0.008637000000817352,0.01042560000132653,0.01883320000160893,71483392
43,1305031103.775342,data\rgbd_dataset_freiburg1_xyz\rgb\1305031103.775342.png,data\rgbd_dataset_freiburg1_xyz\depth\1305031103.762865.png,0.012476921081542969,0.00045800209045410156,734,0.010056500001155655,0.0017164000000775559,0.004257499998857384,0.0059738999989349395,0.016030400000090594,71495680
44,1305031103.811242,data\rgbd_dataset_freiburg1_xyz\rgb\1305031103.811242.png,data\rgbd_dataset_freiburg1_xyz\depth\1305031103.794329.png,0.016913175582885742,0.0046579837799072266,727,0.008465499999147141,0.002106800000547082,0.005604699999821605,0.007711500000368687,0.01617699999951583,71561216
45,1305031103.843251,data\rgbd_dataset_freiburg1_xyz\rgb\1305031103.843251.png,data\rgbd_dataset_freiburg1_xyz\depth\1305031103.830367.png,0.012883901596069336,0.0025489330291748047,742,0.009277500001189765,0.001764099999491009,0.005174800000531832,0.006938900000022841,0.016216400001212605,71548928
46,1305031103.875361,data\rgbd_dataset_freiburg1_xyz\rgb\1305031103.875361.png,data\rgbd_dataset_freiburg1_xyz\depth\1305031103.862379.png,0.012981891632080078,0.00043892860412597656,760,0.008421799999268842,0.002019599998675403,0.007370999999693595,0.009390599998368998,0.01781239999763784,71573504
47,1305031103.911221,data\rgbd_dataset_freiburg1_xyz\rgb\1305031103.911221.png,data\rgbd_dataset_freiburg1_xyz\depth\1305031103.894237.png,0.016983985900878906,0.004579067230224609,774,0.011170100000526872,0.0020356000004539965,0.007560900001408299,0.009596500001862296,0.02076660000238917,71696384
48,1305031103.943211,data\rgbd_dataset_freiburg1_xyz\rgb\1305031103.943211.png,data\rgbd_dataset_freiburg1_xyz\depth\1305031103.930503.png,0.012708187103271484,0.002588987350463867,818,0.008554899999580812,0.0016758000001573237,0.008438499999101623,0.010114299999258947,0.01866919999883976,71761920
49,1305031103.975373,data\rgbd_dataset_freiburg1_xyz\rgb\1305031103.975373.png,data\rgbd_dataset_freiburg1_xyz\depth\1305031103.962461.png,0.01291203498840332,0.00042700767517089844,853,0.008374000000912929,0.0015933000013319543,0.006293299999015289,0.007886600000347244,0.016260600001260173,72396800
50,1305031104.011232,data\rgbd_dataset_freiburg1_xyz\rgb\1305031104.011232.png,data\rgbd_dataset_freiburg1_xyz\depth\1305031103.994365.png,0.01686692237854004,0.0045680999755859375,921,0.00996109999869077,0.0021612000000459375,0.006957699999475153,0.00911889999952109,0.01907999999821186,71716864
51,1305031104.043249,data\rgbd_dataset_freiburg1_xyz\rgb\1305031104.043249.png,data\rgbd_dataset_freiburg1_xyz\depth\1305031104.030279.png,0.012969970703125,0.0025510787963867188,913,0.012517900000602822,0.0028656999984377762,0.01018850000036764,0.013054199998805416,0.025572099999408238,72433664
52,1305031104.075425,data\rgbd_dataset_freiburg1_xyz\rgb\1305031104.075425.png,data\rgbd_dataset_freiburg1_xyz\depth\1305031104.062542.png,0.01288294792175293,0.00047516822814941406,981,0.013064700000541052,0.002420299999357667,0.013792300000204705,0.01621259999956237,0.029277300000103423,71733248
53,1305031104.111235,data\rgbd_dataset_freiburg1_xyz\rgb\1305031104.111235.png,data\rgbd_dataset_freiburg1_xyz\depth\1305031104.095305.png,0.0159299373626709,0.004565000534057617,990,0.00933429999895452,0.00231549999989511,0.012885299998742994,0.015200799998638104,0.024535099997592624,71720960
54,1305031104.14323,data\rgbd_dataset_freiburg1_xyz\rgb\1305031104.143230.png,data\rgbd_dataset_freiburg1_xyz\depth\1305031104.131292.png,0.011937856674194336,0.0025701522827148438,1020,0.014457699999184115,0.0025218000009772368,0.010607400001390488,0.013129200002367725,0.02758690000155184,71802880
55,1305031104.175424,data\rgbd_dataset_freiburg1_xyz\rgb\1305031104.175424.png,data\rgbd_dataset_freiburg1_xyz\depth\1305031104.163440.png,0.011984109878540039,0.00037598609924316406,1053,0.010666599999240134,0.002481099998476566,0.01079790000039793,0.013278999998874497,0.02394559999811463,71794688
56,1305031104.211283,data\rgbd_dataset_freiburg1_xyz\rgb\1305031104.211283.png,data\rgbd_dataset_freiburg1_xyz\depth\1305031104.194053.png,0.01723003387451172,0.004616975784301758,1026,0.0087705999994796,0.0014401999997062376,0.009386100000483566,0.010826300000189804,0.019596899999669404,71917568
57,1305031104.243196,data\rgbd_dataset_freiburg1_xyz\rgb\1305031104.243196.png,data\rgbd_dataset_freiburg1_xyz\depth\1305031104.227247.png,0.015949010848999023,0.0026040077209472656,1104,0.008196499999030493,0.0015741999995952938,0.017157800000859424,0.018732000000454718,0.02692849999948521,72433664
58,1305031104.275546,data\rgbd_dataset_freiburg1_xyz\rgb\1305031104.275546.png,data\rgbd_dataset_freiburg1_xyz\depth\1305031104.263335.png,0.012211084365844727,0.00035381317138671875,1131,0.008043299998462317,0.0016137999991769902,0.014164599999276106,0.015778399998453096,0.023821699996915413,71880704
59,1305031104.311219,data\rgbd_dataset_freiburg1_xyz\rgb\1305031104.311219.png,data\rgbd_dataset_freiburg1_xyz\depth\1305031104.294957.png,0.016262054443359375,0.004580974578857422,1159,0.011338700000123936,0.0020595999994839076,0.009074500001588603,0.011134100001072511,0.022472800001196447,71876608
60,1305031104.343342,data\rgbd_dataset_freiburg1_xyz\rgb\1305031104.343342.png,data\rgbd_dataset_freiburg1_xyz\depth\1305031104.331403.png,0.011939048767089844,0.0026578903198242188,1205,0.0083835999994335,0.0015743000003567431,0.011121199999251985,0.012695499999608728,0.021079099999042228,71921664
61,1305031104.375837,data\rgbd_dataset_freiburg1_xyz\rgb\1305031104.375837.png,data\rgbd_dataset_freiburg1_xyz\depth\1305031104.363345.png,0.012492179870605469,3.719329833984375e-05,1215,0.007986000000528293,0.0015703999997640494,0.010394800001449767,0.011965200001213816,0.01995120000174211,71901184
62,1305031104.411509,data\rgbd_dataset_freiburg1_xyz\rgb\1305031104.411509.png,data\rgbd_dataset_freiburg1_xyz\depth\1305031104.395019.png,0.01648998260498047,0.004291057586669922,1216,0.008106100000077276,0.001709300000584335,0.010569699999905424,0.01227900000048976,0.020385100000567036,71876608
63,1305031104.443288,data\rgbd_dataset_freiburg1_xyz\rgb\1305031104.443288.png,data\rgbd_dataset_freiburg1_xyz\depth\1305031104.431435.png,0.01185297966003418,0.0025119781494140625,1255,0.00920109999970009,0.0016856000002007931,0.013532499999200809,0.015218099999401602,0.024419199999101693,72056832
64,1305031104.475456,data\rgbd_dataset_freiburg1_xyz\rgb\1305031104.475456.png,data\rgbd_dataset_freiburg1_xyz\depth\1305031104.463413.png,0.012042999267578125,0.0003440380096435547,1233,0.00837380000120902,0.0016168999991350574,0.006269699999393197,0.007886599998528254,0.016260399999737274,72056832
65,1305031104.511329,data\rgbd_dataset_freiburg1_xyz\rgb\1305031104.511329.png,data\rgbd_dataset_freiburg1_xyz\depth\1305031104.495673.png,0.015655994415283203,0.0044710636138916016,1245,0.008272500001112348,0.0013964000008854782,0.008890500001143664,0.010286900002029142,0.01855940000314149,72044544
66,1305031104.543368,data\rgbd_dataset_freiburg1_xyz\rgb\1305031104.543368.png,data\rgbd_dataset_freiburg1_xyz\depth\1305031104.531450.png,0.011918067932128906,0.0024318695068359375,1315,0.00877299999956449,0.001713499999823398,0.00926649999928486,0.010979999999108259,0.01975299999867275,72069120
67,1305031104.575343,data\rgbd_dataset_freiburg1_xyz\rgb\1305031104.575343.png,data\rgbd_dataset_freiburg1_xyz\depth\1305031104.563149.png,0.012193918228149414,0.0004570484161376953,1399,0.008415999998760526,0.0016267999999399763,0.0164982999995118,0.018125099999451777,0.026541099998212303,72126464
68,1305031104.611336,data\rgbd_dataset_freiburg1_xyz\rgb\1305031104.611336.png,data\rgbd_dataset_freiburg1_xyz\depth\1305031104.595033.png,0.016303062438964844,0.004564046859741211,1447,0.00948670000070706,0.0015720999999757623,0.01635579999856418,0.017927899998539942,0.027414599999247002,72126464
69,1305031104.643243,data\rgbd_dataset_freiburg1_xyz\rgb\1305031104.643243.png,data\rgbd_dataset_freiburg1_xyz\depth\1305031104.631368.png,0.011875152587890625,0.002557039260864258,1565,0.008909700000003795,0.001811600001019542,0.018329200000152923,0.020140800001172465,0.02905050000117626,72179712
70,1305031104.675525,data\rgbd_dataset_freiburg1_xyz\rgb\1305031104.675525.png,data\rgbd_dataset_freiburg1_xyz\depth\1305031104.659863.png,0.015661954879760742,0.0003750324249267578,1622,0.008036599998376914,0.0015841000004002126,0.025894200000038836,0.02747830000043905,0.03551489999881596,72249344
71,1305031104.711277,data\rgbd_dataset_freiburg1_xyz\rgb\1305031104.711277.png,data\rgbd_dataset_freiburg1_xyz\depth\1305031104.695185.png,0.01609206199645996,0.004523038864135742,1683,0.008577499998864369,0.0016422999997303123,0.02596070000072359,0.027603000000453903,0.03618049999931827,72224768
72,1305031104.74328,data\rgbd_dataset_freiburg1_xyz\rgb\1305031104.743280.png,data\rgbd_dataset_freiburg1_xyz\depth\1305031104.730936.png,0.012343883514404297,0.0025200843811035156,1781,0.008646300000691554,0.001808000000892207,0.026775700000143843,0.02858370000103605,0.0372300000017276,72290304
73,1305031104.775327,data\rgbd_dataset_freiburg1_xyz\rgb\1305031104.775327.png,data\rgbd_dataset_freiburg1_xyz\depth\1305031104.763178.png,0.012148857116699219,0.0004730224609375,1870,0.008418999999776133,0.001776699999027187,0.03881259999980102,0.04058929999882821,0.04900829999860434,72376320
74,1305031104.811465,data\rgbd_dataset_freiburg1_xyz\rgb\1305031104.811465.png,data\rgbd_dataset_freiburg1_xyz\depth\1305031104.799499.png,0.01196599006652832,0.004334926605224609,1952,0.008419100000537583,0.001652299999477691,0.04842350000035367,0.05007579999983136,0.05849490000036894,72404992
75,1305031104.843258,data\rgbd_dataset_freiburg1_xyz\rgb\1305031104.843258.png,data\rgbd_dataset_freiburg1_xyz\depth\1305031104.830961.png,0.012296915054321289,0.0025420188903808594,1990,0.008137499999065767,0.0016565999994782032,0.04573859999982233,0.04739519999930053,0.0555326999983663,72515584
76,1305031104.87535,data\rgbd_dataset_freiburg1_xyz\rgb\1305031104.875350.png,data\rgbd_dataset_freiburg1_xyz\depth\1305031104.863256.png,0.01209402084350586,0.00044989585876464844,2111,0.00864010000077542,0.0016920999987632968,0.049436299999797484,0.05112839999856078,0.0597684999993362,72536064
77,1305031104.911534,data\rgbd_dataset_freiburg1_xyz\rgb\1305031104.911534.png,data\rgbd_dataset_freiburg1_xyz\depth\1305031104.899165.png,0.012369155883789062,0.004266023635864258,2097,0.008420199999818578,0.001752999998643645,0.012855099999796948,0.014608099998440593,0.023028299998259172,72466432
78,1305031104.943262,data\rgbd_dataset_freiburg1_xyz\rgb\1305031104.943262.png,data\rgbd_dataset_freiburg1_xyz\depth\1305031104.931091.png,0.012171030044555664,0.002537965774536133,2067,0.008433999999397201,0.0017066000000340864,0.008520399998815265,0.010226999998849351,0.018660999998246552,72671232
79,1305031104.975202,data\rgbd_dataset_freiburg1_xyz\rgb\1305031104.975202.png,data\rgbd_dataset_freiburg1_xyz\depth\1305031104.959750.png,0.015452146530151367,0.0006978511810302734,2051,0.008658199998535565,0.0016639000004943227,0.010943899998892448,0.01260779999938677,0.021265999997922336,72667136
80,1305031105.01129,data\rgbd_dataset_freiburg1_xyz\rgb\1305031105.011290.png,data\rgbd_dataset_freiburg1_xyz\depth\1305031104.998342.png,0.012948036193847656,0.004509925842285156,2077,0.010975400000461377,0.0018734000004769769,0.00901519999933953,0.010888599999816506,0.021864000000277883,72761344
81,1305031105.043373,data\rgbd_dataset_freiburg1_xyz\rgb\1305031105.043373.png,data\rgbd_dataset_freiburg1_xyz\depth\1305031105.030427.png,0.012946128845214844,0.0024268627166748047,2053,0.008926599999540485,0.001734299999952782,0.014781200001380057,0.01651550000133284,0.025442100000873324,72663040
82,1305031105.07532,data\rgbd_dataset_freiburg1_xyz\rgb\1305031105.075320.png,data\rgbd_dataset_freiburg1_xyz\depth\1305031105.062445.png,0.012875080108642578,0.0004799365997314453,1994,0.008346799999344512,0.0017299000010098098,0.03613679999943997,0.03786670000044978,0.046213499999794294,72691712
83,1305031105.111299,data\rgbd_dataset_freiburg1_xyz\rgb\1305031105.111299.png,data\rgbd_dataset_freiburg1_xyz\depth\1305031105.097639.png,0.013659954071044922,0.004500865936279297,1953,0.008855699999912758,0.0018043000000034226,0.024592100000518258,0.02639640000052168,0.03525210000043444,72601600
84,1305031105.143106,data\rgbd_dataset_freiburg1_xyz\rgb\1305031105.143106.png,data\rgbd_dataset_freiburg1_xyz\depth\1305031105.130269.png,0.012836933135986328,0.0026941299438476562,1907,0.00796489999993355,0.0017127999999502208,0.010726000000431668,0.012438800000381889,0.02040370000031544,72626176
85,1305031105.175159,data\rgbd_dataset_freiburg1_xyz\rgb\1305031105.175159.png,data\rgbd_dataset_freiburg1_xyz\depth\1305031105.159979.png,0.015179872512817383,0.0006411075592041016,1816,0.00805439999930968,0.0015835000012884848,0.01814129999911529,0.019724800000403775,0.027779199999713455,72654848
86,1305031105.211268,data\rgbd_dataset_freiburg1_xyz\rgb\1305031105.211268.png,data\rgbd_dataset_freiburg1_xyz\depth\1305031105.198212.png,0.013056039810180664,0.004631996154785156,1733,0.007677800000237767,0.0015858000006119255,0.04092970000056084,0.04251550000117277,0.050193300001410535,72650752
87,1305031105.24327,data\rgbd_dataset_freiburg1_xyz\rgb\1305031105.243270.png,data\rgbd_dataset_freiburg1_xyz\depth\1305031105.228250.png,0.015019893646240234,0.0025300979614257812,1631,0.008289600000352948,0.0015378000007331138,0.036344400001325994,0.03788220000205911,0.046171800002412056,72564736
88,1305031105.275288,data\rgbd_dataset_freiburg1_xyz\rgb\1305031105.275288.png,data\rgbd_dataset_freiburg1_xyz\depth\1305031105.262389.png,0.012899160385131836,0.0005118846893310547,1578,0.011290500000541215,0.002458900000419817,0.06929740000123275,0.07175630000165256,0.08304680000219378,72564736
89,1305031105.31129,data\rgbd_dataset_freiburg1_xyz\rgb\1305031105.311290.png,data\rgbd_dataset_freiburg1_xyz\depth\1305031105.298501.png,0.012789011001586914,0.004509925842285156,1484,0.011286599999948521,0.0016947999993135454,0.035025799999857554,0.0367205999991711,0.04800719999911962,72531968
90,1305031105.343302,data\rgbd_dataset_freiburg1_xyz\rgb\1305031105.343302.png,data\rgbd_dataset_freiburg1_xyz\depth\1305031105.328878.png,0.01442408561706543,0.0024979114532470703,1403,0.009048400001120172,0.0017283999986830167,0.02601209999920684,0.027740499997889856,0.03678889999901003,72654848
91,1305031105.375338,data\rgbd_dataset_freiburg1_xyz\rgb\1305031105.375338.png,data\rgbd_dataset_freiburg1_xyz\depth\1305031105.362286.png,0.013051986694335938,0.00046181678771972656,1277,0.008357999999134336,0.0017270999996981118,0.025327800000013667,0.02705489999971178,0.035412899998846115,73236480
92,1305031105.411286,data\rgbd_dataset_freiburg1_xyz\rgb\1305031105.411286.png,data\rgbd_dataset_freiburg1_xyz\depth\1305031105.398191.png,0.01309514045715332,0.004513978958129883,1246,0.008611900000687456,0.0016533999987586867,0.014859300001262454,0.01651270000002114,0.025124600000708597,73187328
93,1305031105.443316,data\rgbd_dataset_freiburg1_xyz\rgb\1305031105.443316.png,data\rgbd_dataset_freiburg1_xyz\depth\1305031105.430336.png,0.012979984283447266,0.0024840831756591797,1202,0.008200300000680727,0.0018493999996280763,0.027429100000517792,0.02927850000014587,0.037478800000826595,73211904
94,1305031105.47528,data\rgbd_dataset_freiburg1_xyz\rgb\1305031105.475280.png,data\rgbd_dataset_freiburg1_xyz\depth\1305031105.461421.png,0.013859033584594727,0.0008199214935302734,1143,0.0085456000015256,0.0017846999999164836,0.01343779999842809,0.015222499998344574,0.023768099999870174,73146368
95,1305031105.511332,data\rgbd_dataset_freiburg1_xyz\rgb\1305031105.511332.png,data\rgbd_dataset_freiburg1_xyz\depth\1305031105.497931.png,0.013401031494140625,0.004467964172363281,1111,0.008405900000070687,0.0016644999996060506,0.0157028999983595,0.01736739999796555,0.025773299998036237,73216000
96,1305031105.543282,data\rgbd_dataset_freiburg1_xyz\rgb\1305031105.543282.png,data\rgbd_dataset_freiburg1_xyz\depth\1305031105.529583.png,0.013699054718017578,0.002618074417114258,1047,0.009653499999330961,0.0021042999997007428,0.010486999999557156,0.012591299999257899,0.02224479999858886,73166848
97,1305031105.575449,data\rgbd_dataset_freiburg1_xyz\rgb\1305031105.575449.png,data\rgbd_dataset_freiburg1_xyz\depth\1305031105.562109.png,0.013339996337890625,0.0003509521484375,1003,0.008219600000302307,0.0019993999994767364,0.007945999999719788,0.009945399999196525,0.018164999999498832,73244672
98,1305031105.611378,data\rgbd_dataset_freiburg1_xyz\rgb\1305031105.611378.png,data\rgbd_dataset_freiburg1_xyz\depth\1305031105.597193.png,0.014184951782226562,0.00442194938659668,982,0.009539000000586384,0.0015879999991739169,0.0065549000009923475,0.008142900000166264,0.01768190000075265,73154560
99,1305031105.643273,data\rgbd_dataset_freiburg1_xyz\rgb\1305031105.643273.png,data\rgbd_dataset_freiburg1_xyz\depth\1305031105.659104.png,0.01583099365234375,0.002526998519897461,918,0.008189000000129454,0.0017308000005868962,0.008644400000775931,0.010375200001362828,0.01856420000149228,73134080
100,1305031105.711309,data\rgbd_dataset_freiburg1_xyz\rgb\1305031105.711309.png,data\rgbd_dataset_freiburg1_xyz\depth\1305031105.698235.png,0.013073921203613281,0.004491090774536133,909,0.008287700000437326,0.0017196999997395324,0.0072065000003931345,0.008926200000132667,0.017213900000569993,73175040
101,1305031105.743312,data\rgbd_dataset_freiburg1_xyz\rgb\1305031105.743312.png,data\rgbd_dataset_freiburg1_xyz\depth\1305031105.730336.png,0.012975931167602539,0.002588033676147461,908,0.00898090000009688,0.001680100000157836,0.006176000000778004,0.00785610000093584,0.01683700000103272,73162752
102,1305031105.775339,data\rgbd_dataset_freiburg1_xyz\rgb\1305031105.775339.png,data\rgbd_dataset_freiburg1_xyz\depth\1305031105.762384.png,0.012954950332641602,0.0004611015319824219,892,0.009761300001628115,0.001620099999854574,0.005865500001164037,0.007485600001018611,0.017246900002646726,72552448
103,1305031105.811283,data\rgbd_dataset_freiburg1_xyz\rgb\1305031105.811283.png,data\rgbd_dataset_freiburg1_xyz\depth\1305031105.798056.png,0.013227224349975586,0.0045168399810791016,848,0.00864460000047984,0.0017201000009663403,0.007545499998741434,0.009265599999707774,0.017910200000187615,73158656
104,1305031105.843271,data\rgbd_dataset_freiburg1_xyz\rgb\1305031105.843271.png,data\rgbd_dataset_freiburg1_xyz\depth\1305031105.830008.png,0.01326298713684082,0.0025289058685302734,797,0.00833280000006198,0.0016250999997282634,0.006176299999424373,0.007801399999152636,0.016134199999214616,72495104
105,1305031105.875337,data\rgbd_dataset_freiburg1_xyz\rgb\1305031105.875337.png,data\rgbd_dataset_freiburg1_xyz\depth\1305031105.862238.png,0.013098955154418945,0.0004630088806152344,809,0.008422999999311287,0.0016187999990506796,0.005224200000156998,0.006842999999207677,0.015265999998518964,73179136
106,1305031105.911262,data\rgbd_dataset_freiburg1_xyz\rgb\1305031105.911262.png,data\rgbd_dataset_freiburg1_xyz\depth\1305031105.898018.png,0.013244152069091797,0.004637956619262695,809,0.008362099999430939,0.0016578999984631082,0.008418100000199047,0.010075999998662155,0.018438099998093094,72609792
107,1305031105.943272,data\rgbd_dataset_freiburg1_xyz\rgb\1305031105.943272.png,data\rgbd_dataset_freiburg1_xyz\depth\1305031105.929855.png,0.01341700553894043,0.002527952194213867,760,0.008211399999709101,0.0017169000002468238,0.004211800000121002,0.005928700000367826,0.014140100000076927,73191424
108,1305031105.975329,data\rgbd_dataset_freiburg1_xyz\rgb\1305031105.975329.png,data\rgbd_dataset_freiburg1_xyz\depth\1305031105.966193.png,0.009135961532592773,0.0004711151123046875,760,0.008000599998922553,0.0016676000013831072,0.0040002999994612765,0.005667900000844384,0.013668499999766937,72536064
109,1305031106.011285,data\rgbd_dataset_freiburg1_xyz\rgb\1305031106.011285.png,data\rgbd_dataset_freiburg1_xyz\depth\1305031105.998271.png,0.013014078140258789,0.004514932632446289,695,0.007863599999836879,0.001537300000563846,0.0049943000012717675,0.0065316000018356135,0.014395200001672492,73158656
110,1305031106.043355,data\rgbd_dataset_freiburg1_xyz\rgb\1305031106.043355.png,data\rgbd_dataset_freiburg1_xyz\depth\1305031106.030147.png,0.01320791244506836,0.0024449825286865234,661,0.007721399999354617,0.0015007000001787674,0.003589399999327725,0.005090099999506492,0.012811499998861109,72531968
111,1305031106.07533,data\rgbd_dataset_freiburg1_xyz\rgb\1305031106.075330.png,data\rgbd_dataset_freiburg1_xyz\depth\1305031106.066060.png,0.009269952774047852,0.0004699230194091797,620,0.007874500000980333,0.0014461999999184627,0.0032153000011021504,0.004661500001020613,0.012536000002000947,73146368
112,1305031106.111327,data\rgbd_dataset_freiburg1_xyz\rgb\1305031106.111327.png,data\rgbd_dataset_freiburg1_xyz\depth\1305031106.096295.png,0.015031814575195312,0.004472970962524414,573,0.00792110000111279,0.0014909999990777578,0.0028297000008024042,0.004320699999880162,0.012241800000992953,72548352
113,1305031106.143355,data\rgbd_dataset_freiburg1_xyz\rgb\1305031106.143355.png,data\rgbd_dataset_freiburg1_xyz\depth\1305031106.130445.png,0.012909889221191406,0.002445220947265625,569,0.008658699998704833,0.0015923000009934185,0.0037943999996059574,0.005386700000599376,0.014045399999304209,72564736
114,1305031106.175534,data\rgbd_dataset_freiburg1_xyz\rgb\1305031106.175534.png,data\rgbd_dataset_freiburg1_xyz\depth\1305031106.166330.png,0.009203910827636719,0.00026607513427734375,557,0.010403000000223983,0.0021521000016946346,0.003842300000542309,0.005994400002236944,0.016397400002460927,72605696
115,1305031106.211275,data\rgbd_dataset_freiburg1_xyz\rgb\1305031106.211275.png,data\rgbd_dataset_freiburg1_xyz\depth\1305031106.195074.png,0.016201019287109375,0.004524946212768555,542,0.010946700000204146,0.001537300000563846,0.0023550999994768063,0.0038924000000406522,0.014839100000244798,72663040
116,1305031106.243267,data\rgbd_dataset_freiburg1_xyz\rgb\1305031106.243267.png,data\rgbd_dataset_freiburg1_xyz\depth\1305031106.230058.png,0.013209104537963867,0.002532958984375,519,0.008047900000747177,0.0018541999997978564,0.002387000000453554,0.0042412000002514105,0.012289100000998587,72691712
117,1305031106.276385,data\rgbd_dataset_freiburg1_xyz\rgb\1305031106.276385.png,data\rgbd_dataset_freiburg1_xyz\depth\1305031106.265976.png,0.010409116744995117,0.0005850791931152344,493,0.007809900000211201,0.0014396000005945098,0.0026364000004832633,0.004076000001077773,0.011885900001288974,72704000
118,1305031106.311238,data\rgbd_dataset_freiburg1_xyz\rgb\1305031106.311238.png,data\rgbd_dataset_freiburg1_xyz\depth\1305031106.298174.png,0.013064146041870117,0.004561901092529297,498,0.007550099999207305,0.0014391000004252419,0.0022315999995043967,0.0036706999999296386,0.011220799999136943,72716288
119,1305031106.343258,data\rgbd_dataset_freiburg1_xyz\rgb\1305031106.343258.png,data\rgbd_dataset_freiburg1_xyz\depth\1305031106.330215.png,0.013042926788330078,0.0025420188903808594,495,0.008192700001018238,0.0015456999990419718,0.0021426000002975343,0.003688299999339506,0.011881000000357744,72728576
120,1305031106.375388,data\rgbd_dataset_freiburg1_xyz\rgb\1305031106.375388.png,data\rgbd_dataset_freiburg1_xyz\depth\1305031106.366158.png,0.009229898452758789,0.0004119873046875,494,0.00795039999866276,0.0028913999994983897,0.0026949000002787216,0.005586299999777111,0.013536699998439872,72736768
121,1305031106.41132,data\rgbd_dataset_freiburg1_xyz\rgb\1305031106.411320.png,data\rgbd_dataset_freiburg1_xyz\depth\1305031106.398281.png,0.013038873672485352,0.004480123519897461,470,0.008082500000455184,0.0015800000001036096,0.005325500000253669,0.006905500000357279,0.014988000000812463,72728576
122,1305031106.443278,data\rgbd_dataset_freiburg1_xyz\rgb\1305031106.443278.png,data\rgbd_dataset_freiburg1_xyz\depth\1305031106.430639.png,0.012639045715332031,0.002521991729736328,434,0.00798919999942882,0.0015596000012010336,0.002278899999510031,0.003838500000711065,0.011827700000139885,72716288
123,1305031106.475345,data\rgbd_dataset_freiburg1_xyz\rgb\1305031106.475345.png,data\rgbd_dataset_freiburg1_xyz\depth\1305031106.466046.png,0.00929880142211914,0.0004551410675048828,413,0.00770600000032573,0.0014412999989872333,0.002188299999033916,0.003629599998021149,0.01133559999834688,72716288
124,1305031106.511129,data\rgbd_dataset_freiburg1_xyz\rgb\1305031106.511129.png,data\rgbd_dataset_freiburg1_xyz\depth\1305031106.498096.png,0.013032913208007812,0.004770994186401367,425,0.008261299999503535,0.0015263999994203914,0.0017308999995293561,0.0032572999989497475,0.011518599998453283,72732672
125,1305031106.543302,data\rgbd_dataset_freiburg1_xyz\rgb\1305031106.543302.png,data\rgbd_dataset_freiburg1_xyz\depth\1305031106.528267.png,0.015035152435302734,0.0024979114532470703,452,0.00815859999966051,0.0015524000009463634,0.0020064000000274973,0.0035588000009738607,0.01171740000063437,72732672
126,1305031106.575282,data\rgbd_dataset_freiburg1_xyz\rgb\1305031106.575282.png,data\rgbd_dataset_freiburg1_xyz\depth\1305031106.564414.png,0.010868072509765625,0.0005178451538085938,471,0.007910000000265427,0.0015870999995968305,0.0033355000014125835,0.004922600001009414,0.012832600001274841,72757248
127,1305031106.611151,data\rgbd_dataset_freiburg1_xyz\rgb\1305031106.611151.png,data\rgbd_dataset_freiburg1_xyz\depth\1305031106.597879.png,0.01327204704284668,0.004648923873901367,467,0.00789459999941755,0.0016197000004467554,0.0029255000008561183,0.004545200001302874,0.012439800000720425,72757248
128,1305031106.643207,data\rgbd_dataset_freiburg1_xyz\rgb\1305031106.643207.png,data\rgbd_dataset_freiburg1_xyz\depth\1305031106.630776.png,0.012431144714355469,0.0025930404663085938,514,0.008505600000717095,0.0015672999998059822,0.0026043000016215956,0.004171600001427578,0.012677200002144673,72790016
129,1305031106.675279,data\rgbd_dataset_freiburg1_xyz\rgb\1305031106.675279.png,data\rgbd_dataset_freiburg1_xyz\depth\1305031106.667282.png,0.007996797561645508,0.0005211830139160156,525,0.008305699999255012,0.0015263000004779315,0.005501100000401493,0.007027400000879425,0.015333100000134436,72704000
130,1305031106.711508,data\rgbd_dataset_freiburg1_xyz\rgb\1305031106.711508.png,data\rgbd_dataset_freiburg1_xyz\depth\1305031106.699110.png,0.012398004531860352,0.004292011260986328,522,0.010920599999735714,0.0015922000002319692,0.0035996000005980022,0.005191800000829971,0.016112400000565685,72687616
131,1305031106.743341,data\rgbd_dataset_freiburg1_xyz\rgb\1305031106.743341.png,data\rgbd_dataset_freiburg1_xyz\depth\1305031106.729550.png,0.013791084289550781,0.0024590492248535156,562,0.007889500000601402,0.0016263999987131683,0.003455400001257658,0.005081799999970826,0.012971300000572228,72720384
132,1305031106.77539,data\rgbd_dataset_freiburg1_xyz\rgb\1305031106.775390.png,data\rgbd_dataset_freiburg1_xyz\depth\1305031106.767126.png,0.008263826370239258,0.0004100799560546875,588,0.007922299999336246,0.0015722000007372117,0.005784200000562123,0.007356400001299335,0.015278700000635581,72757248
133,1305031106.811289,data\rgbd_dataset_freiburg1_xyz\rgb\1305031106.811289.png,data\rgbd_dataset_freiburg1_xyz\depth\1305031106.798309.png,0.012979984283447266,0.0045108795166015625,623,0.008072099999480997,0.0015571999992971541,0.0036562999994202983,0.005213499998717452,0.01328559999819845,72785920
134,1305031106.843416,data\rgbd_dataset_freiburg1_xyz\rgb\1305031106.843416.png,data\rgbd_dataset_freiburg1_xyz\depth\1305031106.830652.png,0.01276397705078125,0.0023839473724365234,640,0.007829000000128872,0.0015991000000212807,0.005737100000260398,0.0073362000002816785,0.01516520000041055,72794112
135,1305031106.875905,data\rgbd_dataset_freiburg1_xyz\rgb\1305031106.875905.png,data\rgbd_dataset_freiburg1_xyz\depth\1305031106.866893.png,0.009011983871459961,9.489059448242188e-05,641,0.00829379999959201,0.0016543000001547625,0.0046440999994956655,0.006298399999650428,0.014592199999242439,72794112
136,1305031106.911243,data\rgbd_dataset_freiburg1_xyz\rgb\1305031106.911243.png,data\rgbd_dataset_freiburg1_xyz\depth\1305031106.897828.png,0.013414859771728516,0.004557132720947266,700,0.008268300000054296,0.0018787999997584848,0.00647449999996752,0.008353299999726005,0.0166215999997803,72830976
137,1305031106.943439,data\rgbd_dataset_freiburg1_xyz\rgb\1305031106.943439.png,data\rgbd_dataset_freiburg1_xyz\depth\1305031106.930797.png,0.01264190673828125,0.0023610591888427734,687,0.010146299999178154,0.0017954999984794995,0.0046351999990292825,0.006430699997508782,0.016576999996686936,72818688
138,1305031106.975547,data\rgbd_dataset_freiburg1_xyz\rgb\1305031106.975547.png,data\rgbd_dataset_freiburg1_xyz\depth\1305031106.967232.png,0.008315086364746094,0.0002529621124267578,721,0.007642600001418032,0.0015880999999353662,0.0061843000003136694,0.007772400000249036,0.015415000001667067,72843264
139,1305031107.011576,data\rgbd_dataset_freiburg1_xyz\rgb\1305031107.011576.png,data\rgbd_dataset_freiburg1_xyz\depth\1305031106.998876.png,0.01269984245300293,0.004224061965942383,782,0.007830099999409867,0.0015827999995963182,0.005622399999992922,0.00720519999958924,0.015035299998999108,72896512
140,1305031107.043281,data\rgbd_dataset_freiburg1_xyz\rgb\1305031107.043281.png,data\rgbd_dataset_freiburg1_xyz\depth\1305031107.030348.png,0.012933015823364258,0.002518892288208008,796,0.007916000000477652,0.001533299999209703,0.007342900000367081,0.008876199999576784,0.016792200000054436,72945664
141,1305031107.075432,data\rgbd_dataset_freiburg1_xyz\rgb\1305031107.075432.png,data\rgbd_dataset_freiburg1_xyz\depth\1305031107.066405.png,0.00902700424194336,0.0004680156707763672,834,0.008123599998725695,0.00156779999997525,0.006863599999633152,0.008431399999608402,0.016554999998334097,72921088
142,1305031107.111229,data\rgbd_dataset_freiburg1_xyz\rgb\1305031107.111229.png,data\rgbd_dataset_freiburg1_xyz\depth\1305031107.098268.png,0.01296091079711914,0.004570960998535156,859,0.008082700000159093,0.0016035999997257022,0.010341200000766548,0.01194480000049225,0.020027500000651344,72921088
143,1305031107.14326,data\rgbd_dataset_freiburg1_xyz\rgb\1305031107.143260.png,data\rgbd_dataset_freiburg1_xyz\depth\1305031107.130308.png,0.012952089309692383,0.002540111541748047,892,0.007837299999664538,0.0015076999989105389,0.006046000000424101,0.00755369999933464,0.015390999998999177,72908800
144,1305031107.175399,data\rgbd_dataset_freiburg1_xyz\rgb\1305031107.175399.png,data\rgbd_dataset_freiburg1_xyz\depth\1305031107.165964.png,0.009435176849365234,0.0004010200500488281,955,0.008050200000070618,0.001617199999600416,0.015717600001153187,0.017334800000753603,0.02538500000082422,72957952
145,1305031107.211358,data\rgbd_dataset_freiburg1_xyz\rgb\1305031107.211358.png,data\rgbd_dataset_freiburg1_xyz\depth\1305031107.198208.png,0.01314997673034668,0.004441976547241211,912,0.00852860000122746,0.0015217000000120606,0.008910000000469154,0.010431700000481214,0.018960300001708674,72949760
146,1305031107.243378,data\rgbd_dataset_freiburg1_xyz\rgb\1305031107.243378.png,data\rgbd_dataset_freiburg1_xyz\depth\1305031107.235026.png,0.008352041244506836,0.0024220943450927734,1019,0.008336199998666416,0.0016039000001910608,0.009876000000076601,0.011479900000267662,0.019816099998934078,72974336
147,1305031107.275398,data\rgbd_dataset_freiburg1_xyz\rgb\1305031107.275398.png,data\rgbd_dataset_freiburg1_xyz\depth\1305031107.267071.png,0.008327007293701172,0.0004019737243652344,1041,0.00818269999945187,0.0016276000005746027,0.013267000000269036,0.014894600000843639,0.02307730000029551,73011200
148,1305031107.311226,data\rgbd_dataset_freiburg1_xyz\rgb\1305031107.311226.png,data\rgbd_dataset_freiburg1_xyz\depth\1305031107.299273.png,0.011952877044677734,0.0045740604400634766,1160,0.008265299999038689,0.0015698000006523216,0.008909899999707704,0.010479700000360026,0.018744999999398715,73109504
149,1305031107.343509,data\rgbd_dataset_freiburg1_xyz\rgb\1305031107.343509.png,data\rgbd_dataset_freiburg1_xyz\depth\1305031107.334800.png,0.008708953857421875,0.002290964126586914,1135,0.008179799999197712,0.001493300000220188,0.011676000000079512,0.0131693000002997,0.021349099999497412,73031680
150,1305031107.375413,data\rgbd_dataset_freiburg1_xyz\rgb\1305031107.375413.png,data\rgbd_dataset_freiburg1_xyz\depth\1305031107.367183.png,0.008229970932006836,0.00038695335388183594,1229,0.008254999998825951,0.001828499998737243,0.01709399999890593,0.018922499997643172,0.027177499996469123,73068544
151,1305031107.411271,data\rgbd_dataset_freiburg1_xyz\rgb\1305031107.411271.png,data\rgbd_dataset_freiburg1_xyz\depth\1305031107.399345.png,0.01192617416381836,0.004528999328613281,1302,0.00982079999994312,0.001714199999696575,0.011139899999761838,0.012854099999458413,0.022674899999401532,72970240
152,1305031107.443419,data\rgbd_dataset_freiburg1_xyz\rgb\1305031107.443419.png,data\rgbd_dataset_freiburg1_xyz\depth\1305031107.434926.png,0.00849294662475586,0.0023810863494873047,1387,0.010317000000213739,0.002289500000188127,0.023993300001166062,0.02628280000135419,0.03659980000156793,73076736
153,1305031107.475377,data\rgbd_dataset_freiburg1_xyz\rgb\1305031107.475377.png,data\rgbd_dataset_freiburg1_xyz\depth\1305031107.467141.png,0.008236169815063477,0.0004229545593261719,1425,0.012327500000537839,0.002294800000527175,0.021270999999615015,0.02356580000014219,0.03589330000068003,73084928
154,1305031107.511352,data\rgbd_dataset_freiburg1_xyz\rgb\1305031107.511352.png,data\rgbd_dataset_freiburg1_xyz\depth\1305031107.498426.png,0.012926101684570312,0.00444793701171875,1433,0.013435700000627548,0.002737400000114576,0.01937270000053104,0.022110100000645616,0.035545800001273165,73109504
155,1305031107.543605,data\rgbd_dataset_freiburg1_xyz\rgb\1305031107.543605.png,data\rgbd_dataset_freiburg1_xyz\depth\1305031107.534830.png,0.008774995803833008,0.0020949840545654297,1422,0.011875199999849428,0.0024403999996138737,0.012052200001562596,0.01449260000117647,0.0263678000010259,73101312
156,1305031107.575454,data\rgbd_dataset_freiburg1_xyz\rgb\1305031107.575454.png,data\rgbd_dataset_freiburg1_xyz\depth\1305031107.567015.png,0.008439064025878906,0.0003459453582763672,1389,0.009486499999184161,0.0015948999989632284,0.009521600000880426,0.011116499999843654,0.020602999999027816,73048064
157,1305031107.611271,data\rgbd_dataset_freiburg1_xyz\rgb\1305031107.611271.png,data\rgbd_dataset_freiburg1_xyz\depth\1305031107.598904.png,0.012367010116577148,0.004528999328613281,1379,0.009113699999943492,0.002439800000502146,0.010750900000857655,0.0131907000013598,0.022304400001303293,73048064
158,1305031107.643323,data\rgbd_dataset_freiburg1_xyz\rgb\1305031107.643323.png,data\rgbd_dataset_freiburg1_xyz\depth\1305031107.634944.png,0.008378982543945312,0.0024771690368652344,1379,0.011034299999664654,0.00220900000022084,0.0065353000009054085,0.008744300001126248,0.019778600000790902,73113600
159,1305031107.675568,data\rgbd_dataset_freiburg1_xyz\rgb\1305031107.675568.png,data\rgbd_dataset_freiburg1_xyz\depth\1305031107.667179.png,0.008388996124267578,0.0002319812774658203,1356,0.009381199999552337,0.001638499999899068,0.005343400000128895,0.006981900000027963,0.0163630999995803,73080832
160,1305031107.711307,data\rgbd_dataset_freiburg1_xyz\rgb\1305031107.711307.png,data\rgbd_dataset_freiburg1_xyz\depth\1305031107.699390.png,0.0119171142578125,0.004392862319946289,1311,0.008229700000811135,0.0015038000001368346,0.005974899999273475,0.00747869999941031,0.015708400000221445,73109504
161,1305031107.743538,data\rgbd_dataset_freiburg1_xyz\rgb\1305031107.743538.png,data\rgbd_dataset_freiburg1_xyz\depth\1305031107.735041.png,0.008496999740600586,0.002262115478515625,1291,0.007712299999184324,0.0015608000012434786,0.006405100000847597,0.007965900002091075,0.0156782000012754,73080832
162,1305031107.775802,data\rgbd_dataset_freiburg1_xyz\rgb\1305031107.775802.png,data\rgbd_dataset_freiburg1_xyz\depth\1305031107.767895.png,0.007906913757324219,1.9073486328125e-06,1305,0.008957400001236238,0.0015346999989560572,0.007492599999750382,0.00902729999870644,0.017984699999942677,73101312
163,1305031107.811596,data\rgbd_dataset_freiburg1_xyz\rgb\1305031107.811596.png,data\rgbd_dataset_freiburg1_xyz\depth\1305031107.799544.png,0.012051820755004883,0.0042040348052978516,1281,0.008375700001124642,0.0015188999987003626,0.006975500000407919,0.008494399999108282,0.016870100000232924,73138176
164,1305031107.843332,data\rgbd_dataset_freiburg1_xyz\rgb\1305031107.843332.png,data\rgbd_dataset_freiburg1_xyz\depth\1305031107.835751.png,0.007580995559692383,0.0025680065155029297,1238,0.008496899999954621,0.0015199999998003477,0.006165400000099908,0.007685399999900255,0.016182299999854877,73089024
165,1305031107.875358,data\rgbd_dataset_freiburg1_xyz\rgb\1305031107.875358.png,data\rgbd_dataset_freiburg1_xyz\depth\1305031107.863505.png,0.011853218078613281,0.0003418922424316406,1226,0.008275700000012876,0.001661299998886534,0.006382200001098681,0.008043499999985215,0.01631919999999809,73269248
166,1305031107.911541,data\rgbd_dataset_freiburg1_xyz\rgb\1305031107.911541.png,data\rgbd_dataset_freiburg1_xyz\depth\1305031107.899222.png,0.012319087982177734,0.0042591094970703125,1191,0.008662000000185799,0.0015072999995027203,0.006186000000525382,0.007693300000028103,0.0163553000002139,73895936
167,1305031107.943122,data\rgbd_dataset_freiburg1_xyz\rgb\1305031107.943122.png,data\rgbd_dataset_freiburg1_xyz\depth\1305031107.933609.png,0.009512901306152344,0.0026781558990478516,1201,0.008060999998633633,0.0014632000002166023,0.006847599999673548,0.00831079999989015,0.016371799998523784,74014720
168,1305031107.975807,data\rgbd_dataset_freiburg1_xyz\rgb\1305031107.975807.png,data\rgbd_dataset_freiburg1_xyz\depth\1305031107.964840.png,0.010967016220092773,6.9141387939453125e-06,1190,0.008318999998664367,0.0015786000003572553,0.005474199999298435,0.00705279999965569,0.015371799998320057,73404416
169,1305031108.01132,data\rgbd_dataset_freiburg1_xyz\rgb\1305031108.011320.png,data\rgbd_dataset_freiburg1_xyz\depth\1305031107.998469.png,0.01285099983215332,0.004579782485961914,1250,0.008863099999871338,0.0017207000000780681,0.01917199999843433,0.0208926999985124,0.029755799998383736,74035200
170,1305031108.043418,data\rgbd_dataset_freiburg1_xyz\rgb\1305031108.043418.png,data\rgbd_dataset_freiburg1_xyz\depth\1305031108.034824.png,0.008594036102294922,0.002382040023803711,1263,0.00803489999998419,0.00181460000021616,0.011291000000710483,0.013105600000926643,0.021140500000910833,74141696
171,1305031108.075352,data\rgbd_dataset_freiburg1_xyz\rgb\1305031108.075352.png,data\rgbd_dataset_freiburg1_xyz\depth\1305031108.067271.png,0.00808095932006836,0.00044798851013183594,1274,0.008381699999517878,0.001651000000492786,0.027624599999398924,0.02927559999989171,0.03765729999940959,73449472
172,1305031108.111378,data\rgbd_dataset_freiburg1_xyz\rgb\1305031108.111378.png,data\rgbd_dataset_freiburg1_xyz\depth\1305031108.099365.png,0.012012958526611328,0.00442194938659668,1234,0.008571000000301865,0.001620199998797034,0.030865900000208057,0.03248609999900509,0.041057099999306956,74031104
173,1305031108.143334,data\rgbd_dataset_freiburg1_xyz\rgb\1305031108.143334.png,data\rgbd_dataset_freiburg1_xyz\depth\1305031108.135281.png,0.008052825927734375,0.002566099166870117,1252,0.008215400001063244,0.0016175000000657747,0.026416400000016438,0.028033900000082213,0.03624930000114546,74047488
174,1305031108.176058,data\rgbd_dataset_freiburg1_xyz\rgb\1305031108.176058.png,data\rgbd_dataset_freiburg1_xyz\depth\1305031108.167357.png,0.008701086044311523,0.0002579689025878906,1263,0.01116089999959513,0.0022969999990891665,0.0059975000003760215,0.008294499999465188,0.01945539999906032,74084352
175,1305031108.211475,data\rgbd_dataset_freiburg1_xyz\rgb\1305031108.211475.png,data\rgbd_dataset_freiburg1_xyz\depth\1305031108.199225.png,0.012249946594238281,0.004325151443481445,1226,0.009471700001085992,0.0021653999992850004,0.011774499998864485,0.013939899998149485,0.023411599999235477,74027008
176,1305031108.243347,data\rgbd_dataset_freiburg1_xyz\rgb\1305031108.243347.png,data\rgbd_dataset_freiburg1_xyz\depth\1305031108.235213.png,0.008133888244628906,0.0024530887603759766,1170,0.008169699998688884,0.0016696999991836492,0.011899900000571506,0.013569599999755155,0.02173929999844404,74027008
177,1305031108.275358,data\rgbd_dataset_freiburg1_xyz\rgb\1305031108.275358.png,data\rgbd_dataset_freiburg1_xyz\depth\1305031108.267660.png,0.00769805908203125,0.0004420280456542969,1172,0.009461999999984982,0.0019780000002356246,0.007537499999671127,0.009515499999906751,0.018977499999891734,74031104
178,1305031108.311332,data\rgbd_dataset_freiburg1_xyz\rgb\1305031108.311332.png,data\rgbd_dataset_freiburg1_xyz\depth\1305031108.299547.png,0.011785030364990234,0.0043680667877197266,1144,0.013637799998832634,0.0021028999999543885,0.007351900001594913,0.009454800001549302,0.023092600000381935,73994240
179,1305031108.343278,data\rgbd_dataset_freiburg1_xyz\rgb\1305031108.343278.png,data\rgbd_dataset_freiburg1_xyz\depth\1305031108.335019.png,0.008258819580078125,0.002521991729736328,1094,0.008931899999879533,0.0018171000010624994,0.0077819999987696065,0.009599099999832106,0.01853099999971164,74063872
180,1305031108.37541,data\rgbd_dataset_freiburg1_xyz\rgb\1305031108.375410.png,data\rgbd_dataset_freiburg1_xyz\depth\1305031108.367285.png,0.008125066757202148,0.0003898143768310547,1061,0.008941600000980543,0.001875800000561867,0.030538000000888132,0.03241380000145,0.04135540000243054,74059776
181,1305031108.411361,data\rgbd_dataset_freiburg1_xyz\rgb\1305031108.411361.png,data\rgbd_dataset_freiburg1_xyz\depth\1305031108.399284.png,0.012077093124389648,0.004338979721069336,1003,0.009181400000670692,0.0017916999986482551,0.007267599999977392,0.009059299998625647,0.01824069999929634,73994240
182,1305031108.44361,data\rgbd_dataset_freiburg1_xyz\rgb\1305031108.443610.png,data\rgbd_dataset_freiburg1_xyz\depth\1305031108.435023.png,0.008586883544921875,0.002290010452270508,985,0.00807609999901615,0.0016692999997758307,0.008527399999366025,0.010196699999141856,0.018272799998158007,73998336
183,1305031108.475471,data\rgbd_dataset_freiburg1_xyz\rgb\1305031108.475471.png,data\rgbd_dataset_freiburg1_xyz\depth\1305031108.467680.png,0.007791042327880859,0.00032901763916015625,954,0.009468500000366475,0.0015559999992547091,0.005628699998851516,0.007184699998106225,0.0166531999984727,73994240
184,1305031108.511378,data\rgbd_dataset_freiburg1_xyz\rgb\1305031108.511378.png,data\rgbd_dataset_freiburg1_xyz\depth\1305031108.503548.png,0.007830142974853516,0.00442194938659668,956,0.00947210000049381,0.002455499999996391,0.008113600000797305,0.010569100000793696,0.020041200001287507,74006528
185,1305031108.543737,data\rgbd_dataset_freiburg1_xyz\rgb\1305031108.543737.png,data\rgbd_dataset_freiburg1_xyz\depth\1305031108.534811.png,0.008925914764404297,0.0020630359649658203,933,0.008304200000566198,0.00171050000062678,0.00961989999996149,0.01133040000058827,0.019634600001154467,73998336
186,1305031108.575414,data\rgbd_dataset_freiburg1_xyz\rgb\1305031108.575414.png,data\rgbd_dataset_freiburg1_xyz\depth\1305031108.567154.png,0.008260011672973633,0.00048613548278808594,961,0.010173000000577304,0.002112799998940318,0.024496600000929902,0.02660939999987022,0.036782400000447524,74039296
187,1305031108.611407,data\rgbd_dataset_freiburg1_xyz\rgb\1305031108.611407.png,data\rgbd_dataset_freiburg1_xyz\depth\1305031108.603547.png,0.007859945297241211,0.004292964935302734,919,0.008959799999502138,0.0019199999987904448,0.00798660000145901,0.009906600000249455,0.018866399999751593,74043392
188,1305031108.643303,data\rgbd_dataset_freiburg1_xyz\rgb\1305031108.643303.png,data\rgbd_dataset_freiburg1_xyz\depth\1305031108.634212.png,0.009090900421142578,0.0023970603942871094,903,0.008667199999763397,0.0017098999996960629,0.008578999999372172,0.010288899999068235,0.018956099998831633,74031104
189,1305031108.675375,data\rgbd_dataset_freiburg1_xyz\rgb\1305031108.675375.png,data\rgbd_dataset_freiburg1_xyz\depth\1305031108.667189.png,0.008186101913452148,0.0003249645233154297,869,0.010976100000334554,0.0021732000004703877,0.012560300001496216,0.014733500001966604,0.02570960000230116,74047488
190,1305031108.711411,data\rgbd_dataset_freiburg1_xyz\rgb\1305031108.711411.png,data\rgbd_dataset_freiburg1_xyz\depth\1305031108.703346.png,0.008064985275268555,0.004389047622680664,853,0.008658100001412095,0.0017107000003306894,0.011296800001218799,0.013007500001549488,0.021665600002961583,74067968
191,1305031108.743502,data\rgbd_dataset_freiburg1_xyz\rgb\1305031108.743502.png,data\rgbd_dataset_freiburg1_xyz\depth\1305031108.735052.png,0.008449792861938477,0.002298116683959961,819,0.008455099999991944,0.0016904000003705733,0.012323599999945145,0.014014000000315718,0.022469100000307662,74022912
192,1305031108.775493,data\rgbd_dataset_freiburg1_xyz\rgb\1305031108.775493.png,data\rgbd_dataset_freiburg1_xyz\depth\1305031108.767031.png,0.008461952209472656,0.0003070831298828125,815,0.008517399999618647,0.0015766999986226438,0.008222700000260375,0.009799399998883018,0.018316799998501665,73986048
193,1305031108.811244,data\rgbd_dataset_freiburg1_xyz\rgb\1305031108.811244.png,data\rgbd_dataset_freiburg1_xyz\depth\1305031108.803370.png,0.007874011993408203,0.004656076431274414,824,0.008796299998721224,0.0018822999991243705,0.005265600000711856,0.007147899999836227,0.01594419999855745,74039296
194,1305031108.843264,data\rgbd_dataset_freiburg1_xyz\rgb\1305031108.843264.png,data\rgbd_dataset_freiburg1_xyz\depth\1305031108.835163.png,0.00810098648071289,0.007564067840576172,800,0.008427400000073249,0.0017822000008891337,0.0038046999998186948,0.0055869000007078284,0.014014300000781077,74067968
195,1305031108.943243,data\rgbd_dataset_freiburg1_xyz\rgb\1305031108.943243.png,data\rgbd_dataset_freiburg1_xyz\depth\1305031108.935116.png,0.008126974105834961,0.002557039260864258,803,0.008246499999586376,0.0017220999998244224,0.0067882000003010035,0.008510300000125426,0.016756799999711802,74067968
196,1305031108.975268,data\rgbd_dataset_freiburg1_xyz\rgb\1305031108.975268.png,data\rgbd_dataset_freiburg1_xyz\depth\1305031108.967245.png,0.008022785186767578,0.0005321502685546875,850,0.008207499999116408,0.0018457999995007413,0.007555100000899984,0.009400900000400725,0.017608399999517133,74088448
197,1305031109.011269,data\rgbd_dataset_freiburg1_xyz\rgb\1305031109.011269.png,data\rgbd_dataset_freiburg1_xyz\depth\1305031109.003064.png,0.008205175399780273,0.004431009292602539,860,0.009005900001284317,0.0016412999993917765,0.006650900000749971,0.008292200000141747,0.017298100001426064,74047488
198,1305031109.043277,data\rgbd_dataset_freiburg1_xyz\rgb\1305031109.043277.png,data\rgbd_dataset_freiburg1_xyz\depth\1305031109.034955.png,0.008322000503540039,0.0025229454040527344,851,0.008129800000460818,0.0016656000007060356,0.005727799998567207,0.007393399999273242,0.01552319999973406,74067968
199,1305031109.07541,data\rgbd_dataset_freiburg1_xyz\rgb\1305031109.075410.png,data\rgbd_dataset_freiburg1_xyz\depth\1305031109.067091.png,0.008318901062011719,0.00029015541076660156,864,0.007991000000401982,0.0016702000011719065,0.005718100001104176,0.0073883000022760825,0.015379300002678065,74092544
200,1305031109.111282,data\rgbd_dataset_freiburg1_xyz\rgb\1305031109.111282.png,data\rgbd_dataset_freiburg1_xyz\depth\1305031109.103294.png,0.007988214492797852,0.004417896270751953,869,0.008218200000555953,0.0017470000002504094,0.00589610000133689,0.0076431000015873,0.015861300002143253,74399744
201,1305031109.143334,data\rgbd_dataset_freiburg1_xyz\rgb\1305031109.143334.png,data\rgbd_dataset_freiburg1_xyz\depth\1305031109.134968.png,0.008365869522094727,0.0023660659790039062,861,0.008659700000862358,0.0017221999987668823,0.01601470000059635,0.01773689999936323,0.02639660000022559,73707520
202,1305031109.175464,data\rgbd_dataset_freiburg1_xyz\rgb\1305031109.175464.png,data\rgbd_dataset_freiburg1_xyz\depth\1305031109.165848.png,0.009615898132324219,0.00023603439331054688,857,0.008954000000812812,0.001788599998690188,0.0048802000001160195,0.0066687999988062074,0.01562279999961902,74403840
203,1305031109.211379,data\rgbd_dataset_freiburg1_xyz\rgb\1305031109.211379.png,data\rgbd_dataset_freiburg1_xyz\depth\1305031109.203388.png,0.00799107551574707,0.004320859909057617,895,0.008381499999813968,0.0020022000007884344,0.013279499999043765,0.015281699999832199,0.023663199999646167,73789440
204,1305031109.24329,data\rgbd_dataset_freiburg1_xyz\rgb\1305031109.243290.png,data\rgbd_dataset_freiburg1_xyz\depth\1305031109.234324.png,0.00896596908569336,0.0024099349975585938,888,0.008575699999710196,0.0016591999992670026,0.0057553000006009825,0.007414499999867985,0.01599019999957818,73809920
205,1305031109.275308,data\rgbd_dataset_freiburg1_xyz\rgb\1305031109.275308.png,data\rgbd_dataset_freiburg1_xyz\depth\1305031109.266325.png,0.00898289680480957,0.0003921985626220703,869,0.009565700000166544,0.002609499999380205,0.012935400000060326,0.015544899999440531,0.025110599999607075,73822208
206,1305031109.311329,data\rgbd_dataset_freiburg1_xyz\rgb\1305031109.311329.png,data\rgbd_dataset_freiburg1_xyz\depth\1305031109.303457.png,0.007871866226196289,0.004371166229248047,889,0.008503999999447842,0.001639699999941513,0.004878199999438948,0.006517899999380461,0.015021899998828303,73789440
207,1305031109.343248,data\rgbd_dataset_freiburg1_xyz\rgb\1305031109.343248.png,data\rgbd_dataset_freiburg1_xyz\depth\1305031109.334602.png,0.008645772933959961,0.0024521350860595703,918,0.011871000000610366,0.0024570000005041948,0.009500000000116415,0.01195700000062061,0.023828000001230976,73830400
208,1305031109.375397,data\rgbd_dataset_freiburg1_xyz\rgb\1305031109.375397.png,data\rgbd_dataset_freiburg1_xyz\depth\1305031109.364882.png,0.010514974594116211,0.00030303001403808594,919,0.007805799999914598,0.001590300000316347,0.010989099999278551,0.012579399999594898,0.020385199999509496,73846784
209,1305031109.411329,data\rgbd_dataset_freiburg1_xyz\rgb\1305031109.411329.png,data\rgbd_dataset_freiburg1_xyz\depth\1305031109.403386.png,0.007942914962768555,0.0044710636138916016,905,0.00775209999846993,0.0017035999990184791,0.010667099999409402,0.012370699998427881,0.02012279999689781,73834496
210,1305031109.443302,data\rgbd_dataset_freiburg1_xyz\rgb\1305031109.443302.png,data\rgbd_dataset_freiburg1_xyz\depth\1305031109.434469.png,0.008832931518554688,0.0023980140686035156,922,0.008156500000040978,0.0017328000012639677,0.006029100000887411,0.007761900002151378,0.015918400002192357,73900032
211,1305031109.475363,data\rgbd_dataset_freiburg1_xyz\rgb\1305031109.475363.png,data\rgbd_dataset_freiburg1_xyz\depth\1305031109.467362.png,0.008001089096069336,0.00043702125549316406,919,0.008558499999708147,0.0016323999989253934,0.011772100000598584,0.013404499999523978,0.021962999999232125,73912320
212,1305031109.511273,data\rgbd_dataset_freiburg1_xyz\rgb\1305031109.511273.png,data\rgbd_dataset_freiburg1_xyz\depth\1305031109.503193.png,0.008080005645751953,0.004527091979980469,914,0.007767799999783165,0.0016424000004917616,0.008254200000010314,0.009896600000502076,0.01766440000028524,73912320
213,1305031109.543294,data\rgbd_dataset_freiburg1_xyz\rgb\1305031109.543294.png,data\rgbd_dataset_freiburg1_xyz\depth\1305031109.535715.png,0.007578849792480469,0.0025060176849365234,957,0.008156500000040978,0.0016052000009949552,0.00438669999857666,0.005991899999571615,0.014148399999612593,73916416
214,1305031109.575362,data\rgbd_dataset_freiburg1_xyz\rgb\1305031109.575362.png,data\rgbd_dataset_freiburg1_xyz\depth\1305031109.567452.png,0.007910013198852539,0.0003380775451660156,994,0.008077599999523954,0.0016639000004943227,0.007581699999718694,0.009245600000213017,0.01732319999973697,73977856
215,1305031109.61131,data\rgbd_dataset_freiburg1_xyz\rgb\1305031109.611310.png,data\rgbd_dataset_freiburg1_xyz\depth\1305031109.603601.png,0.007709026336669922,0.004489898681640625,980,0.008449899998595356,0.0015769000001455424,0.0042942000000039116,0.005871100000149454,0.01432099999874481,73977856
216,1305031109.643229,data\rgbd_dataset_freiburg1_xyz\rgb\1305031109.643229.png,data\rgbd_dataset_freiburg1_xyz\depth\1305031109.635323.png,0.007905960083007812,0.0024709701538085938,996,0.008225200001106714,0.001787700000932091,0.006069400000342284,0.007857100001274375,0.01608230000238109,73994240
217,1305031109.675263,data\rgbd_dataset_freiburg1_xyz\rgb\1305031109.675263.png,data\rgbd_dataset_freiburg1_xyz\depth\1305031109.667570.png,0.007692813873291016,0.00043702125549316406,986,0.009354000001621898,0.0017957000000023982,0.003923999998733052,0.00571969999873545,0.015073700000357348,73965568
218,1305031109.711312,data\rgbd_dataset_freiburg1_xyz\rgb\1305031109.711312.png,data\rgbd_dataset_freiburg1_xyz\depth\1305031109.703265.png,0.008047103881835938,0.004387855529785156,995,0.008278600000267033,0.0016709999999875436,0.005193099999814876,0.00686409999980242,0.015142700000069453,73957376
219,1305031109.743274,data\rgbd_dataset_freiburg1_xyz\rgb\1305031109.743274.png,data\rgbd_dataset_freiburg1_xyz\depth\1305031109.735059.png,0.008214950561523438,0.0024259090423583984,975,0.00806169999850681,0.0016113999990921002,0.005467899998620851,0.007079299997712951,0.015140999996219762,74055680
220,1305031109.775277,data\rgbd_dataset_freiburg1_xyz\rgb\1305031109.775277.png,data\rgbd_dataset_freiburg1_xyz\depth\1305031109.767470.png,0.007807016372680664,0.0005230903625488281,967,0.008185599999706028,0.001538599999548751,0.011843899999803398,0.013382499999352149,0.021568099999058177,74018816
221,1305031109.811371,data\rgbd_dataset_freiburg1_xyz\rgb\1305031109.811371.png,data\rgbd_dataset_freiburg1_xyz\depth\1305031109.803396.png,0.007975101470947266,0.00432896614074707,950,0.010722500001065782,0.002350799999476294,0.007670700000744546,0.01002150000022084,0.020744000001286622,74043392
222,1305031109.843296,data\rgbd_dataset_freiburg1_xyz\rgb\1305031109.843296.png,data\rgbd_dataset_freiburg1_xyz\depth\1305031109.834910.png,0.00838613510131836,0.0024039745330810547,939,0.013878900001145666,0.002548100001149578,0.007591800000227522,0.0101399000013771,0.024018800002522767,74076160
223,1305031109.875306,data\rgbd_dataset_freiburg1_xyz\rgb\1305031109.875306.png,data\rgbd_dataset_freiburg1_xyz\depth\1305031109.871271.png,0.004034996032714844,0.0004940032958984375,942,0.012829299999793875,0.0024748999985604314,0.009955899999113171,0.012430799997673603,0.025260099997467478,74121216
224,1305031109.911265,data\rgbd_dataset_freiburg1_xyz\rgb\1305031109.911265.png,data\rgbd_dataset_freiburg1_xyz\depth\1305031109.900535.png,0.010729789733886719,0.004535198211669922,911,0.009756600000400795,0.0018854000009014271,0.013247599999886006,0.015133000000787433,0.024889600001188228,74141696
225,1305031109.943299,data\rgbd_dataset_freiburg1_xyz\rgb\1305031109.943299.png,data\rgbd_dataset_freiburg1_xyz\depth\1305031109.934960.png,0.008339166641235352,0.0024008750915527344,927,0.014863899999909336,0.0025337000006402377,0.00853829999869049,0.011071999999330728,0.025935899999240064,74113024
226,1305031109.975258,data\rgbd_dataset_freiburg1_xyz\rgb\1305031109.975258.png,data\rgbd_dataset_freiburg1_xyz\depth\1305031109.970213.png,0.005045175552368164,0.0005419254302978516,903,0.010345999999117339,0.001997999999730382,0.00594210000053863,0.007940100000269013,0.01828609999938635,74100736
227,1305031110.011256,data\rgbd_dataset_freiburg1_xyz\rgb\1305031110.011256.png,data\rgbd_dataset_freiburg1_xyz\depth\1305031109.999657.png,0.011599063873291016,0.004444122314453125,961,0.00897639999857347,0.0016507000000274274,0.008161100000506849,0.009811800000534276,0.018788199999107746,74141696
228,1305031110.043299,data\rgbd_dataset_freiburg1_xyz\rgb\1305031110.043299.png,data\rgbd_dataset_freiburg1_xyz\depth\1305031110.031356.png,0.011942863464355469,0.002401113510131836,938,0.008579100000133622,0.0014725999990332639,0.0068745999997190665,0.00834719999875233,0.016926299998885952,74207232
229,1305031110.075319,data\rgbd_dataset_freiburg1_xyz\rgb\1305031110.075319.png,data\rgbd_dataset_freiburg1_xyz\depth\1305031110.068125.png,0.007194042205810547,0.0003809928894042969,930,0.008257100000264472,0.0016146999987540767,0.009646200000133831,0.011260899998887908,0.01951799999915238,74194944
230,1305031110.111325,data\rgbd_dataset_freiburg1_xyz\rgb\1305031110.111325.png,data\rgbd_dataset_freiburg1_xyz\depth\1305031110.101397.png,0.009927988052368164,0.004374980926513672,954,0.009027699999933247,0.0018338000008952804,0.01402090000010503,0.01585470000100031,0.024882400000933558,74244096
231,1305031110.143432,data\rgbd_dataset_freiburg1_xyz\rgb\1305031110.143432.png,data\rgbd_dataset_freiburg1_xyz\depth\1305031110.132317.png,0.011114835739135742,0.0023682117462158203,972,0.009061300001121708,0.0016912999999476597,0.010756000001492794,0.012447300001440453,0.02150860000256216,74223616
232,1305031110.175641,data\rgbd_dataset_freiburg1_xyz\rgb\1305031110.175641.png,data\rgbd_dataset_freiburg1_xyz\depth\1305031110.168323.png,0.007318019866943359,5.888938903808594e-05,976,0.008457300000372925,0.0016618999998172512,0.00807150000036927,0.00973340000018652,0.018190700000559445,74280960
233,1305031110.211637,data\rgbd_dataset_freiburg1_xyz\rgb\1305031110.211637.png,data\rgbd_dataset_freiburg1_xyz\depth\1305031110.203162.png,0.008475065231323242,0.004163026809692383,965,0.009393099999215337,0.0019529999990481883,0.009550599999784026,0.011503599998832215,0.020896699998047552,74285056
234,1305031110.243323,data\rgbd_dataset_freiburg1_xyz\rgb\1305031110.243323.png,data\rgbd_dataset_freiburg1_xyz\depth\1305031110.234909.png,0.008414030075073242,0.0023767948150634766,970,0.009393000000272878,0.0017951999998331303,0.006411999998817919,0.008207199998651049,0.017600199998923927,74317824
235,1305031110.279321,data\rgbd_dataset_freiburg1_xyz\rgb\1305031110.279321.png,data\rgbd_dataset_freiburg1_xyz\depth\1305031110.271394.png,0.00792694091796875,0.0036208629608154297,1024,0.009184700000332668,0.0016101999990496552,0.007023199999821372,0.008633399998871027,0.017818099999203696,74338304
236,1305031110.311404,data\rgbd_dataset_freiburg1_xyz\rgb\1305031110.311404.png,data\rgbd_dataset_freiburg1_xyz\depth\1305031110.303648.png,0.00775599479675293,0.004296064376831055,1051,0.009255700000721845,0.0015120999996725004,0.00934629999937897,0.010858399999051471,0.020114099999773316,74399744
237,1305031110.343355,data\rgbd_dataset_freiburg1_xyz\rgb\1305031110.343355.png,data\rgbd_dataset_freiburg1_xyz\depth\1305031110.331570.png,0.011785030364990234,0.0023450851440429688,1105,0.008036799999899813,0.001450499999918975,0.01315000000067812,0.014600500000597094,0.022637300000496907,74407936
238,1305031110.379281,data\rgbd_dataset_freiburg1_xyz\rgb\1305031110.379281.png,data\rgbd_dataset_freiburg1_xyz\depth\1305031110.371607.png,0.007673978805541992,0.0035810470581054688,1152,0.008283100001790444,0.0017348000001220498,0.013671300001078635,0.015406100001200684,0.02368920000299113,74440704
239,1305031110.411469,data\rgbd_dataset_freiburg1_xyz\rgb\1305031110.411469.png,data\rgbd_dataset_freiburg1_xyz\depth\1305031110.403480.png,0.007988929748535156,0.004230976104736328,1162,0.00803269999960321,0.0016548000003240304,0.01767219999965164,0.01932699999997567,0.02735969999957888,74444800
240,1305031110.44326,data\rgbd_dataset_freiburg1_xyz\rgb\1305031110.443260.png,data\rgbd_dataset_freiburg1_xyz\depth\1305031110.435647.png,0.007612943649291992,0.0024399757385253906,1206,0.008239299999331706,0.001585400001204107,0.00905869999951392,0.010644100000718026,0.018883400000049733,74448896
241,1305031110.479331,data\rgbd_dataset_freiburg1_xyz\rgb\1305031110.479331.png,data\rgbd_dataset_freiburg1_xyz\depth\1305031110.470588.png,0.008743047714233398,0.003631114959716797,1269,0.008120000000417349,0.0015447000005224254,0.01052710000112711,0.012071800001649535,0.020191800002066884,74432512
242,1305031110.511429,data\rgbd_dataset_freiburg1_xyz\rgb\1305031110.511429.png,data\rgbd_dataset_freiburg1_xyz\depth\1305031110.502539.png,0.008890151977539062,0.004271030426025391,1310,0.007898899999418063,0.0017208000008395175,0.007944099999804166,0.009664900000643684,0.017563800000061747,74518528
243,1305031110.543408,data\rgbd_dataset_freiburg1_xyz\rgb\1305031110.543408.png,data\rgbd_dataset_freiburg1_xyz\depth\1305031110.534532.png,0.008875846862792969,0.002292156219482422,1349,0.008099200000287965,0.0016962000008788891,0.01127230000020063,0.01296850000107952,0.021067700001367484,74493952
244,1305031110.579426,data\rgbd_dataset_freiburg1_xyz\rgb\1305031110.579426.png,data\rgbd_dataset_freiburg1_xyz\depth\1305031110.571676.png,0.007750034332275391,0.0037260055541992188,1360,0.008658300001116004,0.001659999999901629,0.010097899999891524,0.011757899999793153,0.020416200000909157,74489856
245,1305031110.611307,data\rgbd_dataset_freiburg1_xyz\rgb\1305031110.611307.png,data\rgbd_dataset_freiburg1_xyz\depth\1305031110.604289.png,0.007017850875854492,0.004393100738525391,1355,0.008756600000197068,0.0018996999988303287,0.027414500000304542,0.02931419999913487,0.03807079999933194,74354688
246,1305031110.643418,data\rgbd_dataset_freiburg1_xyz\rgb\1305031110.643418.png,data\rgbd_dataset_freiburg1_xyz\depth\1305031110.635485.png,0.00793313980102539,0.0022819042205810547,1382,0.008486300001095515,0.001619599999685306,0.010630799999489682,0.012250399999174988,0.020736700000270503,74465280
247,1305031110.679606,data\rgbd_dataset_freiburg1_xyz\rgb\1305031110.679606.png,data\rgbd_dataset_freiburg1_xyz\depth\1305031110.671775.png,0.00783085823059082,0.0039060115814208984,1381,0.008189000000129454,0.0017084000010072486,0.007349899999098852,0.009058300000106101,0.017247300000235555,74366976
248,1305031110.711412,data\rgbd_dataset_freiburg1_xyz\rgb\1305031110.711412.png,data\rgbd_dataset_freiburg1_xyz\depth\1305031110.699957.png,0.011455059051513672,0.0042879581451416016,1399,0.00852610000038112,0.0019202000003133435,0.006482099999630009,0.008402299999943352,0.016928400000324473,74379264
249,1305031110.743249,data\rgbd_dataset_freiburg1_xyz\rgb\1305031110.743249.png,data\rgbd_dataset_freiburg1_xyz\depth\1305031110.735440.png,0.0078089237213134766,0.0024509429931640625,1370,0.008118200001263176,0.001909100001284969,0.0130408000004536,0.01494990000173857,0.023068100003001746,74452992
250,1305031110.779193,data\rgbd_dataset_freiburg1_xyz\rgb\1305031110.779193.png,data\rgbd_dataset_freiburg1_xyz\depth\1305031110.769734.png,0.00945901870727539,0.003392934799194336,1392,0.009524400000373134,0.0017435999998269835,0.0061202999986562645,0.007863899998483248,0.017388299998856382,74489856
251,1305031110.811386,data\rgbd_dataset_freiburg1_xyz\rgb\1305031110.811386.png,data\rgbd_dataset_freiburg1_xyz\depth\1305031110.799684.png,0.01170206069946289,0.004313945770263672,1335,0.00856269999894721,0.001604600000064238,0.006276800000705407,0.007881400000769645,0.016444099999716855,74473472
252,1305031110.843218,data\rgbd_dataset_freiburg1_xyz\rgb\1305031110.843218.png,data\rgbd_dataset_freiburg1_xyz\depth\1305031110.835248.png,0.007970094680786133,0.0024819374084472656,1367,0.00886519999949087,0.0017984000005526468,0.009110699998927885,0.010909099999480532,0.0197742999989714,74592256
253,1305031110.879313,data\rgbd_dataset_freiburg1_xyz\rgb\1305031110.879313.png,data\rgbd_dataset_freiburg1_xyz\depth\1305031110.871293.png,0.00801992416381836,0.003612995147705078,1365,0.009006400001453585,0.0020320000003266614,0.006977600000027451,0.009009600000354112,0.018016000001807697,74604544
254,1305031110.911333,data\rgbd_dataset_freiburg1_xyz\rgb\1305031110.911333.png,data\rgbd_dataset_freiburg1_xyz\depth\1305031110.901900.png,0.00943303108215332,0.004467010498046875,1353,0.010039999999207794,0.0021993999998812797,0.004985000001397566,0.007184400001278846,0.01722440000048664,74555392
255,1305031110.943862,data\rgbd_dataset_freiburg1_xyz\rgb\1305031110.943862.png,data\rgbd_dataset_freiburg1_xyz\depth\1305031110.938668.png,0.005193948745727539,0.0018379688262939453,1351,0.009947200000169687,0.0017499000005045673,0.0056981000016094185,0.007448000002113986,0.017395200002283673,74608640
256,1305031110.979345,data\rgbd_dataset_freiburg1_xyz\rgb\1305031110.979345.png,data\rgbd_dataset_freiburg1_xyz\depth\1305031110.971316.png,0.008028984069824219,0.003645181655883789,1340,0.009935599999153055,0.001915700000608922,0.005904699999518925,0.007820400000127847,0.017755999999280903,74641408
257,1305031111.011431,data\rgbd_dataset_freiburg1_xyz\rgb\1305031111.011431.png,data\rgbd_dataset_freiburg1_xyz\depth\1305031111.003669.png,0.007761955261230469,0.004269123077392578,1363,0.008324200000060955,0.002041800000370131,0.006519000000480446,0.008560800000850577,0.016885000000911532,74592256
258,1305031111.043327,data\rgbd_dataset_freiburg1_xyz\rgb\1305031111.043327.png,data\rgbd_dataset_freiburg1_xyz\depth\1305031111.039669.png,0.0036580562591552734,0.0024728775024414062,1378,0.008694300000570365,0.0017425000005459879,0.013281600000482285,0.015024100001028273,0.02371840000159864,74657792
259,1305031111.079283,data\rgbd_dataset_freiburg1_xyz\rgb\1305031111.079283.png,data\rgbd_dataset_freiburg1_xyz\depth\1305031111.071605.png,0.007678031921386719,0.0035829544067382812,1364,0.008743000000322354,0.0017225000010512304,0.008627499999420252,0.010350000000471482,0.019093000000793836,74555392
260,1305031111.111508,data\rgbd_dataset_freiburg1_xyz\rgb\1305031111.111508.png,data\rgbd_dataset_freiburg1_xyz\depth\1305031111.103658.png,0.007849931716918945,0.0041921138763427734,1342,0.00887930000135384,0.0017706999988149619,0.008653199998661876,0.010423899997476838,0.019303199998830678,74649600
261,1305031111.143257,data\rgbd_dataset_freiburg1_xyz\rgb\1305031111.143257.png,data\rgbd_dataset_freiburg1_xyz\depth\1305031111.139211.png,0.004045963287353516,0.002443075180053711,1331,0.007756599999993341,0.001777899999069632,0.006784400000469759,0.008562299999539391,0.016318899999532732,75333632
262,1305031111.179326,data\rgbd_dataset_freiburg1_xyz\rgb\1305031111.179326.png,data\rgbd_dataset_freiburg1_xyz\depth\1305031111.170937.png,0.008388996124267578,0.003626108169555664,1328,0.00757049999992887,0.0016144000001077075,0.006389500000295811,0.008003900000403519,0.015574400000332389,75206656
263,1305031111.211433,data\rgbd_dataset_freiburg1_xyz\rgb\1305031111.211433.png,data\rgbd_dataset_freiburg1_xyz\depth\1305031111.199395.png,0.012037992477416992,0.004266977310180664,1323,0.00796019999870623,0.0016928000004554633,0.006655299999692943,0.008348100000148406,0.016308299998854636,74686464
264,1305031111.243236,data\rgbd_dataset_freiburg1_xyz\rgb\1305031111.243236.png,data\rgbd_dataset_freiburg1_xyz\depth\1305031111.236670.png,0.006566047668457031,0.002563953399658203,1268,0.008281200000055833,0.0018213000003015622,0.012899400000605965,0.014720700000907527,0.02300190000096336,74596352
265,1305031111.279308,data\rgbd_dataset_freiburg1_xyz\rgb\1305031111.279308.png,data\rgbd_dataset_freiburg1_xyz\depth\1305031111.269939.png,0.009369134902954102,0.0036079883575439453,1224,0.008632400000351481,0.001690200000666664,0.005032099999880302,0.006722300000546966,0.015354700000898447,75350016
266,1305031111.311547,data\rgbd_dataset_freiburg1_xyz\rgb\1305031111.311547.png,data\rgbd_dataset_freiburg1_xyz\depth\1305031111.302311.png,0.00923609733581543,0.004153013229370117,1241,0.008411699998760014,0.0017172999996546423,0.01013280000006489,0.011850099999719532,0.020261799998479546,75235328
267,1305031111.343397,data\rgbd_dataset_freiburg1_xyz\rgb\1305031111.343397.png,data\rgbd_dataset_freiburg1_xyz\depth\1305031111.339460.png,0.0039370059967041016,0.0023031234741210938,1200,0.007857399999920744,0.001592799999343697,0.0064325999992433935,0.00802539999858709,0.015882799998507835,75214848
268,1305031111.379134,data\rgbd_dataset_freiburg1_xyz\rgb\1305031111.379134.png,data\rgbd_dataset_freiburg1_xyz\depth\1305031111.370908.png,0.00822591781616211,0.0034339427947998047,1185,0.009938099999999395,0.001748599999700673,0.005988599999909638,0.007737199999610311,0.017675299999609706,75268096
269,1305031111.411296,data\rgbd_dataset_freiburg1_xyz\rgb\1305031111.411296.png,data\rgbd_dataset_freiburg1_xyz\depth\1305031111.402911.png,0.008384943008422852,0.0044040679931640625,1188,0.008183199999621138,0.0016561000011279248,0.006917799999428098,0.008573900000556023,0.01675710000017716,75300864
270,1305031111.443386,data\rgbd_dataset_freiburg1_xyz\rgb\1305031111.443386.png,data\rgbd_dataset_freiburg1_xyz\depth\1305031111.438948.png,0.004438161849975586,0.002313852310180664,1165,0.007606499999383232,0.0019505000000208383,0.008655400000861846,0.010605900000882684,0.018212400000265916,75218944
271,1305031111.479259,data\rgbd_dataset_freiburg1_xyz\rgb\1305031111.479259.png,data\rgbd_dataset_freiburg1_xyz\depth\1305031111.470919.png,0.008340120315551758,0.003258943557739258,1197,0.008060400001340895,0.0016286000009131385,0.005768600000010338,0.007397200000923476,0.015457600002264371,75268096
272,1305031111.511264,data\rgbd_dataset_freiburg1_xyz\rgb\1305031111.511264.png,data\rgbd_dataset_freiburg1_xyz\depth\1305031111.503531.png,0.00773310661315918,0.004436016082763672,1121,0.00768670000070415,0.0016499000012117904,0.008714399999007583,0.010364300000219373,0.018051000000923523,75292672
273,1305031111.54325,data\rgbd_dataset_freiburg1_xyz\rgb\1305031111.543250.png,data\rgbd_dataset_freiburg1_xyz\depth\1305031111.539482.png,0.0037679672241210938,0.002549886703491211,1073,0.007807800000591669,0.0015065999996295432,0.013881300001230557,0.0153879000008601,0.02319570000145177,74555392
274,1305031111.579237,data\rgbd_dataset_freiburg1_xyz\rgb\1305031111.579237.png,data\rgbd_dataset_freiburg1_xyz\depth\1305031111.571320.png,0.007916927337646484,0.003437042236328125,1059,0.007937500000480213,0.0016615000004094327,0.006099700000049779,0.007761200000459212,0.015698700000939425,75177984
275,1305031111.611271,data\rgbd_dataset_freiburg1_xyz\rgb\1305031111.611271.png,data\rgbd_dataset_freiburg1_xyz\depth\1305031111.603391.png,0.007879972457885742,0.0044291019439697266,1018,0.007842999999411404,0.0015867999991314718,0.008481900000333553,0.010068699999465025,0.01791169999887643,74645504
276,1305031111.643395,data\rgbd_dataset_freiburg1_xyz\rgb\1305031111.643395.png,data\rgbd_dataset_freiburg1_xyz\depth\1305031111.639405.png,0.0039899349212646484,0.0023050308227539062,1004,0.008236600000600447,0.0017471000010118587,0.006307300000116811,0.00805440000112867,0.016291000001729117,74620928
277,1305031111.67932,data\rgbd_dataset_freiburg1_xyz\rgb\1305031111.679320.png,data\rgbd_dataset_freiburg1_xyz\depth\1305031111.671252.png,0.008068084716796875,0.003620147705078125,1029,0.0089326000015717,0.0016854000004968839,0.009193200001391233,0.010878600001888117,0.019811200003459817,74637312
278,1305031111.71176,data\rgbd_dataset_freiburg1_xyz\rgb\1305031111.711760.png,data\rgbd_dataset_freiburg1_xyz\depth\1305031111.703791.png,0.007969141006469727,0.00393986701965332,970,0.008705500000360189,0.00171309999859659,0.0313293999988673,0.03304249999746389,0.04174799999782408,74653696
279,1305031111.743386,data\rgbd_dataset_freiburg1_xyz\rgb\1305031111.743386.png,data\rgbd_dataset_freiburg1_xyz\depth\1305031111.739504.png,0.0038819313049316406,0.002313852310180664,947,0.01065549999839277,0.0020244999996066326,0.008819900000162306,0.010844399999768939,0.02149989999816171,74657792
280,1305031111.779423,data\rgbd_dataset_freiburg1_xyz\rgb\1305031111.779423.png,data\rgbd_dataset_freiburg1_xyz\depth\1305031111.771228.png,0.008194923400878906,0.0037229061126708984,925,0.00802280000061728,0.0016668999996909406,0.011184700000740122,0.012851600000431063,0.020874400001048343,74616832
281,1305031111.811406,data\rgbd_dataset_freiburg1_xyz\rgb\1305031111.811406.png,data\rgbd_dataset_freiburg1_xyz\depth\1305031111.800077.png,0.011328935623168945,0.004294157028198242,903,0.00954989999991085,0.0016097999996418366,0.022353000000293832,0.02396279999993567,0.03351269999984652,74657792
282,1305031111.843299,data\rgbd_dataset_freiburg1_xyz\rgb\1305031111.843299.png,data\rgbd_dataset_freiburg1_xyz\depth\1305031111.839333.png,0.003965854644775391,0.0025010108947753906,838,0.015867800000705756,0.002778300000500167,0.017713900000671856,0.020492200001172023,0.03636000000187778,74653696
283,1305031111.879442,data\rgbd_dataset_freiburg1_xyz\rgb\1305031111.879442.png,data\rgbd_dataset_freiburg1_xyz\depth\1305031111.870985.png,0.008456945419311523,0.0037419795989990234,868,0.010293499999534106,0.0016594000007899012,0.007862000000386615,0.009521400001176517,0.019814900000710622,74629120
284,1305031111.911354,data\rgbd_dataset_freiburg1_xyz\rgb\1305031111.911354.png,data\rgbd_dataset_freiburg1_xyz\depth\1305031111.903356.png,0.007997989654541016,0.004345893859863281,866,0.009152200000244193,0.0017428999999538064,0.005633599999782746,0.007376499999736552,0.016528699999980745,74661888
285,1305031111.9433,data\rgbd_dataset_freiburg1_xyz\rgb\1305031111.943300.png,data\rgbd_dataset_freiburg1_xyz\depth\1305031111.939680.png,0.0036199092864990234,0.002399921417236328,805,0.00787769999988086,0.0014324999992822995,0.003682700000354089,0.005115199999636388,0.012992899999517249,74649600
286,1305031111.979449,data\rgbd_dataset_freiburg1_xyz\rgb\1305031111.979449.png,data\rgbd_dataset_freiburg1_xyz\depth\1305031111.971494.png,0.007955074310302734,0.003648996353149414,875,0.008043600000746665,0.0014871000003040535,0.0063188999993144535,0.007805999999618507,0.01584960000036517,74661888
287,1305031112.011433,data\rgbd_dataset_freiburg1_xyz\rgb\1305031112.011433.png,data\rgbd_dataset_freiburg1_xyz\depth\1305031112.003596.png,0.00783681869506836,0.004267215728759766,847,0.008564100000512553,0.001784300000508665,0.006353200000376091,0.008137500000884756,0.01670160000139731,74653696
288,1305031112.04327,data\rgbd_dataset_freiburg1_xyz\rgb\1305031112.043270.png,data\rgbd_dataset_freiburg1_xyz\depth\1305031112.039412.png,0.0038580894470214844,0.0025298595428466797,868,0.008137099999657949,0.0017157999991468387,0.008887299998605158,0.010603099997751997,0.018740199997409945,74706944
289,1305031112.079339,data\rgbd_dataset_freiburg1_xyz\rgb\1305031112.079339.png,data\rgbd_dataset_freiburg1_xyz\depth\1305031112.070731.png,0.008608102798461914,0.0036389827728271484,888,0.009107800000492716,0.0019178000002284534,0.005733399999371613,0.007651199999600067,0.016759000000092783,74723328
290,1305031112.111423,data\rgbd_dataset_freiburg1_xyz\rgb\1305031112.111423.png,data\rgbd_dataset_freiburg1_xyz\depth\1305031112.102495.png,0.008928060531616211,0.00427699089050293,849,0.00855049999881885,0.0018201999992015772,0.020598499999323394,0.02241869999852497,0.03096919999734382,74838016
291,1305031112.144342,data\rgbd_dataset_freiburg1_xyz\rgb\1305031112.144342.png,data\rgbd_dataset_freiburg1_xyz\depth\1305031112.139107.png,0.005234956741333008,0.0013580322265625,835,0.010325600000214763,0.0026765000002342276,0.00725609999972221,0.009932599999956437,0.0202582000001712,74842112
292,1305031112.17939,data\rgbd_dataset_freiburg1_xyz\rgb\1305031112.179390.png,data\rgbd_dataset_freiburg1_xyz\depth\1305031112.169345.png,0.010045051574707031,0.003690004348754883,825,0.009363799999846378,0.0015292000007320894,0.007503000000724569,0.009032200001456658,0.018396000001303037,74801152
293,1305031112.211254,data\rgbd_dataset_freiburg1_xyz\rgb\1305031112.211254.png,data\rgbd_dataset_freiburg1_xyz\depth\1305031112.207733.png,0.003520965576171875,0.004546165466308594,842,0.012073899999450077,0.0031940999997459585,0.009862200000497978,0.013056300000243937,0.025130199999694014,74809344
294,1305031112.243369,data\rgbd_dataset_freiburg1_xyz\rgb\1305031112.243369.png,data\rgbd_dataset_freiburg1_xyz\depth\1305031112.235657.png,0.007712125778198242,0.002330780029296875,839,0.008351799999218201,0.0017483999999967637,0.009758800000781775,0.011507200000778539,0.01985899999999674,74854400
295,1305031112.279353,data\rgbd_dataset_freiburg1_xyz\rgb\1305031112.279353.png,data\rgbd_dataset_freiburg1_xyz\depth\1305031112.269488.png,0.00986480712890625,0.003652811050415039,858,0.008614100001068437,0.0018789000005199341,0.011370500000339234,0.013249400000859168,0.021863500001927605,74854400
296,1305031112.311312,data\rgbd_dataset_freiburg1_xyz\rgb\1305031112.311312.png,data\rgbd_dataset_freiburg1_xyz\depth\1305031112.303591.png,0.007720947265625,0.004388093948364258,845,0.00900279999950726,0.0016342999988410156,0.007556700000350247,0.009190999999191263,0.018193799998698523,74858496
297,1305031112.343323,data\rgbd_dataset_freiburg1_xyz\rgb\1305031112.343323.png,data\rgbd_dataset_freiburg1_xyz\depth\1305031112.335789.png,0.007534027099609375,0.002476930618286133,848,0.008662800000820425,0.0018309999995835824,0.007639900000867783,0.009470900000451365,0.01813370000127179,74903552
298,1305031112.37936,data\rgbd_dataset_freiburg1_xyz\rgb\1305031112.379360.png,data\rgbd_dataset_freiburg1_xyz\depth\1305031112.371231.png,0.008128881454467773,0.003659963607788086,850,0.009083400000235997,0.0016008999991754536,0.005577399999310728,0.007178299998486182,0.01626169999872218,74870784
299,1305031112.411442,data\rgbd_dataset_freiburg1_xyz\rgb\1305031112.411442.png,data\rgbd_dataset_freiburg1_xyz\depth\1305031112.407491.png,0.003951072692871094,0.004257917404174805,832,0.00864240000009886,0.001602199999979348,0.009683099999165279,0.011285299999144627,0.019927699999243487,74895360
300,1305031112.443391,data\rgbd_dataset_freiburg1_xyz\rgb\1305031112.443391.png,data\rgbd_dataset_freiburg1_xyz\depth\1305031112.439064.png,0.004327058792114258,0.0023088455200195312,864,0.010814400000526803,0.0019329999995534308,0.004440799999429146,0.006373799998982577,0.01718819999950938,74907648
301,1305031112.479418,data\rgbd_dataset_freiburg1_xyz\rgb\1305031112.479418.png,data\rgbd_dataset_freiburg1_xyz\depth\1305031112.471066.png,0.008352041244506836,0.003718137741088867,884,0.009456100000534207,0.002250700001241057,0.007535700000516954,0.009786400001758011,0.019242500002292218,74813440
302,1305031112.511504,data\rgbd_dataset_freiburg1_xyz\rgb\1305031112.511504.png,data\rgbd_dataset_freiburg1_xyz\depth\1305031112.506669.png,0.004834890365600586,0.0041961669921875,862,0.00881160000062664,0.0016276999995170627,0.007195200001660851,0.008822900001177914,0.017634500001804554,74801152
303,1305031112.543212,data\rgbd_dataset_freiburg1_xyz\rgb\1305031112.543212.png,data\rgbd_dataset_freiburg1_xyz\depth\1305031112.538310.png,0.004901885986328125,0.002688169479370117,867,0.009017700000185869,0.0017270999996981118,0.004130900000745896,0.005858000000444008,0.014875700000629877,74833920
304,1305031112.579252,data\rgbd_dataset_freiburg1_xyz\rgb\1305031112.579252.png,data\rgbd_dataset_freiburg1_xyz\depth\1305031112.567470.png,0.011781930923461914,0.003551959991455078,883,0.009095299999898998,0.0018201999992015772,0.004668100000344566,0.006488299999546143,0.015583599999445141,74838016
305,1305031112.611261,data\rgbd_dataset_freiburg1_xyz\rgb\1305031112.611261.png,data\rgbd_dataset_freiburg1_xyz\depth\1305031112.606742.png,0.004518985748291016,0.004439115524291992,878,0.009195900000122492,0.0015781999991304474,0.004818399998839595,0.006396599997970043,0.015592499998092535,74842112
306,1305031112.643246,data\rgbd_dataset_freiburg1_xyz\rgb\1305031112.643246.png,data\rgbd_dataset_freiburg1_xyz\depth\1305031112.639418.png,0.0038280487060546875,0.002554178237915039,911,0.008748299998842413,0.0015965999991749413,0.0063009000004967675,0.007897499999671709,0.01664579999851412,74887168
307,1305031112.679952,data\rgbd_dataset_freiburg1_xyz\rgb\1305031112.679952.png,data\rgbd_dataset_freiburg1_xyz\depth\1305031112.671325.png,0.008626937866210938,0.004151821136474609,883,0.008664700000736048,0.0016329999998561107,0.01136919999953534,0.01300219999939145,0.021666900000127498,74874880
308,1305031112.711251,data\rgbd_dataset_freiburg1_xyz\rgb\1305031112.711251.png,data\rgbd_dataset_freiburg1_xyz\depth\1305031112.707325.png,0.00392603874206543,0.004448890686035156,855,0.008887400001185597,0.001667700000325567,0.007594800001243129,0.009262500001568696,0.018149900002754293,74911744
309,1305031112.743245,data\rgbd_dataset_freiburg1_xyz\rgb\1305031112.743245.png,data\rgbd_dataset_freiburg1_xyz\depth\1305031112.739546.png,0.0036988258361816406,0.002454996109008789,844,0.008132400000249618,0.0016093000012915581,0.005506299999979092,0.00711560000127065,0.015248000001520268,74932224
310,1305031112.77931,data\rgbd_dataset_freiburg1_xyz\rgb\1305031112.779310.png,data\rgbd_dataset_freiburg1_xyz\depth\1305031112.771523.png,0.007786989212036133,0.003609895706176758,807,0.00820690000000468,0.0016366999989259057,0.010649800000464893,0.012286499999390799,0.02049339999939548,74960896
311,1305031112.81131,data\rgbd_dataset_freiburg1_xyz\rgb\1305031112.811310.png,data\rgbd_dataset_freiburg1_xyz\depth\1305031112.807539.png,0.003771066665649414,0.00439000129699707,771,0.00855279999996128,0.001597599999513477,0.007516600000599283,0.00911420000011276,0.01766700000007404,74940416
312,1305031112.843286,data\rgbd_dataset_freiburg1_xyz\rgb\1305031112.843286.png,data\rgbd_dataset_freiburg1_xyz\depth\1305031112.839560.png,0.0037260055541992188,0.0024139881134033203,765,0.00857489999907557,0.0014845000005152542,0.0030434000000241213,0.0045279000005393755,0.013102799999614945,74977280
313,1305031112.879421,data\rgbd_dataset_freiburg1_xyz\rgb\1305031112.879421.png,data\rgbd_dataset_freiburg1_xyz\depth\1305031112.871083.png,0.008337974548339844,0.003720998764038086,783,0.008240099999966333,0.0016146000016306061,0.006182400000398047,0.007797000002028653,0.016037100001994986,74960896
314,1305031112.911411,data\rgbd_dataset_freiburg1_xyz\rgb\1305031112.911411.png,data\rgbd_dataset_freiburg1_xyz\depth\1305031112.907246.png,0.004164934158325195,0.004288911819458008,743,0.008240199998908793,0.0016646000003674999,0.004690099998697406,0.006354699999064906,0.014594899997973698,75001856
315,1305031112.943321,data\rgbd_dataset_freiburg1_xyz\rgb\1305031112.943321.png,data\rgbd_dataset_freiburg1_xyz\depth\1305031112.939323.png,0.0039980411529541016,0.0023789405822753906,749,0.007854900000893394,0.0016668000007484807,0.0057292000001325505,0.007396000000881031,0.015250900001774426,75005952
316,1305031112.979278,data\rgbd_dataset_freiburg1_xyz\rgb\1305031112.979278.png,data\rgbd_dataset_freiburg1_xyz\depth\1305031112.971164.png,0.008114099502563477,0.00357818603515625,717,0.007783000000927132,0.0016214999996009283,0.006163599999126745,0.007785099998727674,0.015568099999654805,74985472
317,1305031113.011353,data\rgbd_dataset_freiburg1_xyz\rgb\1305031113.011353.png,data\rgbd_dataset_freiburg1_xyz\depth\1305031113.007166.png,0.004187107086181641,0.004347085952758789,728,0.007691900000281748,0.001661199999944074,0.005530399999770452,0.007191599999714526,0.014883499999996275,75001856
318,1305031113.043231,data\rgbd_dataset_freiburg1_xyz\rgb\1305031113.043231.png,data\rgbd_dataset_freiburg1_xyz\depth\1305031113.039492.png,0.0037391185760498047,0.002568960189819336,727,0.007977400000527268,0.0015633000002708286,0.004244399999151938,0.005807699999422766,0.013785099999950035,74969088
319,1305031113.079251,data\rgbd_dataset_freiburg1_xyz\rgb\1305031113.079251.png,data\rgbd_dataset_freiburg1_xyz\depth\1305031113.071210.png,0.008041143417358398,0.003551006317138672,737,0.00795540000035544,0.0017692999990686076,0.0040948000005300855,0.005864099999598693,0.013819499999954132,75014144
320,1305031113.111316,data\rgbd_dataset_freiburg1_xyz\rgb\1305031113.111316.png,data\rgbd_dataset_freiburg1_xyz\depth\1305031113.107662.png,0.003654003143310547,0.004384040832519531,756,0.007990300000528805,0.0017573000004631467,0.005001700001230347,0.006759000001693494,0.014749300002222299,75010048
321,1305031113.143306,data\rgbd_dataset_freiburg1_xyz\rgb\1305031113.143306.png,data\rgbd_dataset_freiburg1_xyz\depth\1305031113.139664.png,0.0036420822143554688,0.002393960952758789,804,0.0081754999991972,0.0016267999999399763,0.008999900001072092,0.010626700001012068,0.018802200000209268,75034624
322,1305031113.179343,data\rgbd_dataset_freiburg1_xyz\rgb\1305031113.179343.png,data\rgbd_dataset_freiburg1_xyz\depth\1305031113.171088.png,0.0082550048828125,0.003643035888671875,793,0.007885600000008708,0.0015845000016270205,0.005799299999125651,0.007383800000752672,0.01526940000076138,75063296
323,1305031113.211259,data\rgbd_dataset_freiburg1_xyz\rgb\1305031113.211259.png,data\rgbd_dataset_freiburg1_xyz\depth\1305031113.207181.png,0.004077911376953125,0.004641056060791016,802,0.008022400001209462,0.0016737000005377922,0.0043428999997559,0.006016600000293693,0.014039000001503155,75104256
324,1305031113.243227,data\rgbd_dataset_freiburg1_xyz\rgb\1305031113.243227.png,data\rgbd_dataset_freiburg1_xyz\depth\1305031113.239732.png,0.0034949779510498047,0.0024728775024414062,804,0.008650200001284247,0.0018626000000949716,0.006718999999066,0.008581599999160971,0.01723180000044522,75345920
325,1305031113.279312,data\rgbd_dataset_freiburg1_xyz\rgb\1305031113.279312.png,data\rgbd_dataset_freiburg1_xyz\depth\1305031113.271470.png,0.007841825485229492,0.0036118030548095703,840,0.008333199999469798,0.0017750999995769234,0.0054156000005605165,0.00719070000013744,0.015523899999607238,75390976
326,1305031113.311452,data\rgbd_dataset_freiburg1_xyz\rgb\1305031113.311452.png,data\rgbd_dataset_freiburg1_xyz\depth\1305031113.307323.png,0.004128932952880859,0.004248142242431641,833,0.008164400000168825,0.0018012000000453554,0.007492700000511832,0.009293900000557187,0.017458300000726013,75427840
327,1305031113.343252,data\rgbd_dataset_freiburg1_xyz\rgb\1305031113.343252.png,data\rgbd_dataset_freiburg1_xyz\depth\1305031113.339396.png,0.0038559436798095703,0.0024480819702148438,873,0.009248700000171084,0.0018328000005567446,0.008098300000710879,0.009931100001267623,0.019179800001438707,75431936
328,1305031113.379312,data\rgbd_dataset_freiburg1_xyz\rgb\1305031113.379312.png,data\rgbd_dataset_freiburg1_xyz\depth\1305031113.371377.png,0.007935047149658203,0.003612041473388672,922,0.008720800000446616,0.0017638999997870997,0.017008000000714674,0.018771900000501773,0.02749270000094839,75452416
329,1305031113.411625,data\rgbd_dataset_freiburg1_xyz\rgb\1305031113.411625.png,data\rgbd_dataset_freiburg1_xyz\depth\1305031113.407351.png,0.004273891448974609,0.004075050354003906,931,0.009529799999654642,0.0016862000011315104,0.020874600000752253,0.022560800001883763,0.032090600001538405,75440128
330,1305031113.443266,data\rgbd_dataset_freiburg1_xyz\rgb\1305031113.443266.png,data\rgbd_dataset_freiburg1_xyz\depth\1305031113.439787.png,0.00347900390625,0.0024340152740478516,974,0.008357200000318699,0.0016617999990558019,0.007678699999814853,0.009340499998870655,0.017697699999189354,75460608
331,1305031113.479311,data\rgbd_dataset_freiburg1_xyz\rgb\1305031113.479311.png,data\rgbd_dataset_freiburg1_xyz\depth\1305031113.475657.png,0.003654003143310547,0.0036110877990722656,971,0.008192900000722148,0.001652200000535231,0.014070899998841924,0.015723099999377155,0.023916000000099302,75485184
332,1305031113.511523,data\rgbd_dataset_freiburg1_xyz\rgb\1305031113.511523.png,data\rgbd_dataset_freiburg1_xyz\depth\1305031113.507987.png,0.0035359859466552734,0.004177093505859375,958,0.008523500000592321,0.0017506999993202044,0.01557640000100946,0.017327100000329665,0.025850600000921986,75747328
333,1305031113.543242,data\rgbd_dataset_freiburg1_xyz\rgb\1305031113.543242.png,data\rgbd_dataset_freiburg1_xyz\depth\1305031113.539417.png,0.003824949264526367,0.0024580955505371094,950,0.009401400000569993,0.0019079999983659945,0.01034070000059728,0.012248699998963275,0.021650099999533268,76275712
334,1305031113.579301,data\rgbd_dataset_freiburg1_xyz\rgb\1305031113.579301.png,data\rgbd_dataset_freiburg1_xyz\depth\1305031113.574964.png,0.0043370723724365234,0.00360107421875,960,0.010626699999193079,0.002294899999469635,0.01100620000033814,0.013301099999807775,0.023927799999000854,75730944
335,1305031113.611268,data\rgbd_dataset_freiburg1_xyz\rgb\1305031113.611268.png,data\rgbd_dataset_freiburg1_xyz\depth\1305031113.607216.png,0.004052162170410156,0.0045318603515625,974,0.012086599999747705,0.0023629999996046536,0.013395799998761504,0.015758799998366158,0.027845399998113862,75780096
336,1305031113.643222,data\rgbd_dataset_freiburg1_xyz\rgb\1305031113.643222.png,data\rgbd_dataset_freiburg1_xyz\depth\1305031113.638418.png,0.004804134368896484,0.002477884292602539,954,0.012707699999737088,0.002478599999449216,0.021099699999467703,0.02357829999891692,0.036285999998654006,75771904
337,1305031113.679288,data\rgbd_dataset_freiburg1_xyz\rgb\1305031113.679288.png,data\rgbd_dataset_freiburg1_xyz\depth\1305031113.674244.png,0.005043983459472656,0.003587961196899414,932,0.015558499999315245,0.003015199999936158,0.009762300000147661,0.012777500000083819,0.028335999999399064,75796480
338,1305031113.711931,data\rgbd_dataset_freiburg1_xyz\rgb\1305031113.711931.png,data\rgbd_dataset_freiburg1_xyz\depth\1305031113.704256.png,0.0076749324798583984,0.0037689208984375,952,0.014469700001427555,0.002561599998443853,0.008507100001224899,0.011068699999668752,0.025538400001096306,75759616
339,1305031113.74359,data\rgbd_dataset_freiburg1_xyz\rgb\1305031113.743590.png,data\rgbd_dataset_freiburg1_xyz\depth\1305031113.736263.png,0.007327079772949219,0.002209901809692383,946,0.011471399999209098,0.002376899999944726,0.009010800000396557,0.011387700000341283,0.02285909999955038,75792384
340,1305031113.77932,data\rgbd_dataset_freiburg1_xyz\rgb\1305031113.779320.png,data\rgbd_dataset_freiburg1_xyz\depth\1305031113.774168.png,0.005151987075805664,0.0036199092864990234,949,0.013645400000314112,0.0021321000003808876,0.005727300000216928,0.007859400000597816,0.021504800000911928,75821056
341,1305031113.811237,data\rgbd_dataset_freiburg1_xyz\rgb\1305031113.811237.png,data\rgbd_dataset_freiburg1_xyz\depth\1305031113.805795.png,0.005442142486572266,0.0044629573822021484,963,0.008441099998890422,0.001953799999682815,0.0063918000014382415,0.008345600001121056,0.01678670000001148,75784192
342,1305031113.843295,data\rgbd_dataset_freiburg1_xyz\rgb\1305031113.843295.png,data\rgbd_dataset_freiburg1_xyz\depth\1305031113.838437.png,0.0048580169677734375,0.002404928207397461,986,0.011355599999660626,0.0022569000011571916,0.007276500000443775,0.009533400001600967,0.020889000001261593,75800576
343,1305031113.879281,data\rgbd_dataset_freiburg1_xyz\rgb\1305031113.879281.png,data\rgbd_dataset_freiburg1_xyz\depth\1305031113.874200.png,0.0050809383392333984,0.0035810470581054688,1010,0.013527099999919301,0.00225730000056501,0.008175000000846921,0.010432300001411932,0.023959400001331232,75808768
344,1305031113.91129,data\rgbd_dataset_freiburg1_xyz\rgb\1305031113.911290.png,data\rgbd_dataset_freiburg1_xyz\depth\1305031113.906361.png,0.0049288272857666016,0.0044100284576416016,1037,0.012461700000130804,0.002101399999446585,0.007262799999807612,0.009364199999254197,0.021825899999385,75821056
345,1305031113.943291,data\rgbd_dataset_freiburg1_xyz\rgb\1305031113.943291.png,data\rgbd_dataset_freiburg1_xyz\depth\1305031113.938561.png,0.0047299861907958984,0.0024089813232421875,1039,0.010644100000718026,0.002503299998352304,0.005235499998889281,0.0077387999972415855,0.018382899997959612,75845632
346,1305031113.979293,data\rgbd_dataset_freiburg1_xyz\rgb\1305031113.979293.png,data\rgbd_dataset_freiburg1_xyz\depth\1305031113.974245.png,0.005048036575317383,0.0035932064056396484,1043,0.011671099999148282,0.0021290000004228204,0.009018699998705415,0.011147699999128236,0.022818799998276518,75878400
347,1305031114.011257,data\rgbd_dataset_freiburg1_xyz\rgb\1305031114.011257.png,data\rgbd_dataset_freiburg1_xyz\depth\1305031114.007082.png,0.004174947738647461,0.004443168640136719,1082,0.011212199999135919,0.0020296999991842313,0.009222300001056283,0.011252000000240514,0.022464199999376433,75898880
348,1305031114.043301,data\rgbd_dataset_freiburg1_xyz\rgb\1305031114.043301.png,data\rgbd_dataset_freiburg1_xyz\depth\1305031114.038546.png,0.0047550201416015625,0.002398967742919922,1115,0.011816500000350061,0.003151400000206195,0.006916899999851012,0.010068300000057206,0.021884800000407267,75923456
349,1305031114.079285,data\rgbd_dataset_freiburg1_xyz\rgb\1305031114.079285.png,data\rgbd_dataset_freiburg1_xyz\depth\1305031114.074298.png,0.004987001419067383,0.0035848617553710938,1156,0.010725199999797042,0.0026164999999309657,0.016209700001127203,0.01882620000105817,0.02955140000085521,75948032
350,1305031114.111263,data\rgbd_dataset_freiburg1_xyz\rgb\1305031114.111263.png,data\rgbd_dataset_freiburg1_xyz\depth\1305031114.106402.png,0.004861116409301758,0.004436969757080078,1196,0.014560199999323231,0.003111600000920589,0.029046600000583567,0.032158200001504156,0.04671840000082739,75960320
351,1305031114.143284,data\rgbd_dataset_freiburg1_xyz\rgb\1305031114.143284.png,data\rgbd_dataset_freiburg1_xyz\depth\1305031114.138562.png,0.004722118377685547,0.002415895462036133,1240,0.009491200000411482,0.0020417999985511415,0.024067899999863585,0.026109699998414726,0.03560089999882621,75980800
352,1305031114.179337,data\rgbd_dataset_freiburg1_xyz\rgb\1305031114.179337.png,data\rgbd_dataset_freiburg1_xyz\depth\1305031114.174114.png,0.00522303581237793,0.003637075424194336,1300,0.009150899999440298,0.0015788999990036245,0.008599599999797647,0.010178499998801271,0.01932939999824157,76009472
353,1305031114.211303,data\rgbd_dataset_freiburg1_xyz\rgb\1305031114.211303.png,data\rgbd_dataset_freiburg1_xyz\depth\1305031114.206255.png,0.005048036575317383,0.004396915435791016,1319,0.008032300000195391,0.0015805000002728775,0.008399299998927745,0.009979799999200623,0.018012099999396014,76021760
354,1305031114.243337,data\rgbd_dataset_freiburg1_xyz\rgb\1305031114.243337.png,data\rgbd_dataset_freiburg1_xyz\depth\1305031114.238473.png,0.0048639774322509766,0.0022630691528320312,1338,0.013519500000256812,0.0037541999990935437,0.01353930000004766,0.017293499999141204,0.030812999999398016,76021760
355,1305031114.27939,data\rgbd_dataset_freiburg1_xyz\rgb\1305031114.279390.png,data\rgbd_dataset_freiburg1_xyz\depth\1305031114.271075.png,0.008315086364746094,0.003690004348754883,1396,0.014755500000319444,0.0025764000001800014,0.012411400000928552,0.014987800001108553,0.029743300001427997,76038144
356,1305031114.311429,data\rgbd_dataset_freiburg1_xyz\rgb\1305031114.311429.png,data\rgbd_dataset_freiburg1_xyz\depth\1305031114.306710.png,0.0047190189361572266,0.004271030426025391,1438,0.008651300000565243,0.0017182000010507181,0.025305900000603287,0.027024100001654006,0.03567540000221925,76046336
357,1305031114.343331,data\rgbd_dataset_freiburg1_xyz\rgb\1305031114.343331.png,data\rgbd_dataset_freiburg1_xyz\depth\1305031114.338919.png,0.004412174224853516,0.002368927001953125,1460,0.008625200000096811,0.0016860999985510716,0.02628480000021227,0.027970899998763343,0.036596099998860154,76128256
358,1305031114.37932,data\rgbd_dataset_freiburg1_xyz\rgb\1305031114.379320.png,data\rgbd_dataset_freiburg1_xyz\depth\1305031114.374307.png,0.005012989044189453,0.0036199092864990234,1485,0.0083228000003146,0.0016479000005347189,0.01705690000017057,0.01870480000070529,0.02702760000101989,76120064
359,1305031114.411397,data\rgbd_dataset_freiburg1_xyz\rgb\1305031114.411397.png,data\rgbd_dataset_freiburg1_xyz\depth\1305031114.406591.png,0.004806041717529297,0.004302978515625,1500,0.008342799999809358,0.001649899999392801,0.008839500000249245,0.010489399999642046,0.018832199999451404,76099584
360,1305031114.443345,data\rgbd_dataset_freiburg1_xyz\rgb\1305031114.443345.png,data\rgbd_dataset_freiburg1_xyz\depth\1305031114.438540.png,0.004805088043212891,0.002254962921142578,1548,0.008363300001292373,0.0016399000014644116,0.009076000000277418,0.01071590000174183,0.019079200003034202,76165120
361,1305031114.479332,data\rgbd_dataset_freiburg1_xyz\rgb\1305031114.479332.png,data\rgbd_dataset_freiburg1_xyz\depth\1305031114.474489.png,0.004842996597290039,0.003632068634033203,1580,0.008172500000000582,0.0017280000010941876,0.013072899999315268,0.014800900000409456,0.022973400000410038,76210176
362,1305031114.511266,data\rgbd_dataset_freiburg1_xyz\rgb\1305031114.511266.png,data\rgbd_dataset_freiburg1_xyz\depth\1305031114.506573.png,0.004693031311035156,0.004434108734130859,1638,0.00816339999983029,0.001825999999709893,0.041962100000091596,0.04378809999980149,0.05195149999963178,76247040
363,1305031114.543236,data\rgbd_dataset_freiburg1_xyz\rgb\1305031114.543236.png,data\rgbd_dataset_freiburg1_xyz\depth\1305031114.539953.png,0.0032830238342285156,0.0024640560150146484,1666,0.008650499999930616,0.001732599999741069,0.0318955000002461,0.03362809999998717,0.04227859999991779,76230656
364,1305031114.579237,data\rgbd_dataset_freiburg1_xyz\rgb\1305031114.579237.png,data\rgbd_dataset_freiburg1_xyz\depth\1305031114.575185.png,0.004051923751831055,0.003637075424194336,1650,0.00843650000024354,0.0016567999991821125,0.009410299999217386,0.011067099998399499,0.01950359999864304,76214272
365,1305031114.611391,data\rgbd_dataset_freiburg1_xyz\rgb\1305031114.611391.png,data\rgbd_dataset_freiburg1_xyz\depth\1305031114.607560.png,0.003831148147583008,0.004308938980102539,1634,0.00846810000075493,0.0016386999996029772,0.009867599999779486,0.011506299999382463,0.019974400000137393,76218368
366,1305031114.644136,data\rgbd_dataset_freiburg1_xyz\rgb\1305031114.644136.png,data\rgbd_dataset_freiburg1_xyz\depth\1305031114.644150.png,1.4066696166992188e-05,0.0014641284942626953,1643,0.0083398999995552,0.0017458000002079643,0.013179100000343169,0.014924900000551133,0.023264800000106334,76255232
367,1305031114.679251,data\rgbd_dataset_freiburg1_xyz\rgb\1305031114.679251.png,data\rgbd_dataset_freiburg1_xyz\depth\1305031114.675655.png,0.003596067428588867,0.003551006317138672,1674,0.009239399998477893,0.001836600000387989,0.020571200000631507,0.022407800001019496,0.03164719999949739,76251136
368,1305031114.711306,data\rgbd_dataset_freiburg1_xyz\rgb\1305031114.711306.png,data\rgbd_dataset_freiburg1_xyz\depth\1305031114.706141.png,0.00516510009765625,0.004393815994262695,1702,0.009114999998928397,0.001831200001106481,0.018186200000855024,0.020017400001961505,0.029132400000889902,76288000
369,1305031114.7432,data\rgbd_dataset_freiburg1_xyz\rgb\1305031114.743200.png,data\rgbd_dataset_freiburg1_xyz\depth\1305031114.743276.png,7.581710815429688e-05,0.002499818801879883,1672,0.008888400001524133,0.0018066000011458527,0.01358780000009574,0.015394400001241593,0.024282800002765725,76320768
370,1305031114.779289,data\rgbd_dataset_freiburg1_xyz\rgb\1305031114.779289.png,data\rgbd_dataset_freiburg1_xyz\depth\1305031114.774847.png,0.004441976547241211,0.0035889148712158203,1671,0.008921700000428245,0.0018916000008175615,0.010105100000146194,0.011996700000963756,0.020918400001392,76210176
371,1305031114.811303,data\rgbd_dataset_freiburg1_xyz\rgb\1305031114.811303.png,data\rgbd_dataset_freiburg1_xyz\depth\1305031114.807310.png,0.003992795944213867,0.004297018051147461,1646,0.008844999998473213,0.0017981000000872882,0.008128400000714464,0.009926500000801752,0.018771499999274965,76283904
372,1305031114.843208,data\rgbd_dataset_freiburg1_xyz\rgb\1305031114.843208.png,data\rgbd_dataset_freiburg1_xyz\depth\1305031114.842137.png,0.0010709762573242188,0.0024919509887695312,1656,0.00911640000049374,0.001724800000374671,0.00962970000000496,0.01135450000037963,0.02047090000087337,76275712
373,1305031114.879281,data\rgbd_dataset_freiburg1_xyz\rgb\1305031114.879281.png,data\rgbd_dataset_freiburg1_xyz\depth\1305031114.875056.png,0.004225015640258789,0.0035810470581054688,1627,0.008842399998684414,0.0016634999992675148,0.00791639999988547,0.009579899999152985,0.0184222999978374,76247040
374,1305031114.912879,data\rgbd_dataset_freiburg1_xyz\rgb\1305031114.912879.png,data\rgbd_dataset_freiburg1_xyz\depth\1305031114.907504.png,0.005374908447265625,0.0028209686279296875,1630,0.009066599999641767,0.0016666999999870313,0.0066140999988419935,0.008280799998829025,0.01734739999847079,76275712
375,1305031114.943234,data\rgbd_dataset_freiburg1_xyz\rgb\1305031114.943234.png,data\rgbd_dataset_freiburg1_xyz\depth\1305031114.943264.png,3.0040740966796875e-05,0.0023660659790039062,1643,0.008800999999948544,0.001723699999274686,0.010080199999720207,0.011803899998994893,0.020604899998943438,76279808
376,1305031114.97928,data\rgbd_dataset_freiburg1_xyz\rgb\1305031114.979280.png,data\rgbd_dataset_freiburg1_xyz\depth\1305031114.975411.png,0.0038690567016601562,0.0035800933837890625,1660,0.00891079999928479,0.0017250000000785803,0.013511499999367516,0.015236499999446096,0.024147299998730887,76341248
377,1305031115.0113,data\rgbd_dataset_freiburg1_xyz\rgb\1305031115.011300.png,data\rgbd_dataset_freiburg1_xyz\depth\1305031115.007179.png,0.004121065139770508,0.004400014877319336,1608,0.008421799999268842,0.0017154000015580095,0.012025600000924896,0.013741000002482906,0.022162800001751748,76320768
378,1305031115.043508,data\rgbd_dataset_freiburg1_xyz\rgb\1305031115.043508.png,data\rgbd_dataset_freiburg1_xyz\depth\1305031115.043530.png,2.193450927734375e-05,0.0021920204162597656,1579,0.008720300000277348,0.0017650000008870848,0.03336630000012519,0.03513130000101228,0.043851600001289626,76349440
379,1305031115.079238,data\rgbd_dataset_freiburg1_xyz\rgb\1305031115.079238.png,data\rgbd_dataset_freiburg1_xyz\depth\1305031115.071577.png,0.007660865783691406,0.003638029098510742,1549,0.008892699999705656,0.001718800000162446,0.012722200001007877,0.014441000001170323,0.02333370000087598,76341248
380,1305031115.11123,data\rgbd_dataset_freiburg1_xyz\rgb\1305031115.111230.png,data\rgbd_dataset_freiburg1_xyz\depth\1305031115.107074.png,0.004155874252319336,0.004470109939575195,1518,0.008553600000595907,0.0017604999993636739,0.0152524999994057,0.017012999998769374,0.02556659999936528,76341248
381,1305031115.143275,data\rgbd_dataset_freiburg1_xyz\rgb\1305031115.143275.png,data\rgbd_dataset_freiburg1_xyz\depth\1305031115.143294.png,1.9073486328125e-05,0.002424955368041992,1453,0.008328400001119007,0.0017333999985567061,0.02713450000010198,0.028867899998658686,0.03719629999977769,76345344
382,1305031115.17944,data\rgbd_dataset_freiburg1_xyz\rgb\1305031115.179440.png,data\rgbd_dataset_freiburg1_xyz\depth\1305031115.172642.png,0.0067980289459228516,0.0038399696350097656,1372,0.008476899998640874,0.0016615999993518926,0.027324500000759144,0.028986100000111037,0.03746299999875191,76349440
383,1305031115.211374,data\rgbd_dataset_freiburg1_xyz\rgb\1305031115.211374.png,data\rgbd_dataset_freiburg1_xyz\depth\1305031115.206453.png,0.00492095947265625,0.00432586669921875,1366,0.008386500001506647,0.0017417999988538213,0.008102300000246032,0.009844099999099853,0.0182306000006065,76316672
384,1305031115.243297,data\rgbd_dataset_freiburg1_xyz\rgb\1305031115.243297.png,data\rgbd_dataset_freiburg1_xyz\depth\1305031115.240975.png,0.0023221969604492188,0.002402782440185547,1318,0.008448300000964082,0.0017709999992803205,0.006912999999258318,0.008683999998538638,0.01713229999950272,76365824
385,1305031115.279966,data\rgbd_dataset_freiburg1_xyz\rgb\1305031115.279966.png,data\rgbd_dataset_freiburg1_xyz\depth\1305031115.273468.png,0.006498098373413086,0.004266023635864258,1309,0.008629099998870515,0.0017957000000023982,0.013780599998426624,0.015576299998429022,0.024205399997299537,76357632
386,1305031115.311704,data\rgbd_dataset_freiburg1_xyz\rgb\1305031115.311704.png,data\rgbd_dataset_freiburg1_xyz\depth\1305031115.305534.png,0.006170034408569336,0.003895998001098633,1291,0.008499399998981971,0.0017835999988164986,0.007167600000684615,0.008951199999501114,0.017450599998483085,76324864
387,1305031115.343235,data\rgbd_dataset_freiburg1_xyz\rgb\1305031115.343235.png,data\rgbd_dataset_freiburg1_xyz\depth\1305031115.343426.png,0.00019097328186035156,0.0023648738861083984,1244,0.008956399999078712,0.001822399999582558,0.014615199999752804,0.01643759999933536,0.025393999998414074,76316672
388,1305031115.379166,data\rgbd_dataset_freiburg1_xyz\rgb\1305031115.379166.png,data\rgbd_dataset_freiburg1_xyz\depth\1305031115.375054.png,0.0041120052337646484,0.003465890884399414,1210,0.009041899998919689,0.0017083999991882592,0.0365631000004214,0.03827149999960966,0.04731339999852935,76308480
389,1305031115.411237,data\rgbd_dataset_freiburg1_xyz\rgb\1305031115.411237.png,data\rgbd_dataset_freiburg1_xyz\depth\1305031115.406164.png,0.005073070526123047,0.0044629573822021484,1087,0.011249799999859533,0.0031595000000379514,0.01028519999999844,0.013444700000036391,0.024694499999895925,76333056
390,1305031115.443159,data\rgbd_dataset_freiburg1_xyz\rgb\1305031115.443159.png,data\rgbd_dataset_freiburg1_xyz\depth\1305031115.443040.png,0.00011920928955078125,0.0025408267974853516,1083,0.008316399998875568,0.0016395000002376037,0.010124399999767775,0.011763900000005378,0.020080299998880946,76312576
391,1305031115.479241,data\rgbd_dataset_freiburg1_xyz\rgb\1305031115.479241.png,data\rgbd_dataset_freiburg1_xyz\depth\1305031115.474863.png,0.004377841949462891,0.003640890121459961,1056,0.008342099999936181,0.001724100000501494,0.007195899999715039,0.008920000000216532,0.017262100000152714,76345344
392,1305031115.511253,data\rgbd_dataset_freiburg1_xyz\rgb\1305031115.511253.png,data\rgbd_dataset_freiburg1_xyz\depth\1305031115.507440.png,0.003813028335571289,0.0043468475341796875,1034,0.008655399999042857,0.0025404999996681,0.008273800000097253,0.010814299999765353,0.01946969999880821,76337152
393,1305031115.543604,data\rgbd_dataset_freiburg1_xyz\rgb\1305031115.543604.png,data\rgbd_dataset_freiburg1_xyz\depth\1305031115.543620.png,1.621246337890625e-05,0.0020961761474609375,951,0.009057299999767565,0.0019143000008625677,0.012563899999804562,0.01447820000066713,0.023535500000434695,76353536
394,1305031115.579315,data\rgbd_dataset_freiburg1_xyz\rgb\1305031115.579315.png,data\rgbd_dataset_freiburg1_xyz\depth\1305031115.575290.png,0.004024982452392578,0.0036149024963378906,912,0.009369100000185426,0.0016833999998198124,0.023142899999584188,0.024826299999404,0.034195399999589426,76353536
395,1305031115.611424,data\rgbd_dataset_freiburg1_xyz\rgb\1305031115.611424.png,data\rgbd_dataset_freiburg1_xyz\depth\1305031115.607428.png,0.0039958953857421875,0.0042760372161865234,871,0.008346399999936693,0.0016907999997783918,0.009180099999866798,0.01087089999964519,0.019217299999581883,76365824
396,1305031115.643254,data\rgbd_dataset_freiburg1_xyz\rgb\1305031115.643254.png,data\rgbd_dataset_freiburg1_xyz\depth\1305031115.643254.png,0.0,0.0024459362030029297,848,0.008330599999680999,0.0017780999987735413,0.0071886000005179085,0.00896669999929145,0.01729729999897245,76324864
397,1305031115.679241,data\rgbd_dataset_freiburg1_xyz\rgb\1305031115.679241.png,data\rgbd_dataset_freiburg1_xyz\depth\1305031115.675106.png,0.0041348934173583984,0.0035409927368164062,790,0.008268800000223564,0.0023562999995192513,0.005843799999638577,0.008200099999157828,0.016468899999381392,76324864
398,1305031115.71132,data\rgbd_dataset_freiburg1_xyz\rgb\1305031115.711320.png,data\rgbd_dataset_freiburg1_xyz\depth\1305031115.706301.png,0.005018949508666992,0.004379987716674805,802,0.00821650000034424,0.0015963000005285721,0.0065907999996852595,0.008187100000213832,0.016403600000558072,76337152
399,1305031115.74325,data\rgbd_dataset_freiburg1_xyz\rgb\1305031115.743250.png,data\rgbd_dataset_freiburg1_xyz\depth\1305031115.742905.png,0.00034499168395996094,0.0024499893188476562,813,0.008524999999281135,0.0016338000004907371,0.010648400000718539,0.012282200001209276,0.02080720000049041,76357632
400,1305031115.779425,data\rgbd_dataset_freiburg1_xyz\rgb\1305031115.779425.png,data\rgbd_dataset_freiburg1_xyz\depth\1305031115.774329.png,0.005095958709716797,0.003724813461303711,778,0.008549300000595395,0.0016140999996423488,0.005243900001005386,0.006858000000647735,0.01540730000124313,76218368
401,1305031115.811277,data\rgbd_dataset_freiburg1_xyz\rgb\1305031115.811277.png,data\rgbd_dataset_freiburg1_xyz\depth\1305031115.806425.png,0.004851818084716797,0.004323005676269531,799,0.00883129999965604,0.0018302000007679453,0.004758600000059232,0.006588800000827177,0.015420100000483217,76234752
402,1305031115.843224,data\rgbd_dataset_freiburg1_xyz\rgb\1305031115.843224.png,data\rgbd_dataset_freiburg1_xyz\depth\1305031115.841936.png,0.0012879371643066406,0.0024759769439697266,780,0.010579200001302524,0.002308599998286809,0.008861700000124983,0.011170299998411792,0.021749499999714317,76255232
403,1305031115.879198,data\rgbd_dataset_freiburg1_xyz\rgb\1305031115.879198.png,data\rgbd_dataset_freiburg1_xyz\depth\1305031115.875347.png,0.003851175308227539,0.0035979747772216797,761,0.008982800000012503,0.0018990999997186009,0.008850000000165892,0.010749099999884493,0.019731899999896996,76156928
404,1305031115.911118,data\rgbd_dataset_freiburg1_xyz\rgb\1305031115.911118.png,data\rgbd_dataset_freiburg1_xyz\depth\1305031115.910716.png,0.0004019737243652344,0.0044820308685302734,773,0.009018099999593687,0.0017370999994454905,0.00455109999893466,0.006288199998380151,0.015306299997973838,76181504
405,1305031115.943311,data\rgbd_dataset_freiburg1_xyz\rgb\1305031115.943311.png,data\rgbd_dataset_freiburg1_xyz\depth\1305031115.942015.png,0.0012960433959960938,0.0023889541625976562,756,0.008914599999116035,0.0017124999994848622,0.003984400000263122,0.005696899999747984,0.01461149999886402,76185600
406,1305031115.98074,data\rgbd_dataset_freiburg1_xyz\rgb\1305031115.980740.png,data\rgbd_dataset_freiburg1_xyz\depth\1305031115.973799.png,0.006941080093383789,0.004959821701049805,739,0.008592700000008335,0.0020166000012977747,0.004828099999940605,0.00684470000123838,0.015437400001246715,76201984
407,1305031116.011379,data\rgbd_dataset_freiburg1_xyz\rgb\1305031116.011379.png,data\rgbd_dataset_freiburg1_xyz\depth\1305031116.010843.png,0.0005359649658203125,0.0042209625244140625,709,0.008829099999275059,0.0018439000014041085,0.0035374999988562195,0.005381400000260328,0.014210499999535386,76185600
408,1305031116.043164,data\rgbd_dataset_freiburg1_xyz\rgb\1305031116.043164.png,data\rgbd_dataset_freiburg1_xyz\depth\1305031116.042618.png,0.0005459785461425781,0.0025360584259033203,680,0.008767600000282982,0.0019642999995994614,0.004836699999941629,0.006800999999541091,0.015568599999824073,76206080
409,1305031116.08003,data\rgbd_dataset_freiburg1_xyz\rgb\1305031116.080030.png,data\rgbd_dataset_freiburg1_xyz\depth\1305031116.071527.png,0.008502960205078125,0.0043299198150634766,636,0.008663900000101421,0.0018299999992450466,0.006615199999941979,0.008445199999187025,0.017109099999288446,76181504
410,1305031116.1113,data\rgbd_dataset_freiburg1_xyz\rgb\1305031116.111300.png,data\rgbd_dataset_freiburg1_xyz\depth\1305031116.108247.png,0.003052949905395508,0.004400014877319336,614,0.009129800000664545,0.0018927000000985572,0.003853500000332133,0.00574620000043069,0.014876000001095235,76177408
411,1305031116.143441,data\rgbd_dataset_freiburg1_xyz\rgb\1305031116.143441.png,data\rgbd_dataset_freiburg1_xyz\depth\1305031116.143447.png,5.9604644775390625e-06,0.0022590160369873047,602,0.008924099998694146,0.00170819999948435,0.0029952000004414003,0.00470339999992575,0.013627499998619896,76148736
412,1305031116.179572,data\rgbd_dataset_freiburg1_xyz\rgb\1305031116.179572.png,data\rgbd_dataset_freiburg1_xyz\depth\1305031116.174891.png,0.004681110382080078,0.0038721561431884766,587,0.008780000000115251,0.0018646000007720431,0.0040764999994280515,0.005941100000200095,0.014721100000315346,76173312
413,1305031116.211299,data\rgbd_dataset_freiburg1_xyz\rgb\1305031116.211299.png,data\rgbd_dataset_freiburg1_xyz\depth\1305031116.211320.png,2.09808349609375e-05,0.004400968551635742,562,0.008996000000479398,0.0017724999997881241,0.0029663000004802598,0.004738800000268384,0.013734800000747782,76173312
414,1305031116.24332,data\rgbd_dataset_freiburg1_xyz\rgb\1305031116.243320.png,data\rgbd_dataset_freiburg1_xyz\depth\1305031116.242720.png,0.0006000995635986328,0.002379894256591797,568,0.008726500000193482,0.0017751999985193834,0.003678799999761395,0.0054539999982807785,0.01418049999847426,76177408
415,1305031116.279385,data\rgbd_dataset_freiburg1_xyz\rgb\1305031116.279385.png,data\rgbd_dataset_freiburg1_xyz\depth\1305031116.274421.png,0.004964113235473633,0.00368499755859375,569,0.008952899999712827,0.0019195000004401663,0.0030329999990499346,0.004952499999490101,0.013905399999202928,76193792
416,1305031116.311336,data\rgbd_dataset_freiburg1_xyz\rgb\1305031116.311336.png,data\rgbd_dataset_freiburg1_xyz\depth\1305031116.310686.png,0.0006499290466308594,0.004263877868652344,573,0.008843999999953667,0.0017215000007126946,0.0034915000014734687,0.005213000002186163,0.01405700000213983,76210176
417,1305031116.343292,data\rgbd_dataset_freiburg1_xyz\rgb\1305031116.343292.png,data\rgbd_dataset_freiburg1_xyz\depth\1305031116.342459.png,0.0008330345153808594,0.0024080276489257812,576,0.008631099999547587,0.0018345999997109175,0.0024908000013965648,0.004325400001107482,0.012956500000655069,76218368
418,1305031116.379384,data\rgbd_dataset_freiburg1_xyz\rgb\1305031116.379384.png,data\rgbd_dataset_freiburg1_xyz\depth\1305031116.374490.png,0.0048940181732177734,0.0036840438842773438,558,0.008954699998867,0.001806800000849762,0.0023099999998521525,0.0041168000007019145,0.013071499999568914,76169216
419,1305031116.411333,data\rgbd_dataset_freiburg1_xyz\rgb\1305031116.411333.png,data\rgbd_dataset_freiburg1_xyz\depth\1305031116.409631.png,0.0017020702362060547,0.004366874694824219,562,0.009240400000635418,0.0019572000001062406,0.003638499998487532,0.005595699998593773,0.014836099999229191,76533760
420,1305031116.443369,data\rgbd_dataset_freiburg1_xyz\rgb\1305031116.443369.png,data\rgbd_dataset_freiburg1_xyz\depth\1305031116.442496.png,0.0008728504180908203,0.002231121063232422,567,0.008868200000506476,0.0018227999989903765,0.0023237000004883157,0.004146499999478692,0.013014699999985169,76537856
421,1305031116.47985,data\rgbd_dataset_freiburg1_xyz\rgb\1305031116.479850.png,data\rgbd_dataset_freiburg1_xyz\depth\1305031116.473394.png,0.006456136703491211,0.0041501522064208984,558,0.009304600000177743,0.0018084000003000256,0.0031040000012581004,0.004912400001558126,0.014217000001735869,76546048
422,1305031116.511205,data\rgbd_dataset_freiburg1_xyz\rgb\1305031116.511205.png,data\rgbd_dataset_freiburg1_xyz\depth\1305031116.510576.png,0.0006289482116699219,0.004495143890380859,557,0.008907800000088173,0.001828899999964051,0.0022172999997565057,0.004046199999720557,0.01295399999980873,76591104
423,1305031116.543262,data\rgbd_dataset_freiburg1_xyz\rgb\1305031116.543262.png,data\rgbd_dataset_freiburg1_xyz\depth\1305031116.542695.png,0.0005669593811035156,0.002337932586669922,551,0.008858200000759098,0.002033000000665197,0.0024215000012191013,0.004454500001884298,0.013312700002643396,76644352
424,1305031116.579313,data\rgbd_dataset_freiburg1_xyz\rgb\1305031116.579313.png,data\rgbd_dataset_freiburg1_xyz\depth\1305031116.574389.png,0.00492405891418457,0.003612995147705078,543,0.00867629999993369,0.001995199998418684,0.0023479999999835854,0.0043431999984022696,0.01301949999833596,76668928
425,1305031116.611261,data\rgbd_dataset_freiburg1_xyz\rgb\1305031116.611261.png,data\rgbd_dataset_freiburg1_xyz\depth\1305031116.610891.png,0.00036978721618652344,0.004439115524291992,552,0.008640399999421788,0.0016750000013416866,0.002257100000861101,0.0039321000022027874,0.012572500001624576,76619776
426,1305031116.643355,data\rgbd_dataset_freiburg1_xyz\rgb\1305031116.643355.png,data\rgbd_dataset_freiburg1_xyz\depth\1305031116.642664.png,0.0006909370422363281,0.0023450851440429688,574,0.008829700000205776,0.0016618000008747913,0.0031677999995736172,0.0048296000004484085,0.013659300000654184,76640256
427,1305031116.679281,data\rgbd_dataset_freiburg1_xyz\rgb\1305031116.679281.png,data\rgbd_dataset_freiburg1_xyz\depth\1305031116.674523.png,0.004757881164550781,0.0036809444427490234,563,0.008748099999138503,0.0018543999995017657,0.003018800000063493,0.004873199999565259,0.013621299998703762,76644352
428,1305031116.711634,data\rgbd_dataset_freiburg1_xyz\rgb\1305031116.711634.png,data\rgbd_dataset_freiburg1_xyz\depth\1305031116.710942.png,0.0006918907165527344,0.004065990447998047,591,0.008486900000207243,0.001854599999205675,0.004688700000770041,0.006543299999975716,0.015030200000182958,76644352
429,1305031116.743291,data\rgbd_dataset_freiburg1_xyz\rgb\1305031116.743291.png,data\rgbd_dataset_freiburg1_xyz\depth\1305031116.740575.png,0.0027158260345458984,0.0024089813232421875,584,0.00883109999995213,0.0017513000002509216,0.003090899999733665,0.004842199999984587,0.013673299999936717,76668928
430,1305031116.779298,data\rgbd_dataset_freiburg1_xyz\rgb\1305031116.779298.png,data\rgbd_dataset_freiburg1_xyz\depth\1305031116.775059.png,0.004239082336425781,0.0035979747772216797,603,0.008671700001286808,0.001753399999870453,0.0029654999998456333,0.004718899999716086,0.013390600001002895,76664832
431,1305031116.811318,data\rgbd_dataset_freiburg1_xyz\rgb\1305031116.811318.png,data\rgbd_dataset_freiburg1_xyz\depth\1305031116.811343.png,2.5033950805664062e-05,0.0042819976806640625,615,0.008615400000053342,0.0018025999997917097,0.004179499999736436,0.005982099999528145,0.014597499999581487,76668928
432,1305031116.846089,data\rgbd_dataset_freiburg1_xyz\rgb\1305031116.846089.png,data\rgbd_dataset_freiburg1_xyz\depth\1305031116.840370.png,0.00571894645690918,0.0004889965057373047,638,0.008516899999449379,0.0017992000011872733,0.0033762999992177356,0.005175500000405009,0.013692399999854388,76709888
433,1305031116.880165,data\rgbd_dataset_freiburg1_xyz\rgb\1305031116.880165.png,data\rgbd_dataset_freiburg1_xyz\depth\1305031116.871726.png,0.008439064025878906,0.0044651031494140625,639,0.00857969999924535,0.0018601000010676216,0.006940500001292094,0.008800600002359715,0.017380300001605065,76693504
434,1305031116.912044,data\rgbd_dataset_freiburg1_xyz\rgb\1305031116.912044.png,data\rgbd_dataset_freiburg1_xyz\depth\1305031116.907955.png,0.0040891170501708984,0.0036559104919433594,661,0.008512000000337139,0.0018292999993718695,0.00652770000124292,0.00835700000061479,0.016869000000951928,76705792
435,1305031116.943296,data\rgbd_dataset_freiburg1_xyz\rgb\1305031116.943296.png,data\rgbd_dataset_freiburg1_xyz\depth\1305031116.940626.png,0.0026700496673583984,0.0023040771484375,665,0.00843429999986256,0.0018579000006866409,0.00851429999966058,0.01037220000034722,0.01880650000020978,76709888
436,1305031116.979351,data\rgbd_dataset_freiburg1_xyz\rgb\1305031116.979351.png,data\rgbd_dataset_freiburg1_xyz\depth\1305031116.974656.png,0.004694938659667969,0.003751039505004883,663,0.008725800000320305,0.001888499999040505,0.0077872999991086544,0.00967579999814916,0.018401599998469464,76726272
437,1305031117.011382,data\rgbd_dataset_freiburg1_xyz\rgb\1305031117.011382.png,data\rgbd_dataset_freiburg1_xyz\depth\1305031117.008812.png,0.0025701522827148438,0.0043179988861083984,677,0.00828900000124122,0.001714699999865843,0.016116799999508657,0.0178314999993745,0.02612050000061572,76890112
438,1305031117.043261,data\rgbd_dataset_freiburg1_xyz\rgb\1305031117.043261.png,data\rgbd_dataset_freiburg1_xyz\depth\1305031117.042065.png,0.001196146011352539,0.0024390220642089844,712,0.008890999999493943,0.0017082000013033394,0.012906699999803095,0.014614900001106435,0.023505900000600377,76292096
439,1305031117.07952,data\rgbd_dataset_freiburg1_xyz\rgb\1305031117.079520.png,data\rgbd_dataset_freiburg1_xyz\depth\1305031117.071181.png,0.00833892822265625,0.0038199424743652344,737,0.008872600001268438,0.0016916999993554782,0.0066607999997359,0.008352499999091378,0.017225100000359816,76300288
440,1305031117.111238,data\rgbd_dataset_freiburg1_xyz\rgb\1305031117.111238.png,data\rgbd_dataset_freiburg1_xyz\depth\1305031117.110454.png,0.0007839202880859375,0.004662036895751953,716,0.008761500001128297,0.0019126999995933147,0.004954100000759354,0.006866800000352669,0.015628300001480966,76288000
441,1305031117.143218,data\rgbd_dataset_freiburg1_xyz\rgb\1305031117.143218.png,data\rgbd_dataset_freiburg1_xyz\depth\1305031117.142383.png,0.0008349418640136719,0.0024819374084472656,706,0.008854300000166404,0.0017282999997405568,0.006216199999471428,0.007944499999211985,0.01679879999937839,76300288
442,1305031117.179264,data\rgbd_dataset_freiburg1_xyz\rgb\1305031117.179264.png,data\rgbd_dataset_freiburg1_xyz\depth\1305031117.175059.png,0.004204988479614258,0.0036640167236328125,710,0.009073600000192528,0.002007200000662124,0.005014599999412894,0.007021800000075018,0.016095400000267546,76324864
443,1305031117.211361,data\rgbd_dataset_freiburg1_xyz\rgb\1305031117.211361.png,data\rgbd_dataset_freiburg1_xyz\depth\1305031117.207753.png,0.0036079883575439453,0.004338979721069336,734,0.009181400000670692,0.001863499999672058,0.005187800001294818,0.007051300000966876,0.016232700001637568,76341248
444,1305031117.243277,data\rgbd_dataset_freiburg1_xyz\rgb\1305031117.243277.png,data\rgbd_dataset_freiburg1_xyz\depth\1305031117.241340.png,0.0019371509552001953,0.0023229122161865234,734,0.009574400000929018,0.001877799999419949,0.005052099999375059,0.006929899998795008,0.016504299999724026,76337152
445,1305031117.279299,data\rgbd_dataset_freiburg1_xyz\rgb\1305031117.279299.png,data\rgbd_dataset_freiburg1_xyz\depth\1305031117.276516.png,0.002783060073852539,0.003699064254760742,702,0.008967600000687526,0.0017114999991463264,0.004718599999250728,0.006430099998397054,0.01539769999908458,76333056
446,1305031117.3112,data\rgbd_dataset_freiburg1_xyz\rgb\1305031117.311200.png,data\rgbd_dataset_freiburg1_xyz\depth\1305031117.310121.png,0.0010788440704345703,0.004400014877319336,678,0.008841300001222407,0.001652799999646959,0.0038456999991467455,0.0054984999987937044,0.014339800000016112,76304384
447,1305031117.343243,data\rgbd_dataset_freiburg1_xyz\rgb\1305031117.343243.png,data\rgbd_dataset_freiburg1_xyz\depth\1305031117.341044.png,0.002198934555053711,0.002457141876220703,683,0.009575500000210013,0.001768999998603249,0.003571600000213948,0.005340599998817197,0.01491609999902721,76328960
448,1305031117.379454,data\rgbd_dataset_freiburg1_xyz\rgb\1305031117.379454.png,data\rgbd_dataset_freiburg1_xyz\depth\1305031117.375067.png,0.00438690185546875,0.0037539005279541016,684,0.009113800000704941,0.0016460000006190967,0.0024343000004591886,0.004080300001078285,0.013194100001783227,76337152
449,1305031117.411221,data\rgbd_dataset_freiburg1_xyz\rgb\1305031117.411221.png,data\rgbd_dataset_freiburg1_xyz\depth\1305031117.408538.png,0.002682924270629883,0.0043790340423583984,680,0.008969700000307057,0.0016737999994802522,0.00295170000026701,0.004625499999747262,0.01359520000005432,76402688
450,1305031117.443274,data\rgbd_dataset_freiburg1_xyz\rgb\1305031117.443274.png,data\rgbd_dataset_freiburg1_xyz\depth\1305031117.442208.png,0.001065969467163086,0.0023260116577148438,707,0.008893299998817383,0.001691499999651569,0.0059212000014667865,0.007612700001118355,0.01650599999993574,76423168
451,1305031117.479403,data\rgbd_dataset_freiburg1_xyz\rgb\1305031117.479403.png,data\rgbd_dataset_freiburg1_xyz\depth\1305031117.475651.png,0.003751993179321289,0.0037031173706054688,722,0.009152499998890562,0.0019124000009469455,0.004797300000063842,0.006709700001010788,0.01586219999990135,76427264
452,1305031117.511325,data\rgbd_dataset_freiburg1_xyz\rgb\1305031117.511325.png,data\rgbd_dataset_freiburg1_xyz\depth\1305031117.508882.png,0.0024428367614746094,0.004275083541870117,741,0.009623399999327376,0.001662399999986519,0.003614200000811252,0.005276600000797771,0.014900000000125146,76324864
453,1305031117.544285,data\rgbd_dataset_freiburg1_xyz\rgb\1305031117.544285.png,data\rgbd_dataset_freiburg1_xyz\depth\1305031117.539736.png,0.0045490264892578125,0.0013148784637451172,762,0.008897799998521805,0.0018178999998781364,0.00629069999922649,0.008108599999104626,0.01700639999762643,76402688
454,1305031117.579155,data\rgbd_dataset_freiburg1_xyz\rgb\1305031117.579155.png,data\rgbd_dataset_freiburg1_xyz\depth\1305031117.577860.png,0.001294851303100586,0.003454923629760742,819,0.00897149999946123,0.0018721999986155424,0.010440400001243688,0.01231259999985923,0.02128409999932046,76451840
455,1305031117.611159,data\rgbd_dataset_freiburg1_xyz\rgb\1305031117.611159.png,data\rgbd_dataset_freiburg1_xyz\depth\1305031117.607777.png,0.003381967544555664,0.004540920257568359,816,0.009067499999218853,0.0018099000008078292,0.007315000000744476,0.009124900001552305,0.01819240000077116,76492800
456,1305031117.643252,data\rgbd_dataset_freiburg1_xyz\rgb\1305031117.643252.png,data\rgbd_dataset_freiburg1_xyz\depth\1305031117.643284.png,3.218650817871094e-05,0.0024480819702148438,830,0.009749499999088584,0.001870500000222819,0.00450749999981781,0.006378000000040629,0.016127499999129213,76619776
457,1305031117.679262,data\rgbd_dataset_freiburg1_xyz\rgb\1305031117.679262.png,data\rgbd_dataset_freiburg1_xyz\depth\1305031117.675483.png,0.0037789344787597656,0.0036618709564208984,872,0.010095600000568083,0.0019921999992220663,0.007809300001099473,0.009801500000321539,0.019897100000889623,76664832
458,1305031117.711184,data\rgbd_dataset_freiburg1_xyz\rgb\1305031117.711184.png,data\rgbd_dataset_freiburg1_xyz\depth\1305031117.711215.png,3.0994415283203125e-05,0.004415988922119141,890,0.009809700000914745,0.0017255000002478482,0.0055623000007472,0.007287800000995048,0.017097500001909793,76685312
459,1305031117.743184,data\rgbd_dataset_freiburg1_xyz\rgb\1305031117.743184.png,data\rgbd_dataset_freiburg1_xyz\depth\1305031117.742995.png,0.00018906593322753906,0.0025157928466796875,920,0.009166800000457442,0.001715899999908288,0.007658100001208368,0.009374000001116656,0.018540800001574098,76562432
460,1305031117.779467,data\rgbd_dataset_freiburg1_xyz\rgb\1305031117.779467.png,data\rgbd_dataset_freiburg1_xyz\depth\1305031117.778969.png,0.0004980564117431641,0.0037670135498046875,926,0.008884599999873899,0.0016078999997262144,0.009066800001164665,0.01067470000089088,0.01955930000076478,76648448
461,1305031117.81132,data\rgbd_dataset_freiburg1_xyz\rgb\1305031117.811320.png,data\rgbd_dataset_freiburg1_xyz\depth\1305031117.811060.png,0.0002601146697998047,0.0042798519134521484,925,0.008686400000442518,0.0017918000012286939,0.005270600000585546,0.00706240000181424,0.015748800002256758,76582912
462,1305031117.843291,data\rgbd_dataset_freiburg1_xyz\rgb\1305031117.843291.png,data\rgbd_dataset_freiburg1_xyz\depth\1305031117.843307.png,1.5974044799804688e-05,0.0024089813232421875,927,0.01099900000008347,0.001770500000930042,0.005321299999195617,0.007091800000125659,0.01809080000020913,76574720
463,1305031117.879451,data\rgbd_dataset_freiburg1_xyz\rgb\1305031117.879451.png,data\rgbd_dataset_freiburg1_xyz\depth\1305031117.879467.png,1.5974044799804688e-05,0.003751039505004883,964,0.008012500000404543,0.00156779999997525,0.005474999999933061,0.007042799999908311,0.015055300000312855,76525568
464,1305031117.911407,data\rgbd_dataset_freiburg1_xyz\rgb\1305031117.911407.png,data\rgbd_dataset_freiburg1_xyz\depth\1305031117.908762.png,0.0026450157165527344,0.00419306755065918,963,0.007729799999651732,0.0015655999995942693,0.005132199999934528,0.006697799999528797,0.01442759999918053,77041664
465,1305031117.943253,data\rgbd_dataset_freiburg1_xyz\rgb\1305031117.943253.png,data\rgbd_dataset_freiburg1_xyz\depth\1305031117.943272.png,1.9073486328125e-05,0.0023469924926757812,965,0.008334599999216152,0.0016622000002826098,0.0037892000000283588,0.005451400000310969,0.013785999999527121,77123584
466,1305031117.979228,data\rgbd_dataset_freiburg1_xyz\rgb\1305031117.979228.png,data\rgbd_dataset_freiburg1_xyz\depth\1305031117.979263.png,3.504753112792969e-05,0.0036280155181884766,947,0.007646799998838105,0.001443900000595022,0.0038175999998202315,0.0052615000004152535,0.012908299999253359,77144064
467,1305031118.011228,data\rgbd_dataset_freiburg1_xyz\rgb\1305031118.011228.png,data\rgbd_dataset_freiburg1_xyz\depth\1305031118.011013.png,0.00021505355834960938,0.004472017288208008,952,0.007770900001560221,0.0015496000014536548,0.004796100000021397,0.006345700001475052,0.014116600003035273,77131776
468,1305031118.043521,data\rgbd_dataset_freiburg1_xyz\rgb\1305031118.043521.png,data\rgbd_dataset_freiburg1_xyz\depth\1305031118.043549.png,2.8133392333984375e-05,0.0021791458129882812,936,0.008079600000201026,0.0014198999997461215,0.003032300000995747,0.004452200000741868,0.012531800000942894,77107200
469,1305031118.079334,data\rgbd_dataset_freiburg1_xyz\rgb\1305031118.079334.png,data\rgbd_dataset_freiburg1_xyz\depth\1305031118.079369.png,3.504753112792969e-05,0.0036339759826660156,967,0.008415700000114157,0.0014094999987719348,0.0039888000010250835,0.005398299999797018,0.013813999999911175,77086720
470,1305031118.111217,data\rgbd_dataset_freiburg1_xyz\rgb\1305031118.111217.png,data\rgbd_dataset_freiburg1_xyz\depth\1305031118.110863.png,0.0003540515899658203,0.004383087158203125,956,0.007961499999510124,0.0016024000015022466,0.005377399998906185,0.0069798000004084315,0.014941299999918556,77119488
471,1305031118.143256,data\rgbd_dataset_freiburg1_xyz\rgb\1305031118.143256.png,data\rgbd_dataset_freiburg1_xyz\depth\1305031118.142285.png,0.0009708404541015625,0.002444028854370117,933,0.007767299999613897,0.001493300000220188,0.004971500000465312,0.0064648000006855,0.014232100000299397,77127680
472,1305031118.179323,data\rgbd_dataset_freiburg1_xyz\rgb\1305031118.179323.png,data\rgbd_dataset_freiburg1_xyz\depth\1305031118.178170.png,0.0011529922485351562,0.0037229061126708984,922,0.007959100001244224,0.0014592999996239087,0.005693100001735729,0.007152400001359638,0.015111500002603862,77148160
473,1305031118.211202,data\rgbd_dataset_freiburg1_xyz\rgb\1305031118.211202.png,data\rgbd_dataset_freiburg1_xyz\depth\1305031118.210782.png,0.00041985511779785156,0.0043981075286865234,934,0.008242399999289773,0.0014792000001762062,0.006374999999025022,0.007854199999201228,0.016096599998491,77139968
474,1305031118.243173,data\rgbd_dataset_freiburg1_xyz\rgb\1305031118.243173.png,data\rgbd_dataset_freiburg1_xyz\depth\1305031118.242948.png,0.00022482872009277344,0.0024271011352539062,930,0.008211399999709101,0.00152909999997064,0.007410100000925013,0.008939200000895653,0.017150600000604754,77180928
475,1305031118.279194,data\rgbd_dataset_freiburg1_xyz\rgb\1305031118.279194.png,data\rgbd_dataset_freiburg1_xyz\depth\1305031118.278991.png,0.00020313262939453125,0.0034940242767333984,957,0.008637200000521261,0.001686899999185698,0.01198629999998957,0.013673199999175267,0.02231039999969653,76550144
476,1305031118.311299,data\rgbd_dataset_freiburg1_xyz\rgb\1305031118.311299.png,data\rgbd_dataset_freiburg1_xyz\depth\1305031118.310731.png,0.0005681514739990234,0.004300832748413086,1000,0.008077699998466414,0.0015806000010343269,0.011052800000470597,0.012633400001504924,0.02071109999997134,77168640
477,1305031118.343324,data\rgbd_dataset_freiburg1_xyz\rgb\1305031118.343324.png,data\rgbd_dataset_freiburg1_xyz\depth\1305031118.342079.png,0.0012450218200683594,0.002376079559326172,1020,0.008686700000907877,0.0015502000005653827,0.00944780000099854,0.010998000001563923,0.0196847000024718,76578816
478,1305031118.379208,data\rgbd_dataset_freiburg1_xyz\rgb\1305031118.379208.png,data\rgbd_dataset_freiburg1_xyz\depth\1305031118.377003.png,0.0022051334381103516,0.0036079883575439453,1029,0.008353399998668465,0.0015389000000141095,0.013469700001223828,0.015008600001237937,0.023361999999906402,76525568
479,1305031118.411296,data\rgbd_dataset_freiburg1_xyz\rgb\1305031118.411296.png,data\rgbd_dataset_freiburg1_xyz\depth\1305031118.408818.png,0.002477884292602539,0.004304170608520508,1062,0.008363799999642652,0.001587400000062189,0.014409600000362843,0.015997000000425032,0.024360800000067684,77258752
480,1305031118.445692,data\rgbd_dataset_freiburg1_xyz\rgb\1305031118.445692.png,data\rgbd_dataset_freiburg1_xyz\depth\1305031118.445703.png,1.0967254638671875e-05,7.867813110351562e-06,1090,0.008282700000563636,0.0017385999999532942,0.0060171000004629605,0.007755700000416255,0.01603840000097989,77254656
481,1305031118.479285,data\rgbd_dataset_freiburg1_xyz\rgb\1305031118.479285.png,data\rgbd_dataset_freiburg1_xyz\depth\1305031118.477869.png,0.0014159679412841797,0.0035851001739501953,1078,0.008467899999232031,0.0015203000002657063,0.0037360000005719485,0.005256300000837655,0.013724200000069686,76644352
482,1305031118.511255,data\rgbd_dataset_freiburg1_xyz\rgb\1305031118.511255.png,data\rgbd_dataset_freiburg1_xyz\depth\1305031118.510201.png,0.0010540485382080078,0.004344940185546875,1088,0.008545000000594882,0.0019685000006575137,0.007182999999713502,0.009151500000371016,0.017696500000965898,76644352
483,1305031118.544414,data\rgbd_dataset_freiburg1_xyz\rgb\1305031118.544414.png,data\rgbd_dataset_freiburg1_xyz\depth\1305031118.545199.png,0.0007848739624023438,0.0011858940124511719,1051,0.01051010000082897,0.001843100000769482,0.006046500000593369,0.007889600001362851,0.01839970000219182,76648448
484,1305031118.579285,data\rgbd_dataset_freiburg1_xyz\rgb\1305031118.579285.png,data\rgbd_dataset_freiburg1_xyz\depth\1305031118.576377.png,0.002907991409301758,0.00368499755859375,1081,0.008984800000689575,0.001493200001277728,0.005374100001063198,0.006867300002340926,0.0158521000030305,76640256
485,1305031118.616142,data\rgbd_dataset_freiburg1_xyz\rgb\1305031118.616142.png,data\rgbd_dataset_freiburg1_xyz\depth\1305031118.610869.png,0.005273103713989258,0.0005419254302978516,1031,0.008263300000180607,0.0015105999991646968,0.006031200000506942,0.007541799999671639,0.015805099999852246,77258752
486,1305031118.645325,data\rgbd_dataset_freiburg1_xyz\rgb\1305031118.645325.png,data\rgbd_dataset_freiburg1_xyz\depth\1305031118.645331.png,5.9604644775390625e-06,0.0002751350402832031,1000,0.008122799999910058,0.0015390000007755589,0.007263899999088608,0.008802899999864167,0.016925699999774224,76632064
487,1305031118.679295,data\rgbd_dataset_freiburg1_xyz\rgb\1305031118.679295.png,data\rgbd_dataset_freiburg1_xyz\depth\1305031118.675082.png,0.004213094711303711,0.0036950111389160156,1000,0.00822879999941506,0.0017025999986799434,0.017863700000816607,0.01956629999949655,0.02779509999891161,76615680
488,1305031118.711421,data\rgbd_dataset_freiburg1_xyz\rgb\1305031118.711421.png,data\rgbd_dataset_freiburg1_xyz\depth\1305031118.710140.png,0.0012810230255126953,0.0041790008544921875,976,0.008585199999288307,0.0015351000001828652,0.011612599999352824,0.013147699999535689,0.021732899998823996,76644352
489,1305031118.74677,data\rgbd_dataset_freiburg1_xyz\rgb\1305031118.746770.png,data\rgbd_dataset_freiburg1_xyz\depth\1305031118.746801.png,3.0994415283203125e-05,0.0011699199676513672,977,0.008086699999694247,0.0015691999997216044,0.0043007000003854046,0.005869900000107009,0.013956599999801256,76660736
490,1305031118.779277,data\rgbd_dataset_freiburg1_xyz\rgb\1305031118.779277.png,data\rgbd_dataset_freiburg1_xyz\depth\1305031118.778790.png,0.0004870891571044922,0.0036771297454833984,1026,0.008390200000576442,0.0015738999991299352,0.005576399998972192,0.007150299998102128,0.01554049999867857,77283328
491,1305031118.811221,data\rgbd_dataset_freiburg1_xyz\rgb\1305031118.811221.png,data\rgbd_dataset_freiburg1_xyz\depth\1305031118.810703.png,0.0005178451538085938,0.0043790340423583984,980,0.00869059999968158,0.0016154000004462432,0.017065699999875505,0.01868110000032175,0.02737170000000333,76656640
492,1305031118.846753,data\rgbd_dataset_freiburg1_xyz\rgb\1305031118.846753.png,data\rgbd_dataset_freiburg1_xyz\depth\1305031118.846774.png,2.1219253540039062e-05,0.0011529922485351562,953,0.008742599999095546,0.001678399999946123,0.004252200000337325,0.005930600000283448,0.014673199999378994,77574144
493,1305031118.879208,data\rgbd_dataset_freiburg1_xyz\rgb\1305031118.879208.png,data\rgbd_dataset_freiburg1_xyz\depth\1305031118.875402.png,0.0038061141967773438,0.0036079883575439453,977,0.00887230000080308,0.0016255000009550713,0.0062890000008337665,0.007914500001788838,0.016786800002591917,76976128
494,1305031118.911177,data\rgbd_dataset_freiburg1_xyz\rgb\1305031118.911177.png,data\rgbd_dataset_freiburg1_xyz\depth\1305031118.909608.png,0.0015690326690673828,0.0044231414794921875,988,0.008782400000200141,0.001524999999674037,0.016427599999587983,0.01795259999926202,0.02673499999946216,77049856
495,1305031118.946974,data\rgbd_dataset_freiburg1_xyz\rgb\1305031118.946974.png,data\rgbd_dataset_freiburg1_xyz\depth\1305031118.947009.png,3.504753112792969e-05,0.0013740062713623047,998,0.008689399999639136,0.001658000001043547,0.007231699999465491,0.008889700000509038,0.017579100000148173,77041664
496,1305031118.979374,data\rgbd_dataset_freiburg1_xyz\rgb\1305031118.979374.png,data\rgbd_dataset_freiburg1_xyz\depth\1305031118.979394.png,2.002716064453125e-05,0.003773927688598633,960,0.008877799999027047,0.0017052000002877321,0.004676499998822692,0.006381699999110424,0.015259499998137471,77103104
497,1305031119.011363,data\rgbd_dataset_freiburg1_xyz\rgb\1305031119.011363.png,data\rgbd_dataset_freiburg1_xyz\depth\1305031119.009712.png,0.0016510486602783203,0.0043370723724365234,901,0.009130200000072364,0.001618899999812129,0.012153699999544187,0.013772599999356316,0.02290279999942868,77090816
498,1305031119.047172,data\rgbd_dataset_freiburg1_xyz\rgb\1305031119.047172.png,data\rgbd_dataset_freiburg1_xyz\depth\1305031119.047180.png,7.867813110351562e-06,0.0015721321105957031,966,0.008825099999739905,0.001701500001217937,0.016145999999935157,0.017847500001153094,0.026672600000893,77099008
499,1305031119.079223,data\rgbd_dataset_freiburg1_xyz\rgb\1305031119.079223.png,data\rgbd_dataset_freiburg1_xyz\depth\1305031119.078966.png,0.0002570152282714844,0.0035228729248046875,938,0.008692399998835754,0.0020344000004115514,0.005192999999053427,0.0072273999994649785,0.015919799998300732,77111296
500,1305031119.111328,data\rgbd_dataset_freiburg1_xyz\rgb\1305031119.111328.png,data\rgbd_dataset_freiburg1_xyz\depth\1305031119.110884.png,0.0004439353942871094,0.0042722225189208984,934,0.009497900000496884,0.0018731000000116182,0.004864099999394966,0.0067371999994065845,0.01623509999990347,77123584
501,1305031119.147616,data\rgbd_dataset_freiburg1_xyz\rgb\1305031119.147616.png,data\rgbd_dataset_freiburg1_xyz\depth\1305031119.147629.png,1.3113021850585938e-05,0.0019159317016601562,928,0.009108500000365893,0.0018192999996244907,0.005936100000326405,0.007755399999950896,0.01686390000031679,77148160
502,1305031119.179226,data\rgbd_dataset_freiburg1_xyz\rgb\1305031119.179226.png,data\rgbd_dataset_freiburg1_xyz\depth\1305031119.179262.png,3.600120544433594e-05,0.003525972366333008,925,0.009639599998990889,0.0018954999995912658,0.005062000000179978,0.006957499999771244,0.016597099998762133,77160448
503,1305031119.211364,data\rgbd_dataset_freiburg1_xyz\rgb\1305031119.211364.png,data\rgbd_dataset_freiburg1_xyz\depth\1305031119.210906.png,0.00045800209045410156,0.004235982894897461,941,0.009127200000875746,0.0017017999998643063,0.0075051000003441,0.009206900000208407,0.018334100001084153,77217792
504,1305031119.247399,data\rgbd_dataset_freiburg1_xyz\rgb\1305031119.247399.png,data\rgbd_dataset_freiburg1_xyz\depth\1305031119.247660.png,0.0002608299255371094,0.001699209213256836,943,0.00880449999931443,0.0016567999991821125,0.0055685999996057944,0.007225399998787907,0.016029899998102337,77279232
505,1305031119.279212,data\rgbd_dataset_freiburg1_xyz\rgb\1305031119.279212.png,data\rgbd_dataset_freiburg1_xyz\depth\1305031119.279244.png,3.1948089599609375e-05,0.003612041473388672,949,0.008969500000603148,0.0018063000006804941,0.004214000000501983,0.006020300001182477,0.014989800001785625,77266944
506,1305031119.311212,data\rgbd_dataset_freiburg1_xyz\rgb\1305031119.311212.png,data\rgbd_dataset_freiburg1_xyz\depth\1305031119.310755.png,0.0004570484161376953,0.004387855529785156,964,0.008712299999388051,0.0017155999994429294,0.004925200000798213,0.006640800000241143,0.015353099999629194,77250560
507,1305031119.347741,data\rgbd_dataset_freiburg1_xyz\rgb\1305031119.347741.png,data\rgbd_dataset_freiburg1_xyz\depth\1305031119.347750.png,9.059906005859375e-06,0.002040863037109375,968,0.00901509999857808,0.001695099999778904,0.005070100000011735,0.006765199999790639,0.01578029999836872,77283328
508,1305031119.379239,data\rgbd_dataset_freiburg1_xyz\rgb\1305031119.379239.png,data\rgbd_dataset_freiburg1_xyz\depth\1305031119.378631.png,0.0006079673767089844,0.0036389827728271484,979,0.00881889999982377,0.0017075000014301622,0.006245900000067195,0.007953400001497357,0.016772300001321128,77287424
509,1305031119.411484,data\rgbd_dataset_freiburg1_xyz\rgb\1305031119.411484.png,data\rgbd_dataset_freiburg1_xyz\depth\1305031119.411492.png,8.106231689453125e-06,0.004116058349609375,933,0.008835200000248733,0.0016671000012138393,0.004231400000207941,0.00589850000142178,0.014733700001670513,77295616
510,1305031119.447706,data\rgbd_dataset_freiburg1_xyz\rgb\1305031119.447706.png,data\rgbd_dataset_freiburg1_xyz\depth\1305031119.447726.png,2.002716064453125e-05,0.0021059513092041016,913,0.008760400000028312,0.0017525999992358265,0.00733820000095875,0.009090800000194577,0.01785120000022289,77295616
511,1305031119.479267,data\rgbd_dataset_freiburg1_xyz\rgb\1305031119.479267.png,data\rgbd_dataset_freiburg1_xyz\depth\1305031119.477682.png,0.001584768295288086,0.0036668777465820312,891,0.00875839999935124,0.0017225999999936903,0.0046123000010993565,0.006334900001093047,0.015093300000444287,77303808
512,1305031119.51124,data\rgbd_dataset_freiburg1_xyz\rgb\1305031119.511240.png,data\rgbd_dataset_freiburg1_xyz\depth\1305031119.511258.png,1.7881393432617188e-05,0.00446009635925293,906,0.008816199999273522,0.0017815000010159565,0.005563000000620377,0.007344500001636334,0.016160700000909856,77352960
513,1305031119.547382,data\rgbd_dataset_freiburg1_xyz\rgb\1305031119.547382.png,data\rgbd_dataset_freiburg1_xyz\depth\1305031119.547414.png,3.1948089599609375e-05,0.0017821788787841797,886,0.008191000000806525,0.0016376999992644414,0.004375100001198007,0.006012800000462448,0.014203800001268974,77344768
514,1305031119.579559,data\rgbd_dataset_freiburg1_xyz\rgb\1305031119.579559.png,data\rgbd_dataset_freiburg1_xyz\depth\1305031119.579569.png,1.0013580322265625e-05,0.003959178924560547,866,0.008615200000349432,0.0016251999986707233,0.003830999999991036,0.005456199998661759,0.014071399999011192,77373440
515,1305031119.615017,data\rgbd_dataset_freiburg1_xyz\rgb\1305031119.615017.png,data\rgbd_dataset_freiburg1_xyz\depth\1305031119.615024.png,7.152557373046875e-06,0.0005831718444824219,865,0.008666300000186311,0.001787299999705283,0.011014199999408447,0.01280149999911373,0.02146779999930004,77377536
516,1305031119.647903,data\rgbd_dataset_freiburg1_xyz\rgb\1305031119.647903.png,data\rgbd_dataset_freiburg1_xyz\depth\1305031119.648889.png,0.0009860992431640625,0.002302885055541992,866,0.008982600000308594,0.0017035000000760192,0.012754400000630994,0.014457900000707014,0.023440500001015607,77340672
517,1305031119.679208,data\rgbd_dataset_freiburg1_xyz\rgb\1305031119.679208.png,data\rgbd_dataset_freiburg1_xyz\depth\1305031119.675566.png,0.0036420822143554688,0.0036079883575439453,859,0.008798800001386553,0.0017447999998694286,0.006708900000376161,0.00845370000024559,0.017252500001632143,77357056
518,1305031119.715232,data\rgbd_dataset_freiburg1_xyz\rgb\1305031119.715232.png,data\rgbd_dataset_freiburg1_xyz\depth\1305031119.715249.png,1.71661376953125e-05,0.0004680156707763672,812,0.008883799999239272,0.0018292000004294096,0.007087600000886596,0.008916800001316005,0.017800600000555278,77316096
519,1305031119.747193,data\rgbd_dataset_freiburg1_xyz\rgb\1305031119.747193.png,data\rgbd_dataset_freiburg1_xyz\depth\1305031119.744886.png,0.0023071765899658203,0.001493215560913086,800,0.0088889000016934,0.0017370999994454905,0.004290000000764849,0.006027100000210339,0.01491600000190374,77303808
520,1305031119.779169,data\rgbd_dataset_freiburg1_xyz\rgb\1305031119.779169.png,data\rgbd_dataset_freiburg1_xyz\depth\1305031119.778628.png,0.0005409717559814453,0.0035691261291503906,786,0.008643400000437396,0.0017572999986441573,0.0066735999989759875,0.008430899997620145,0.01707429999805754,77332480
521,1305031119.814537,data\rgbd_dataset_freiburg1_xyz\rgb\1305031119.814537.png,data\rgbd_dataset_freiburg1_xyz\depth\1305031119.814571.png,3.3855438232421875e-05,0.0010628700256347656,793,0.009624499998608371,0.0018098000000463799,0.005196399999476853,0.007006199999523233,0.016630699998131604,77324288
522,1305031119.847429,data\rgbd_dataset_freiburg1_xyz\rgb\1305031119.847429.png,data\rgbd_dataset_freiburg1_xyz\depth\1305031119.847445.png,1.5974044799804688e-05,0.0018291473388671875,803,0.008852699998897151,0.0017501000002084766,0.0031428000002051704,0.004892900000413647,0.013745599999310798,77357056
523,1305031119.879214,data\rgbd_dataset_freiburg1_xyz\rgb\1305031119.879214.png,data\rgbd_dataset_freiburg1_xyz\depth\1305031119.879232.png,1.7881393432617188e-05,0.0035140514373779297,764,0.009828899999774876,0.001635099999475642,0.006530999999085907,0.008166099998561549,0.017994999998336425,77332480
524,1305031119.911401,data\rgbd_dataset_freiburg1_xyz\rgb\1305031119.911401.png,data\rgbd_dataset_freiburg1_xyz\depth\1305031119.911424.png,2.288818359375e-05,0.0040988922119140625,748,0.008932300001106341,0.0017428999999538064,0.0030905000003258465,0.004833400000279653,0.013765700001385994,77320192
525,1305031119.947392,data\rgbd_dataset_freiburg1_xyz\rgb\1305031119.947392.png,data\rgbd_dataset_freiburg1_xyz\depth\1305031119.947462.png,7.009506225585938e-05,0.0017919540405273438,767,0.00885530000050494,0.0017177000008814503,0.004789599999639904,0.006507300000521354,0.015362600001026294,77344768
526,1305031119.979537,data\rgbd_dataset_freiburg1_xyz\rgb\1305031119.979537.png,data\rgbd_dataset_freiburg1_xyz\depth\1305031119.979546.png,9.059906005859375e-06,0.0039370059967041016,755,0.00864960000035353,0.0016555000001972076,0.00494050000088464,0.006596000001081848,0.015245600001435378,77377536
527,1305031120.015264,data\rgbd_dataset_freiburg1_xyz\rgb\1305031120.015264.png,data\rgbd_dataset_freiburg1_xyz\depth\1305031120.015283.png,1.9073486328125e-05,0.00033593177795410156,753,0.008567600001697429,0.0017157000002043787,0.003705999999510823,0.0054216999997152016,0.01398930000141263,77369344
528,1305031120.04729,data\rgbd_dataset_freiburg1_xyz\rgb\1305031120.047290.png,data\rgbd_dataset_freiburg1_xyz\depth\1305031120.047310.png,2.002716064453125e-05,0.0016901493072509766,757,0.008994399999210145,0.0017160999996121973,0.007818199999746867,0.009534299999359064,0.01852869999856921,77336576
529,1305031120.079418,data\rgbd_dataset_freiburg1_xyz\rgb\1305031120.079418.png,data\rgbd_dataset_freiburg1_xyz\depth\1305031120.075690.png,0.0037279129028320312,0.003818035125732422,743,0.008666100000482402,0.0016373999987990828,0.003729600000951905,0.005366999999750988,0.01403310000023339,77369344
530,1305031120.115232,data\rgbd_dataset_freiburg1_xyz\rgb\1305031120.115232.png,data\rgbd_dataset_freiburg1_xyz\depth\1305031120.115249.png,1.6927719116210938e-05,0.0003681182861328125,756,0.00869059999968158,0.001753800001097261,0.0038246000003709923,0.005578400001468253,0.014269000001149834,77332480
531,1305031120.148157,data\rgbd_dataset_freiburg1_xyz\rgb\1305031120.148157.png,data\rgbd_dataset_freiburg1_xyz\depth\1305031120.148175.png,1.811981201171875e-05,0.0025568008422851562,746,0.008537499999874854,0.0016528999985894188,0.003187199999956647,0.004840099998546066,0.01337759999842092,77361152
532,1305031120.179246,data\rgbd_dataset_freiburg1_xyz\rgb\1305031120.179246.png,data\rgbd_dataset_freiburg1_xyz\depth\1305031120.179261.png,1.5020370483398438e-05,0.0036458969116210938,734,0.008380600000236882,0.0015835000012884848,0.0031144999993557576,0.004698000000644242,0.013078600000881124,77369344
533,1305031120.215249,data\rgbd_dataset_freiburg1_xyz\rgb\1305031120.215249.png,data\rgbd_dataset_freiburg1_xyz\depth\1305031120.215260.png,1.0967254638671875e-05,0.0003509521484375,740,0.008115999999063206,0.0016740000010031508,0.002605499999845051,0.004279500000848202,0.012395499999911408,77369344
534,1305031120.248003,data\rgbd_dataset_freiburg1_xyz\rgb\1305031120.248003.png,data\rgbd_dataset_freiburg1_xyz\depth\1305031120.248018.png,1.5020370483398438e-05,0.0024030208587646484,755,0.00805919999947946,0.0016487000011693453,0.0038282000004983274,0.005476900001667673,0.013536100001147133,77398016
535,1305031120.27943,data\rgbd_dataset_freiburg1_xyz\rgb\1305031120.279430.png,data\rgbd_dataset_freiburg1_xyz\depth\1305031120.279441.png,1.1205673217773438e-05,0.0037298202514648438,744,0.008166599998730817,0.0016482999999425374,0.003052299998671515,0.004700599998614052,0.01286719999734487,77393920
536,1305031120.315196,data\rgbd_dataset_freiburg1_xyz\rgb\1305031120.315196.png,data\rgbd_dataset_freiburg1_xyz\depth\1305031120.315213.png,1.6927719116210938e-05,0.0004038810729980469,756,0.008418499999606865,0.0016073999995569466,0.0038753999997425126,0.005482799999299459,0.013901299998906325,77393920
537,1305031120.347787,data\rgbd_dataset_freiburg1_xyz\rgb\1305031120.347787.png,data\rgbd_dataset_freiburg1_xyz\depth\1305031120.347797.png,1.0013580322265625e-05,0.002187013626098633,750,0.008278799999970943,0.001605800000106683,0.0034780999994836748,0.005083899999590358,0.0133626999995613,77430784
538,1305031120.379437,data\rgbd_dataset_freiburg1_xyz\rgb\1305031120.379437.png,data\rgbd_dataset_freiburg1_xyz\depth\1305031120.379446.png,9.059906005859375e-06,0.0038368701934814453,739,0.008651300000565243,0.001646100001380546,0.0033559000003151596,0.005002000001695706,0.013653300002260949,77406208
539,1305031120.415445,data\rgbd_dataset_freiburg1_xyz\rgb\1305031120.415445.png,data\rgbd_dataset_freiburg1_xyz\depth\1305031120.415490.png,4.482269287109375e-05,0.00015497207641601562,746,0.008374600000024657,0.0016758000001573237,0.0038977000003797,0.005573500000537024,0.01394810000056168,77443072
540,1305031120.447417,data\rgbd_dataset_freiburg1_xyz\rgb\1305031120.447417.png,data\rgbd_dataset_freiburg1_xyz\depth\1305031120.447433.png,1.5974044799804688e-05,0.0018169879913330078,761,0.008290399999168585,0.00198630000159028,0.00974050000149873,0.01172680000308901,0.020017200002257596,77410304
541,1305031120.479432,data\rgbd_dataset_freiburg1_xyz\rgb\1305031120.479432.png,data\rgbd_dataset_freiburg1_xyz\depth\1305031120.475582.png,0.003850221633911133,0.003832101821899414,752,0.00863039999967441,0.0017281000000366475,0.006378799998856266,0.008106899998892914,0.016737299998567323,77443072
542,1305031120.514819,data\rgbd_dataset_freiburg1_xyz\rgb\1305031120.514819.png,data\rgbd_dataset_freiburg1_xyz\depth\1305031120.514877.png,5.817413330078125e-05,0.0007810592651367188,747,0.0086857999995118,0.0016826000010041753,0.004973100001734565,0.00665570000273874,0.015341500002250541,77467648
543,1305031120.547736,data\rgbd_dataset_freiburg1_xyz\rgb\1305031120.547736.png,data\rgbd_dataset_freiburg1_xyz\depth\1305031120.547807.png,7.104873657226562e-05,0.0021359920501708984,786,0.008795899999313406,0.0017912999992404366,0.00561550000020361,0.007406799999444047,0.016202699998757453,77475840
544,1305031120.579551,data\rgbd_dataset_freiburg1_xyz\rgb\1305031120.579551.png,data\rgbd_dataset_freiburg1_xyz\depth\1305031120.579559.png,8.106231689453125e-06,0.003951072692871094,824,0.008781300000919146,0.0017256999999517575,0.004323900000599679,0.006049600000551436,0.014830900001470582,77533184
545,1305031120.615236,data\rgbd_dataset_freiburg1_xyz\rgb\1305031120.615236.png,data\rgbd_dataset_freiburg1_xyz\depth\1305031120.615271.png,3.504753112792969e-05,0.00036406517028808594,840,0.008432799999354756,0.0016532000008737668,0.00691710000137391,0.008570300002247677,0.017003100001602434,77520896
546,1305031120.647354,data\rgbd_dataset_freiburg1_xyz\rgb\1305031120.647354.png,data\rgbd_dataset_freiburg1_xyz\depth\1305031120.646607.png,0.0007469654083251953,0.0017538070678710938,878,0.00893760000144539,0.0016708999992260942,0.006501400001070579,0.008172300000296673,0.017109900001742062,77574144
547,1305031120.679318,data\rgbd_dataset_freiburg1_xyz\rgb\1305031120.679318.png,data\rgbd_dataset_freiburg1_xyz\depth\1305031120.678467.png,0.0008509159088134766,0.003618001937866211,900,0.009022699998240569,0.001701199998933589,0.0054942999995546415,0.007195499998488231,0.0162181999967288,77561856
548,1305031120.714522,data\rgbd_dataset_freiburg1_xyz\rgb\1305031120.714522.png,data\rgbd_dataset_freiburg1_xyz\depth\1305031120.714553.png,3.123283386230469e-05,0.0010781288146972656,901,0.009966899999199086,0.0016952000005403534,0.00532270000076096,0.007017900001301314,0.0169848000005004,77578240
549,1305031120.747369,data\rgbd_dataset_freiburg1_xyz\rgb\1305031120.747369.png,data\rgbd_dataset_freiburg1_xyz\depth\1305031120.747396.png,2.6941299438476562e-05,0.001669168472290039,907,0.008312599999044323,0.001671100000748993,0.004414199998791446,0.006085299999540439,0.014397899998584762,77578240
550,1305031120.779894,data\rgbd_dataset_freiburg1_xyz\rgb\1305031120.779894.png,data\rgbd_dataset_freiburg1_xyz\depth\1305031120.779908.png,1.3828277587890625e-05,0.004294157028198242,965,0.008309099999678438,0.0016529000004084082,0.0056268999996973434,0.007279800000105752,0.01558889999978419,77639680
551,1305031120.814944,data\rgbd_dataset_freiburg1_xyz\rgb\1305031120.814944.png,data\rgbd_dataset_freiburg1_xyz\depth\1305031120.814905.png,3.910064697265625e-05,0.0006558895111083984,992,0.008685400000103982,0.0016465999997308245,0.013423799999145558,0.015070399998876383,0.023755799998980365,77635584
552,1305031120.847921,data\rgbd_dataset_freiburg1_xyz\rgb\1305031120.847921.png,data\rgbd_dataset_freiburg1_xyz\depth\1305031120.847942.png,2.1219253540039062e-05,0.002321004867553711,973,0.00828890000047977,0.0015979999989212956,0.0058005000009870855,0.007398499999908381,0.015687400000388152,77635584
553,1305031120.883435,data\rgbd_dataset_freiburg1_xyz\rgb\1305031120.883435.png,data\rgbd_dataset_freiburg1_xyz\depth\1305031120.883454.png,1.9073486328125e-05,0.002165079116821289,1018,0.00828660000115633,0.001569099998960155,0.005425100000138627,0.006994199999098782,0.015280800000255113,77643776
554,1305031120.915444,data\rgbd_dataset_freiburg1_xyz\rgb\1305031120.915444.png,data\rgbd_dataset_freiburg1_xyz\depth\1305031120.915454.png,1.0013580322265625e-05,0.00015616416931152344,1018,0.008185899998352397,0.0016555000001972076,0.01384200000029523,0.015497500000492437,0.023683399998844834,77672448
555,1305031120.947488,data\rgbd_dataset_freiburg1_xyz\rgb\1305031120.947488.png,data\rgbd_dataset_freiburg1_xyz\depth\1305031120.947509.png,2.09808349609375e-05,0.0017881393432617188,1027,0.009018400000059046,0.0015740999988338444,0.005493900000146823,0.0070679999989806674,0.016086399999039713,77660160
556,1305031120.983366,data\rgbd_dataset_freiburg1_xyz\rgb\1305031120.983366.png,data\rgbd_dataset_freiburg1_xyz\depth\1305031120.983390.png,2.4080276489257812e-05,0.0022339820861816406,1042,0.008629399999335874,0.0015712999993411358,0.0043655999998009065,0.005936899999142042,0.014566299998477916,77672448
557,1305031121.015019,data\rgbd_dataset_freiburg1_xyz\rgb\1305031121.015019.png,data\rgbd_dataset_freiburg1_xyz\depth\1305031121.015029.png,1.0013580322265625e-05,0.0005810260772705078,1043,0.008209699999497388,0.0016460000006190967,0.004368100000647246,0.006014100001266343,0.014223800000763731,77692928
558,1305031121.047498,data\rgbd_dataset_freiburg1_xyz\rgb\1305031121.047498.png,data\rgbd_dataset_freiburg1_xyz\depth\1305031121.047755.png,0.0002570152282714844,0.001898050308227539,1055,0.008573600000090664,0.0016618999998172512,0.004489599999942584,0.006151499999759835,0.0147250999998505,77660160
559,1305031121.083099,data\rgbd_dataset_freiburg1_xyz\rgb\1305031121.083099.png,data\rgbd_dataset_freiburg1_xyz\depth\1305031121.083117.png,1.811981201171875e-05,0.0025010108947753906,1041,0.008777299999565003,0.0017216999985976145,0.004721600000266335,0.0064432999988639494,0.015220599998428952,77692928
560,1305031121.114696,data\rgbd_dataset_freiburg1_xyz\rgb\1305031121.114696.png,data\rgbd_dataset_freiburg1_xyz\depth\1305031121.114878.png,0.0001819133758544922,0.000904083251953125,1097,0.008893000000171014,0.0016089000000647502,0.012044799999785027,0.013653699999849778,0.022546700000020792,77750272
561,1305031121.147331,data\rgbd_dataset_freiburg1_xyz\rgb\1305031121.147331.png,data\rgbd_dataset_freiburg1_xyz\depth\1305031121.147355.png,2.4080276489257812e-05,0.0017309188842773438,1123,0.00870779999968363,0.0016390999990107957,0.018612599998959922,0.020251699997970718,0.028959499997654348,77729792
562,1305031121.183271,data\rgbd_dataset_freiburg1_xyz\rgb\1305031121.183271.png,data\rgbd_dataset_freiburg1_xyz\depth\1305031121.183281.png,1.0013580322265625e-05,0.002329111099243164,1166,0.008730999999897904,0.001631499999348307,0.009312800000770949,0.010944300000119256,0.01967530000001716,77795328
563,1305031121.21142,data\rgbd_dataset_freiburg1_xyz\rgb\1305031121.211420.png,data\rgbd_dataset_freiburg1_xyz\depth\1305031121.211431.png,1.0967254638671875e-05,0.004179954528808594,1160,0.008331000000907807,0.0016899999991437653,0.007919400000901078,0.009609400000044843,0.01794040000095265,77770752
564,1305031121.247194,data\rgbd_dataset_freiburg1_xyz\rgb\1305031121.247194.png,data\rgbd_dataset_freiburg1_xyz\depth\1305031121.247201.png,6.9141387939453125e-06,0.0015940666198730469,1186,0.00900750000073458,0.0021570999997493345,0.012964599998667836,0.01512169999841717,0.02412919999915175,77774848
565,1305031121.282876,data\rgbd_dataset_freiburg1_xyz\rgb\1305031121.282876.png,data\rgbd_dataset_freiburg1_xyz\depth\1305031121.282822.png,5.412101745605469e-05,0.0027239322662353516,1202,0.00891820000106236,0.0018058999994536862,0.0056542000002082204,0.007460099999661907,0.016378300000724266,77778944
566,1305031121.313568,data\rgbd_dataset_freiburg1_xyz\rgb\1305031121.313568.png,data\rgbd_dataset_freiburg1_xyz\depth\1305031121.313588.png,1.9788742065429688e-05,0.0020318031311035156,1217,0.008654900000692578,0.0016669999986334005,0.012405600000420236,0.014072599999053637,0.022727499999746215,77750272
567,1305031121.347517,data\rgbd_dataset_freiburg1_xyz\rgb\1305031121.347517.png,data\rgbd_dataset_freiburg1_xyz\depth\1305031121.347540.png,2.288818359375e-05,0.001917123794555664,1235,0.010475099999894155,0.0018732000007730676,0.028779100000974722,0.03065230000174779,0.041127400001641945,77795328
568,1305031121.383226,data\rgbd_dataset_freiburg1_xyz\rgb\1305031121.383226.png,data\rgbd_dataset_freiburg1_xyz\depth\1305031121.383248.png,2.2172927856445312e-05,0.0023741722106933594,1249,0.009289100000387407,0.0016056000004027737,0.008333899999342975,0.009939499999745749,0.019228600000133156,77807616
569,1305031121.414318,data\rgbd_dataset_freiburg1_xyz\rgb\1305031121.414318.png,data\rgbd_dataset_freiburg1_xyz\depth\1305031121.414328.png,1.0013580322265625e-05,0.0012819766998291016,1257,0.008526999999958207,0.0016207000007852912,0.011351900000590831,0.012972600001376122,0.02149960000133433,77807616
570,1305031121.447319,data\rgbd_dataset_freiburg1_xyz\rgb\1305031121.447319.png,data\rgbd_dataset_freiburg1_xyz\depth\1305031121.447024.png,0.0002949237823486328,0.0017189979553222656,1296,0.008462799998596893,0.0016317000008712057,0.013024900001255446,0.014656600002126652,0.023119400000723545,77799424
571,1305031121.482964,data\rgbd_dataset_freiburg1_xyz\rgb\1305031121.482964.png,data\rgbd_dataset_freiburg1_xyz\depth\1305031121.483015.png,5.1021575927734375e-05,0.002635955810546875,1343,0.008321900000737514,0.0018874000015784986,0.006902299999637762,0.00878970000121626,0.017111600001953775,77824000
572,1305031121.514107,data\rgbd_dataset_freiburg1_xyz\rgb\1305031121.514107.png,data\rgbd_dataset_freiburg1_xyz\depth\1305031121.514164.png,5.698204040527344e-05,0.0014929771423339844,1340,0.008373499998924672,0.0016202000006160233,0.03452040000047418,0.036140600001090206,0.04451410000001488,77848576
573,1305031121.54727,data\rgbd_dataset_freiburg1_xyz\rgb\1305031121.547270.png,data\rgbd_dataset_freiburg1_xyz\depth\1305031121.546810.png,0.0004601478576660156,0.0016701221466064453,1328,0.008918499999708729,0.0016227999985858332,0.011325800000122399,0.012948599998708232,0.02186709999841696,77856768
574,1305031121.583204,data\rgbd_dataset_freiburg1_xyz\rgb\1305031121.583204.png,data\rgbd_dataset_freiburg1_xyz\depth\1305031121.583213.png,9.059906005859375e-06,0.0023958683013916016,1316,0.008919699999751174,0.0016020000002754387,0.006368500000462518,0.007970500000737957,0.01689020000048913,78528512
575,1305031121.6147,data\rgbd_dataset_freiburg1_xyz\rgb\1305031121.614700.png,data\rgbd_dataset_freiburg1_xyz\depth\1305031121.614719.png,1.8835067749023438e-05,0.0009000301361083984,1312,0.008769900001425412,0.001670600000579725,0.007098399999449612,0.008769000000029337,0.01753890000145475,78483456
576,1305031121.647183,data\rgbd_dataset_freiburg1_xyz\rgb\1305031121.647183.png,data\rgbd_dataset_freiburg1_xyz\depth\1305031121.646966.png,0.00021696090698242188,0.0015828609466552734,1358,0.008757600000535604,0.0015789999997650739,0.006140800000139279,0.007719799999904353,0.016477400000439957,78524416
577,1305031121.6832,data\rgbd_dataset_freiburg1_xyz\rgb\1305031121.683200.png,data\rgbd_dataset_freiburg1_xyz\depth\1305031121.683211.png,1.1205673217773438e-05,0.0024001598358154297,1351,0.008745900000576512,0.0016393000005336944,0.009307300000727992,0.010946600001261686,0.019692500001838198,78528512
578,1305031121.71452,data\rgbd_dataset_freiburg1_xyz\rgb\1305031121.714520.png,data\rgbd_dataset_freiburg1_xyz\depth\1305031121.714528.png,8.106231689453125e-06,0.0010800361633300781,1336,0.008515599998645484,0.0015746000008221017,0.0073088999997708015,0.008883500000592903,0.017399099999238388,78581760
579,1305031121.747145,data\rgbd_dataset_freiburg1_xyz\rgb\1305031121.747145.png,data\rgbd_dataset_freiburg1_xyz\depth\1305031121.746484.png,0.0006608963012695312,0.0014450550079345703,1317,0.00850939999872935,0.0015935000010358635,0.004577399999107001,0.006170900000142865,0.014680299998872215,78548992
580,1305031121.782835,data\rgbd_dataset_freiburg1_xyz\rgb\1305031121.782835.png,data\rgbd_dataset_freiburg1_xyz\depth\1305031121.782871.png,3.600120544433594e-05,0.0027649402618408203,1306,0.008836200000587269,0.0015690000000176951,0.006025600001521525,0.00759460000153922,0.01643080000212649,78585856
581,1305031121.81154,data\rgbd_dataset_freiburg1_xyz\rgb\1305031121.811540.png,data\rgbd_dataset_freiburg1_xyz\depth\1305031121.811545.png,5.0067901611328125e-06,0.004060029983520508,1304,0.008648900000480353,0.0016565999994782032,0.005393399998865789,0.007049999998343992,0.015698899998824345,78503936
582,1305031121.847335,data\rgbd_dataset_freiburg1_xyz\rgb\1305031121.847335.png,data\rgbd_dataset_freiburg1_xyz\depth\1305031121.846870.png,0.00046515464782714844,0.0016350746154785156,1297,0.008633200000986108,0.001609499999176478,0.005776800000603544,0.007386299999780022,0.01601950000076613,78491648
583,1305031121.88206,data\rgbd_dataset_freiburg1_xyz\rgb\1305031121.882060.png,data\rgbd_dataset_freiburg1_xyz\depth\1305031121.882123.png,6.29425048828125e-05,0.0035400390625,1297,0.008441999998467509,0.001571900000271853,0.005557200000112061,0.0071291000003839144,0.015571099998851423,78598144
584,1305031121.914931,data\rgbd_dataset_freiburg1_xyz\rgb\1305031121.914931.png,data\rgbd_dataset_freiburg1_xyz\depth\1305031121.914943.png,1.1920928955078125e-05,0.0006690025329589844,1271,0.0078440999986924,0.0014995999990787823,0.005988000000797911,0.007487599999876693,0.015331699998569093,78589952
585,1305031121.947288,data\rgbd_dataset_freiburg1_xyz\rgb\1305031121.947288.png,data\rgbd_dataset_freiburg1_xyz\depth\1305031121.947318.png,3.0040740966796875e-05,0.0016880035400390625,1273,0.008530299999620183,0.0015127999995456776,0.005306600000039907,0.006819399999585585,0.015349699999205768,78524416
586,1305031121.982926,data\rgbd_dataset_freiburg1_xyz\rgb\1305031121.982926.png,data\rgbd_dataset_freiburg1_xyz\depth\1305031121.982935.png,9.059906005859375e-06,0.002674102783203125,1272,0.00847559999965597,0.0015015999997558538,0.006832400000348571,0.008334000000104425,0.016809599999760394,78761984
587,1305031122.014256,data\rgbd_dataset_freiburg1_xyz\rgb\1305031122.014256.png,data\rgbd_dataset_freiburg1_xyz\depth\1305031122.014424.png,0.00016808509826660156,0.0013439655303955078,1265,0.008440000001428416,0.0015237000006891321,0.008361399999557761,0.009885100000246894,0.01832510000167531,78213120
588,1305031122.047306,data\rgbd_dataset_freiburg1_xyz\rgb\1305031122.047306.png,data\rgbd_dataset_freiburg1_xyz\depth\1305031122.046908.png,0.0003981590270996094,0.0017061233520507812,1280,0.008585499999753665,0.00156059999972058,0.0065985999990516575,0.008159199998772237,0.016744699998525903,78770176
589,1305031122.082959,data\rgbd_dataset_freiburg1_xyz\rgb\1305031122.082959.png,data\rgbd_dataset_freiburg1_xyz\depth\1305031122.082969.png,1.0013580322265625e-05,0.0028409957885742188,1288,0.008733000000574975,0.001574800000526011,0.010692800000470015,0.012267600000996026,0.021000600001571,78274560
590,1305031122.114672,data\rgbd_dataset_freiburg1_xyz\rgb\1305031122.114672.png,data\rgbd_dataset_freiburg1_xyz\depth\1305031122.114688.png,1.5974044799804688e-05,0.0009281635284423828,1301,0.008632400000351481,0.0015392000004794681,0.005426099998658174,0.006965299999137642,0.015597699999489123,78217216
591,1305031122.150725,data\rgbd_dataset_freiburg1_xyz\rgb\1305031122.150725.png,data\rgbd_dataset_freiburg1_xyz\depth\1305031122.150748.png,2.3126602172851562e-05,0.00487518310546875,1256,0.008472199999232544,0.0016602000014245277,0.0056443999983457616,0.007304599999770289,0.015776799999002833,78290944
592,1305031122.183042,data\rgbd_dataset_freiburg1_xyz\rgb\1305031122.183042.png,data\rgbd_dataset_freiburg1_xyz\depth\1305031122.183052.png,1.0013580322265625e-05,0.002557992935180664,1235,0.008728499999051564,0.0016479000005347189,0.009643400000641122,0.011291300001175841,0.020019800000227406,78262272
593,1305031122.214959,data\rgbd_dataset_freiburg1_xyz\rgb\1305031122.214959.png,data\rgbd_dataset_freiburg1_xyz\depth\1305031122.214969.png,1.0013580322265625e-05,0.0006411075592041016,1245,0.008547299999918323,0.0015993000015441794,0.007507999998779269,0.009107300000323448,0.01765460000024177,78282752
594,1305031122.251319,data\rgbd_dataset_freiburg1_xyz\rgb\1305031122.251319.png,data\rgbd_dataset_freiburg1_xyz\depth\1305031122.251355.png,3.600120544433594e-05,0.004281044006347656,1211,0.008711499998753425,0.001615999999557971,0.014022999999724561,0.015638999999282532,0.024350499998035957,78327808
595,1305031122.28356,data\rgbd_dataset_freiburg1_xyz\rgb\1305031122.283560.png,data\rgbd_dataset_freiburg1_xyz\depth\1305031122.283866.png,0.0003058910369873047,0.0020399093627929688,1159,0.008887800000593415,0.0015509999993810197,0.020170600000710692,0.021721600000091712,0.030609400000685127,78327808
596,1305031122.314289,data\rgbd_dataset_freiburg1_xyz\rgb\1305031122.314289.png,data\rgbd_dataset_freiburg1_xyz\depth\1305031122.314309.png,1.9788742065429688e-05,0.0013108253479003906,1111,0.008705800000825548,0.0015550999996776227,0.011846700001115096,0.013401800000792718,0.022107600001618266,78340096
597,1305031122.351327,data\rgbd_dataset_freiburg1_xyz\rgb\1305031122.351327.png,data\rgbd_dataset_freiburg1_xyz\depth\1305031122.351351.png,2.4080276489257812e-05,0.004273176193237305,1119,0.008394500000576954,0.001611899999261368,0.018832499999916763,0.02044439999917813,0.028838899999755085,78348288
598,1305031122.38263,data\rgbd_dataset_freiburg1_xyz\rgb\1305031122.382630.png,data\rgbd_dataset_freiburg1_xyz\depth\1305031122.382678.png,4.792213439941406e-05,0.002869844436645508,1088,0.008551499999157386,0.0016209000004892005,0.01126049999948009,0.01288139999996929,0.021432899999126676,78118912
599,1305031122.414997,data\rgbd_dataset_freiburg1_xyz\rgb\1305031122.414997.png,data\rgbd_dataset_freiburg1_xyz\depth\1305031122.415008.png,1.0967254638671875e-05,0.0006029605865478516,1092,0.009092899999814108,0.0016598000001977198,0.010948999999527587,0.012608799999725306,0.021701699999539414,78131200
600,1305031122.451257,data\rgbd_dataset_freiburg1_xyz\rgb\1305031122.451257.png,data\rgbd_dataset_freiburg1_xyz\depth\1305031122.451272.png,1.5020370483398438e-05,0.004242897033691406,1072,0.008766900000409805,0.0016229999982897425,0.007968199999595527,0.009591199997885269,0.018358099998295074,78061568
601,1305031122.48336,data\rgbd_dataset_freiburg1_xyz\rgb\1305031122.483360.png,data\rgbd_dataset_freiburg1_xyz\depth\1305031122.483388.png,2.7894973754882812e-05,0.0022399425506591797,1102,0.008730100000320817,0.001682000000073458,0.019107700001768535,0.020789700001841993,0.02951980000216281,78176256
602,1305031122.515097,data\rgbd_dataset_freiburg1_xyz\rgb\1305031122.515097.png,data\rgbd_dataset_freiburg1_xyz\depth\1305031122.515135.png,3.814697265625e-05,0.0005030632019042969,1092,0.009391100000357255,0.0021895000008953502,0.012956900000062888,0.015146400000958238,0.024537500001315493,78172160
603,1305031122.55149,data\rgbd_dataset_freiburg1_xyz\rgb\1305031122.551490.png,data\rgbd_dataset_freiburg1_xyz\depth\1305031122.551510.png,2.002716064453125e-05,0.00400996208190918,1105,0.008537899999282672,0.0016012000014598016,0.008608000000094762,0.010209200001554564,0.018747100000837236,78163968
604,1305031122.583208,data\rgbd_dataset_freiburg1_xyz\rgb\1305031122.583208.png,data\rgbd_dataset_freiburg1_xyz\depth\1305031122.583217.png,8.821487426757812e-06,0.002391815185546875,1080,0.00854090000029828,0.0016434999997727573,0.010280000000420841,0.011923500000193599,0.020464400000491878,78155776
605,1305031122.61498,data\rgbd_dataset_freiburg1_xyz\rgb\1305031122.614980.png,data\rgbd_dataset_freiburg1_xyz\depth\1305031122.615017.png,3.695487976074219e-05,0.0007200241088867188,1039,0.008520499999576714,0.001652799999646959,0.005642099999022321,0.00729489999866928,0.015815399998245994,78147584
606,1305031122.648788,data\rgbd_dataset_freiburg1_xyz\rgb\1305031122.648788.png,data\rgbd_dataset_freiburg1_xyz\depth\1305031122.648810.png,2.193450927734375e-05,0.003187894821166992,1054,0.008319099999425816,0.0015567000009468757,0.004577399999107001,0.006134100000053877,0.014453199999479693,78131200
607,1305031122.683402,data\rgbd_dataset_freiburg1_xyz\rgb\1305031122.683402.png,data\rgbd_dataset_freiburg1_xyz\depth\1305031122.683420.png,1.7881393432617188e-05,0.0021979808807373047,1023,0.008577900000091176,0.001643300000068848,0.004427300000315881,0.006070600000384729,0.014648500000475906,78127104
608,1305031122.715208,data\rgbd_dataset_freiburg1_xyz\rgb\1305031122.715208.png,data\rgbd_dataset_freiburg1_xyz\depth\1305031122.715219.png,1.0967254638671875e-05,0.00039196014404296875,1040,0.008593300000939053,0.001619699998627766,0.004545600000710692,0.006165299999338458,0.01475860000027751,78163968
609,1305031122.751298,data\rgbd_dataset_freiburg1_xyz\rgb\1305031122.751298.png,data\rgbd_dataset_freiburg1_xyz\depth\1305031122.751309.png,1.0967254638671875e-05,0.004302024841308594,1051,0.008269199999631383,0.001643300000068848,0.004789800001162803,0.006433100001231651,0.014702300000863033,78086144
610,1305031122.783423,data\rgbd_dataset_freiburg1_xyz\rgb\1305031122.783423.png,data\rgbd_dataset_freiburg1_xyz\depth\1305031122.783438.png,1.5020370483398438e-05,0.002177000045776367,1027,0.00849460000063118,0.0016829000014695339,0.007237400001031347,0.00892030000250088,0.01741490000313206,78139392
611,1305031122.812555,data\rgbd_dataset_freiburg1_xyz\rgb\1305031122.812555.png,data\rgbd_dataset_freiburg1_xyz\depth\1305031122.812565.png,1.0013580322265625e-05,0.0030448436737060547,982,0.008740999999645283,0.001684900000327616,0.012372099999993225,0.01405700000032084,0.022797999999966123,78200832
612,1305031122.851418,data\rgbd_dataset_freiburg1_xyz\rgb\1305031122.851418.png,data\rgbd_dataset_freiburg1_xyz\depth\1305031122.851486.png,6.794929504394531e-05,0.004182100296020508,960,0.00866429999950924,0.0016660000001138542,0.01724629999989702,0.018912300000010873,0.027576599999520113,78192640
613,1305031122.883754,data\rgbd_dataset_freiburg1_xyz\rgb\1305031122.883754.png,data\rgbd_dataset_freiburg1_xyz\depth\1305031122.883775.png,2.09808349609375e-05,0.0018460750579833984,932,0.011383999999452499,0.0021618999999191146,0.012464699999327422,0.014626599999246537,0.026010599998699035,78307328
614,1305031122.914571,data\rgbd_dataset_freiburg1_xyz\rgb\1305031122.914571.png,data\rgbd_dataset_freiburg1_xyz\depth\1305031122.914585.png,1.4066696166992188e-05,0.0010290145874023438,893,0.008094399998299195,0.001536800000394578,0.007194700001491583,0.008731500001886161,0.016825900000185356,78274560
615,1305031122.951341,data\rgbd_dataset_freiburg1_xyz\rgb\1305031122.951341.png,data\rgbd_dataset_freiburg1_xyz\depth\1305031122.951413.png,7.200241088867188e-05,0.0042591094970703125,898,0.008505300000251736,0.001593200000570505,0.00628090000100201,0.007874100001572515,0.01637940000182425,78430208
616,1305031122.982815,data\rgbd_dataset_freiburg1_xyz\rgb\1305031122.982815.png,data\rgbd_dataset_freiburg1_xyz\depth\1305031122.983000.png,0.0001850128173828125,0.0027849674224853516,883,0.008424999999988358,0.0015811000012035947,0.0035139999999955762,0.005095100001199171,0.01352010000118753,78356480
617,1305031123.01545,data\rgbd_dataset_freiburg1_xyz\rgb\1305031123.015450.png,data\rgbd_dataset_freiburg1_xyz\depth\1305031123.015462.png,1.1920928955078125e-05,5.0067901611328125e-05,870,0.008846599999742466,0.0016168000001925975,0.003679700001157471,0.0052965000013500685,0.014143100001092535,78376960
618,1305031123.051827,data\rgbd_dataset_freiburg1_xyz\rgb\1305031123.051827.png,data\rgbd_dataset_freiburg1_xyz\depth\1305031123.051838.png,1.0967254638671875e-05,0.003873109817504883,862,0.00922290000016801,0.0016051000002335059,0.004455899999811663,0.006061000000045169,0.01528390000021318,78405632
619,1305031123.082975,data\rgbd_dataset_freiburg1_xyz\rgb\1305031123.082975.png,data\rgbd_dataset_freiburg1_xyz\depth\1305031123.082992.png,1.71661376953125e-05,0.002624988555908203,870,0.008182200001101592,0.0015751999999338295,0.0029565000004367903,0.00453170000037062,0.012713900001472211,78401536
620,1305031123.113873,data\rgbd_dataset_freiburg1_xyz\rgb\1305031123.113873.png,data\rgbd_dataset_freiburg1_xyz\depth\1305031123.113939.png,6.604194641113281e-05,0.0017271041870117188,887,0.008215300000301795,0.00166700000045239,0.004331399999500718,0.005998399999953108,0.014213700000254903,78405632
621,1305031123.150822,data\rgbd_dataset_freiburg1_xyz\rgb\1305031123.150822.png,data\rgbd_dataset_freiburg1_xyz\depth\1305031123.150840.png,1.811981201171875e-05,0.004678010940551758,889,0.008643299999675946,0.001624900000024354,0.018280700000104844,0.019905600000129198,0.028548899999805144,78385152
622,1305031123.182155,data\rgbd_dataset_freiburg1_xyz\rgb\1305031123.182155.png,data\rgbd_dataset_freiburg1_xyz\depth\1305031123.182176.png,2.1219253540039062e-05,0.003345012664794922,853,0.009309600000051432,0.001634399999602465,0.006747000001269043,0.008381400000871508,0.01769100000092294,78364672
623,1305031123.214704,data\rgbd_dataset_freiburg1_xyz\rgb\1305031123.214704.png,data\rgbd_dataset_freiburg1_xyz\depth\1305031123.214724.png,2.002716064453125e-05,0.0007960796356201172,854,0.008151400001224829,0.0016466999986732844,0.008149100000082399,0.009795799998755683,0.017947199999980512,78409728
624,1305031123.250618,data\rgbd_dataset_freiburg1_xyz\rgb\1305031123.250618.png,data\rgbd_dataset_freiburg1_xyz\depth\1305031123.250641.png,2.3126602172851562e-05,0.004882097244262695,813,0.008547100000214414,0.0016386000006605173,0.0057459999989077915,0.007384599999568309,0.015931699999782722,78430208
625,1305031123.282347,data\rgbd_dataset_freiburg1_xyz\rgb\1305031123.282347.png,data\rgbd_dataset_freiburg1_xyz\depth\1305031123.282363.png,1.5974044799804688e-05,0.0032529830932617188,756,0.008757899999181973,0.00166690000150993,0.006351599999106838,0.008018500000616768,0.01677639999979874,78381056
626,1305031123.311327,data\rgbd_dataset_freiburg1_xyz\rgb\1305031123.311327.png,data\rgbd_dataset_freiburg1_xyz\depth\1305031123.320992.png,0.00966501235961914,0.004272937774658203,759,0.009540999999444466,0.0018077999993693084,0.012449699999706354,0.014257499999075662,0.02379849999852013,78413824
627,1305031123.350481,data\rgbd_dataset_freiburg1_xyz\rgb\1305031123.350481.png,data\rgbd_dataset_freiburg1_xyz\depth\1305031123.350493.png,1.1920928955078125e-05,0.004881143569946289,734,0.00988090000100783,0.0018612000003486173,0.004759399998874869,0.0066205999992234865,0.016501500000231317,78413824
628,1305031123.382255,data\rgbd_dataset_freiburg1_xyz\rgb\1305031123.382255.png,data\rgbd_dataset_freiburg1_xyz\depth\1305031123.382263.png,7.867813110351562e-06,0.003345012664794922,731,0.009980999999243068,0.0018645000000105938,0.007230799999888404,0.009095299999898998,0.019076299999142066,78393344
629,1305031123.411363,data\rgbd_dataset_freiburg1_xyz\rgb\1305031123.411363.png,data\rgbd_dataset_freiburg1_xyz\depth\1305031123.421343.png,0.009980201721191406,0.004237174987792969,737,0.010295200001564808,0.0017750999995769234,0.00341630000002624,0.0051913999996031635,0.015486600001167972,78376960
630,1305031123.451255,data\rgbd_dataset_freiburg1_xyz\rgb\1305031123.451255.png,data\rgbd_dataset_freiburg1_xyz\depth\1305031123.451266.png,1.0967254638671875e-05,0.004244804382324219,713,0.010688400001527043,0.002234100000350736,0.003911299998435425,0.006145399998786161,0.016833800000313204,78409728
631,1305031123.483594,data\rgbd_dataset_freiburg1_xyz\rgb\1305031123.483594.png,data\rgbd_dataset_freiburg1_xyz\depth\1305031123.483605.png,1.0967254638671875e-05,0.002006053924560547,709,0.009761799999978393,0.0016973000001598848,0.003820800000539748,0.005518100000699633,0.015279900000678026,78397440
632,1305031123.51136,data\rgbd_dataset_freiburg1_xyz\rgb\1305031123.511360.png,data\rgbd_dataset_freiburg1_xyz\depth\1305031123.519725.png,0.008365154266357422,0.004140138626098633,734,0.00803500000074564,0.0016674999988026684,0.004234999998516287,0.005902499997318955,0.013937499998064595,78417920
633,1305031123.551513,data\rgbd_dataset_freiburg1_xyz\rgb\1305031123.551513.png,data\rgbd_dataset_freiburg1_xyz\depth\1305031123.551573.png,6.008148193359375e-05,0.004086971282958984,729,0.007860399999117362,0.0016092000005301088,0.0036636000004364178,0.005272800000966527,0.013133200000083889,78417920
634,1305031123.579583,data\rgbd_dataset_freiburg1_xyz\rgb\1305031123.579583.png,data\rgbd_dataset_freiburg1_xyz\depth\1305031123.579616.png,3.314018249511719e-05,0.004082918167114258,717,0.009440100000574603,0.0029221000004326925,0.0027067000009992626,0.005628800001431955,0.015068900002006558,78434304
635,1305031123.611335,data\rgbd_dataset_freiburg1_xyz\rgb\1305031123.611335.png,data\rgbd_dataset_freiburg1_xyz\depth\1305031123.620387.png,0.009052038192749023,0.004164934158325195,736,0.00840789999892877,0.00160179999875254,0.0030169000001478707,0.004618699998900411,0.01302659999782918,78426112
636,1305031123.652411,data\rgbd_dataset_freiburg1_xyz\rgb\1305031123.652411.png,data\rgbd_dataset_freiburg1_xyz\depth\1305031123.652430.png,1.9073486328125e-05,0.0031890869140625,733,0.008326700000907294,0.0017878000016935403,0.0039770000003045425,0.005764800001998083,0.014091500002905377,78188544
637,1305031123.683753,data\rgbd_dataset_freiburg1_xyz\rgb\1305031123.683753.png,data\rgbd_dataset_freiburg1_xyz\depth\1305031123.683785.png,3.1948089599609375e-05,0.0018470287322998047,735,0.008183900001313305,0.0016045999982452486,0.00338240000019141,0.004986999998436659,0.013170899999749963,77344768
638,1305031123.711323,data\rgbd_dataset_freiburg1_xyz\rgb\1305031123.711323.png,data\rgbd_dataset_freiburg1_xyz\depth\1305031123.719975.png,0.008651971817016602,0.004177093505859375,737,0.007827499999621068,0.0016458999998576473,0.003100300000369316,0.004746200000226963,0.012573699999848031,77312000
639,1305031123.751723,data\rgbd_dataset_freiburg1_xyz\rgb\1305031123.751723.png,data\rgbd_dataset_freiburg1_xyz\depth\1305031123.751980.png,0.0002570152282714844,0.003777027130126953,715,0.007734499999060063,0.0016757000012148637,0.0024491000003763475,0.004124800001591211,0.011859300000651274,77332480
640,1305031123.783858,data\rgbd_dataset_freiburg1_xyz\rgb\1305031123.783858.png,data\rgbd_dataset_freiburg1_xyz\depth\1305031123.784138.png,0.0002799034118652344,0.0017418861389160156,732,0.007738899999822024,0.0015701999982411508,0.002732099999775528,0.004302299998016679,0.012041199997838703,77344768
641,1305031123.811608,data\rgbd_dataset_freiburg1_xyz\rgb\1305031123.811608.png,data\rgbd_dataset_freiburg1_xyz\depth\1305031123.819696.png,0.008087873458862305,0.0038919448852539062,724,0.008258600000772276,0.0018968000003951602,0.002486400000634603,0.004383200001029763,0.01264180000180204,77357056
642,1305031123.851444,data\rgbd_dataset_freiburg1_xyz\rgb\1305031123.851444.png,data\rgbd_dataset_freiburg1_xyz\depth\1305031123.851551.png,0.00010704994201660156,0.004055976867675781,728,0.008063600000241422,0.001701600000160397,0.0023325000001932494,0.0040341000003536465,0.012097700000595069,76992512
643,1305031123.883786,data\rgbd_dataset_freiburg1_xyz\rgb\1305031123.883786.png,data\rgbd_dataset_freiburg1_xyz\depth\1305031123.883819.png,3.314018249511719e-05,0.0017139911651611328,733,0.008126300001094933,0.001667700000325567,0.002701199999137316,0.004368899999462883,0.012495200000557816,76701696
644,1305031123.911243,data\rgbd_dataset_freiburg1_xyz\rgb\1305031123.911243.png,data\rgbd_dataset_freiburg1_xyz\depth\1305031123.915794.png,0.004550933837890625,0.0042569637298583984,731,0.008045000000493019,0.0015999000006559072,0.003344400000059977,0.004944300000715884,0.012989300001208903,76697600
645,1305031123.951442,data\rgbd_dataset_freiburg1_xyz\rgb\1305031123.951442.png,data\rgbd_dataset_freiburg1_xyz\depth\1305031123.951530.png,8.797645568847656e-05,0.00415802001953125,737,0.007978999999977532,0.0016923000002861954,0.002229300000180956,0.003921600000467151,0.011900600000444683,76689408
646,1305031123.983415,data\rgbd_dataset_freiburg1_xyz\rgb\1305031123.983415.png,data\rgbd_dataset_freiburg1_xyz\depth\1305031123.983421.png,6.198883056640625e-06,0.0021851062774658203,723,0.008147000000462867,0.0017023000000335742,0.0026794999994308455,0.00438179999946442,0.012528799999927287,76713984
647,1305031124.011302,data\rgbd_dataset_freiburg1_xyz\rgb\1305031124.011302.png,data\rgbd_dataset_freiburg1_xyz\depth\1305031124.019737.png,0.00843501091003418,0.0041980743408203125,727,0.007870800000091549,0.0016427999998995801,0.004049900000609341,0.005692700000508921,0.01356350000060047,76697600
648,1305031124.051505,data\rgbd_dataset_freiburg1_xyz\rgb\1305031124.051505.png,data\rgbd_dataset_freiburg1_xyz\depth\1305031124.051531.png,2.5987625122070312e-05,0.003994941711425781,738,0.008198300000003655,0.0016797999996924773,0.0028447000004234724,0.00452450000011595,0.012722800000119605,76718080
649,1305031124.083837,data\rgbd_dataset_freiburg1_xyz\rgb\1305031124.083837.png,data\rgbd_dataset_freiburg1_xyz\depth\1305031124.083902.png,6.4849853515625e-05,0.0016629695892333984,729,0.008108699999866076,0.001714699999865843,0.003595899999709218,0.005310599999575061,0.013419299999441137,76742656
650,1305031124.111331,data\rgbd_dataset_freiburg1_xyz\rgb\1305031124.111331.png,data\rgbd_dataset_freiburg1_xyz\depth\1305031124.119669.png,0.008337974548339844,0.004168987274169922,723,0.00825780000013765,0.0016152999996847939,0.005476500000440865,0.007091800000125659,0.015349600000263308,76763136
651,1305031124.147446,data\rgbd_dataset_freiburg1_xyz\rgb\1305031124.147446.png,data\rgbd_dataset_freiburg1_xyz\depth\1305031124.147458.png,1.2159347534179688e-05,0.0018458366394042969,738,0.00857929999983753,0.0017923999985214323,0.0034498000004532514,0.005242199998974684,0.013821499998812214,76734464
652,1305031124.182694,data\rgbd_dataset_freiburg1_xyz\rgb\1305031124.182694.png,data\rgbd_dataset_freiburg1_xyz\depth\1305031124.182707.png,1.3113021850585938e-05,0.002805948257446289,729,0.00907779999943159,0.0018577000009827316,0.003980299999966519,0.0058380000009492505,0.014915800000380841,76750848
653,1305031124.211396,data\rgbd_dataset_freiburg1_xyz\rgb\1305031124.211396.png,data\rgbd_dataset_freiburg1_xyz\depth\1305031124.217179.png,0.0057830810546875,0.004104137420654297,720,0.008856299999024486,0.0020684999999502907,0.007445999999617925,0.009514499999568216,0.018370799998592702,76791808
654,1305031124.249327,data\rgbd_dataset_freiburg1_xyz\rgb\1305031124.249327.png,data\rgbd_dataset_freiburg1_xyz\depth\1305031124.249340.png,1.3113021850585938e-05,0.0038268566131591797,726,0.009314699998867582,0.002068199999484932,0.007993600000190781,0.010061799999675713,0.019376499998543295,76759040
655,1305031124.282545,data\rgbd_dataset_freiburg1_xyz\rgb\1305031124.282545.png,data\rgbd_dataset_freiburg1_xyz\depth\1305031124.282555.png,1.0013580322265625e-05,0.0029549598693847656,755,0.013429500000711414,0.0026835000007849885,0.005839999999807333,0.008523500000592321,0.021953000001303735,76816384
656,1305031124.311361,data\rgbd_dataset_freiburg1_xyz\rgb\1305031124.311361.png,data\rgbd_dataset_freiburg1_xyz\depth\1305031124.316782.png,0.0054209232330322266,0.004138946533203125,718,0.009979000000384985,0.0016287999987980584,0.004000099999757367,0.0056288999985554256,0.015607899998940411,76812288
657,1305031124.350354,data\rgbd_dataset_freiburg1_xyz\rgb\1305031124.350354.png,data\rgbd_dataset_freiburg1_xyz\depth\1305031124.350371.png,1.6927719116210938e-05,0.004853963851928711,730,0.008845199999996112,0.0016656000007060356,0.0037492000010388438,0.005414800001744879,0.014260000001740991,76795904
658,1305031124.38242,data\rgbd_dataset_freiburg1_xyz\rgb\1305031124.382420.png,data\rgbd_dataset_freiburg1_xyz\depth\1305031124.382432.png,1.1920928955078125e-05,0.0031800270080566406,749,0.008031200000914396,0.0015894999996817205,0.008525200000804034,0.010114700000485755,0.01814590000140015,76812288
659,1305031124.411439,data\rgbd_dataset_freiburg1_xyz\rgb\1305031124.411439.png,data\rgbd_dataset_freiburg1_xyz\depth\1305031124.418555.png,0.007116079330444336,0.004060983657836914,750,0.007886900000812602,0.00163790000078734,0.0047423999985767296,0.00638029999936407,0.014267200000176672,77107200
660,1305031124.450245,data\rgbd_dataset_freiburg1_xyz\rgb\1305031124.450245.png,data\rgbd_dataset_freiburg1_xyz\depth\1305031124.450256.png,1.1205673217773438e-05,0.004644870758056641,766,0.008198699999411474,0.0016794999992271187,0.0073815999985527014,0.00906109999777982,0.017259799997191294,77119488
661,1305031124.480099,data\rgbd_dataset_freiburg1_xyz\rgb\1305031124.480099.png,data\rgbd_dataset_freiburg1_xyz\depth\1305031124.480126.png,2.6941299438476562e-05,0.004498958587646484,797,0.008409000000028755,0.0016828999996505445,0.006236400000489084,0.007919300000139629,0.016328300000168383,77131776
662,1305031124.511324,data\rgbd_dataset_freiburg1_xyz\rgb\1305031124.511324.png,data\rgbd_dataset_freiburg1_xyz\depth\1305031124.516737.png,0.005413055419921875,0.004176139831542969,810,0.007908800000222982,0.0017112000004999572,0.0060016000006726244,0.007712800001172582,0.015621600001395564,77152256
663,1305031124.550437,data\rgbd_dataset_freiburg1_xyz\rgb\1305031124.550437.png,data\rgbd_dataset_freiburg1_xyz\depth\1305031124.550503.png,6.604194641113281e-05,0.004936933517456055,819,0.008193499999833875,0.0017138000002887566,0.0076183999990462326,0.009332199999334989,0.017525699999168864,77754368
664,1305031124.579404,data\rgbd_dataset_freiburg1_xyz\rgb\1305031124.579404.png,data\rgbd_dataset_freiburg1_xyz\depth\1305031124.584606.png,0.005201816558837891,0.003904104232788086,840,0.007907999999588355,0.0017047000001184642,0.005128599999807193,0.006833299999925657,0.014741299999514013,77742080
665,1305031124.611358,data\rgbd_dataset_freiburg1_xyz\rgb\1305031124.611358.png,data\rgbd_dataset_freiburg1_xyz\depth\1305031124.617653.png,0.006294965744018555,0.004142045974731445,845,0.00800129999879573,0.0016231000008701812,0.006064499999411055,0.007687600000281236,0.015688899999076966,77811712
666,1305031124.651271,data\rgbd_dataset_freiburg1_xyz\rgb\1305031124.651271.png,data\rgbd_dataset_freiburg1_xyz\depth\1305031124.651313.png,4.1961669921875e-05,0.00432896614074707,879,0.008012399999643094,0.0016104999995150138,0.005382199999075965,0.006992699998590979,0.015005099998234073,77807616
667,1305031124.679362,data\rgbd_dataset_freiburg1_xyz\rgb\1305031124.679362.png,data\rgbd_dataset_freiburg1_xyz\depth\1305031124.685473.png,0.0061109066009521484,0.0037620067596435547,933,0.008167500000126893,0.0016636000000289641,0.007833799998479662,0.009497399998508627,0.01766489999863552,77795328
668,1305031124.711251,data\rgbd_dataset_freiburg1_xyz\rgb\1305031124.711251.png,data\rgbd_dataset_freiburg1_xyz\depth\1305031124.715791.png,0.004539966583251953,0.004249095916748047,956,0.008022400001209462,0.0017066999989765463,0.010764900000140187,0.012471599999116734,0.020494000000326196,77815808
669,1305031124.74989,data\rgbd_dataset_freiburg1_xyz\rgb\1305031124.749890.png,data\rgbd_dataset_freiburg1_xyz\depth\1305031124.749941.png,5.1021575927734375e-05,0.00439000129699707,957,0.00820699999894714,0.0016954000002442626,0.015745299999252893,0.017440699999497156,0.025647699998444295,77885440
670,1305031124.779365,data\rgbd_dataset_freiburg1_xyz\rgb\1305031124.779365.png,data\rgbd_dataset_freiburg1_xyz\depth\1305031124.785178.png,0.005812883377075195,0.0038650035858154297,999,0.008721000000150525,0.0017418999996152706,0.015196299998933682,0.016938199998548953,0.025659199998699478,77819904
671,1305031124.81136,data\rgbd_dataset_freiburg1_xyz\rgb\1305031124.811360.png,data\rgbd_dataset_freiburg1_xyz\depth\1305031124.816641.png,0.005281209945678711,0.004140138626098633,1022,0.008493399998769746,0.001883500000985805,0.021226999999271357,0.02311050000025716,0.03160389999902691,77766656
672,1305031124.850535,data\rgbd_dataset_freiburg1_xyz\rgb\1305031124.850535.png,data\rgbd_dataset_freiburg1_xyz\depth\1305031124.850559.png,2.4080276489257812e-05,0.004965066909790039,1050,0.008448399999906542,0.0017304000011790777,0.007626000000527711,0.009356400001706788,0.01780480000161333,77791232
673,1305031124.879355,data\rgbd_dataset_freiburg1_xyz\rgb\1305031124.879355.png,data\rgbd_dataset_freiburg1_xyz\depth\1305031124.883594.png,0.004239082336425781,0.003754854202270508,1105,0.008859699999447912,0.0018786000000545755,0.00667040000007546,0.008549000000130036,0.017408699999577948,77873152
674,1305031124.911448,data\rgbd_dataset_freiburg1_xyz\rgb\1305031124.911448.png,data\rgbd_dataset_freiburg1_xyz\depth\1305031124.918770.png,0.007322072982788086,0.004152059555053711,1099,0.008689500000400585,0.0017148999995697523,0.02026049999949464,0.021975399999064393,0.03066489999946498,77864960
675,1305031124.95073,data\rgbd_dataset_freiburg1_xyz\rgb\1305031124.950730.png,data\rgbd_dataset_freiburg1_xyz\depth\1305031124.950748.png,1.7881393432617188e-05,0.004869937896728516,1075,0.008687800000188872,0.0016446999998152023,0.005900699999983772,0.007545399999798974,0.016233199999987846,77860864
676,1305031124.979438,data\rgbd_dataset_freiburg1_xyz\rgb\1305031124.979438.png,data\rgbd_dataset_freiburg1_xyz\depth\1305031124.986460.png,0.007021903991699219,0.003638029098510742,1084,0.008811099998638383,0.0018033000014838763,0.005647899999530637,0.007451200001014513,0.016262299999652896,77881344
677,1305031125.011454,data\rgbd_dataset_freiburg1_xyz\rgb\1305031125.011454.png,data\rgbd_dataset_freiburg1_xyz\depth\1305031125.019467.png,0.008013010025024414,0.004045963287353516,1121,0.008861799999067443,0.0017650999998295447,0.009021199999551754,0.010786299999381299,0.019648099998448743,77836288
678,1305031125.050763,data\rgbd_dataset_freiburg1_xyz\rgb\1305031125.050763.png,data\rgbd_dataset_freiburg1_xyz\depth\1305031125.050798.png,3.504753112792969e-05,0.004737138748168945,1166,0.008699800000613322,0.0017279999992751982,0.014713500000652857,0.016441499999928055,0.025141300000541378,77877248
679,1305031125.079364,data\rgbd_dataset_freiburg1_xyz\rgb\1305031125.079364.png,data\rgbd_dataset_freiburg1_xyz\depth\1305031125.083480.png,0.0041158199310302734,0.0038640499114990234,1176,0.009275700000216602,0.001775499998984742,0.00787549999949988,0.009650999998484622,0.018926699998701224,77852672
680,1305031125.111364,data\rgbd_dataset_freiburg1_xyz\rgb\1305031125.111364.png,data\rgbd_dataset_freiburg1_xyz\depth\1305031125.119029.png,0.007665157318115234,0.004136085510253906,1205,0.009059500000148546,0.0016799000004539266,0.006092899999202928,0.007772799999656854,0.0168322999998054,77828096
681,1305031125.151013,data\rgbd_dataset_freiburg1_xyz\rgb\1305031125.151013.png,data\rgbd_dataset_freiburg1_xyz\depth\1305031125.151037.png,2.4080276489257812e-05,0.0045871734619140625,1194,0.008720800000446616,0.0017694999987725168,0.010000300000683637,0.011769799999456154,0.02049059999990277,77938688
682,1305031125.179353,data\rgbd_dataset_freiburg1_xyz\rgb\1305031125.179353.png,data\rgbd_dataset_freiburg1_xyz\depth\1305031125.187064.png,0.007710933685302734,0.0037529468536376953,1197,0.009149299999990035,0.0019042999992961995,0.011152900000524824,0.013057199999821023,0.022206499999811058,77942784
683,1305031125.21132,data\rgbd_dataset_freiburg1_xyz\rgb\1305031125.211320.png,data\rgbd_dataset_freiburg1_xyz\depth\1305031125.219018.png,0.00769805908203125,0.004180192947387695,1175,0.008413400000790716,0.0015965000002324814,0.009258900001441361,0.010855400001673843,0.01926880000246456,78008320
684,1305031125.250632,data\rgbd_dataset_freiburg1_xyz\rgb\1305031125.250632.png,data\rgbd_dataset_freiburg1_xyz\depth\1305031125.250642.png,1.0013580322265625e-05,0.004868030548095703,1180,0.008561100001315936,0.0016709999999875436,0.005162100000234204,0.006833100000221748,0.015394200001537683,77389824
685,1305031125.279467,data\rgbd_dataset_freiburg1_xyz\rgb\1305031125.279467.png,data\rgbd_dataset_freiburg1_xyz\depth\1305031125.286396.png,0.006928920745849609,0.0038671493530273438,1203,0.008510999999998603,0.0015977000002749264,0.008709700001418241,0.010307400001693168,0.01881840000169177,77885440
686,1305031125.311493,data\rgbd_dataset_freiburg1_xyz\rgb\1305031125.311493.png,data\rgbd_dataset_freiburg1_xyz\depth\1305031125.319140.png,0.007647037506103516,0.004007101058959961,1206,0.008275000000139698,0.0016360999998141779,0.007098900001437869,0.008735000001252047,0.017010000001391745,77578240
687,1305031125.34888,data\rgbd_dataset_freiburg1_xyz\rgb\1305031125.348880.png,data\rgbd_dataset_freiburg1_xyz\depth\1305031125.348899.png,1.8835067749023438e-05,0.002680063247680664,1226,0.008048300000154995,0.0015990000010788208,0.006176700000651181,0.0077757000017300015,0.015824000001884997,77561856
688,1305031125.379401,data\rgbd_dataset_freiburg1_xyz\rgb\1305031125.379401.png,data\rgbd_dataset_freiburg1_xyz\depth\1305031125.386792.png,0.0073909759521484375,0.0038008689880371094,1196,0.008189599999241182,0.0018627999997988809,0.006433799999285839,0.00829659999908472,0.0164861999983259,77578240
689,1305031125.411335,data\rgbd_dataset_freiburg1_xyz\rgb\1305031125.411335.png,data\rgbd_dataset_freiburg1_xyz\depth\1305031125.419574.png,0.008239030838012695,0.0042650699615478516,1217,0.008432200000243029,0.0018218000004708301,0.010000700000091456,0.011822500000562286,0.020254700000805315,77594624
690,1305031125.451195,data\rgbd_dataset_freiburg1_xyz\rgb\1305031125.451195.png,data\rgbd_dataset_freiburg1_xyz\depth\1305031125.451232.png,3.695487976074219e-05,0.004405021667480469,1196,0.008142200000293087,0.0015660999997635372,0.019881600001099287,0.021447700000862824,0.02958990000115591,77590528
691,1305031125.479424,data\rgbd_dataset_freiburg1_xyz\rgb\1305031125.479424.png,data\rgbd_dataset_freiburg1_xyz\depth\1305031125.486999.png,0.007575035095214844,0.003823995590209961,1165,0.010342900000978261,0.002156100001229788,0.011531400001331349,0.013687500002561137,0.0240304000035394,77529088
692,1305031125.511316,data\rgbd_dataset_freiburg1_xyz\rgb\1305031125.511316.png,data\rgbd_dataset_freiburg1_xyz\depth\1305031125.519354.png,0.008038043975830078,0.004283905029296875,1153,0.008975900000223191,0.0015918999997666106,0.005459399999381276,0.007051299999147886,0.016027199999371078,77586432
693,1305031125.55102,data\rgbd_dataset_freiburg1_xyz\rgb\1305031125.551020.png,data\rgbd_dataset_freiburg1_xyz\depth\1305031125.551050.png,3.0040740966796875e-05,0.004480123519897461,1138,0.008827999999994063,0.0016193999999813968,0.005970599999272963,0.00758999999925436,0.016417999999248423,77561856
694,1305031125.579308,data\rgbd_dataset_freiburg1_xyz\rgb\1305031125.579308.png,data\rgbd_dataset_freiburg1_xyz\depth\1305031125.585303.png,0.005995035171508789,0.0038080215454101562,1133,0.009570899999744142,0.0015949999997246778,0.006224099999599275,0.007819099999323953,0.017389999999068095,77586432
695,1305031125.611533,data\rgbd_dataset_freiburg1_xyz\rgb\1305031125.611533.png,data\rgbd_dataset_freiburg1_xyz\depth\1305031125.617870.png,0.006337165832519531,0.004067182540893555,1148,0.008969699998488068,0.0016157999998540618,0.008957800000644056,0.010573600000498118,0.019543299998986186,77619200
696,1305031125.650575,data\rgbd_dataset_freiburg1_xyz\rgb\1305031125.650575.png,data\rgbd_dataset_freiburg1_xyz\depth\1305031125.650354.png,0.00022101402282714844,0.005025148391723633,1113,0.009352000000944827,0.001681200001257821,0.008377599999221275,0.010058800000479096,0.019410800001423922,77606912
697,1305031125.679328,data\rgbd_dataset_freiburg1_xyz\rgb\1305031125.679328.png,data\rgbd_dataset_freiburg1_xyz\depth\1305031125.684602.png,0.005274057388305664,0.0037279129028320312,1176,0.008724099998289603,0.0014742999992449768,0.009895900000628899,0.011370199999873876,0.02009429999816348,77639680
698,1305031125.711443,data\rgbd_dataset_freiburg1_xyz\rgb\1305031125.711443.png,data\rgbd_dataset_freiburg1_xyz\depth\1305031125.715669.png,0.004225969314575195,0.004057168960571289,1203,0.009367799999381532,0.0018185999997513136,0.010164799999984098,0.011983399999735411,0.021351199999116943,77148160
699,1305031125.75126,data\rgbd_dataset_freiburg1_xyz\rgb\1305031125.751260.png,data\rgbd_dataset_freiburg1_xyz\depth\1305031125.751292.png,3.1948089599609375e-05,0.0042400360107421875,1207,0.009038199999849894,0.0017569999999977881,0.016201500000533997,0.017958500000531785,0.02699670000038168,76689408
700,1305031125.779348,data\rgbd_dataset_freiburg1_xyz\rgb\1305031125.779348.png,data\rgbd_dataset_freiburg1_xyz\depth\1305031125.786805.png,0.00745701789855957,0.003847837448120117,1222,0.009170400000584777,0.0015700000003562309,0.00479050000103598,0.006360500001392211,0.015530900001976988,76668928
701,1305031125.811573,data\rgbd_dataset_freiburg1_xyz\rgb\1305031125.811573.png,data\rgbd_dataset_freiburg1_xyz\depth\1305031125.819450.png,0.007876873016357422,0.003926992416381836,1191,0.009444799999982934,0.0016268999988824362,0.0068305999993754085,0.008457499998257845,0.017902299998240778,76652544
702,1305031125.847412,data\rgbd_dataset_freiburg1_xyz\rgb\1305031125.847412.png,data\rgbd_dataset_freiburg1_xyz\depth\1305031125.854774.png,0.007361888885498047,0.0019121170043945312,1192,0.009368899998662528,0.0016107999999803724,0.009514000001217937,0.01112480000119831,0.020493699999860837,76693504
703,1305031125.879318,data\rgbd_dataset_freiburg1_xyz\rgb\1305031125.879318.png,data\rgbd_dataset_freiburg1_xyz\depth\1305031125.886645.png,0.007327079772949219,0.003818035125732422,1164,0.008506000000124914,0.0015687999984947965,0.006180399999720976,0.007749199998215772,0.016255199998340686,76623872
704,1305031125.911305,data\rgbd_dataset_freiburg1_xyz\rgb\1305031125.911305.png,data\rgbd_dataset_freiburg1_xyz\depth\1305031125.919334.png,0.008028984069824219,0.004194974899291992,1209,0.00953509999999369,0.001803900000595604,0.009616800000003423,0.011420700000599027,0.020955800000592717,76709888
705,1305031125.947343,data\rgbd_dataset_freiburg1_xyz\rgb\1305031125.947343.png,data\rgbd_dataset_freiburg1_xyz\depth\1305031125.955252.png,0.007908821105957031,0.0016431808471679688,1186,0.008890799999790033,0.001762399999279296,0.026519400000324822,0.028281799999604118,0.03717259999939415,76681216
706,1305031125.979324,data\rgbd_dataset_freiburg1_xyz\rgb\1305031125.979324.png,data\rgbd_dataset_freiburg1_xyz\depth\1305031125.987094.png,0.00776982307434082,0.003823995590209961,1195,0.008571200000005774,0.0016116999995574588,0.01371130000006815,0.015322999999625608,0.023894199999631383,76718080
707,1305031126.011333,data\rgbd_dataset_freiburg1_xyz\rgb\1305031126.011333.png,data\rgbd_dataset_freiburg1_xyz\depth\1305031126.019572.png,0.008239030838012695,0.004167079925537109,1208,0.008653199998661876,0.00240739999935613,0.02459369999996852,0.02700109999932465,0.03565429999798653,76824576
708,1305031126.047324,data\rgbd_dataset_freiburg1_xyz\rgb\1305031126.047324.png,data\rgbd_dataset_freiburg1_xyz\depth\1305031126.055038.png,0.007714033126831055,0.0018239021301269531,1227,0.009276500000851229,0.0023361000003205845,0.017484300000432995,0.01982040000075358,0.02909690000160481,76730368
709,1305031126.079356,data\rgbd_dataset_freiburg1_xyz\rgb\1305031126.079356.png,data\rgbd_dataset_freiburg1_xyz\depth\1305031126.087076.png,0.007719993591308594,0.0037560462951660156,1185,0.009008999999423395,0.00217519999932847,0.01817230000051495,0.02034749999984342,0.029356499999266816,76718080
710,1305031126.11137,data\rgbd_dataset_freiburg1_xyz\rgb\1305031126.111370.png,data\rgbd_dataset_freiburg1_xyz\depth\1305031126.119452.png,0.008081912994384766,0.004129886627197266,1122,0.008343499999682535,0.0016482000010000775,0.01166190000003553,0.013310100001035607,0.021653600000718143,76713984
711,1305031126.147432,data\rgbd_dataset_freiburg1_xyz\rgb\1305031126.147432.png,data\rgbd_dataset_freiburg1_xyz\depth\1305031126.155000.png,0.007567882537841797,0.0019321441650390625,1108,0.009182699999655597,0.0016816000006656395,0.01577999999972235,0.01746160000038799,0.026644300000043586,76701696
712,1305031126.179384,data\rgbd_dataset_freiburg1_xyz\rgb\1305031126.179384.png,data\rgbd_dataset_freiburg1_xyz\depth\1305031126.187174.png,0.007790088653564453,0.0038840770721435547,1080,0.00827939999908267,0.0016775000003690366,0.014357800000652787,0.016035300001021824,0.024314700000104494,76718080
713,1305031126.211319,data\rgbd_dataset_freiburg1_xyz\rgb\1305031126.211319.png,data\rgbd_dataset_freiburg1_xyz\depth\1305031126.219473.png,0.008153915405273438,0.0041811466217041016,1024,0.008770300000833231,0.0025741999997990206,0.009148299999651499,0.01172249999945052,0.02049280000028375,76668928
714,1305031126.247298,data\rgbd_dataset_freiburg1_xyz\rgb\1305031126.247298.png,data\rgbd_dataset_freiburg1_xyz\depth\1305031126.255236.png,0.007937908172607422,0.0017979145050048828,947,0.00885050000033516,0.0017120000011345837,0.01859610000065004,0.020308100001784624,0.029158600002119783,76697600
715,1305031126.279363,data\rgbd_dataset_freiburg1_xyz\rgb\1305031126.279363.png,data\rgbd_dataset_freiburg1_xyz\depth\1305031126.287105.png,0.007742166519165039,0.0038628578186035156,940,0.008669500000905828,0.0016709999999875436,0.008247399999163463,0.009918399999151006,0.018587900000056834,76697600
716,1305031126.311332,data\rgbd_dataset_freiburg1_xyz\rgb\1305031126.311332.png,data\rgbd_dataset_freiburg1_xyz\depth\1305031126.319787.png,0.008455038070678711,0.004168033599853516,903,0.008525700000973302,0.0018338000008952804,0.007901300001321943,0.009735100002217223,0.018260800003190525,76705792
717,1305031126.347363,data\rgbd_dataset_freiburg1_xyz\rgb\1305031126.347363.png,data\rgbd_dataset_freiburg1_xyz\depth\1305031126.355415.png,0.00805211067199707,0.0017631053924560547,837,0.010961299998598406,0.0025093000003835186,0.0062682000007043825,0.008777500001087901,0.019738799999686307,76697600
718,1305031126.379423,data\rgbd_dataset_freiburg1_xyz\rgb\1305031126.379423.png,data\rgbd_dataset_freiburg1_xyz\depth\1305031126.387483.png,0.008059978485107422,0.0037229061126708984,854,0.008922899998651701,0.0029223999990790617,0.007791799998813076,0.010714199997892138,0.01963709999654384,76963840
719,1305031126.411465,data\rgbd_dataset_freiburg1_xyz\rgb\1305031126.411465.png,data\rgbd_dataset_freiburg1_xyz\depth\1305031126.419793.png,0.008327960968017578,0.004034996032714844,773,0.013574799999332754,0.0016447999987576623,0.004651400000511785,0.006296199999269447,0.0198709999986022,76963840
720,1305031126.447361,data\rgbd_dataset_freiburg1_xyz\rgb\1305031126.447361.png,data\rgbd_dataset_freiburg1_xyz\depth\1305031126.455380.png,0.008018970489501953,0.0018610954284667969,749,0.008448100001260173,0.0016864999997778796,0.004629900000509224,0.0063164000002871035,0.014764500001547276,76959744
721,1305031126.479533,data\rgbd_dataset_freiburg1_xyz\rgb\1305031126.479533.png,data\rgbd_dataset_freiburg1_xyz\depth\1305031126.490386.png,0.010853052139282227,0.003932952880859375,725,0.008755500000916072,0.0017649999990680953,0.004169699999692966,0.005934699998761062,0.014690199999677134,76931072
722,1305031126.51141,data\rgbd_dataset_freiburg1_xyz\rgb\1305031126.511410.png,data\rgbd_dataset_freiburg1_xyz\depth\1305031126.522321.png,0.010910987854003906,0.004090070724487305,718,0.01063590000012482,0.0018435999991197605,0.005042000000685221,0.006885599999804981,0.0175214999999298,76926976
723,1305031126.547374,data\rgbd_dataset_freiburg1_xyz\rgb\1305031126.547374.png,data\rgbd_dataset_freiburg1_xyz\depth\1305031126.558209.png,0.010834932327270508,0.0014739036560058594,727,0.010050099999716622,0.0032535000009374926,0.00746410000101605,0.010717600001953542,0.020767700001670164,76918784
724,1305031126.579454,data\rgbd_dataset_freiburg1_xyz\rgb\1305031126.579454.png,data\rgbd_dataset_freiburg1_xyz\depth\1305031126.590176.png,0.010722160339355469,0.003854036331176758,703,0.008689600001162034,0.0017809000000852393,0.005874099999346072,0.007654999999431311,0.016344600000593346,76955648
725,1305031126.611528,data\rgbd_dataset_freiburg1_xyz\rgb\1305031126.611528.png,data\rgbd_dataset_freiburg1_xyz\depth\1305031126.618687.png,0.007158994674682617,0.003972053527832031,695,0.008607600000686944,0.0017762999996193685,0.004500699998970958,0.006276999998590327,0.01488459999927727,76947456
726,1305031126.647376,data\rgbd_dataset_freiburg1_xyz\rgb\1305031126.647376.png,data\rgbd_dataset_freiburg1_xyz\depth\1305031126.654474.png,0.007097959518432617,0.0018761157989501953,694,0.008823300000585732,0.0033320000002277084,0.005930799999987357,0.009262800000215066,0.018086100000800798,76980224
727,1305031126.679479,data\rgbd_dataset_freiburg1_xyz\rgb\1305031126.679479.png,data\rgbd_dataset_freiburg1_xyz\depth\1305031126.690022.png,0.010543107986450195,0.0038788318634033203,677,0.008734900000490597,0.0018591999996715458,0.003601399999752175,0.005460599999423721,0.014195499999914318,77111296
728,1305031126.711583,data\rgbd_dataset_freiburg1_xyz\rgb\1305031126.711583.png,data\rgbd_dataset_freiburg1_xyz\depth\1305031126.715770.png,0.004187107086181641,0.003917217254638672,678,0.01016909999998461,0.0017695999995339662,0.005808700001580291,0.007578300001114258,0.017747400001098868,77189120
729,1305031126.747316,data\rgbd_dataset_freiburg1_xyz\rgb\1305031126.747316.png,data\rgbd_dataset_freiburg1_xyz\depth\1305031126.755374.png,0.00805807113647461,0.0017158985137939453,645,0.008769399999437155,0.0033411000003980007,0.0034623999999894295,0.00680350000038743,0.015572899999824585,77197312
730,1305031126.779379,data\rgbd_dataset_freiburg1_xyz\rgb\1305031126.779379.png,data\rgbd_dataset_freiburg1_xyz\depth\1305031126.787565.png,0.008186101913452148,0.0038788318634033203,650,0.008627100000012433,0.0027853999999933876,0.002536300000429037,0.005321700000422425,0.013948800000434858,77275136
731,1305031126.811602,data\rgbd_dataset_freiburg1_xyz\rgb\1305031126.811602.png,data\rgbd_dataset_freiburg1_xyz\depth\1305031126.819929.png,0.00832676887512207,0.003997802734375,663,0.008408799998505856,0.0017642999991949182,0.0035735000001295703,0.0053377999993244885,0.013746599997830344,77275136
732,1305031126.847343,data\rgbd_dataset_freiburg1_xyz\rgb\1305031126.847343.png,data\rgbd_dataset_freiburg1_xyz\depth\1305031126.858378.png,0.011034965515136719,0.0018429756164550781,679,0.008460099999865633,0.0018458000013197307,0.0033878000012919074,0.005233600002611638,0.013693700002477271,77307904
733,1305031126.879357,data\rgbd_dataset_freiburg1_xyz\rgb\1305031126.879357.png,data\rgbd_dataset_freiburg1_xyz\depth\1305031126.888154.png,0.008796930313110352,0.0033571720123291016,681,0.008675000000948785,0.001711799999611685,0.002793599998767604,0.004505399998379289,0.013180399999328074,77320192
734,1305031126.911364,data\rgbd_dataset_freiburg1_xyz\rgb\1305031126.911364.png,data\rgbd_dataset_freiburg1_xyz\depth\1305031126.919409.png,0.008044958114624023,0.004135847091674805,677,0.008680299999468843,0.0018139000003429828,0.003738899999007117,0.0055527999993501,0.014233099998818943,77205504
735,1305031126.947437,data\rgbd_dataset_freiburg1_xyz\rgb\1305031126.947437.png,data\rgbd_dataset_freiburg1_xyz\depth\1305031126.955501.png,0.008064031600952148,0.0019371509552001953,686,0.008467600000585662,0.001659999999901629,0.003345400000398513,0.005005400000300142,0.013473000000885804,77295616
736,1305031126.979337,data\rgbd_dataset_freiburg1_xyz\rgb\1305031126.979337.png,data\rgbd_dataset_freiburg1_xyz\depth\1305031126.987316.png,0.00797891616821289,0.0037369728088378906,685,0.00865440000052331,0.0016407000002800487,0.0025620000014896505,0.004202700001769699,0.01285710000229301,77352960
737,1305031127.011371,data\rgbd_dataset_freiburg1_xyz\rgb\1305031127.011371.png,data\rgbd_dataset_freiburg1_xyz\depth\1305031127.019524.png,0.008153200149536133,0.004229068756103516,693,0.00851169999987178,0.001708600000711158,0.0028555999997479375,0.0045642000004590955,0.013075900000330876,77340672
738,1305031127.047297,data\rgbd_dataset_freiburg1_xyz\rgb\1305031127.047297.png,data\rgbd_dataset_freiburg1_xyz\depth\1305031127.053318.png,0.006021022796630859,0.0017969608306884766,684,0.008731699999771081,0.0016906000000744825,0.0025944000008166768,0.004285000000891159,0.01301670000066224,77340672
739,1305031127.079299,data\rgbd_dataset_freiburg1_xyz\rgb\1305031127.079299.png,data\rgbd_dataset_freiburg1_xyz\depth\1305031127.088649.png,0.009350061416625977,0.003798961639404297,688,0.008438900000328431,0.0018976999999722466,0.0019351999999344116,0.003832899999906658,0.012271800000235089,77352960
740,1305031127.111435,data\rgbd_dataset_freiburg1_xyz\rgb\1305031127.111435.png,data\rgbd_dataset_freiburg1_xyz\depth\1305031127.120963.png,0.009528160095214844,0.004065036773681641,702,0.008262800000011339,0.0018660999994608574,0.0027769999996962724,0.00464309999915713,0.012905899999168469,77352960
741,1305031127.147307,data\rgbd_dataset_freiburg1_xyz\rgb\1305031127.147307.png,data\rgbd_dataset_freiburg1_xyz\depth\1305031127.157692.png,0.01038503646850586,0.0018069744110107422,689,0.008753099999012193,0.0021386999997048406,0.003913700000339304,0.006052400000044145,0.014805499999056337,77385728
742,1305031127.179349,data\rgbd_dataset_freiburg1_xyz\rgb\1305031127.179349.png,data\rgbd_dataset_freiburg1_xyz\depth\1305031127.187500.png,0.008151054382324219,0.0037488937377929688,701,0.010396899999250309,0.001884299999801442,0.0038361000006261747,0.005720400000427617,0.016117299999677925,77389824
743,1305031127.2117,data\rgbd_dataset_freiburg1_xyz\rgb\1305031127.211700.png,data\rgbd_dataset_freiburg1_xyz\depth\1305031127.221831.png,0.010131120681762695,0.0038001537322998047,686,0.007892800000263378,0.0016954999991867226,0.0034742000007099705,0.005169699999896693,0.013062500000160071,77418496
744,1305031127.247374,data\rgbd_dataset_freiburg1_xyz\rgb\1305031127.247374.png,data\rgbd_dataset_freiburg1_xyz\depth\1305031127.259761.png,0.01238703727722168,0.0018739700317382812,683,0.00829639999938081,0.0016066999996837694,0.002633399999467656,0.0042400999991514254,0.012536499998532236,77414400
745,1305031127.279465,data\rgbd_dataset_freiburg1_xyz\rgb\1305031127.279465.png,data\rgbd_dataset_freiburg1_xyz\depth\1305031127.287038.png,0.007573127746582031,0.003964900970458984,689,0.00843910000003234,0.0016572000004089205,0.003959599998779595,0.005616799999188515,0.014055899999220856,77426688
746,1305031127.311362,data\rgbd_dataset_freiburg1_xyz\rgb\1305031127.311362.png,data\rgbd_dataset_freiburg1_xyz\depth\1305031127.320468.png,0.009105920791625977,0.004137992858886719,661,0.008513199998560594,0.001723699999274686,0.0027116000001115026,0.004435299999386189,0.012948499997946783,77373440
747,1305031127.347356,data\rgbd_dataset_freiburg1_xyz\rgb\1305031127.347356.png,data\rgbd_dataset_freiburg1_xyz\depth\1305031127.353407.png,0.006050825119018555,0.0017561912536621094,689,0.008835199998429744,0.002339399999982561,0.004736300001241034,0.007075700001223595,0.01591089999965334,77418496
748,1305031127.379262,data\rgbd_dataset_freiburg1_xyz\rgb\1305031127.379262.png,data\rgbd_dataset_freiburg1_xyz\depth\1305031127.383713.png,0.00445103645324707,0.0037620067596435547,720,0.012696800000412622,0.0019922000010410557,0.0032117999999172753,0.005204000000958331,0.017900800001370953,77463552
749,1305031127.411371,data\rgbd_dataset_freiburg1_xyz\rgb\1305031127.411371.png,data\rgbd_dataset_freiburg1_xyz\depth\1305031127.419650.png,0.008279085159301758,0.004029035568237305,717,0.007918600000266451,0.0015360999987024115,0.0028091999993193895,0.004345299998021801,0.012263899998288252,77443072
750,1305031127.447333,data\rgbd_dataset_freiburg1_xyz\rgb\1305031127.447333.png,data\rgbd_dataset_freiburg1_xyz\depth\1305031127.454246.png,0.006912946701049805,0.001833200454711914,700,0.00831109999853652,0.001657500000874279,0.003418099999180413,0.005075600000054692,0.013386699998591212,77451264
751,1305031127.479362,data\rgbd_dataset_freiburg1_xyz\rgb\1305031127.479362.png,data\rgbd_dataset_freiburg1_xyz\depth\1305031127.487200.png,0.007838010787963867,0.0038619041442871094,706,0.007900899998276145,0.0016089999990072101,0.0024812999999994645,0.004090299999006675,0.01199119999728282,77492224
752,1305031127.511356,data\rgbd_dataset_freiburg1_xyz\rgb\1305031127.511356.png,data\rgbd_dataset_freiburg1_xyz\depth\1305031127.521900.png,0.0105438232421875,0.004143953323364258,697,0.007728399999905378,0.0015634999999747379,0.0026706999997259118,0.00423419999970065,0.011962599999606027,77451264
753,1305031127.547348,data\rgbd_dataset_freiburg1_xyz\rgb\1305031127.547348.png,data\rgbd_dataset_freiburg1_xyz\depth\1305031127.553725.png,0.006376981735229492,0.001847982406616211,711,0.008008799999515759,0.0015554000001429813,0.002678599999853759,0.00423399999999674,0.0122427999995125,77467648
754,1305031127.579345,data\rgbd_dataset_freiburg1_xyz\rgb\1305031127.579345.png,data\rgbd_dataset_freiburg1_xyz\depth\1305031127.586632.png,0.007287025451660156,0.0038449764251708984,704,0.007832900000721565,0.0015134000004763948,0.0030234000005293638,0.0045368000010057585,0.012369700001727324,77520896
755,1305031127.611271,data\rgbd_dataset_freiburg1_xyz\rgb\1305031127.611271.png,data\rgbd_dataset_freiburg1_xyz\depth\1305031127.620657.png,0.009386062622070312,0.004129171371459961,699,0.008027100000617793,0.0015770000009069918,0.002822599999490194,0.004399600000397186,0.012426700001014979,77565952
756,1305031127.647358,data\rgbd_dataset_freiburg1_xyz\rgb\1305031127.647358.png,data\rgbd_dataset_freiburg1_xyz\depth\1305031127.654656.png,0.007297992706298828,0.0016579627990722656,687,0.00814869999885559,0.0016279999999824213,0.0024026999999477994,0.004030699999930221,0.012179399998785811,77586432
757,1305031127.679298,data\rgbd_dataset_freiburg1_xyz\rgb\1305031127.679298.png,data\rgbd_dataset_freiburg1_xyz\depth\1305031127.687110.png,0.007812023162841797,0.0037980079650878906,708,0.008307899999635993,0.0015981000015017344,0.004997699999876204,0.006595800001377938,0.014903700001013931,77611008
758,1305031127.711375,data\rgbd_dataset_freiburg1_xyz\rgb\1305031127.711375.png,data\rgbd_dataset_freiburg1_xyz\depth\1305031127.723210.png,0.011835098266601562,0.004125118255615234,727,0.008548300000256859,0.0017427000002498971,0.0032388999989052536,0.004981599999155151,0.01352989999941201,77578240
759,1305031127.747304,data\rgbd_dataset_freiburg1_xyz\rgb\1305031127.747304.png,data\rgbd_dataset_freiburg1_xyz\depth\1305031127.754694.png,0.007390022277832031,0.0018038749694824219,703,0.010034599999926286,0.0016235000002779998,0.003027600001587416,0.004651100001865416,0.014685700001791702,77602816
760,1305031127.779346,data\rgbd_dataset_freiburg1_xyz\rgb\1305031127.779346.png,data\rgbd_dataset_freiburg1_xyz\depth\1305031127.787641.png,0.008295059204101562,0.0038459300994873047,719,0.007934299999760697,0.0016092999994725687,0.004133000000365428,0.0057422999998379964,0.013676599999598693,77602816
761,1305031127.811829,data\rgbd_dataset_freiburg1_xyz\rgb\1305031127.811829.png,data\rgbd_dataset_freiburg1_xyz\depth\1305031127.820128.png,0.008298873901367188,0.003670930862426758,734,0.01227409999955853,0.0030070000011619413,0.00655680000090797,0.009563800002069911,0.02183790000162844,77647872
762,1305031127.847366,data\rgbd_dataset_freiburg1_xyz\rgb\1305031127.847366.png,data\rgbd_dataset_freiburg1_xyz\depth\1305031127.855132.png,0.007766008377075195,0.001766204833984375,725,0.016073400000095717,0.003340700000990182,0.005858599999555736,0.009199300000545918,0.025272700000641635,77647872
763,1305031127.87938,data\rgbd_dataset_freiburg1_xyz\rgb\1305031127.879380.png,data\rgbd_dataset_freiburg1_xyz\depth\1305031127.887122.png,0.0077419281005859375,0.003880023956298828,723,0.014445699998759665,0.002683999999135267,0.004561699999612756,0.007245699998748023,0.021691399997507688,77668352
764,1305031127.911476,data\rgbd_dataset_freiburg1_xyz\rgb\1305031127.911476.png,data\rgbd_dataset_freiburg1_xyz\depth\1305031127.922560.png,0.01108407974243164,0.004024028778076172,710,0.012260299999979907,0.0026985999993485166,0.005033499999626656,0.007732099998975173,0.01999239999895508,77651968
765,1305031127.947366,data\rgbd_dataset_freiburg1_xyz\rgb\1305031127.947366.png,data\rgbd_dataset_freiburg1_xyz\depth\1305031127.955088.png,0.007721900939941406,0.0018661022186279297,711,0.01207550000071933,0.0021427000010589836,0.005587100000411738,0.007729800001470721,0.01980530000219005,77676544
766,1305031127.979371,data\rgbd_dataset_freiburg1_xyz\rgb\1305031127.979371.png,data\rgbd_dataset_freiburg1_xyz\depth\1305031127.987093.png,0.007721900939941406,0.0038709640502929688,714,0.013483299999279552,0.002570700000433135,0.006307900001047528,0.008878600001480663,0.022361900000760215,77713408
767,1305031128.011427,data\rgbd_dataset_freiburg1_xyz\rgb\1305031128.011427.png,data\rgbd_dataset_freiburg1_xyz\depth\1305031128.021776.png,0.010349035263061523,0.0039730072021484375,683,0.01194720000057714,0.002909400000135065,0.004762099999425118,0.007671499999560183,0.019618700000137324,77676544
768,1305031128.047369,data\rgbd_dataset_freiburg1_xyz\rgb\1305031128.047369.png,data\rgbd_dataset_freiburg1_xyz\depth\1305031128.055718.png,0.008348941802978516,0.0018689632415771484,699,0.012361600000076578,0.00262999999904423,0.0038365000000339933,0.0064664999990782235,0.0188280999991548,77660160
769,1305031128.079334,data\rgbd_dataset_freiburg1_xyz\rgb\1305031128.079334.png,data\rgbd_dataset_freiburg1_xyz\depth\1305031128.087206.png,0.007871866226196289,0.003734111785888672,698,0.010816600000907783,0.0018017000002146233,0.002623100001073908,0.004424800001288531,0.015241400002196315,77688832
770,1305031128.111391,data\rgbd_dataset_freiburg1_xyz\rgb\1305031128.111391.png,data\rgbd_dataset_freiburg1_xyz\depth\1305031128.124746.png,0.013355016708374023,0.004108905792236328,689,0.010585800000626477,0.0019253999998909421,0.0028542000000015832,0.004779599999892525,0.015365400000519003,77688832
771,1305031128.147418,data\rgbd_dataset_freiburg1_xyz\rgb\1305031128.147418.png,data\rgbd_dataset_freiburg1_xyz\depth\1305031128.157782.png,0.010364055633544922,0.0019180774688720703,692,0.008339200001501013,0.0015286999987438321,0.0031698999991931487,0.004698599997936981,0.013037799999437993,77713408
772,1305031128.17935,data\rgbd_dataset_freiburg1_xyz\rgb\1305031128.179350.png,data\rgbd_dataset_freiburg1_xyz\depth\1305031128.187221.png,0.007871150970458984,0.0038499832153320312,699,0.0078391000006377,0.0015471999995497754,0.002703599999222206,0.004250799998771981,0.012089899999409681,77692928
773,1305031128.211447,data\rgbd_dataset_freiburg1_xyz\rgb\1305031128.211447.png,data\rgbd_dataset_freiburg1_xyz\depth\1305031128.225442.png,0.013994932174682617,0.0040531158447265625,678,0.010507400000278722,0.0025586000010662246,0.003749099998458405,0.00630769999952463,0.01681509999980335,77713408
774,1305031128.24748,data\rgbd_dataset_freiburg1_xyz\rgb\1305031128.247480.png,data\rgbd_dataset_freiburg1_xyz\depth\1305031128.256007.png,0.008527040481567383,0.001979827880859375,682,0.010053599999082508,0.0017576000009285053,0.002848799998901086,0.004606399999829591,0.014659999998912099,77713408
775,1305031128.279336,data\rgbd_dataset_freiburg1_xyz\rgb\1305031128.279336.png,data\rgbd_dataset_freiburg1_xyz\depth\1305031128.291275.png,0.011939048767089844,0.003835916519165039,679,0.008815600000161794,0.002028999999311054,0.0028875999996671453,0.0049165999989781994,0.013732199999139993,77713408
776,1305031128.311483,data\rgbd_dataset_freiburg1_xyz\rgb\1305031128.311483.png,data\rgbd_dataset_freiburg1_xyz\depth\1305031128.324170.png,0.012687206268310547,0.0040171146392822266,676,0.009597000000212574,0.0019126000006508548,0.0032292999985656934,0.005141899999216548,0.014738899999429123,77729792
777,1305031128.347423,data\rgbd_dataset_freiburg1_xyz\rgb\1305031128.347423.png,data\rgbd_dataset_freiburg1_xyz\depth\1305031128.355206.png,0.007782936096191406,0.0019230842590332031,670,0.007717799999227282,0.001508299999841256,0.002400100000159,0.003908400000000256,0.011626199999227538,77705216
778,1305031128.379404,data\rgbd_dataset_freiburg1_xyz\rgb\1305031128.379404.png,data\rgbd_dataset_freiburg1_xyz\depth\1305031128.391397.png,0.011992931365966797,0.003904104232788086,680,0.008677599998918595,0.0015616999990015756,0.002483399999618996,0.004045099998620572,0.012722699997539166,77737984
779,1305031128.411337,data\rgbd_dataset_freiburg1_xyz\rgb\1305031128.411337.png,data\rgbd_dataset_freiburg1_xyz\depth\1305031128.423609.png,0.012272119522094727,0.004063129425048828,688,0.008774100000664475,0.0018263000001752516,0.003479300001345109,0.005305600001520361,0.014079700002184836,77635584
780,1305031128.447296,data\rgbd_dataset_freiburg1_xyz\rgb\1305031128.447296.png,data\rgbd_dataset_freiburg1_xyz\depth\1305031128.455499.png,0.00820302963256836,0.001895904541015625,655,0.013549999999668216,0.0022415000003093155,0.0023444999987987103,0.004585999999108026,0.018135999998776242,77627392
781,1305031128.479296,data\rgbd_dataset_freiburg1_xyz\rgb\1305031128.479296.png,data\rgbd_dataset_freiburg1_xyz\depth\1305031128.489523.png,0.010226964950561523,0.0037958621978759766,672,0.010711299999456969,0.0015841999993426725,0.0029156999989936594,0.004499899998336332,0.015211199997793301,77627392
782,1305031128.511433,data\rgbd_dataset_freiburg1_xyz\rgb\1305031128.511433.png,data\rgbd_dataset_freiburg1_xyz\depth\1305031128.523604.png,0.012171030044555664,0.004167079925537109,670,0.008702200000698213,0.0024408000008406816,0.0027984000007563736,0.005239200001597055,0.013941400002295268,77688832
783,1305031128.547399,data\rgbd_dataset_freiburg1_xyz\rgb\1305031128.547399.png,data\rgbd_dataset_freiburg1_xyz\depth\1305031128.555639.png,0.008239984512329102,0.0018990039825439453,679,0.010741600000983453,0.001965899999049725,0.004789599999639904,0.006755499998689629,0.017497099999673082,77709312
784,1305031128.579455,data\rgbd_dataset_freiburg1_xyz\rgb\1305031128.579455.png,data\rgbd_dataset_freiburg1_xyz\depth\1305031128.591460.png,0.012005090713500977,0.003954887390136719,665,0.010791999999128166,0.002714999998715939,0.002786200000628014,0.005501199999343953,0.01629319999847212,77701120
785,1305031128.611395,data\rgbd_dataset_freiburg1_xyz\rgb\1305031128.611395.png,data\rgbd_dataset_freiburg1_xyz\depth\1305031128.623368.png,0.011973142623901367,0.004105091094970703,684,0.008843699999488308,0.0016283999993902398,0.0025903999994625337,0.004218799998852774,0.013062499998341082,77750272
786,1305031128.647352,data\rgbd_dataset_freiburg1_xyz\rgb\1305031128.647352.png,data\rgbd_dataset_freiburg1_xyz\depth\1305031128.655554.png,0.008202075958251953,0.0018520355224609375,689,0.008017599999220693,0.0015529000011156313,0.002450100000714883,0.0040030000018305145,0.012020600001051207,77746176
787,1305031128.679282,data\rgbd_dataset_freiburg1_xyz\rgb\1305031128.679282.png,data\rgbd_dataset_freiburg1_xyz\depth\1305031128.690449.png,0.011167049407958984,0.003782033920288086,676,0.0078003999988141,0.001612200001545716,0.003276499999628868,0.004888700001174584,0.012689099999988684,77750272
788,1305031128.711457,data\rgbd_dataset_freiburg1_xyz\rgb\1305031128.711457.png,data\rgbd_dataset_freiburg1_xyz\depth\1305031128.722976.png,0.01151895523071289,0.004043102264404297,680,0.007932499998787534,0.0015469999998458661,0.002460199999404722,0.004007199999250588,0.011939699998038122,77758464
789,1305031128.747363,data\rgbd_dataset_freiburg1_xyz\rgb\1305031128.747363.png,data\rgbd_dataset_freiburg1_xyz\depth\1305031128.754646.png,0.00728297233581543,0.0018630027770996094,697,0.008103899999696296,0.001899000000776141,0.002399300001343363,0.004298300002119504,0.0124022000018158,77758464
